origin_stop_id,dest_stop_id,time_bin_id,flow
BERNEX_HAINARD,BERNEX_LUCHEPELET,t0700,0.0
BERNEX_HAINARD,BERNEX_LUCHEPELET,t0730,0.0
BERNEX_HAINARD,BERNEX_LUCHEPELET,t0800,0.0
BERNEX_HAINARD,BERNEX_LUCHEPELET,t0830,0.0
BERNEX_HAINARD,BERNEX_PRE_MARAIS,t0700,0.0
BERNEX_HAINARD,BERNEX_PRE_MARAIS,t0730,0.0
BERNEX_HAINARD,BERNEX_PRE_MARAIS,t0800,0.0
BERNEX_HAINARD,BERNEX_PRE_MARAIS,t0830,0.0
BERNEX_HAINARD,BERNEX_P_R,t0700,0.0
BERNEX_HAINARD,BERNEX_P_R,t0730,0.0
BERNEX_HAINARD,BERNEX_P_R,t0800,0.0
BERNEX_HAINARD,BERNEX_P_R,t0830,0.0
BERNEX_HAINARD,BERNEX_VAILLY,t0700,0.0
BERNEX_HAINARD,BERNEX_VAILLY,t0730,0.0
BERNEX_HAINARD,BERNEX_VAILLY,t0800,0.0
BERNEX_HAINARD,BERNEX_VAILLY,t0830,0.0
BERNEX_HAINARD,CAROUGE_GE_ANCIENNE,t0700,0.0
BERNEX_HAINARD,CAROUGE_GE_ANCIENNE,t0730,0.0
BERNEX_HAINARD,CAROUGE_GE_ANCIENNE,t0800,0.0
BERNEX_HAINARD,CAROUGE_GE_ANCIENNE,t0830,0.0
BERNEX_HAINARD,CAROUGE_GE_ARMES,t0700,0.0
BERNEX_HAINARD,CAROUGE_GE_ARMES,t0730,0.0
BERNEX_HAINARD,CAROUGE_GE_ARMES,t0800,0.0
BERNEX_HAINARD,CAROUGE_GE_ARMES,t0830,0.0
BERNEX_HAINARD,CAROUGE_GE_MARCHE,t0700,0.0
BERNEX_HAINARD,CAROUGE_GE_MARCHE,t0730,0.0
BERNEX_HAINARD,CAROUGE_GE_MARCHE,t0800,0.0
BERNEX_HAINARD,CAROUGE_GE_MARCHE,t0830,0.0
BERNEX_HAINARD,CAROUGE_GE_RONDEAU,t0700,0.0
BERNEX_HAINARD,CAROUGE_GE_RONDEAU,t0730,0.0
BERNEX_HAINARD,CAROUGE_GE_RONDEAU,t0800,0.0
BERNEX_HAINARD,CAROUGE_GE_RONDEAU,t0830,0.0
BERNEX_HAINARD,CHENE_BOUGERIES_GRANGETTES,t0700,0.0
BERNEX_HAINARD,CHENE_BOUGERIES_GRANGETTES,t0730,0.0
BERNEX_HAINARD,CHENE_BOUGERIES_GRANGETTES,t0800,0.0
BERNEX_HAINARD,CHENE_BOUGERIES_GRANGETTES,t0830,0.0
BERNEX_HAINARD,CHENE_BOUGERIES_GRANGE_CANAL,t0700,0.0
BERNEX_HAINARD,CHENE_BOUGERIES_GRANGE_CANAL,t0730,0.0
BERNEX_HAINARD,CHENE_BOUGERIES_GRANGE_CANAL,t0800,0.0
BERNEX_HAINARD,CHENE_BOUGERIES_GRANGE_CANAL,t0830,0.0
BERNEX_HAINARD,CHENE_BOUGERIES_GRANGE_FALQUET,t0700,0.0
BERNEX_HAINARD,CHENE_BOUGERIES_GRANGE_FALQUET,t0730,0.0
BERNEX_HAINARD,CHENE_BOUGERIES_GRANGE_FALQUET,t0800,0.0
BERNEX_HAINARD,CHENE_BOUGERIES_GRANGE_FALQUET,t0830,0.0
BERNEX_HAINARD,CHENE_BOURG_PEILLONNEX,t0700,0.0
BERNEX_HAINARD,CHENE_BOURG_PEILLONNEX,t0730,0.0
BERNEX_HAINARD,CHENE_BOURG_PEILLONNEX,t0800,0.0
BERNEX_HAINARD,CHENE_BOURG_PEILLONNEX,t0830,0.0
BERNEX_HAINARD,CHENE_BOURG_PLACE_FAVRE,t0700,0.0
BERNEX_HAINARD,CHENE_BOURG_PLACE_FAVRE,t0730,0.0
BERNEX_HAINARD,CHENE_BOURG_PLACE_FAVRE,t0800,0.0
BERNEX_HAINARD,CHENE_BOURG_PLACE_FAVRE,t0830,0.0
BERNEX_HAINARD,CONFIGNON_CROISEE,t0700,0.0
BERNEX_HAINARD,CONFIGNON_CROISEE,t0730,0.0
BERNEX_HAINARD,CONFIGNON_CROISEE,t0800,0.0
BERNEX_HAINARD,CONFIGNON_CROISEE,t0830,0.0
BERNEX_HAINARD,CONFIGNON_LA_DODE,t0700,0.0
BERNEX_HAINARD,CONFIGNON_LA_DODE,t0730,0.0
BERNEX_HAINARD,CONFIGNON_LA_DODE,t0800,0.0
BERNEX_HAINARD,CONFIGNON_LA_DODE,t0830,0.0
BERNEX_HAINARD,GENEVE_AMANDOLIER,t0700,0.0
BERNEX_HAINARD,GENEVE_AMANDOLIER,t0730,0.0
BERNEX_HAINARD,GENEVE_AMANDOLIER,t0800,0.0
BERNEX_HAINARD,GENEVE_AMANDOLIER,t0830,0.0
BERNEX_HAINARD,GENEVE_AUGUSTINS,t0700,0.0
BERNEX_HAINARD,GENEVE_AUGUSTINS,t0730,0.0
BERNEX_HAINARD,GENEVE_AUGUSTINS,t0800,0.0
BERNEX_HAINARD,GENEVE_AUGUSTINS,t0830,0.0
BERNEX_HAINARD,GENEVE_BEL_AIR,t0700,0.0
BERNEX_HAINARD,GENEVE_BEL_AIR,t0730,0.0
BERNEX_HAINARD,GENEVE_BEL_AIR,t0800,0.0
BERNEX_HAINARD,GENEVE_BEL_AIR,t0830,0.0
BERNEX_HAINARD,GENEVE_BLANCHE,t0700,0.0
BERNEX_HAINARD,GENEVE_BLANCHE,t0730,0.0
BERNEX_HAINARD,GENEVE_BLANCHE,t0800,0.0
BERNEX_HAINARD,GENEVE_BLANCHE,t0830,0.0
BERNEX_HAINARD,GENEVE_COUTANCE,t0700,0.0
BERNEX_HAINARD,GENEVE_COUTANCE,t0730,0.0
BERNEX_HAINARD,GENEVE_COUTANCE,t0800,0.0
BERNEX_HAINARD,GENEVE_COUTANCE,t0830,0.0
BERNEX_HAINARD,GENEVE_EAUX_VIVES_GARE,t0700,0.0
BERNEX_HAINARD,GENEVE_EAUX_VIVES_GARE,t0730,0.0
BERNEX_HAINARD,GENEVE_EAUX_VIVES_GARE,t0800,0.0
BERNEX_HAINARD,GENEVE_EAUX_VIVES_GARE,t0830,0.0
BERNEX_HAINARD,GENEVE_GARE_CORNAVIN,t0700,0.0
BERNEX_HAINARD,GENEVE_GARE_CORNAVIN,t0730,0.0
BERNEX_HAINARD,GENEVE_GARE_CORNAVIN,t0800,0.0
BERNEX_HAINARD,GENEVE_GARE_CORNAVIN,t0830,0.0
BERNEX_HAINARD,GENEVE_JONCTION,t0700,0.0
BERNEX_HAINARD,GENEVE_JONCTION,t0730,0.0
BERNEX_HAINARD,GENEVE_JONCTION,t0800,0.0
BERNEX_HAINARD,GENEVE_JONCTION,t0830,0.0
BERNEX_HAINARD,GENEVE_LYON,t0700,0.0
BERNEX_HAINARD,GENEVE_LYON,t0730,0.0
BERNEX_HAINARD,GENEVE_LYON,t0800,0.0
BERNEX_HAINARD,GENEVE_LYON,t0830,0.0
BERNEX_HAINARD,GENEVE_MOLARD,t0700,0.0
BERNEX_HAINARD,GENEVE_MOLARD,t0730,0.0
BERNEX_HAINARD,GENEVE_MOLARD,t0800,0.0
BERNEX_HAINARD,GENEVE_MOLARD,t0830,0.0
BERNEX_HAINARD,GENEVE_PALLADIUM,t0700,0.0
BERNEX_HAINARD,GENEVE_PALLADIUM,t0730,0.0
BERNEX_HAINARD,GENEVE_PALLADIUM,t0800,0.0
BERNEX_HAINARD,GENEVE_PALLADIUM,t0830,0.0
BERNEX_HAINARD,GENEVE_PLACE_DE_NEUVE,t0700,0.0
BERNEX_HAINARD,GENEVE_PLACE_DE_NEUVE,t0730,0.0
BERNEX_HAINARD,GENEVE_PLACE_DE_NEUVE,t0800,0.0
BERNEX_HAINARD,GENEVE_PLACE_DE_NEUVE,t0830,0.0
BERNEX_HAINARD,GENEVE_PLAINPALAIS,t0700,0.0
BERNEX_HAINARD,GENEVE_PLAINPALAIS,t0730,0.0
BERNEX_HAINARD,GENEVE_PLAINPALAIS,t0800,0.0
BERNEX_HAINARD,GENEVE_PLAINPALAIS,t0830,0.0
BERNEX_HAINARD,GENEVE_PONT_D_ARVE,t0700,0.0
BERNEX_HAINARD,GENEVE_PONT_D_ARVE,t0730,0.0
BERNEX_HAINARD,GENEVE_PONT_D_ARVE,t0800,0.0
BERNEX_HAINARD,GENEVE_PONT_D_ARVE,t0830,0.0
BERNEX_HAINARD,GENEVE_POTERIE,t0700,0.0
BERNEX_HAINARD,GENEVE_POTERIE,t0730,0.0
BERNEX_HAINARD,GENEVE_POTERIE,t0800,0.0
BERNEX_HAINARD,GENEVE_POTERIE,t0830,0.0
BERNEX_HAINARD,GENEVE_RIVE,t0700,0.0
BERNEX_HAINARD,GENEVE_RIVE,t0730,0.0
BERNEX_HAINARD,GENEVE_RIVE,t0800,0.0
BERNEX_HAINARD,GENEVE_RIVE,t0830,0.0
BERNEX_HAINARD,GENEVE_SERVETTE,t0700,0.0
BERNEX_HAINARD,GENEVE_SERVETTE,t0730,0.0
BERNEX_HAINARD,GENEVE_SERVETTE,t0800,0.0
BERNEX_HAINARD,GENEVE_SERVETTE,t0830,0.0
BERNEX_HAINARD,GENEVE_STAND,t0700,0.0
BERNEX_HAINARD,GENEVE_STAND,t0730,0.0
BERNEX_HAINARD,GENEVE_STAND,t0800,0.0
BERNEX_HAINARD,GENEVE_STAND,t0830,0.0
BERNEX_HAINARD,GENEVE_TERRASSIERE,t0700,0.0
BERNEX_HAINARD,GENEVE_TERRASSIERE,t0730,0.0
BERNEX_HAINARD,GENEVE_TERRASSIERE,t0800,0.0
BERNEX_HAINARD,GENEVE_TERRASSIERE,t0830,0.0
BERNEX_HAINARD,GENEVE_VIEUSSEUX,t0700,0.0
BERNEX_HAINARD,GENEVE_VIEUSSEUX,t0730,0.0
BERNEX_HAINARD,GENEVE_VIEUSSEUX,t0800,0.0
BERNEX_HAINARD,GENEVE_VIEUSSEUX,t0830,0.0
BERNEX_HAINARD,GENEVE_VILLEREUSE,t0700,0.0
BERNEX_HAINARD,GENEVE_VILLEREUSE,t0730,0.0
BERNEX_HAINARD,GENEVE_VILLEREUSE,t0800,0.0
BERNEX_HAINARD,GENEVE_VILLEREUSE,t0830,0.0
BERNEX_HAINARD,GRAND_LANCY_DE_STAEL,t0700,0.0
BERNEX_HAINARD,GRAND_LANCY_DE_STAEL,t0730,0.0
BERNEX_HAINARD,GRAND_LANCY_DE_STAEL,t0800,0.0
BERNEX_HAINARD,GRAND_LANCY_DE_STAEL,t0830,0.0
BERNEX_HAINARD,GRAND_LANCY_PALETTES,t0700,0.0
BERNEX_HAINARD,GRAND_LANCY_PALETTES,t0730,0.0
BERNEX_HAINARD,GRAND_LANCY_PALETTES,t0800,0.0
BERNEX_HAINARD,GRAND_LANCY_PALETTES,t0830,0.0
BERNEX_HAINARD,GRAND_LANCY_PONTETS,t0700,0.0
BERNEX_HAINARD,GRAND_LANCY_PONTETS,t0730,0.0
BERNEX_HAINARD,GRAND_LANCY_PONTETS,t0800,0.0
BERNEX_HAINARD,GRAND_LANCY_PONTETS,t0830,0.0
BERNEX_HAINARD,LANCY_BACHET_GARE,t0700,0.0
BERNEX_HAINARD,LANCY_BACHET_GARE,t0730,0.0
BERNEX_HAINARD,LANCY_BACHET_GARE,t0800,0.0
BERNEX_HAINARD,LANCY_BACHET_GARE,t0830,0.0
BERNEX_HAINARD,MEYRIN_BOIS_DU_LAN,t0700,0.0
BERNEX_HAINARD,MEYRIN_BOIS_DU_LAN,t0730,0.0
BERNEX_HAINARD,MEYRIN_BOIS_DU_LAN,t0800,0.0
BERNEX_HAINARD,MEYRIN_BOIS_DU_LAN,t0830,0.0
BERNEX_HAINARD,MEYRIN_CERN,t0700,0.0
BERNEX_HAINARD,MEYRIN_CERN,t0730,0.0
BERNEX_HAINARD,MEYRIN_CERN,t0800,0.0
BERNEX_HAINARD,MEYRIN_CERN,t0830,0.0
BERNEX_HAINARD,MEYRIN_FORUMEYRIN,t0700,0.0
BERNEX_HAINARD,MEYRIN_FORUMEYRIN,t0730,0.0
BERNEX_HAINARD,MEYRIN_FORUMEYRIN,t0800,0.0
BERNEX_HAINARD,MEYRIN_FORUMEYRIN,t0830,0.0
BERNEX_HAINARD,MEYRIN_GRAVIERE,t0700,0.0
BERNEX_HAINARD,MEYRIN_GRAVIERE,t0730,0.0
BERNEX_HAINARD,MEYRIN_GRAVIERE,t0800,0.0
BERNEX_HAINARD,MEYRIN_GRAVIERE,t0830,0.0
BERNEX_HAINARD,MEYRIN_HOPITAL_DE_LA_TOUR,t0700,0.0
BERNEX_HAINARD,MEYRIN_HOPITAL_DE_LA_TOUR,t0730,0.0
BERNEX_HAINARD,MEYRIN_HOPITAL_DE_LA_TOUR,t0800,0.0
BERNEX_HAINARD,MEYRIN_HOPITAL_DE_LA_TOUR,t0830,0.0
BERNEX_HAINARD,MEYRIN_JARDIN_ALPIN_VIVARIUM,t0700,0.0
BERNEX_HAINARD,MEYRIN_JARDIN_ALPIN_VIVARIUM,t0730,0.0
BERNEX_HAINARD,MEYRIN_JARDIN_ALPIN_VIVARIUM,t0800,0.0
BERNEX_HAINARD,MEYRIN_JARDIN_ALPIN_VIVARIUM,t0830,0.0
BERNEX_HAINARD,MEYRIN_MAISONNEX,t0700,0.0
BERNEX_HAINARD,MEYRIN_MAISONNEX,t0730,0.0
BERNEX_HAINARD,MEYRIN_MAISONNEX,t0800,0.0
BERNEX_HAINARD,MEYRIN_MAISONNEX,t0830,0.0
BERNEX_HAINARD,MEYRIN_VAUDAGNE,t0700,0.0
BERNEX_HAINARD,MEYRIN_VAUDAGNE,t0730,0.0
BERNEX_HAINARD,MEYRIN_VAUDAGNE,t0800,0.0
BERNEX_HAINARD,MEYRIN_VAUDAGNE,t0830,0.0
BERNEX_HAINARD,MEYRIN_VILLAGE,t0700,0.0
BERNEX_HAINARD,MEYRIN_VILLAGE,t0730,0.0
BERNEX_HAINARD,MEYRIN_VILLAGE,t0800,0.0
BERNEX_HAINARD,MEYRIN_VILLAGE,t0830,0.0
BERNEX_HAINARD,ONEX_BANDOL,t0700,0.0
BERNEX_HAINARD,ONEX_BANDOL,t0730,0.0
BERNEX_HAINARD,ONEX_BANDOL,t0800,0.0
BERNEX_HAINARD,ONEX_BANDOL,t0830,0.0
BERNEX_HAINARD,ONEX_SALLE_COMMUNALE,t0700,0.0
BERNEX_HAINARD,ONEX_SALLE_COMMUNALE,t0730,0.0
BERNEX_HAINARD,ONEX_SALLE_COMMUNALE,t0800,0.0
BERNEX_HAINARD,ONEX_SALLE_COMMUNALE,t0830,0.0
BERNEX_HAINARD,PETIT_LANCY_LES_ESSERTS,t0700,0.0
BERNEX_HAINARD,PETIT_LANCY_LES_ESSERTS,t0730,0.0
BERNEX_HAINARD,PETIT_LANCY_LES_ESSERTS,t0800,0.0
BERNEX_HAINARD,PETIT_LANCY_LES_ESSERTS,t0830,0.0
BERNEX_HAINARD,PETIT_LANCY_PLACE,t0700,0.0
BERNEX_HAINARD,PETIT_LANCY_PLACE,t0730,0.0
BERNEX_HAINARD,PETIT_LANCY_PLACE,t0800,0.0
BERNEX_HAINARD,PETIT_LANCY_PLACE,t0830,0.0
BERNEX_HAINARD,PETIT_LANCY_QUIDORT,t0700,0.0
BERNEX_HAINARD,PETIT_LANCY_QUIDORT,t0730,0.0
BERNEX_HAINARD,PETIT_LANCY_QUIDORT,t0800,0.0
BERNEX_HAINARD,PETIT_LANCY_QUIDORT,t0830,0.0
BERNEX_HAINARD,PLAN_LES_OUATES_TREFLE_BLANC,t0700,0.0
BERNEX_HAINARD,PLAN_LES_OUATES_TREFLE_BLANC,t0730,0.0
BERNEX_HAINARD,PLAN_LES_OUATES_TREFLE_BLANC,t0800,0.0
BERNEX_HAINARD,PLAN_LES_OUATES_TREFLE_BLANC,t0830,0.0
BERNEX_HAINARD,THONEX_GRAVESON,t0700,0.0
BERNEX_HAINARD,THONEX_GRAVESON,t0730,0.0
BERNEX_HAINARD,THONEX_GRAVESON,t0800,0.0
BERNEX_HAINARD,THONEX_GRAVESON,t0830,0.0
BERNEX_HAINARD,THONEX_MOILLESULAZ,t0700,0.0
BERNEX_HAINARD,THONEX_MOILLESULAZ,t0730,0.0
BERNEX_HAINARD,THONEX_MOILLESULAZ,t0800,0.0
BERNEX_HAINARD,THONEX_MOILLESULAZ,t0830,0.0
BERNEX_HAINARD,VERNIER_AVANCHETS_ETANG,t0700,0.0
BERNEX_HAINARD,VERNIER_AVANCHETS_ETANG,t0730,0.0
BERNEX_HAINARD,VERNIER_AVANCHETS_ETANG,t0800,0.0
BERNEX_HAINARD,VERNIER_AVANCHETS_ETANG,t0830,0.0
BERNEX_HAINARD,VERNIER_BALEXERT,t0700,0.0
BERNEX_HAINARD,VERNIER_BALEXERT,t0730,0.0
BERNEX_HAINARD,VERNIER_BALEXERT,t0800,0.0
BERNEX_HAINARD,VERNIER_BALEXERT,t0830,0.0
BERNEX_HAINARD,VERNIER_BLANDONNET,t0700,0.0
BERNEX_HAINARD,VERNIER_BLANDONNET,t0730,0.0
BERNEX_HAINARD,VERNIER_BLANDONNET,t0800,0.0
BERNEX_HAINARD,VERNIER_BLANDONNET,t0830,0.0
BERNEX_HAINARD,VERNIER_BOUCHET,t0700,0.0
BERNEX_HAINARD,VERNIER_BOUCHET,t0730,0.0
BERNEX_HAINARD,VERNIER_BOUCHET,t0800,0.0
BERNEX_HAINARD,VERNIER_BOUCHET,t0830,0.0
BERNEX_LUCHEPELET,BERNEX_HAINARD,t0700,0.0
BERNEX_LUCHEPELET,BERNEX_HAINARD,t0730,0.0
BERNEX_LUCHEPELET,BERNEX_HAINARD,t0800,0.0
BERNEX_LUCHEPELET,BERNEX_HAINARD,t0830,0.0
BERNEX_LUCHEPELET,BERNEX_PRE_MARAIS,t0700,0.0
BERNEX_LUCHEPELET,BERNEX_PRE_MARAIS,t0730,0.0
BERNEX_LUCHEPELET,BERNEX_PRE_MARAIS,t0800,0.0
BERNEX_LUCHEPELET,BERNEX_PRE_MARAIS,t0830,0.0
BERNEX_LUCHEPELET,BERNEX_P_R,t0700,0.0
BERNEX_LUCHEPELET,BERNEX_P_R,t0730,0.0
BERNEX_LUCHEPELET,BERNEX_P_R,t0800,0.0
BERNEX_LUCHEPELET,BERNEX_P_R,t0830,0.0
BERNEX_LUCHEPELET,BERNEX_VAILLY,t0700,0.0
BERNEX_LUCHEPELET,BERNEX_VAILLY,t0730,0.0
BERNEX_LUCHEPELET,BERNEX_VAILLY,t0800,0.0
BERNEX_LUCHEPELET,BERNEX_VAILLY,t0830,0.0
BERNEX_LUCHEPELET,CAROUGE_GE_ANCIENNE,t0700,0.0
BERNEX_LUCHEPELET,CAROUGE_GE_ANCIENNE,t0730,0.0
BERNEX_LUCHEPELET,CAROUGE_GE_ANCIENNE,t0800,0.0
BERNEX_LUCHEPELET,CAROUGE_GE_ANCIENNE,t0830,0.0
BERNEX_LUCHEPELET,CAROUGE_GE_ARMES,t0700,0.0
BERNEX_LUCHEPELET,CAROUGE_GE_ARMES,t0730,0.0
BERNEX_LUCHEPELET,CAROUGE_GE_ARMES,t0800,0.0
BERNEX_LUCHEPELET,CAROUGE_GE_ARMES,t0830,0.0
BERNEX_LUCHEPELET,CAROUGE_GE_MARCHE,t0700,0.0
BERNEX_LUCHEPELET,CAROUGE_GE_MARCHE,t0730,0.0
BERNEX_LUCHEPELET,CAROUGE_GE_MARCHE,t0800,0.0
BERNEX_LUCHEPELET,CAROUGE_GE_MARCHE,t0830,0.0
BERNEX_LUCHEPELET,CAROUGE_GE_RONDEAU,t0700,0.0
BERNEX_LUCHEPELET,CAROUGE_GE_RONDEAU,t0730,0.0
BERNEX_LUCHEPELET,CAROUGE_GE_RONDEAU,t0800,0.0
BERNEX_LUCHEPELET,CAROUGE_GE_RONDEAU,t0830,0.0
BERNEX_LUCHEPELET,CHENE_BOUGERIES_GRANGETTES,t0700,0.0
BERNEX_LUCHEPELET,CHENE_BOUGERIES_GRANGETTES,t0730,0.0
BERNEX_LUCHEPELET,CHENE_BOUGERIES_GRANGETTES,t0800,0.0
BERNEX_LUCHEPELET,CHENE_BOUGERIES_GRANGETTES,t0830,0.0
BERNEX_LUCHEPELET,CHENE_BOUGERIES_GRANGE_CANAL,t0700,0.0
BERNEX_LUCHEPELET,CHENE_BOUGERIES_GRANGE_CANAL,t0730,0.0
BERNEX_LUCHEPELET,CHENE_BOUGERIES_GRANGE_CANAL,t0800,0.0
BERNEX_LUCHEPELET,CHENE_BOUGERIES_GRANGE_CANAL,t0830,0.0
BERNEX_LUCHEPELET,CHENE_BOUGERIES_GRANGE_FALQUET,t0700,0.0
BERNEX_LUCHEPELET,CHENE_BOUGERIES_GRANGE_FALQUET,t0730,0.0
BERNEX_LUCHEPELET,CHENE_BOUGERIES_GRANGE_FALQUET,t0800,0.0
BERNEX_LUCHEPELET,CHENE_BOUGERIES_GRANGE_FALQUET,t0830,0.0
BERNEX_LUCHEPELET,CHENE_BOURG_PEILLONNEX,t0700,0.0
BERNEX_LUCHEPELET,CHENE_BOURG_PEILLONNEX,t0730,0.0
BERNEX_LUCHEPELET,CHENE_BOURG_PEILLONNEX,t0800,0.0
BERNEX_LUCHEPELET,CHENE_BOURG_PEILLONNEX,t0830,0.0
BERNEX_LUCHEPELET,CHENE_BOURG_PLACE_FAVRE,t0700,0.0
BERNEX_LUCHEPELET,CHENE_BOURG_PLACE_FAVRE,t0730,0.0
BERNEX_LUCHEPELET,CHENE_BOURG_PLACE_FAVRE,t0800,0.0
BERNEX_LUCHEPELET,CHENE_BOURG_PLACE_FAVRE,t0830,0.0
BERNEX_LUCHEPELET,CONFIGNON_CROISEE,t0700,0.0
BERNEX_LUCHEPELET,CONFIGNON_CROISEE,t0730,0.0
BERNEX_LUCHEPELET,CONFIGNON_CROISEE,t0800,0.0
BERNEX_LUCHEPELET,CONFIGNON_CROISEE,t0830,0.0
BERNEX_LUCHEPELET,CONFIGNON_LA_DODE,t0700,0.0
BERNEX_LUCHEPELET,CONFIGNON_LA_DODE,t0730,0.0
BERNEX_LUCHEPELET,CONFIGNON_LA_DODE,t0800,0.0
BERNEX_LUCHEPELET,CONFIGNON_LA_DODE,t0830,0.0
BERNEX_LUCHEPELET,GENEVE_AMANDOLIER,t0700,0.0
BERNEX_LUCHEPELET,GENEVE_AMANDOLIER,t0730,0.0
BERNEX_LUCHEPELET,GENEVE_AMANDOLIER,t0800,0.0
BERNEX_LUCHEPELET,GENEVE_AMANDOLIER,t0830,0.0
BERNEX_LUCHEPELET,GENEVE_AUGUSTINS,t0700,0.0
BERNEX_LUCHEPELET,GENEVE_AUGUSTINS,t0730,0.0
BERNEX_LUCHEPELET,GENEVE_AUGUSTINS,t0800,0.0
BERNEX_LUCHEPELET,GENEVE_AUGUSTINS,t0830,0.0
BERNEX_LUCHEPELET,GENEVE_BEL_AIR,t0700,0.0
BERNEX_LUCHEPELET,GENEVE_BEL_AIR,t0730,0.0
BERNEX_LUCHEPELET,GENEVE_BEL_AIR,t0800,0.0
BERNEX_LUCHEPELET,GENEVE_BEL_AIR,t0830,0.0
BERNEX_LUCHEPELET,GENEVE_BLANCHE,t0700,0.0
BERNEX_LUCHEPELET,GENEVE_BLANCHE,t0730,0.0
BERNEX_LUCHEPELET,GENEVE_BLANCHE,t0800,0.0
BERNEX_LUCHEPELET,GENEVE_BLANCHE,t0830,0.0
BERNEX_LUCHEPELET,GENEVE_COUTANCE,t0700,0.0
BERNEX_LUCHEPELET,GENEVE_COUTANCE,t0730,0.0
BERNEX_LUCHEPELET,GENEVE_COUTANCE,t0800,0.0
BERNEX_LUCHEPELET,GENEVE_COUTANCE,t0830,0.0
BERNEX_LUCHEPELET,GENEVE_EAUX_VIVES_GARE,t0700,0.0
BERNEX_LUCHEPELET,GENEVE_EAUX_VIVES_GARE,t0730,0.0
BERNEX_LUCHEPELET,GENEVE_EAUX_VIVES_GARE,t0800,0.0
BERNEX_LUCHEPELET,GENEVE_EAUX_VIVES_GARE,t0830,0.0
BERNEX_LUCHEPELET,GENEVE_GARE_CORNAVIN,t0700,0.0
BERNEX_LUCHEPELET,GENEVE_GARE_CORNAVIN,t0730,0.0
BERNEX_LUCHEPELET,GENEVE_GARE_CORNAVIN,t0800,0.0
BERNEX_LUCHEPELET,GENEVE_GARE_CORNAVIN,t0830,0.0
BERNEX_LUCHEPELET,GENEVE_JONCTION,t0700,0.0
BERNEX_LUCHEPELET,GENEVE_JONCTION,t0730,0.0
BERNEX_LUCHEPELET,GENEVE_JONCTION,t0800,0.0
BERNEX_LUCHEPELET,GENEVE_JONCTION,t0830,0.0
BERNEX_LUCHEPELET,GENEVE_LYON,t0700,0.0
BERNEX_LUCHEPELET,GENEVE_LYON,t0730,0.0
BERNEX_LUCHEPELET,GENEVE_LYON,t0800,0.0
BERNEX_LUCHEPELET,GENEVE_LYON,t0830,0.0
BERNEX_LUCHEPELET,GENEVE_MOLARD,t0700,0.0
BERNEX_LUCHEPELET,GENEVE_MOLARD,t0730,0.0
BERNEX_LUCHEPELET,GENEVE_MOLARD,t0800,0.0
BERNEX_LUCHEPELET,GENEVE_MOLARD,t0830,0.0
BERNEX_LUCHEPELET,GENEVE_PALLADIUM,t0700,0.0
BERNEX_LUCHEPELET,GENEVE_PALLADIUM,t0730,0.0
BERNEX_LUCHEPELET,GENEVE_PALLADIUM,t0800,0.0
BERNEX_LUCHEPELET,GENEVE_PALLADIUM,t0830,0.0
BERNEX_LUCHEPELET,GENEVE_PLACE_DE_NEUVE,t0700,0.0
BERNEX_LUCHEPELET,GENEVE_PLACE_DE_NEUVE,t0730,0.0
BERNEX_LUCHEPELET,GENEVE_PLACE_DE_NEUVE,t0800,0.0
BERNEX_LUCHEPELET,GENEVE_PLACE_DE_NEUVE,t0830,0.0
BERNEX_LUCHEPELET,GENEVE_PLAINPALAIS,t0700,0.0
BERNEX_LUCHEPELET,GENEVE_PLAINPALAIS,t0730,0.0
BERNEX_LUCHEPELET,GENEVE_PLAINPALAIS,t0800,0.0
BERNEX_LUCHEPELET,GENEVE_PLAINPALAIS,t0830,0.0
BERNEX_LUCHEPELET,GENEVE_PONT_D_ARVE,t0700,0.0
BERNEX_LUCHEPELET,GENEVE_PONT_D_ARVE,t0730,0.0
BERNEX_LUCHEPELET,GENEVE_PONT_D_ARVE,t0800,0.0
BERNEX_LUCHEPELET,GENEVE_PONT_D_ARVE,t0830,0.0
BERNEX_LUCHEPELET,GENEVE_POTERIE,t0700,0.0
BERNEX_LUCHEPELET,GENEVE_POTERIE,t0730,0.0
BERNEX_LUCHEPELET,GENEVE_POTERIE,t0800,0.0
BERNEX_LUCHEPELET,GENEVE_POTERIE,t0830,0.0
BERNEX_LUCHEPELET,GENEVE_RIVE,t0700,0.0
BERNEX_LUCHEPELET,GENEVE_RIVE,t0730,0.0
BERNEX_LUCHEPELET,GENEVE_RIVE,t0800,0.0
BERNEX_LUCHEPELET,GENEVE_RIVE,t0830,0.0
BERNEX_LUCHEPELET,GENEVE_SERVETTE,t0700,0.0
BERNEX_LUCHEPELET,GENEVE_SERVETTE,t0730,0.0
BERNEX_LUCHEPELET,GENEVE_SERVETTE,t0800,0.0
BERNEX_LUCHEPELET,GENEVE_SERVETTE,t0830,0.0
BERNEX_LUCHEPELET,GENEVE_STAND,t0700,0.0
BERNEX_LUCHEPELET,GENEVE_STAND,t0730,0.0
BERNEX_LUCHEPELET,GENEVE_STAND,t0800,0.0
BERNEX_LUCHEPELET,GENEVE_STAND,t0830,0.0
BERNEX_LUCHEPELET,GENEVE_TERRASSIERE,t0700,0.0
BERNEX_LUCHEPELET,GENEVE_TERRASSIERE,t0730,0.0
BERNEX_LUCHEPELET,GENEVE_TERRASSIERE,t0800,0.0
BERNEX_LUCHEPELET,GENEVE_TERRASSIERE,t0830,0.0
BERNEX_LUCHEPELET,GENEVE_VIEUSSEUX,t0700,0.0
BERNEX_LUCHEPELET,GENEVE_VIEUSSEUX,t0730,0.0
BERNEX_LUCHEPELET,GENEVE_VIEUSSEUX,t0800,0.0
BERNEX_LUCHEPELET,GENEVE_VIEUSSEUX,t0830,0.0
BERNEX_LUCHEPELET,GENEVE_VILLEREUSE,t0700,0.0
BERNEX_LUCHEPELET,GENEVE_VILLEREUSE,t0730,0.0
BERNEX_LUCHEPELET,GENEVE_VILLEREUSE,t0800,0.0
BERNEX_LUCHEPELET,GENEVE_VILLEREUSE,t0830,0.0
BERNEX_LUCHEPELET,GRAND_LANCY_DE_STAEL,t0700,0.0
BERNEX_LUCHEPELET,GRAND_LANCY_DE_STAEL,t0730,0.0
BERNEX_LUCHEPELET,GRAND_LANCY_DE_STAEL,t0800,0.0
BERNEX_LUCHEPELET,GRAND_LANCY_DE_STAEL,t0830,0.0
BERNEX_LUCHEPELET,GRAND_LANCY_PALETTES,t0700,0.0
BERNEX_LUCHEPELET,GRAND_LANCY_PALETTES,t0730,0.0
BERNEX_LUCHEPELET,GRAND_LANCY_PALETTES,t0800,0.0
BERNEX_LUCHEPELET,GRAND_LANCY_PALETTES,t0830,0.0
BERNEX_LUCHEPELET,GRAND_LANCY_PONTETS,t0700,0.0
BERNEX_LUCHEPELET,GRAND_LANCY_PONTETS,t0730,0.0
BERNEX_LUCHEPELET,GRAND_LANCY_PONTETS,t0800,0.0
BERNEX_LUCHEPELET,GRAND_LANCY_PONTETS,t0830,0.0
BERNEX_LUCHEPELET,LANCY_BACHET_GARE,t0700,0.0
BERNEX_LUCHEPELET,LANCY_BACHET_GARE,t0730,0.0
BERNEX_LUCHEPELET,LANCY_BACHET_GARE,t0800,0.0
BERNEX_LUCHEPELET,LANCY_BACHET_GARE,t0830,0.0
BERNEX_LUCHEPELET,MEYRIN_BOIS_DU_LAN,t0700,0.0
BERNEX_LUCHEPELET,MEYRIN_BOIS_DU_LAN,t0730,0.0
BERNEX_LUCHEPELET,MEYRIN_BOIS_DU_LAN,t0800,0.0
BERNEX_LUCHEPELET,MEYRIN_BOIS_DU_LAN,t0830,0.0
BERNEX_LUCHEPELET,MEYRIN_CERN,t0700,0.0
BERNEX_LUCHEPELET,MEYRIN_CERN,t0730,0.0
BERNEX_LUCHEPELET,MEYRIN_CERN,t0800,0.0
BERNEX_LUCHEPELET,MEYRIN_CERN,t0830,0.0
BERNEX_LUCHEPELET,MEYRIN_FORUMEYRIN,t0700,0.0
BERNEX_LUCHEPELET,MEYRIN_FORUMEYRIN,t0730,0.0
BERNEX_LUCHEPELET,MEYRIN_FORUMEYRIN,t0800,0.0
BERNEX_LUCHEPELET,MEYRIN_FORUMEYRIN,t0830,0.0
BERNEX_LUCHEPELET,MEYRIN_GRAVIERE,t0700,0.0
BERNEX_LUCHEPELET,MEYRIN_GRAVIERE,t0730,0.0
BERNEX_LUCHEPELET,MEYRIN_GRAVIERE,t0800,0.0
BERNEX_LUCHEPELET,MEYRIN_GRAVIERE,t0830,0.0
BERNEX_LUCHEPELET,MEYRIN_HOPITAL_DE_LA_TOUR,t0700,0.0
BERNEX_LUCHEPELET,MEYRIN_HOPITAL_DE_LA_TOUR,t0730,0.0
BERNEX_LUCHEPELET,MEYRIN_HOPITAL_DE_LA_TOUR,t0800,0.0
BERNEX_LUCHEPELET,MEYRIN_HOPITAL_DE_LA_TOUR,t0830,0.0
BERNEX_LUCHEPELET,MEYRIN_JARDIN_ALPIN_VIVARIUM,t0700,0.0
BERNEX_LUCHEPELET,MEYRIN_JARDIN_ALPIN_VIVARIUM,t0730,0.0
BERNEX_LUCHEPELET,MEYRIN_JARDIN_ALPIN_VIVARIUM,t0800,0.0
BERNEX_LUCHEPELET,MEYRIN_JARDIN_ALPIN_VIVARIUM,t0830,0.0
BERNEX_LUCHEPELET,MEYRIN_MAISONNEX,t0700,0.0
BERNEX_LUCHEPELET,MEYRIN_MAISONNEX,t0730,0.0
BERNEX_LUCHEPELET,MEYRIN_MAISONNEX,t0800,0.0
BERNEX_LUCHEPELET,MEYRIN_MAISONNEX,t0830,0.0
BERNEX_LUCHEPELET,MEYRIN_VAUDAGNE,t0700,0.0
BERNEX_LUCHEPELET,MEYRIN_VAUDAGNE,t0730,0.0
BERNEX_LUCHEPELET,MEYRIN_VAUDAGNE,t0800,0.0
BERNEX_LUCHEPELET,MEYRIN_VAUDAGNE,t0830,0.0
BERNEX_LUCHEPELET,MEYRIN_VILLAGE,t0700,0.0
BERNEX_LUCHEPELET,MEYRIN_VILLAGE,t0730,0.0
BERNEX_LUCHEPELET,MEYRIN_VILLAGE,t0800,0.0
BERNEX_LUCHEPELET,MEYRIN_VILLAGE,t0830,0.0
BERNEX_LUCHEPELET,ONEX_BANDOL,t0700,0.0
BERNEX_LUCHEPELET,ONEX_BANDOL,t0730,0.0
BERNEX_LUCHEPELET,ONEX_BANDOL,t0800,0.0
BERNEX_LUCHEPELET,ONEX_BANDOL,t0830,0.0
BERNEX_LUCHEPELET,ONEX_SALLE_COMMUNALE,t0700,0.0
BERNEX_LUCHEPELET,ONEX_SALLE_COMMUNALE,t0730,0.0
BERNEX_LUCHEPELET,ONEX_SALLE_COMMUNALE,t0800,0.0
BERNEX_LUCHEPELET,ONEX_SALLE_COMMUNALE,t0830,0.0
BERNEX_LUCHEPELET,PETIT_LANCY_LES_ESSERTS,t0700,0.0
BERNEX_LUCHEPELET,PETIT_LANCY_LES_ESSERTS,t0730,0.0
BERNEX_LUCHEPELET,PETIT_LANCY_LES_ESSERTS,t0800,0.0
BERNEX_LUCHEPELET,PETIT_LANCY_LES_ESSERTS,t0830,0.0
BERNEX_LUCHEPELET,PETIT_LANCY_PLACE,t0700,0.0
BERNEX_LUCHEPELET,PETIT_LANCY_PLACE,t0730,0.0
BERNEX_LUCHEPELET,PETIT_LANCY_PLACE,t0800,0.0
BERNEX_LUCHEPELET,PETIT_LANCY_PLACE,t0830,0.0
BERNEX_LUCHEPELET,PETIT_LANCY_QUIDORT,t0700,0.0
BERNEX_LUCHEPELET,PETIT_LANCY_QUIDORT,t0730,0.0
BERNEX_LUCHEPELET,PETIT_LANCY_QUIDORT,t0800,0.0
BERNEX_LUCHEPELET,PETIT_LANCY_QUIDORT,t0830,0.0
BERNEX_LUCHEPELET,PLAN_LES_OUATES_TREFLE_BLANC,t0700,0.0
BERNEX_LUCHEPELET,PLAN_LES_OUATES_TREFLE_BLANC,t0730,0.0
BERNEX_LUCHEPELET,PLAN_LES_OUATES_TREFLE_BLANC,t0800,0.0
BERNEX_LUCHEPELET,PLAN_LES_OUATES_TREFLE_BLANC,t0830,0.0
BERNEX_LUCHEPELET,THONEX_GRAVESON,t0700,0.0
BERNEX_LUCHEPELET,THONEX_GRAVESON,t0730,0.0
BERNEX_LUCHEPELET,THONEX_GRAVESON,t0800,0.0
BERNEX_LUCHEPELET,THONEX_GRAVESON,t0830,0.0
BERNEX_LUCHEPELET,THONEX_MOILLESULAZ,t0700,0.0
BERNEX_LUCHEPELET,THONEX_MOILLESULAZ,t0730,0.0
BERNEX_LUCHEPELET,THONEX_MOILLESULAZ,t0800,0.0
BERNEX_LUCHEPELET,THONEX_MOILLESULAZ,t0830,0.0
BERNEX_LUCHEPELET,VERNIER_AVANCHETS_ETANG,t0700,0.0
BERNEX_LUCHEPELET,VERNIER_AVANCHETS_ETANG,t0730,0.0
BERNEX_LUCHEPELET,VERNIER_AVANCHETS_ETANG,t0800,0.0
BERNEX_LUCHEPELET,VERNIER_AVANCHETS_ETANG,t0830,0.0
BERNEX_LUCHEPELET,VERNIER_BALEXERT,t0700,0.0
BERNEX_LUCHEPELET,VERNIER_BALEXERT,t0730,0.0
BERNEX_LUCHEPELET,VERNIER_BALEXERT,t0800,0.0
BERNEX_LUCHEPELET,VERNIER_BALEXERT,t0830,0.0
BERNEX_LUCHEPELET,VERNIER_BLANDONNET,t0700,0.0
BERNEX_LUCHEPELET,VERNIER_BLANDONNET,t0730,0.0
BERNEX_LUCHEPELET,VERNIER_BLANDONNET,t0800,0.0
BERNEX_LUCHEPELET,VERNIER_BLANDONNET,t0830,0.0
BERNEX_LUCHEPELET,VERNIER_BOUCHET,t0700,0.0
BERNEX_LUCHEPELET,VERNIER_BOUCHET,t0730,0.0
BERNEX_LUCHEPELET,VERNIER_BOUCHET,t0800,0.0
BERNEX_LUCHEPELET,VERNIER_BOUCHET,t0830,0.0
BERNEX_PRE_MARAIS,BERNEX_HAINARD,t0700,0.0
BERNEX_PRE_MARAIS,BERNEX_HAINARD,t0730,0.0
BERNEX_PRE_MARAIS,BERNEX_HAINARD,t0800,0.0
BERNEX_PRE_MARAIS,BERNEX_HAINARD,t0830,0.0
BERNEX_PRE_MARAIS,BERNEX_LUCHEPELET,t0700,0.0
BERNEX_PRE_MARAIS,BERNEX_LUCHEPELET,t0730,0.0
BERNEX_PRE_MARAIS,BERNEX_LUCHEPELET,t0800,0.0
BERNEX_PRE_MARAIS,BERNEX_LUCHEPELET,t0830,0.0
BERNEX_PRE_MARAIS,BERNEX_P_R,t0700,0.0
BERNEX_PRE_MARAIS,BERNEX_P_R,t0730,0.0
BERNEX_PRE_MARAIS,BERNEX_P_R,t0800,0.0
BERNEX_PRE_MARAIS,BERNEX_P_R,t0830,0.0
BERNEX_PRE_MARAIS,BERNEX_VAILLY,t0700,0.0
BERNEX_PRE_MARAIS,BERNEX_VAILLY,t0730,0.0
BERNEX_PRE_MARAIS,BERNEX_VAILLY,t0800,0.0
BERNEX_PRE_MARAIS,BERNEX_VAILLY,t0830,0.0
BERNEX_PRE_MARAIS,CAROUGE_GE_ANCIENNE,t0700,0.0
BERNEX_PRE_MARAIS,CAROUGE_GE_ANCIENNE,t0730,0.0
BERNEX_PRE_MARAIS,CAROUGE_GE_ANCIENNE,t0800,0.0
BERNEX_PRE_MARAIS,CAROUGE_GE_ANCIENNE,t0830,0.0
BERNEX_PRE_MARAIS,CAROUGE_GE_ARMES,t0700,0.0
BERNEX_PRE_MARAIS,CAROUGE_GE_ARMES,t0730,0.0
BERNEX_PRE_MARAIS,CAROUGE_GE_ARMES,t0800,0.0
BERNEX_PRE_MARAIS,CAROUGE_GE_ARMES,t0830,0.0
BERNEX_PRE_MARAIS,CAROUGE_GE_MARCHE,t0700,0.0
BERNEX_PRE_MARAIS,CAROUGE_GE_MARCHE,t0730,0.0
BERNEX_PRE_MARAIS,CAROUGE_GE_MARCHE,t0800,0.0
BERNEX_PRE_MARAIS,CAROUGE_GE_MARCHE,t0830,0.0
BERNEX_PRE_MARAIS,CAROUGE_GE_RONDEAU,t0700,0.0
BERNEX_PRE_MARAIS,CAROUGE_GE_RONDEAU,t0730,0.0
BERNEX_PRE_MARAIS,CAROUGE_GE_RONDEAU,t0800,0.0
BERNEX_PRE_MARAIS,CAROUGE_GE_RONDEAU,t0830,0.0
BERNEX_PRE_MARAIS,CHENE_BOUGERIES_GRANGETTES,t0700,0.0
BERNEX_PRE_MARAIS,CHENE_BOUGERIES_GRANGETTES,t0730,0.0
BERNEX_PRE_MARAIS,CHENE_BOUGERIES_GRANGETTES,t0800,0.0
BERNEX_PRE_MARAIS,CHENE_BOUGERIES_GRANGETTES,t0830,0.0
BERNEX_PRE_MARAIS,CHENE_BOUGERIES_GRANGE_CANAL,t0700,0.0
BERNEX_PRE_MARAIS,CHENE_BOUGERIES_GRANGE_CANAL,t0730,0.0
BERNEX_PRE_MARAIS,CHENE_BOUGERIES_GRANGE_CANAL,t0800,0.0
BERNEX_PRE_MARAIS,CHENE_BOUGERIES_GRANGE_CANAL,t0830,0.0
BERNEX_PRE_MARAIS,CHENE_BOUGERIES_GRANGE_FALQUET,t0700,0.0
BERNEX_PRE_MARAIS,CHENE_BOUGERIES_GRANGE_FALQUET,t0730,0.0
BERNEX_PRE_MARAIS,CHENE_BOUGERIES_GRANGE_FALQUET,t0800,0.0
BERNEX_PRE_MARAIS,CHENE_BOUGERIES_GRANGE_FALQUET,t0830,0.0
BERNEX_PRE_MARAIS,CHENE_BOURG_PEILLONNEX,t0700,0.0
BERNEX_PRE_MARAIS,CHENE_BOURG_PEILLONNEX,t0730,0.0
BERNEX_PRE_MARAIS,CHENE_BOURG_PEILLONNEX,t0800,0.0
BERNEX_PRE_MARAIS,CHENE_BOURG_PEILLONNEX,t0830,0.0
BERNEX_PRE_MARAIS,CHENE_BOURG_PLACE_FAVRE,t0700,0.0
BERNEX_PRE_MARAIS,CHENE_BOURG_PLACE_FAVRE,t0730,0.0
BERNEX_PRE_MARAIS,CHENE_BOURG_PLACE_FAVRE,t0800,0.0
BERNEX_PRE_MARAIS,CHENE_BOURG_PLACE_FAVRE,t0830,0.0
BERNEX_PRE_MARAIS,CONFIGNON_CROISEE,t0700,0.0
BERNEX_PRE_MARAIS,CONFIGNON_CROISEE,t0730,0.0
BERNEX_PRE_MARAIS,CONFIGNON_CROISEE,t0800,0.0
BERNEX_PRE_MARAIS,CONFIGNON_CROISEE,t0830,0.0
BERNEX_PRE_MARAIS,CONFIGNON_LA_DODE,t0700,0.0
BERNEX_PRE_MARAIS,CONFIGNON_LA_DODE,t0730,0.0
BERNEX_PRE_MARAIS,CONFIGNON_LA_DODE,t0800,0.0
BERNEX_PRE_MARAIS,CONFIGNON_LA_DODE,t0830,0.0
BERNEX_PRE_MARAIS,GENEVE_AMANDOLIER,t0700,0.0
BERNEX_PRE_MARAIS,GENEVE_AMANDOLIER,t0730,0.0
BERNEX_PRE_MARAIS,GENEVE_AMANDOLIER,t0800,0.0
BERNEX_PRE_MARAIS,GENEVE_AMANDOLIER,t0830,0.0
BERNEX_PRE_MARAIS,GENEVE_AUGUSTINS,t0700,0.0
BERNEX_PRE_MARAIS,GENEVE_AUGUSTINS,t0730,0.0
BERNEX_PRE_MARAIS,GENEVE_AUGUSTINS,t0800,0.0
BERNEX_PRE_MARAIS,GENEVE_AUGUSTINS,t0830,0.0
BERNEX_PRE_MARAIS,GENEVE_BEL_AIR,t0700,0.0
BERNEX_PRE_MARAIS,GENEVE_BEL_AIR,t0730,0.0
BERNEX_PRE_MARAIS,GENEVE_BEL_AIR,t0800,0.0
BERNEX_PRE_MARAIS,GENEVE_BEL_AIR,t0830,0.0
BERNEX_PRE_MARAIS,GENEVE_BLANCHE,t0700,0.0
BERNEX_PRE_MARAIS,GENEVE_BLANCHE,t0730,0.0
BERNEX_PRE_MARAIS,GENEVE_BLANCHE,t0800,0.0
BERNEX_PRE_MARAIS,GENEVE_BLANCHE,t0830,0.0
BERNEX_PRE_MARAIS,GENEVE_COUTANCE,t0700,0.0
BERNEX_PRE_MARAIS,GENEVE_COUTANCE,t0730,0.0
BERNEX_PRE_MARAIS,GENEVE_COUTANCE,t0800,0.0
BERNEX_PRE_MARAIS,GENEVE_COUTANCE,t0830,0.0
BERNEX_PRE_MARAIS,GENEVE_EAUX_VIVES_GARE,t0700,0.0
BERNEX_PRE_MARAIS,GENEVE_EAUX_VIVES_GARE,t0730,0.0
BERNEX_PRE_MARAIS,GENEVE_EAUX_VIVES_GARE,t0800,0.0
BERNEX_PRE_MARAIS,GENEVE_EAUX_VIVES_GARE,t0830,0.0
BERNEX_PRE_MARAIS,GENEVE_GARE_CORNAVIN,t0700,0.0
BERNEX_PRE_MARAIS,GENEVE_GARE_CORNAVIN,t0730,0.0
BERNEX_PRE_MARAIS,GENEVE_GARE_CORNAVIN,t0800,0.0
BERNEX_PRE_MARAIS,GENEVE_GARE_CORNAVIN,t0830,0.0
BERNEX_PRE_MARAIS,GENEVE_JONCTION,t0700,0.0
BERNEX_PRE_MARAIS,GENEVE_JONCTION,t0730,0.0
BERNEX_PRE_MARAIS,GENEVE_JONCTION,t0800,0.0
BERNEX_PRE_MARAIS,GENEVE_JONCTION,t0830,0.0
BERNEX_PRE_MARAIS,GENEVE_LYON,t0700,0.0
BERNEX_PRE_MARAIS,GENEVE_LYON,t0730,0.0
BERNEX_PRE_MARAIS,GENEVE_LYON,t0800,0.0
BERNEX_PRE_MARAIS,GENEVE_LYON,t0830,0.0
BERNEX_PRE_MARAIS,GENEVE_MOLARD,t0700,0.0
BERNEX_PRE_MARAIS,GENEVE_MOLARD,t0730,0.0
BERNEX_PRE_MARAIS,GENEVE_MOLARD,t0800,0.0
BERNEX_PRE_MARAIS,GENEVE_MOLARD,t0830,0.0
BERNEX_PRE_MARAIS,GENEVE_PALLADIUM,t0700,0.0
BERNEX_PRE_MARAIS,GENEVE_PALLADIUM,t0730,0.0
BERNEX_PRE_MARAIS,GENEVE_PALLADIUM,t0800,0.0
BERNEX_PRE_MARAIS,GENEVE_PALLADIUM,t0830,0.0
BERNEX_PRE_MARAIS,GENEVE_PLACE_DE_NEUVE,t0700,0.0
BERNEX_PRE_MARAIS,GENEVE_PLACE_DE_NEUVE,t0730,0.0
BERNEX_PRE_MARAIS,GENEVE_PLACE_DE_NEUVE,t0800,0.0
BERNEX_PRE_MARAIS,GENEVE_PLACE_DE_NEUVE,t0830,0.0
BERNEX_PRE_MARAIS,GENEVE_PLAINPALAIS,t0700,0.0
BERNEX_PRE_MARAIS,GENEVE_PLAINPALAIS,t0730,0.0
BERNEX_PRE_MARAIS,GENEVE_PLAINPALAIS,t0800,0.0
BERNEX_PRE_MARAIS,GENEVE_PLAINPALAIS,t0830,0.0
BERNEX_PRE_MARAIS,GENEVE_PONT_D_ARVE,t0700,0.0
BERNEX_PRE_MARAIS,GENEVE_PONT_D_ARVE,t0730,0.0
BERNEX_PRE_MARAIS,GENEVE_PONT_D_ARVE,t0800,0.0
BERNEX_PRE_MARAIS,GENEVE_PONT_D_ARVE,t0830,0.0
BERNEX_PRE_MARAIS,GENEVE_POTERIE,t0700,0.0
BERNEX_PRE_MARAIS,GENEVE_POTERIE,t0730,0.0
BERNEX_PRE_MARAIS,GENEVE_POTERIE,t0800,0.0
BERNEX_PRE_MARAIS,GENEVE_POTERIE,t0830,0.0
BERNEX_PRE_MARAIS,GENEVE_RIVE,t0700,0.0
BERNEX_PRE_MARAIS,GENEVE_RIVE,t0730,0.0
BERNEX_PRE_MARAIS,GENEVE_RIVE,t0800,0.0
BERNEX_PRE_MARAIS,GENEVE_RIVE,t0830,0.0
BERNEX_PRE_MARAIS,GENEVE_SERVETTE,t0700,0.0
BERNEX_PRE_MARAIS,GENEVE_SERVETTE,t0730,0.0
BERNEX_PRE_MARAIS,GENEVE_SERVETTE,t0800,0.0
BERNEX_PRE_MARAIS,GENEVE_SERVETTE,t0830,0.0
BERNEX_PRE_MARAIS,GENEVE_STAND,t0700,0.0
BERNEX_PRE_MARAIS,GENEVE_STAND,t0730,0.0
BERNEX_PRE_MARAIS,GENEVE_STAND,t0800,0.0
BERNEX_PRE_MARAIS,GENEVE_STAND,t0830,0.0
BERNEX_PRE_MARAIS,GENEVE_TERRASSIERE,t0700,0.0
BERNEX_PRE_MARAIS,GENEVE_TERRASSIERE,t0730,0.0
BERNEX_PRE_MARAIS,GENEVE_TERRASSIERE,t0800,0.0
BERNEX_PRE_MARAIS,GENEVE_TERRASSIERE,t0830,0.0
BERNEX_PRE_MARAIS,GENEVE_VIEUSSEUX,t0700,0.0
BERNEX_PRE_MARAIS,GENEVE_VIEUSSEUX,t0730,0.0
BERNEX_PRE_MARAIS,GENEVE_VIEUSSEUX,t0800,0.0
BERNEX_PRE_MARAIS,GENEVE_VIEUSSEUX,t0830,0.0
BERNEX_PRE_MARAIS,GENEVE_VILLEREUSE,t0700,0.0
BERNEX_PRE_MARAIS,GENEVE_VILLEREUSE,t0730,0.0
BERNEX_PRE_MARAIS,GENEVE_VILLEREUSE,t0800,0.0
BERNEX_PRE_MARAIS,GENEVE_VILLEREUSE,t0830,0.0
BERNEX_PRE_MARAIS,GRAND_LANCY_DE_STAEL,t0700,0.0
BERNEX_PRE_MARAIS,GRAND_LANCY_DE_STAEL,t0730,0.0
BERNEX_PRE_MARAIS,GRAND_LANCY_DE_STAEL,t0800,0.0
BERNEX_PRE_MARAIS,GRAND_LANCY_DE_STAEL,t0830,0.0
BERNEX_PRE_MARAIS,GRAND_LANCY_PALETTES,t0700,0.0
BERNEX_PRE_MARAIS,GRAND_LANCY_PALETTES,t0730,0.0
BERNEX_PRE_MARAIS,GRAND_LANCY_PALETTES,t0800,0.0
BERNEX_PRE_MARAIS,GRAND_LANCY_PALETTES,t0830,0.0
BERNEX_PRE_MARAIS,GRAND_LANCY_PONTETS,t0700,0.0
BERNEX_PRE_MARAIS,GRAND_LANCY_PONTETS,t0730,0.0
BERNEX_PRE_MARAIS,GRAND_LANCY_PONTETS,t0800,0.0
BERNEX_PRE_MARAIS,GRAND_LANCY_PONTETS,t0830,0.0
BERNEX_PRE_MARAIS,LANCY_BACHET_GARE,t0700,0.0
BERNEX_PRE_MARAIS,LANCY_BACHET_GARE,t0730,0.0
BERNEX_PRE_MARAIS,LANCY_BACHET_GARE,t0800,0.0
BERNEX_PRE_MARAIS,LANCY_BACHET_GARE,t0830,0.0
BERNEX_PRE_MARAIS,MEYRIN_BOIS_DU_LAN,t0700,0.0
BERNEX_PRE_MARAIS,MEYRIN_BOIS_DU_LAN,t0730,0.0
BERNEX_PRE_MARAIS,MEYRIN_BOIS_DU_LAN,t0800,0.0
BERNEX_PRE_MARAIS,MEYRIN_BOIS_DU_LAN,t0830,0.0
BERNEX_PRE_MARAIS,MEYRIN_CERN,t0700,0.0
BERNEX_PRE_MARAIS,MEYRIN_CERN,t0730,0.0
BERNEX_PRE_MARAIS,MEYRIN_CERN,t0800,0.0
BERNEX_PRE_MARAIS,MEYRIN_CERN,t0830,0.0
BERNEX_PRE_MARAIS,MEYRIN_FORUMEYRIN,t0700,0.0
BERNEX_PRE_MARAIS,MEYRIN_FORUMEYRIN,t0730,0.0
BERNEX_PRE_MARAIS,MEYRIN_FORUMEYRIN,t0800,0.0
BERNEX_PRE_MARAIS,MEYRIN_FORUMEYRIN,t0830,0.0
BERNEX_PRE_MARAIS,MEYRIN_GRAVIERE,t0700,0.0
BERNEX_PRE_MARAIS,MEYRIN_GRAVIERE,t0730,0.0
BERNEX_PRE_MARAIS,MEYRIN_GRAVIERE,t0800,0.0
BERNEX_PRE_MARAIS,MEYRIN_GRAVIERE,t0830,0.0
BERNEX_PRE_MARAIS,MEYRIN_HOPITAL_DE_LA_TOUR,t0700,0.0
BERNEX_PRE_MARAIS,MEYRIN_HOPITAL_DE_LA_TOUR,t0730,0.0
BERNEX_PRE_MARAIS,MEYRIN_HOPITAL_DE_LA_TOUR,t0800,0.0
BERNEX_PRE_MARAIS,MEYRIN_HOPITAL_DE_LA_TOUR,t0830,0.0
BERNEX_PRE_MARAIS,MEYRIN_JARDIN_ALPIN_VIVARIUM,t0700,0.0
BERNEX_PRE_MARAIS,MEYRIN_JARDIN_ALPIN_VIVARIUM,t0730,0.0
BERNEX_PRE_MARAIS,MEYRIN_JARDIN_ALPIN_VIVARIUM,t0800,0.0
BERNEX_PRE_MARAIS,MEYRIN_JARDIN_ALPIN_VIVARIUM,t0830,0.0
BERNEX_PRE_MARAIS,MEYRIN_MAISONNEX,t0700,0.0
BERNEX_PRE_MARAIS,MEYRIN_MAISONNEX,t0730,0.0
BERNEX_PRE_MARAIS,MEYRIN_MAISONNEX,t0800,0.0
BERNEX_PRE_MARAIS,MEYRIN_MAISONNEX,t0830,0.0
BERNEX_PRE_MARAIS,MEYRIN_VAUDAGNE,t0700,0.0
BERNEX_PRE_MARAIS,MEYRIN_VAUDAGNE,t0730,0.0
BERNEX_PRE_MARAIS,MEYRIN_VAUDAGNE,t0800,0.0
BERNEX_PRE_MARAIS,MEYRIN_VAUDAGNE,t0830,0.0
BERNEX_PRE_MARAIS,MEYRIN_VILLAGE,t0700,0.0
BERNEX_PRE_MARAIS,MEYRIN_VILLAGE,t0730,0.0
BERNEX_PRE_MARAIS,MEYRIN_VILLAGE,t0800,0.0
BERNEX_PRE_MARAIS,MEYRIN_VILLAGE,t0830,0.0
BERNEX_PRE_MARAIS,ONEX_BANDOL,t0700,0.0
BERNEX_PRE_MARAIS,ONEX_BANDOL,t0730,0.0
BERNEX_PRE_MARAIS,ONEX_BANDOL,t0800,0.0
BERNEX_PRE_MARAIS,ONEX_BANDOL,t0830,0.0
BERNEX_PRE_MARAIS,ONEX_SALLE_COMMUNALE,t0700,0.0
BERNEX_PRE_MARAIS,ONEX_SALLE_COMMUNALE,t0730,0.0
BERNEX_PRE_MARAIS,ONEX_SALLE_COMMUNALE,t0800,0.0
BERNEX_PRE_MARAIS,ONEX_SALLE_COMMUNALE,t0830,0.0
BERNEX_PRE_MARAIS,PETIT_LANCY_LES_ESSERTS,t0700,0.0
BERNEX_PRE_MARAIS,PETIT_LANCY_LES_ESSERTS,t0730,0.0
BERNEX_PRE_MARAIS,PETIT_LANCY_LES_ESSERTS,t0800,0.0
BERNEX_PRE_MARAIS,PETIT_LANCY_LES_ESSERTS,t0830,0.0
BERNEX_PRE_MARAIS,PETIT_LANCY_PLACE,t0700,0.0
BERNEX_PRE_MARAIS,PETIT_LANCY_PLACE,t0730,0.0
BERNEX_PRE_MARAIS,PETIT_LANCY_PLACE,t0800,0.0
BERNEX_PRE_MARAIS,PETIT_LANCY_PLACE,t0830,0.0
BERNEX_PRE_MARAIS,PETIT_LANCY_QUIDORT,t0700,0.0
BERNEX_PRE_MARAIS,PETIT_LANCY_QUIDORT,t0730,0.0
BERNEX_PRE_MARAIS,PETIT_LANCY_QUIDORT,t0800,0.0
BERNEX_PRE_MARAIS,PETIT_LANCY_QUIDORT,t0830,0.0
BERNEX_PRE_MARAIS,PLAN_LES_OUATES_TREFLE_BLANC,t0700,0.0
BERNEX_PRE_MARAIS,PLAN_LES_OUATES_TREFLE_BLANC,t0730,0.0
BERNEX_PRE_MARAIS,PLAN_LES_OUATES_TREFLE_BLANC,t0800,0.0
BERNEX_PRE_MARAIS,PLAN_LES_OUATES_TREFLE_BLANC,t0830,0.0
BERNEX_PRE_MARAIS,THONEX_GRAVESON,t0700,0.0
BERNEX_PRE_MARAIS,THONEX_GRAVESON,t0730,0.0
BERNEX_PRE_MARAIS,THONEX_GRAVESON,t0800,0.0
BERNEX_PRE_MARAIS,THONEX_GRAVESON,t0830,0.0
BERNEX_PRE_MARAIS,THONEX_MOILLESULAZ,t0700,0.0
BERNEX_PRE_MARAIS,THONEX_MOILLESULAZ,t0730,0.0
BERNEX_PRE_MARAIS,THONEX_MOILLESULAZ,t0800,0.0
BERNEX_PRE_MARAIS,THONEX_MOILLESULAZ,t0830,0.0
BERNEX_PRE_MARAIS,VERNIER_AVANCHETS_ETANG,t0700,0.0
BERNEX_PRE_MARAIS,VERNIER_AVANCHETS_ETANG,t0730,0.0
BERNEX_PRE_MARAIS,VERNIER_AVANCHETS_ETANG,t0800,0.0
BERNEX_PRE_MARAIS,VERNIER_AVANCHETS_ETANG,t0830,0.0
BERNEX_PRE_MARAIS,VERNIER_BALEXERT,t0700,0.0
BERNEX_PRE_MARAIS,VERNIER_BALEXERT,t0730,0.0
BERNEX_PRE_MARAIS,VERNIER_BALEXERT,t0800,0.0
BERNEX_PRE_MARAIS,VERNIER_BALEXERT,t0830,0.0
BERNEX_PRE_MARAIS,VERNIER_BLANDONNET,t0700,0.0
BERNEX_PRE_MARAIS,VERNIER_BLANDONNET,t0730,0.0
BERNEX_PRE_MARAIS,VERNIER_BLANDONNET,t0800,0.0
BERNEX_PRE_MARAIS,VERNIER_BLANDONNET,t0830,0.0
BERNEX_PRE_MARAIS,VERNIER_BOUCHET,t0700,0.0
BERNEX_PRE_MARAIS,VERNIER_BOUCHET,t0730,0.0
BERNEX_PRE_MARAIS,VERNIER_BOUCHET,t0800,0.0
BERNEX_PRE_MARAIS,VERNIER_BOUCHET,t0830,0.0
BERNEX_P_R,BERNEX_HAINARD,t0700,0.0
BERNEX_P_R,BERNEX_HAINARD,t0730,0.0
BERNEX_P_R,BERNEX_HAINARD,t0800,0.0
BERNEX_P_R,BERNEX_HAINARD,t0830,0.0
BERNEX_P_R,BERNEX_LUCHEPELET,t0700,0.0
BERNEX_P_R,BERNEX_LUCHEPELET,t0730,0.0
BERNEX_P_R,BERNEX_LUCHEPELET,t0800,0.0
BERNEX_P_R,BERNEX_LUCHEPELET,t0830,0.0
BERNEX_P_R,BERNEX_PRE_MARAIS,t0700,0.0
BERNEX_P_R,BERNEX_PRE_MARAIS,t0730,0.0
BERNEX_P_R,BERNEX_PRE_MARAIS,t0800,0.0
BERNEX_P_R,BERNEX_PRE_MARAIS,t0830,0.0
BERNEX_P_R,BERNEX_VAILLY,t0700,0.0
BERNEX_P_R,BERNEX_VAILLY,t0730,0.0
BERNEX_P_R,BERNEX_VAILLY,t0800,0.0
BERNEX_P_R,BERNEX_VAILLY,t0830,0.0
BERNEX_P_R,CAROUGE_GE_ANCIENNE,t0700,0.0
BERNEX_P_R,CAROUGE_GE_ANCIENNE,t0730,0.0
BERNEX_P_R,CAROUGE_GE_ANCIENNE,t0800,0.0
BERNEX_P_R,CAROUGE_GE_ANCIENNE,t0830,0.0
BERNEX_P_R,CAROUGE_GE_ARMES,t0700,0.0
BERNEX_P_R,CAROUGE_GE_ARMES,t0730,0.0
BERNEX_P_R,CAROUGE_GE_ARMES,t0800,0.0
BERNEX_P_R,CAROUGE_GE_ARMES,t0830,0.0
BERNEX_P_R,CAROUGE_GE_MARCHE,t0700,0.0
BERNEX_P_R,CAROUGE_GE_MARCHE,t0730,0.0
BERNEX_P_R,CAROUGE_GE_MARCHE,t0800,0.0
BERNEX_P_R,CAROUGE_GE_MARCHE,t0830,0.0
BERNEX_P_R,CAROUGE_GE_RONDEAU,t0700,0.0
BERNEX_P_R,CAROUGE_GE_RONDEAU,t0730,0.0
BERNEX_P_R,CAROUGE_GE_RONDEAU,t0800,0.0
BERNEX_P_R,CAROUGE_GE_RONDEAU,t0830,0.0
BERNEX_P_R,CHENE_BOUGERIES_GRANGETTES,t0700,0.0
BERNEX_P_R,CHENE_BOUGERIES_GRANGETTES,t0730,0.0
BERNEX_P_R,CHENE_BOUGERIES_GRANGETTES,t0800,0.0
BERNEX_P_R,CHENE_BOUGERIES_GRANGETTES,t0830,0.0
BERNEX_P_R,CHENE_BOUGERIES_GRANGE_CANAL,t0700,0.0
BERNEX_P_R,CHENE_BOUGERIES_GRANGE_CANAL,t0730,0.0
BERNEX_P_R,CHENE_BOUGERIES_GRANGE_CANAL,t0800,0.0
BERNEX_P_R,CHENE_BOUGERIES_GRANGE_CANAL,t0830,0.0
BERNEX_P_R,CHENE_BOUGERIES_GRANGE_FALQUET,t0700,0.0
BERNEX_P_R,CHENE_BOUGERIES_GRANGE_FALQUET,t0730,0.0
BERNEX_P_R,CHENE_BOUGERIES_GRANGE_FALQUET,t0800,0.0
BERNEX_P_R,CHENE_BOUGERIES_GRANGE_FALQUET,t0830,0.0
BERNEX_P_R,CHENE_BOURG_PEILLONNEX,t0700,0.0
BERNEX_P_R,CHENE_BOURG_PEILLONNEX,t0730,0.0
BERNEX_P_R,CHENE_BOURG_PEILLONNEX,t0800,0.0
BERNEX_P_R,CHENE_BOURG_PEILLONNEX,t0830,0.0
BERNEX_P_R,CHENE_BOURG_PLACE_FAVRE,t0700,0.0
BERNEX_P_R,CHENE_BOURG_PLACE_FAVRE,t0730,0.0
BERNEX_P_R,CHENE_BOURG_PLACE_FAVRE,t0800,0.0
BERNEX_P_R,CHENE_BOURG_PLACE_FAVRE,t0830,0.0
BERNEX_P_R,CONFIGNON_CROISEE,t0700,0.0
BERNEX_P_R,CONFIGNON_CROISEE,t0730,0.0
BERNEX_P_R,CONFIGNON_CROISEE,t0800,0.0
BERNEX_P_R,CONFIGNON_CROISEE,t0830,0.0
BERNEX_P_R,CONFIGNON_LA_DODE,t0700,0.0
BERNEX_P_R,CONFIGNON_LA_DODE,t0730,0.0
BERNEX_P_R,CONFIGNON_LA_DODE,t0800,0.0
BERNEX_P_R,CONFIGNON_LA_DODE,t0830,0.0
BERNEX_P_R,GENEVE_AMANDOLIER,t0700,0.0
BERNEX_P_R,GENEVE_AMANDOLIER,t0730,0.0
BERNEX_P_R,GENEVE_AMANDOLIER,t0800,0.0
BERNEX_P_R,GENEVE_AMANDOLIER,t0830,0.0
BERNEX_P_R,GENEVE_AUGUSTINS,t0700,0.0
BERNEX_P_R,GENEVE_AUGUSTINS,t0730,0.0
BERNEX_P_R,GENEVE_AUGUSTINS,t0800,0.0
BERNEX_P_R,GENEVE_AUGUSTINS,t0830,0.0
BERNEX_P_R,GENEVE_BEL_AIR,t0700,0.0
BERNEX_P_R,GENEVE_BEL_AIR,t0730,0.0
BERNEX_P_R,GENEVE_BEL_AIR,t0800,0.0
BERNEX_P_R,GENEVE_BEL_AIR,t0830,0.0
BERNEX_P_R,GENEVE_BLANCHE,t0700,0.0
BERNEX_P_R,GENEVE_BLANCHE,t0730,0.0
BERNEX_P_R,GENEVE_BLANCHE,t0800,0.0
BERNEX_P_R,GENEVE_BLANCHE,t0830,0.0
BERNEX_P_R,GENEVE_COUTANCE,t0700,0.0
BERNEX_P_R,GENEVE_COUTANCE,t0730,0.0
BERNEX_P_R,GENEVE_COUTANCE,t0800,0.0
BERNEX_P_R,GENEVE_COUTANCE,t0830,0.0
BERNEX_P_R,GENEVE_EAUX_VIVES_GARE,t0700,0.0
BERNEX_P_R,GENEVE_EAUX_VIVES_GARE,t0730,0.0
BERNEX_P_R,GENEVE_EAUX_VIVES_GARE,t0800,0.0
BERNEX_P_R,GENEVE_EAUX_VIVES_GARE,t0830,0.0
BERNEX_P_R,GENEVE_GARE_CORNAVIN,t0700,0.0
BERNEX_P_R,GENEVE_GARE_CORNAVIN,t0730,0.0
BERNEX_P_R,GENEVE_GARE_CORNAVIN,t0800,0.0
BERNEX_P_R,GENEVE_GARE_CORNAVIN,t0830,0.0
BERNEX_P_R,GENEVE_JONCTION,t0700,0.0
BERNEX_P_R,GENEVE_JONCTION,t0730,0.0
BERNEX_P_R,GENEVE_JONCTION,t0800,0.0
BERNEX_P_R,GENEVE_JONCTION,t0830,0.0
BERNEX_P_R,GENEVE_LYON,t0700,0.0
BERNEX_P_R,GENEVE_LYON,t0730,0.0
BERNEX_P_R,GENEVE_LYON,t0800,0.0
BERNEX_P_R,GENEVE_LYON,t0830,0.0
BERNEX_P_R,GENEVE_MOLARD,t0700,0.0
BERNEX_P_R,GENEVE_MOLARD,t0730,0.0
BERNEX_P_R,GENEVE_MOLARD,t0800,0.0
BERNEX_P_R,GENEVE_MOLARD,t0830,0.0
BERNEX_P_R,GENEVE_PALLADIUM,t0700,0.0
BERNEX_P_R,GENEVE_PALLADIUM,t0730,0.0
BERNEX_P_R,GENEVE_PALLADIUM,t0800,0.0
BERNEX_P_R,GENEVE_PALLADIUM,t0830,0.0
BERNEX_P_R,GENEVE_PLACE_DE_NEUVE,t0700,0.0
BERNEX_P_R,GENEVE_PLACE_DE_NEUVE,t0730,0.0
BERNEX_P_R,GENEVE_PLACE_DE_NEUVE,t0800,0.0
BERNEX_P_R,GENEVE_PLACE_DE_NEUVE,t0830,0.0
BERNEX_P_R,GENEVE_PLAINPALAIS,t0700,0.0
BERNEX_P_R,GENEVE_PLAINPALAIS,t0730,0.0
BERNEX_P_R,GENEVE_PLAINPALAIS,t0800,0.0
BERNEX_P_R,GENEVE_PLAINPALAIS,t0830,0.0
BERNEX_P_R,GENEVE_PONT_D_ARVE,t0700,0.0
BERNEX_P_R,GENEVE_PONT_D_ARVE,t0730,0.0
BERNEX_P_R,GENEVE_PONT_D_ARVE,t0800,0.0
BERNEX_P_R,GENEVE_PONT_D_ARVE,t0830,0.0
BERNEX_P_R,GENEVE_POTERIE,t0700,0.0
BERNEX_P_R,GENEVE_POTERIE,t0730,0.0
BERNEX_P_R,GENEVE_POTERIE,t0800,0.0
BERNEX_P_R,GENEVE_POTERIE,t0830,0.0
BERNEX_P_R,GENEVE_RIVE,t0700,0.0
BERNEX_P_R,GENEVE_RIVE,t0730,0.0
BERNEX_P_R,GENEVE_RIVE,t0800,0.0
BERNEX_P_R,GENEVE_RIVE,t0830,0.0
BERNEX_P_R,GENEVE_SERVETTE,t0700,0.0
BERNEX_P_R,GENEVE_SERVETTE,t0730,0.0
BERNEX_P_R,GENEVE_SERVETTE,t0800,0.0
BERNEX_P_R,GENEVE_SERVETTE,t0830,0.0
BERNEX_P_R,GENEVE_STAND,t0700,0.0
BERNEX_P_R,GENEVE_STAND,t0730,0.0
BERNEX_P_R,GENEVE_STAND,t0800,0.0
BERNEX_P_R,GENEVE_STAND,t0830,0.0
BERNEX_P_R,GENEVE_TERRASSIERE,t0700,0.0
BERNEX_P_R,GENEVE_TERRASSIERE,t0730,0.0
BERNEX_P_R,GENEVE_TERRASSIERE,t0800,0.0
BERNEX_P_R,GENEVE_TERRASSIERE,t0830,0.0
BERNEX_P_R,GENEVE_VIEUSSEUX,t0700,0.0
BERNEX_P_R,GENEVE_VIEUSSEUX,t0730,0.0
BERNEX_P_R,GENEVE_VIEUSSEUX,t0800,0.0
BERNEX_P_R,GENEVE_VIEUSSEUX,t0830,0.0
BERNEX_P_R,GENEVE_VILLEREUSE,t0700,0.0
BERNEX_P_R,GENEVE_VILLEREUSE,t0730,0.0
BERNEX_P_R,GENEVE_VILLEREUSE,t0800,0.0
BERNEX_P_R,GENEVE_VILLEREUSE,t0830,0.0
BERNEX_P_R,GRAND_LANCY_DE_STAEL,t0700,0.0
BERNEX_P_R,GRAND_LANCY_DE_STAEL,t0730,0.0
BERNEX_P_R,GRAND_LANCY_DE_STAEL,t0800,0.0
BERNEX_P_R,GRAND_LANCY_DE_STAEL,t0830,0.0
BERNEX_P_R,GRAND_LANCY_PALETTES,t0700,0.0
BERNEX_P_R,GRAND_LANCY_PALETTES,t0730,0.0
BERNEX_P_R,GRAND_LANCY_PALETTES,t0800,0.0
BERNEX_P_R,GRAND_LANCY_PALETTES,t0830,0.0
BERNEX_P_R,GRAND_LANCY_PONTETS,t0700,0.0
BERNEX_P_R,GRAND_LANCY_PONTETS,t0730,0.0
BERNEX_P_R,GRAND_LANCY_PONTETS,t0800,0.0
BERNEX_P_R,GRAND_LANCY_PONTETS,t0830,0.0
BERNEX_P_R,LANCY_BACHET_GARE,t0700,0.0
BERNEX_P_R,LANCY_BACHET_GARE,t0730,0.0
BERNEX_P_R,LANCY_BACHET_GARE,t0800,0.0
BERNEX_P_R,LANCY_BACHET_GARE,t0830,0.0
BERNEX_P_R,MEYRIN_BOIS_DU_LAN,t0700,0.0
BERNEX_P_R,MEYRIN_BOIS_DU_LAN,t0730,0.0
BERNEX_P_R,MEYRIN_BOIS_DU_LAN,t0800,0.0
BERNEX_P_R,MEYRIN_BOIS_DU_LAN,t0830,0.0
BERNEX_P_R,MEYRIN_CERN,t0700,0.0
BERNEX_P_R,MEYRIN_CERN,t0730,0.0
BERNEX_P_R,MEYRIN_CERN,t0800,0.0
BERNEX_P_R,MEYRIN_CERN,t0830,0.0
BERNEX_P_R,MEYRIN_FORUMEYRIN,t0700,0.0
BERNEX_P_R,MEYRIN_FORUMEYRIN,t0730,0.0
BERNEX_P_R,MEYRIN_FORUMEYRIN,t0800,0.0
BERNEX_P_R,MEYRIN_FORUMEYRIN,t0830,0.0
BERNEX_P_R,MEYRIN_GRAVIERE,t0700,0.0
BERNEX_P_R,MEYRIN_GRAVIERE,t0730,0.0
BERNEX_P_R,MEYRIN_GRAVIERE,t0800,0.0
BERNEX_P_R,MEYRIN_GRAVIERE,t0830,0.0
BERNEX_P_R,MEYRIN_HOPITAL_DE_LA_TOUR,t0700,0.0
BERNEX_P_R,MEYRIN_HOPITAL_DE_LA_TOUR,t0730,0.0
BERNEX_P_R,MEYRIN_HOPITAL_DE_LA_TOUR,t0800,0.0
BERNEX_P_R,MEYRIN_HOPITAL_DE_LA_TOUR,t0830,0.0
BERNEX_P_R,MEYRIN_JARDIN_ALPIN_VIVARIUM,t0700,0.0
BERNEX_P_R,MEYRIN_JARDIN_ALPIN_VIVARIUM,t0730,0.0
BERNEX_P_R,MEYRIN_JARDIN_ALPIN_VIVARIUM,t0800,0.0
BERNEX_P_R,MEYRIN_JARDIN_ALPIN_VIVARIUM,t0830,0.0
BERNEX_P_R,MEYRIN_MAISONNEX,t0700,0.0
BERNEX_P_R,MEYRIN_MAISONNEX,t0730,0.0
BERNEX_P_R,MEYRIN_MAISONNEX,t0800,0.0
BERNEX_P_R,MEYRIN_MAISONNEX,t0830,0.0
BERNEX_P_R,MEYRIN_VAUDAGNE,t0700,0.0
BERNEX_P_R,MEYRIN_VAUDAGNE,t0730,0.0
BERNEX_P_R,MEYRIN_VAUDAGNE,t0800,0.0
BERNEX_P_R,MEYRIN_VAUDAGNE,t0830,0.0
BERNEX_P_R,MEYRIN_VILLAGE,t0700,0.0
BERNEX_P_R,MEYRIN_VILLAGE,t0730,0.0
BERNEX_P_R,MEYRIN_VILLAGE,t0800,0.0
BERNEX_P_R,MEYRIN_VILLAGE,t0830,0.0
BERNEX_P_R,ONEX_BANDOL,t0700,0.0
BERNEX_P_R,ONEX_BANDOL,t0730,0.0
BERNEX_P_R,ONEX_BANDOL,t0800,0.0
BERNEX_P_R,ONEX_BANDOL,t0830,0.0
BERNEX_P_R,ONEX_SALLE_COMMUNALE,t0700,0.0
BERNEX_P_R,ONEX_SALLE_COMMUNALE,t0730,0.0
BERNEX_P_R,ONEX_SALLE_COMMUNALE,t0800,0.0
BERNEX_P_R,ONEX_SALLE_COMMUNALE,t0830,0.0
BERNEX_P_R,PETIT_LANCY_LES_ESSERTS,t0700,0.0
BERNEX_P_R,PETIT_LANCY_LES_ESSERTS,t0730,0.0
BERNEX_P_R,PETIT_LANCY_LES_ESSERTS,t0800,0.0
BERNEX_P_R,PETIT_LANCY_LES_ESSERTS,t0830,0.0
BERNEX_P_R,PETIT_LANCY_PLACE,t0700,0.0
BERNEX_P_R,PETIT_LANCY_PLACE,t0730,0.0
BERNEX_P_R,PETIT_LANCY_PLACE,t0800,0.0
BERNEX_P_R,PETIT_LANCY_PLACE,t0830,0.0
BERNEX_P_R,PETIT_LANCY_QUIDORT,t0700,0.0
BERNEX_P_R,PETIT_LANCY_QUIDORT,t0730,0.0
BERNEX_P_R,PETIT_LANCY_QUIDORT,t0800,0.0
BERNEX_P_R,PETIT_LANCY_QUIDORT,t0830,0.0
BERNEX_P_R,PLAN_LES_OUATES_TREFLE_BLANC,t0700,0.0
BERNEX_P_R,PLAN_LES_OUATES_TREFLE_BLANC,t0730,0.0
BERNEX_P_R,PLAN_LES_OUATES_TREFLE_BLANC,t0800,0.0
BERNEX_P_R,PLAN_LES_OUATES_TREFLE_BLANC,t0830,0.0
BERNEX_P_R,THONEX_GRAVESON,t0700,0.0
BERNEX_P_R,THONEX_GRAVESON,t0730,0.0
BERNEX_P_R,THONEX_GRAVESON,t0800,0.0
BERNEX_P_R,THONEX_GRAVESON,t0830,0.0
BERNEX_P_R,THONEX_MOILLESULAZ,t0700,0.0
BERNEX_P_R,THONEX_MOILLESULAZ,t0730,0.0
BERNEX_P_R,THONEX_MOILLESULAZ,t0800,0.0
BERNEX_P_R,THONEX_MOILLESULAZ,t0830,0.0
BERNEX_P_R,VERNIER_AVANCHETS_ETANG,t0700,0.0
BERNEX_P_R,VERNIER_AVANCHETS_ETANG,t0730,0.0
BERNEX_P_R,VERNIER_AVANCHETS_ETANG,t0800,0.0
BERNEX_P_R,VERNIER_AVANCHETS_ETANG,t0830,0.0
BERNEX_P_R,VERNIER_BALEXERT,t0700,0.0
BERNEX_P_R,VERNIER_BALEXERT,t0730,0.0
BERNEX_P_R,VERNIER_BALEXERT,t0800,0.0
BERNEX_P_R,VERNIER_BALEXERT,t0830,0.0
BERNEX_P_R,VERNIER_BLANDONNET,t0700,0.0
BERNEX_P_R,VERNIER_BLANDONNET,t0730,0.0
BERNEX_P_R,VERNIER_BLANDONNET,t0800,0.0
BERNEX_P_R,VERNIER_BLANDONNET,t0830,0.0
BERNEX_P_R,VERNIER_BOUCHET,t0700,0.0
BERNEX_P_R,VERNIER_BOUCHET,t0730,0.0
BERNEX_P_R,VERNIER_BOUCHET,t0800,0.0
BERNEX_P_R,VERNIER_BOUCHET,t0830,0.0
BERNEX_VAILLY,BERNEX_HAINARD,t0700,0.0
BERNEX_VAILLY,BERNEX_HAINARD,t0730,0.0
BERNEX_VAILLY,BERNEX_HAINARD,t0800,0.0
BERNEX_VAILLY,BERNEX_HAINARD,t0830,0.0
BERNEX_VAILLY,BERNEX_LUCHEPELET,t0700,0.0
BERNEX_VAILLY,BERNEX_LUCHEPELET,t0730,0.0
BERNEX_VAILLY,BERNEX_LUCHEPELET,t0800,0.0
BERNEX_VAILLY,BERNEX_LUCHEPELET,t0830,0.0
BERNEX_VAILLY,BERNEX_PRE_MARAIS,t0700,0.0
BERNEX_VAILLY,BERNEX_PRE_MARAIS,t0730,0.0
BERNEX_VAILLY,BERNEX_PRE_MARAIS,t0800,0.0
BERNEX_VAILLY,BERNEX_PRE_MARAIS,t0830,0.0
BERNEX_VAILLY,BERNEX_P_R,t0700,0.0
BERNEX_VAILLY,BERNEX_P_R,t0730,0.0
BERNEX_VAILLY,BERNEX_P_R,t0800,0.0
BERNEX_VAILLY,BERNEX_P_R,t0830,0.0
BERNEX_VAILLY,CAROUGE_GE_ANCIENNE,t0700,0.0
BERNEX_VAILLY,CAROUGE_GE_ANCIENNE,t0730,0.0
BERNEX_VAILLY,CAROUGE_GE_ANCIENNE,t0800,0.0
BERNEX_VAILLY,CAROUGE_GE_ANCIENNE,t0830,0.0
BERNEX_VAILLY,CAROUGE_GE_ARMES,t0700,0.0
BERNEX_VAILLY,CAROUGE_GE_ARMES,t0730,0.0
BERNEX_VAILLY,CAROUGE_GE_ARMES,t0800,0.0
BERNEX_VAILLY,CAROUGE_GE_ARMES,t0830,0.0
BERNEX_VAILLY,CAROUGE_GE_MARCHE,t0700,0.0
BERNEX_VAILLY,CAROUGE_GE_MARCHE,t0730,0.0
BERNEX_VAILLY,CAROUGE_GE_MARCHE,t0800,0.0
BERNEX_VAILLY,CAROUGE_GE_MARCHE,t0830,0.0
BERNEX_VAILLY,CAROUGE_GE_RONDEAU,t0700,0.0
BERNEX_VAILLY,CAROUGE_GE_RONDEAU,t0730,0.0
BERNEX_VAILLY,CAROUGE_GE_RONDEAU,t0800,0.0
BERNEX_VAILLY,CAROUGE_GE_RONDEAU,t0830,0.0
BERNEX_VAILLY,CHENE_BOUGERIES_GRANGETTES,t0700,0.0
BERNEX_VAILLY,CHENE_BOUGERIES_GRANGETTES,t0730,0.0
BERNEX_VAILLY,CHENE_BOUGERIES_GRANGETTES,t0800,0.0
BERNEX_VAILLY,CHENE_BOUGERIES_GRANGETTES,t0830,0.0
BERNEX_VAILLY,CHENE_BOUGERIES_GRANGE_CANAL,t0700,0.0
BERNEX_VAILLY,CHENE_BOUGERIES_GRANGE_CANAL,t0730,0.0
BERNEX_VAILLY,CHENE_BOUGERIES_GRANGE_CANAL,t0800,0.0
BERNEX_VAILLY,CHENE_BOUGERIES_GRANGE_CANAL,t0830,0.0
BERNEX_VAILLY,CHENE_BOUGERIES_GRANGE_FALQUET,t0700,0.0
BERNEX_VAILLY,CHENE_BOUGERIES_GRANGE_FALQUET,t0730,0.0
BERNEX_VAILLY,CHENE_BOUGERIES_GRANGE_FALQUET,t0800,0.0
BERNEX_VAILLY,CHENE_BOUGERIES_GRANGE_FALQUET,t0830,0.0
BERNEX_VAILLY,CHENE_BOURG_PEILLONNEX,t0700,0.0
BERNEX_VAILLY,CHENE_BOURG_PEILLONNEX,t0730,0.0
BERNEX_VAILLY,CHENE_BOURG_PEILLONNEX,t0800,0.0
BERNEX_VAILLY,CHENE_BOURG_PEILLONNEX,t0830,0.0
BERNEX_VAILLY,CHENE_BOURG_PLACE_FAVRE,t0700,0.0
BERNEX_VAILLY,CHENE_BOURG_PLACE_FAVRE,t0730,0.0
BERNEX_VAILLY,CHENE_BOURG_PLACE_FAVRE,t0800,0.0
BERNEX_VAILLY,CHENE_BOURG_PLACE_FAVRE,t0830,0.0
BERNEX_VAILLY,CONFIGNON_CROISEE,t0700,0.0
BERNEX_VAILLY,CONFIGNON_CROISEE,t0730,0.0
BERNEX_VAILLY,CONFIGNON_CROISEE,t0800,0.0
BERNEX_VAILLY,CONFIGNON_CROISEE,t0830,0.0
BERNEX_VAILLY,CONFIGNON_LA_DODE,t0700,0.0
BERNEX_VAILLY,CONFIGNON_LA_DODE,t0730,0.0
BERNEX_VAILLY,CONFIGNON_LA_DODE,t0800,0.0
BERNEX_VAILLY,CONFIGNON_LA_DODE,t0830,0.0
BERNEX_VAILLY,GENEVE_AMANDOLIER,t0700,0.0
BERNEX_VAILLY,GENEVE_AMANDOLIER,t0730,0.0
BERNEX_VAILLY,GENEVE_AMANDOLIER,t0800,0.0
BERNEX_VAILLY,GENEVE_AMANDOLIER,t0830,0.0
BERNEX_VAILLY,GENEVE_AUGUSTINS,t0700,0.0
BERNEX_VAILLY,GENEVE_AUGUSTINS,t0730,0.0
BERNEX_VAILLY,GENEVE_AUGUSTINS,t0800,0.0
BERNEX_VAILLY,GENEVE_AUGUSTINS,t0830,0.0
BERNEX_VAILLY,GENEVE_BEL_AIR,t0700,0.0
BERNEX_VAILLY,GENEVE_BEL_AIR,t0730,0.0
BERNEX_VAILLY,GENEVE_BEL_AIR,t0800,0.0
BERNEX_VAILLY,GENEVE_BEL_AIR,t0830,0.0
BERNEX_VAILLY,GENEVE_BLANCHE,t0700,0.0
BERNEX_VAILLY,GENEVE_BLANCHE,t0730,0.0
BERNEX_VAILLY,GENEVE_BLANCHE,t0800,0.0
BERNEX_VAILLY,GENEVE_BLANCHE,t0830,0.0
BERNEX_VAILLY,GENEVE_COUTANCE,t0700,0.0
BERNEX_VAILLY,GENEVE_COUTANCE,t0730,0.0
BERNEX_VAILLY,GENEVE_COUTANCE,t0800,0.0
BERNEX_VAILLY,GENEVE_COUTANCE,t0830,0.0
BERNEX_VAILLY,GENEVE_EAUX_VIVES_GARE,t0700,0.0
BERNEX_VAILLY,GENEVE_EAUX_VIVES_GARE,t0730,0.0
BERNEX_VAILLY,GENEVE_EAUX_VIVES_GARE,t0800,0.0
BERNEX_VAILLY,GENEVE_EAUX_VIVES_GARE,t0830,0.0
BERNEX_VAILLY,GENEVE_GARE_CORNAVIN,t0700,0.0
BERNEX_VAILLY,GENEVE_GARE_CORNAVIN,t0730,0.0
BERNEX_VAILLY,GENEVE_GARE_CORNAVIN,t0800,0.0
BERNEX_VAILLY,GENEVE_GARE_CORNAVIN,t0830,0.0
BERNEX_VAILLY,GENEVE_JONCTION,t0700,0.0
BERNEX_VAILLY,GENEVE_JONCTION,t0730,0.0
BERNEX_VAILLY,GENEVE_JONCTION,t0800,0.0
BERNEX_VAILLY,GENEVE_JONCTION,t0830,0.0
BERNEX_VAILLY,GENEVE_LYON,t0700,0.0
BERNEX_VAILLY,GENEVE_LYON,t0730,0.0
BERNEX_VAILLY,GENEVE_LYON,t0800,0.0
BERNEX_VAILLY,GENEVE_LYON,t0830,0.0
BERNEX_VAILLY,GENEVE_MOLARD,t0700,0.0
BERNEX_VAILLY,GENEVE_MOLARD,t0730,0.0
BERNEX_VAILLY,GENEVE_MOLARD,t0800,0.0
BERNEX_VAILLY,GENEVE_MOLARD,t0830,0.0
BERNEX_VAILLY,GENEVE_PALLADIUM,t0700,0.0
BERNEX_VAILLY,GENEVE_PALLADIUM,t0730,0.0
BERNEX_VAILLY,GENEVE_PALLADIUM,t0800,0.0
BERNEX_VAILLY,GENEVE_PALLADIUM,t0830,0.0
BERNEX_VAILLY,GENEVE_PLACE_DE_NEUVE,t0700,0.0
BERNEX_VAILLY,GENEVE_PLACE_DE_NEUVE,t0730,0.0
BERNEX_VAILLY,GENEVE_PLACE_DE_NEUVE,t0800,0.0
BERNEX_VAILLY,GENEVE_PLACE_DE_NEUVE,t0830,0.0
BERNEX_VAILLY,GENEVE_PLAINPALAIS,t0700,0.0
BERNEX_VAILLY,GENEVE_PLAINPALAIS,t0730,0.0
BERNEX_VAILLY,GENEVE_PLAINPALAIS,t0800,0.0
BERNEX_VAILLY,GENEVE_PLAINPALAIS,t0830,0.0
BERNEX_VAILLY,GENEVE_PONT_D_ARVE,t0700,0.0
BERNEX_VAILLY,GENEVE_PONT_D_ARVE,t0730,0.0
BERNEX_VAILLY,GENEVE_PONT_D_ARVE,t0800,0.0
BERNEX_VAILLY,GENEVE_PONT_D_ARVE,t0830,0.0
BERNEX_VAILLY,GENEVE_POTERIE,t0700,0.0
BERNEX_VAILLY,GENEVE_POTERIE,t0730,0.0
BERNEX_VAILLY,GENEVE_POTERIE,t0800,0.0
BERNEX_VAILLY,GENEVE_POTERIE,t0830,0.0
BERNEX_VAILLY,GENEVE_RIVE,t0700,0.0
BERNEX_VAILLY,GENEVE_RIVE,t0730,0.0
BERNEX_VAILLY,GENEVE_RIVE,t0800,0.0
BERNEX_VAILLY,GENEVE_RIVE,t0830,0.0
BERNEX_VAILLY,GENEVE_SERVETTE,t0700,73.333
BERNEX_VAILLY,GENEVE_SERVETTE,t0730,14.667
BERNEX_VAILLY,GENEVE_SERVETTE,t0800,24.0
BERNEX_VAILLY,GENEVE_SERVETTE,t0830,64.0
BERNEX_VAILLY,GENEVE_STAND,t0700,0.0
BERNEX_VAILLY,GENEVE_STAND,t0730,0.0
BERNEX_VAILLY,GENEVE_STAND,t0800,0.0
BERNEX_VAILLY,GENEVE_STAND,t0830,0.0
BERNEX_VAILLY,GENEVE_TERRASSIERE,t0700,0.0
BERNEX_VAILLY,GENEVE_TERRASSIERE,t0730,0.0
BERNEX_VAILLY,GENEVE_TERRASSIERE,t0800,0.0
BERNEX_VAILLY,GENEVE_TERRASSIERE,t0830,0.0
BERNEX_VAILLY,GENEVE_VIEUSSEUX,t0700,0.0
BERNEX_VAILLY,GENEVE_VIEUSSEUX,t0730,0.0
BERNEX_VAILLY,GENEVE_VIEUSSEUX,t0800,0.0
BERNEX_VAILLY,GENEVE_VIEUSSEUX,t0830,0.0
BERNEX_VAILLY,GENEVE_VILLEREUSE,t0700,0.0
BERNEX_VAILLY,GENEVE_VILLEREUSE,t0730,0.0
BERNEX_VAILLY,GENEVE_VILLEREUSE,t0800,0.0
BERNEX_VAILLY,GENEVE_VILLEREUSE,t0830,0.0
BERNEX_VAILLY,GRAND_LANCY_DE_STAEL,t0700,0.0
BERNEX_VAILLY,GRAND_LANCY_DE_STAEL,t0730,0.0
BERNEX_VAILLY,GRAND_LANCY_DE_STAEL,t0800,0.0
BERNEX_VAILLY,GRAND_LANCY_DE_STAEL,t0830,0.0
BERNEX_VAILLY,GRAND_LANCY_PALETTES,t0700,0.0
BERNEX_VAILLY,GRAND_LANCY_PALETTES,t0730,0.0
BERNEX_VAILLY,GRAND_LANCY_PALETTES,t0800,0.0
BERNEX_VAILLY,GRAND_LANCY_PALETTES,t0830,0.0
BERNEX_VAILLY,GRAND_LANCY_PONTETS,t0700,0.0
BERNEX_VAILLY,GRAND_LANCY_PONTETS,t0730,0.0
BERNEX_VAILLY,GRAND_LANCY_PONTETS,t0800,0.0
BERNEX_VAILLY,GRAND_LANCY_PONTETS,t0830,0.0
BERNEX_VAILLY,LANCY_BACHET_GARE,t0700,0.0
BERNEX_VAILLY,LANCY_BACHET_GARE,t0730,0.0
BERNEX_VAILLY,LANCY_BACHET_GARE,t0800,0.0
BERNEX_VAILLY,LANCY_BACHET_GARE,t0830,0.0
BERNEX_VAILLY,MEYRIN_BOIS_DU_LAN,t0700,0.0
BERNEX_VAILLY,MEYRIN_BOIS_DU_LAN,t0730,0.0
BERNEX_VAILLY,MEYRIN_BOIS_DU_LAN,t0800,0.0
BERNEX_VAILLY,MEYRIN_BOIS_DU_LAN,t0830,0.0
BERNEX_VAILLY,MEYRIN_CERN,t0700,0.0
BERNEX_VAILLY,MEYRIN_CERN,t0730,0.0
BERNEX_VAILLY,MEYRIN_CERN,t0800,0.0
BERNEX_VAILLY,MEYRIN_CERN,t0830,0.0
BERNEX_VAILLY,MEYRIN_FORUMEYRIN,t0700,0.0
BERNEX_VAILLY,MEYRIN_FORUMEYRIN,t0730,0.0
BERNEX_VAILLY,MEYRIN_FORUMEYRIN,t0800,0.0
BERNEX_VAILLY,MEYRIN_FORUMEYRIN,t0830,0.0
BERNEX_VAILLY,MEYRIN_GRAVIERE,t0700,14.118
BERNEX_VAILLY,MEYRIN_GRAVIERE,t0730,58.824
BERNEX_VAILLY,MEYRIN_GRAVIERE,t0800,48.235
BERNEX_VAILLY,MEYRIN_GRAVIERE,t0830,15.294
BERNEX_VAILLY,MEYRIN_HOPITAL_DE_LA_TOUR,t0700,0.0
BERNEX_VAILLY,MEYRIN_HOPITAL_DE_LA_TOUR,t0730,0.0
BERNEX_VAILLY,MEYRIN_HOPITAL_DE_LA_TOUR,t0800,0.0
BERNEX_VAILLY,MEYRIN_HOPITAL_DE_LA_TOUR,t0830,0.0
BERNEX_VAILLY,MEYRIN_JARDIN_ALPIN_VIVARIUM,t0700,0.0
BERNEX_VAILLY,MEYRIN_JARDIN_ALPIN_VIVARIUM,t0730,0.0
BERNEX_VAILLY,MEYRIN_JARDIN_ALPIN_VIVARIUM,t0800,0.0
BERNEX_VAILLY,MEYRIN_JARDIN_ALPIN_VIVARIUM,t0830,0.0
BERNEX_VAILLY,MEYRIN_MAISONNEX,t0700,0.0
BERNEX_VAILLY,MEYRIN_MAISONNEX,t0730,0.0
BERNEX_VAILLY,MEYRIN_MAISONNEX,t0800,0.0
BERNEX_VAILLY,MEYRIN_MAISONNEX,t0830,0.0
BERNEX_VAILLY,MEYRIN_VAUDAGNE,t0700,0.0
BERNEX_VAILLY,MEYRIN_VAUDAGNE,t0730,0.0
BERNEX_VAILLY,MEYRIN_VAUDAGNE,t0800,0.0
BERNEX_VAILLY,MEYRIN_VAUDAGNE,t0830,0.0
BERNEX_VAILLY,MEYRIN_VILLAGE,t0700,0.0
BERNEX_VAILLY,MEYRIN_VILLAGE,t0730,0.0
BERNEX_VAILLY,MEYRIN_VILLAGE,t0800,0.0
BERNEX_VAILLY,MEYRIN_VILLAGE,t0830,0.0
BERNEX_VAILLY,ONEX_BANDOL,t0700,0.0
BERNEX_VAILLY,ONEX_BANDOL,t0730,0.0
BERNEX_VAILLY,ONEX_BANDOL,t0800,0.0
BERNEX_VAILLY,ONEX_BANDOL,t0830,0.0
BERNEX_VAILLY,ONEX_SALLE_COMMUNALE,t0700,0.0
BERNEX_VAILLY,ONEX_SALLE_COMMUNALE,t0730,0.0
BERNEX_VAILLY,ONEX_SALLE_COMMUNALE,t0800,0.0
BERNEX_VAILLY,ONEX_SALLE_COMMUNALE,t0830,0.0
BERNEX_VAILLY,PETIT_LANCY_LES_ESSERTS,t0700,0.0
BERNEX_VAILLY,PETIT_LANCY_LES_ESSERTS,t0730,0.0
BERNEX_VAILLY,PETIT_LANCY_LES_ESSERTS,t0800,0.0
BERNEX_VAILLY,PETIT_LANCY_LES_ESSERTS,t0830,0.0
BERNEX_VAILLY,PETIT_LANCY_PLACE,t0700,0.0
BERNEX_VAILLY,PETIT_LANCY_PLACE,t0730,0.0
BERNEX_VAILLY,PETIT_LANCY_PLACE,t0800,0.0
BERNEX_VAILLY,PETIT_LANCY_PLACE,t0830,0.0
BERNEX_VAILLY,PETIT_LANCY_QUIDORT,t0700,0.0
BERNEX_VAILLY,PETIT_LANCY_QUIDORT,t0730,0.0
BERNEX_VAILLY,PETIT_LANCY_QUIDORT,t0800,0.0
BERNEX_VAILLY,PETIT_LANCY_QUIDORT,t0830,0.0
BERNEX_VAILLY,PLAN_LES_OUATES_TREFLE_BLANC,t0700,0.0
BERNEX_VAILLY,PLAN_LES_OUATES_TREFLE_BLANC,t0730,0.0
BERNEX_VAILLY,PLAN_LES_OUATES_TREFLE_BLANC,t0800,0.0
BERNEX_VAILLY,PLAN_LES_OUATES_TREFLE_BLANC,t0830,0.0
BERNEX_VAILLY,THONEX_GRAVESON,t0700,0.0
BERNEX_VAILLY,THONEX_GRAVESON,t0730,0.0
BERNEX_VAILLY,THONEX_GRAVESON,t0800,0.0
BERNEX_VAILLY,THONEX_GRAVESON,t0830,0.0
BERNEX_VAILLY,THONEX_MOILLESULAZ,t0700,0.0
BERNEX_VAILLY,THONEX_MOILLESULAZ,t0730,0.0
BERNEX_VAILLY,THONEX_MOILLESULAZ,t0800,0.0
BERNEX_VAILLY,THONEX_MOILLESULAZ,t0830,0.0
BERNEX_VAILLY,VERNIER_AVANCHETS_ETANG,t0700,0.0
BERNEX_VAILLY,VERNIER_AVANCHETS_ETANG,t0730,0.0
BERNEX_VAILLY,VERNIER_AVANCHETS_ETANG,t0800,0.0
BERNEX_VAILLY,VERNIER_AVANCHETS_ETANG,t0830,0.0
BERNEX_VAILLY,VERNIER_BALEXERT,t0700,0.0
BERNEX_VAILLY,VERNIER_BALEXERT,t0730,0.0
BERNEX_VAILLY,VERNIER_BALEXERT,t0800,0.0
BERNEX_VAILLY,VERNIER_BALEXERT,t0830,0.0
BERNEX_VAILLY,VERNIER_BLANDONNET,t0700,0.0
BERNEX_VAILLY,VERNIER_BLANDONNET,t0730,0.0
BERNEX_VAILLY,VERNIER_BLANDONNET,t0800,0.0
BERNEX_VAILLY,VERNIER_BLANDONNET,t0830,0.0
BERNEX_VAILLY,VERNIER_BOUCHET,t0700,0.0
BERNEX_VAILLY,VERNIER_BOUCHET,t0730,0.0
BERNEX_VAILLY,VERNIER_BOUCHET,t0800,0.0
BERNEX_VAILLY,VERNIER_BOUCHET,t0830,0.0
CAROUGE_GE_ANCIENNE,BERNEX_HAINARD,t0700,0.0
CAROUGE_GE_ANCIENNE,BERNEX_HAINARD,t0730,0.0
CAROUGE_GE_ANCIENNE,BERNEX_HAINARD,t0800,0.0
CAROUGE_GE_ANCIENNE,BERNEX_HAINARD,t0830,0.0
CAROUGE_GE_ANCIENNE,BERNEX_LUCHEPELET,t0700,0.0
CAROUGE_GE_ANCIENNE,BERNEX_LUCHEPELET,t0730,0.0
CAROUGE_GE_ANCIENNE,BERNEX_LUCHEPELET,t0800,0.0
CAROUGE_GE_ANCIENNE,BERNEX_LUCHEPELET,t0830,0.0
CAROUGE_GE_ANCIENNE,BERNEX_PRE_MARAIS,t0700,0.0
CAROUGE_GE_ANCIENNE,BERNEX_PRE_MARAIS,t0730,0.0
CAROUGE_GE_ANCIENNE,BERNEX_PRE_MARAIS,t0800,0.0
CAROUGE_GE_ANCIENNE,BERNEX_PRE_MARAIS,t0830,0.0
CAROUGE_GE_ANCIENNE,BERNEX_P_R,t0700,0.0
CAROUGE_GE_ANCIENNE,BERNEX_P_R,t0730,0.0
CAROUGE_GE_ANCIENNE,BERNEX_P_R,t0800,0.0
CAROUGE_GE_ANCIENNE,BERNEX_P_R,t0830,0.0
CAROUGE_GE_ANCIENNE,BERNEX_VAILLY,t0700,0.0
CAROUGE_GE_ANCIENNE,BERNEX_VAILLY,t0730,0.0
CAROUGE_GE_ANCIENNE,BERNEX_VAILLY,t0800,0.0
CAROUGE_GE_ANCIENNE,BERNEX_VAILLY,t0830,0.0
CAROUGE_GE_ANCIENNE,CAROUGE_GE_ARMES,t0700,0.0
CAROUGE_GE_ANCIENNE,CAROUGE_GE_ARMES,t0730,0.0
CAROUGE_GE_ANCIENNE,CAROUGE_GE_ARMES,t0800,0.0
CAROUGE_GE_ANCIENNE,CAROUGE_GE_ARMES,t0830,0.0
CAROUGE_GE_ANCIENNE,CAROUGE_GE_MARCHE,t0700,0.0
CAROUGE_GE_ANCIENNE,CAROUGE_GE_MARCHE,t0730,0.0
CAROUGE_GE_ANCIENNE,CAROUGE_GE_MARCHE,t0800,0.0
CAROUGE_GE_ANCIENNE,CAROUGE_GE_MARCHE,t0830,0.0
CAROUGE_GE_ANCIENNE,CAROUGE_GE_RONDEAU,t0700,0.0
CAROUGE_GE_ANCIENNE,CAROUGE_GE_RONDEAU,t0730,0.0
CAROUGE_GE_ANCIENNE,CAROUGE_GE_RONDEAU,t0800,0.0
CAROUGE_GE_ANCIENNE,CAROUGE_GE_RONDEAU,t0830,0.0
CAROUGE_GE_ANCIENNE,CHENE_BOUGERIES_GRANGETTES,t0700,0.0
CAROUGE_GE_ANCIENNE,CHENE_BOUGERIES_GRANGETTES,t0730,0.0
CAROUGE_GE_ANCIENNE,CHENE_BOUGERIES_GRANGETTES,t0800,0.0
CAROUGE_GE_ANCIENNE,CHENE_BOUGERIES_GRANGETTES,t0830,0.0
CAROUGE_GE_ANCIENNE,CHENE_BOUGERIES_GRANGE_CANAL,t0700,0.0
CAROUGE_GE_ANCIENNE,CHENE_BOUGERIES_GRANGE_CANAL,t0730,0.0
CAROUGE_GE_ANCIENNE,CHENE_BOUGERIES_GRANGE_CANAL,t0800,0.0
CAROUGE_GE_ANCIENNE,CHENE_BOUGERIES_GRANGE_CANAL,t0830,0.0
CAROUGE_GE_ANCIENNE,CHENE_BOUGERIES_GRANGE_FALQUET,t0700,0.0
CAROUGE_GE_ANCIENNE,CHENE_BOUGERIES_GRANGE_FALQUET,t0730,0.0
CAROUGE_GE_ANCIENNE,CHENE_BOUGERIES_GRANGE_FALQUET,t0800,0.0
CAROUGE_GE_ANCIENNE,CHENE_BOUGERIES_GRANGE_FALQUET,t0830,0.0
CAROUGE_GE_ANCIENNE,CHENE_BOURG_PEILLONNEX,t0700,0.0
CAROUGE_GE_ANCIENNE,CHENE_BOURG_PEILLONNEX,t0730,0.0
CAROUGE_GE_ANCIENNE,CHENE_BOURG_PEILLONNEX,t0800,0.0
CAROUGE_GE_ANCIENNE,CHENE_BOURG_PEILLONNEX,t0830,0.0
CAROUGE_GE_ANCIENNE,CHENE_BOURG_PLACE_FAVRE,t0700,0.0
CAROUGE_GE_ANCIENNE,CHENE_BOURG_PLACE_FAVRE,t0730,0.0
CAROUGE_GE_ANCIENNE,CHENE_BOURG_PLACE_FAVRE,t0800,0.0
CAROUGE_GE_ANCIENNE,CHENE_BOURG_PLACE_FAVRE,t0830,0.0
CAROUGE_GE_ANCIENNE,CONFIGNON_CROISEE,t0700,0.0
CAROUGE_GE_ANCIENNE,CONFIGNON_CROISEE,t0730,0.0
CAROUGE_GE_ANCIENNE,CONFIGNON_CROISEE,t0800,0.0
CAROUGE_GE_ANCIENNE,CONFIGNON_CROISEE,t0830,0.0
CAROUGE_GE_ANCIENNE,CONFIGNON_LA_DODE,t0700,0.0
CAROUGE_GE_ANCIENNE,CONFIGNON_LA_DODE,t0730,0.0
CAROUGE_GE_ANCIENNE,CONFIGNON_LA_DODE,t0800,0.0
CAROUGE_GE_ANCIENNE,CONFIGNON_LA_DODE,t0830,0.0
CAROUGE_GE_ANCIENNE,GENEVE_AMANDOLIER,t0700,0.0
CAROUGE_GE_ANCIENNE,GENEVE_AMANDOLIER,t0730,0.0
CAROUGE_GE_ANCIENNE,GENEVE_AMANDOLIER,t0800,0.0
CAROUGE_GE_ANCIENNE,GENEVE_AMANDOLIER,t0830,0.0
CAROUGE_GE_ANCIENNE,GENEVE_AUGUSTINS,t0700,0.0
CAROUGE_GE_ANCIENNE,GENEVE_AUGUSTINS,t0730,0.0
CAROUGE_GE_ANCIENNE,GENEVE_AUGUSTINS,t0800,0.0
CAROUGE_GE_ANCIENNE,GENEVE_AUGUSTINS,t0830,0.0
CAROUGE_GE_ANCIENNE,GENEVE_BEL_AIR,t0700,0.0
CAROUGE_GE_ANCIENNE,GENEVE_BEL_AIR,t0730,0.0
CAROUGE_GE_ANCIENNE,GENEVE_BEL_AIR,t0800,0.0
CAROUGE_GE_ANCIENNE,GENEVE_BEL_AIR,t0830,0.0
CAROUGE_GE_ANCIENNE,GENEVE_BLANCHE,t0700,0.0
CAROUGE_GE_ANCIENNE,GENEVE_BLANCHE,t0730,0.0
CAROUGE_GE_ANCIENNE,GENEVE_BLANCHE,t0800,0.0
CAROUGE_GE_ANCIENNE,GENEVE_BLANCHE,t0830,0.0
CAROUGE_GE_ANCIENNE,GENEVE_COUTANCE,t0700,0.0
CAROUGE_GE_ANCIENNE,GENEVE_COUTANCE,t0730,0.0
CAROUGE_GE_ANCIENNE,GENEVE_COUTANCE,t0800,0.0
CAROUGE_GE_ANCIENNE,GENEVE_COUTANCE,t0830,0.0
CAROUGE_GE_ANCIENNE,GENEVE_EAUX_VIVES_GARE,t0700,0.0
CAROUGE_GE_ANCIENNE,GENEVE_EAUX_VIVES_GARE,t0730,0.0
CAROUGE_GE_ANCIENNE,GENEVE_EAUX_VIVES_GARE,t0800,0.0
CAROUGE_GE_ANCIENNE,GENEVE_EAUX_VIVES_GARE,t0830,0.0
CAROUGE_GE_ANCIENNE,GENEVE_GARE_CORNAVIN,t0700,0.0
CAROUGE_GE_ANCIENNE,GENEVE_GARE_CORNAVIN,t0730,0.0
CAROUGE_GE_ANCIENNE,GENEVE_GARE_CORNAVIN,t0800,0.0
CAROUGE_GE_ANCIENNE,GENEVE_GARE_CORNAVIN,t0830,0.0
CAROUGE_GE_ANCIENNE,GENEVE_JONCTION,t0700,0.0
CAROUGE_GE_ANCIENNE,GENEVE_JONCTION,t0730,0.0
CAROUGE_GE_ANCIENNE,GENEVE_JONCTION,t0800,0.0
CAROUGE_GE_ANCIENNE,GENEVE_JONCTION,t0830,0.0
CAROUGE_GE_ANCIENNE,GENEVE_LYON,t0700,0.0
CAROUGE_GE_ANCIENNE,GENEVE_LYON,t0730,0.0
CAROUGE_GE_ANCIENNE,GENEVE_LYON,t0800,0.0
CAROUGE_GE_ANCIENNE,GENEVE_LYON,t0830,0.0
CAROUGE_GE_ANCIENNE,GENEVE_MOLARD,t0700,0.0
CAROUGE_GE_ANCIENNE,GENEVE_MOLARD,t0730,0.0
CAROUGE_GE_ANCIENNE,GENEVE_MOLARD,t0800,0.0
CAROUGE_GE_ANCIENNE,GENEVE_MOLARD,t0830,0.0
CAROUGE_GE_ANCIENNE,GENEVE_PALLADIUM,t0700,0.0
CAROUGE_GE_ANCIENNE,GENEVE_PALLADIUM,t0730,0.0
CAROUGE_GE_ANCIENNE,GENEVE_PALLADIUM,t0800,0.0
CAROUGE_GE_ANCIENNE,GENEVE_PALLADIUM,t0830,0.0
CAROUGE_GE_ANCIENNE,GENEVE_PLACE_DE_NEUVE,t0700,0.0
CAROUGE_GE_ANCIENNE,GENEVE_PLACE_DE_NEUVE,t0730,0.0
CAROUGE_GE_ANCIENNE,GENEVE_PLACE_DE_NEUVE,t0800,0.0
CAROUGE_GE_ANCIENNE,GENEVE_PLACE_DE_NEUVE,t0830,0.0
CAROUGE_GE_ANCIENNE,GENEVE_PLAINPALAIS,t0700,0.0
CAROUGE_GE_ANCIENNE,GENEVE_PLAINPALAIS,t0730,0.0
CAROUGE_GE_ANCIENNE,GENEVE_PLAINPALAIS,t0800,0.0
CAROUGE_GE_ANCIENNE,GENEVE_PLAINPALAIS,t0830,0.0
CAROUGE_GE_ANCIENNE,GENEVE_PONT_D_ARVE,t0700,0.0
CAROUGE_GE_ANCIENNE,GENEVE_PONT_D_ARVE,t0730,0.0
CAROUGE_GE_ANCIENNE,GENEVE_PONT_D_ARVE,t0800,0.0
CAROUGE_GE_ANCIENNE,GENEVE_PONT_D_ARVE,t0830,0.0
CAROUGE_GE_ANCIENNE,GENEVE_POTERIE,t0700,0.0
CAROUGE_GE_ANCIENNE,GENEVE_POTERIE,t0730,0.0
CAROUGE_GE_ANCIENNE,GENEVE_POTERIE,t0800,0.0
CAROUGE_GE_ANCIENNE,GENEVE_POTERIE,t0830,0.0
CAROUGE_GE_ANCIENNE,GENEVE_RIVE,t0700,0.0
CAROUGE_GE_ANCIENNE,GENEVE_RIVE,t0730,0.0
CAROUGE_GE_ANCIENNE,GENEVE_RIVE,t0800,0.0
CAROUGE_GE_ANCIENNE,GENEVE_RIVE,t0830,0.0
CAROUGE_GE_ANCIENNE,GENEVE_SERVETTE,t0700,0.0
CAROUGE_GE_ANCIENNE,GENEVE_SERVETTE,t0730,0.0
CAROUGE_GE_ANCIENNE,GENEVE_SERVETTE,t0800,0.0
CAROUGE_GE_ANCIENNE,GENEVE_SERVETTE,t0830,0.0
CAROUGE_GE_ANCIENNE,GENEVE_STAND,t0700,0.0
CAROUGE_GE_ANCIENNE,GENEVE_STAND,t0730,0.0
CAROUGE_GE_ANCIENNE,GENEVE_STAND,t0800,0.0
CAROUGE_GE_ANCIENNE,GENEVE_STAND,t0830,0.0
CAROUGE_GE_ANCIENNE,GENEVE_TERRASSIERE,t0700,0.0
CAROUGE_GE_ANCIENNE,GENEVE_TERRASSIERE,t0730,0.0
CAROUGE_GE_ANCIENNE,GENEVE_TERRASSIERE,t0800,0.0
CAROUGE_GE_ANCIENNE,GENEVE_TERRASSIERE,t0830,0.0
CAROUGE_GE_ANCIENNE,GENEVE_VIEUSSEUX,t0700,0.0
CAROUGE_GE_ANCIENNE,GENEVE_VIEUSSEUX,t0730,0.0
CAROUGE_GE_ANCIENNE,GENEVE_VIEUSSEUX,t0800,0.0
CAROUGE_GE_ANCIENNE,GENEVE_VIEUSSEUX,t0830,0.0
CAROUGE_GE_ANCIENNE,GENEVE_VILLEREUSE,t0700,0.0
CAROUGE_GE_ANCIENNE,GENEVE_VILLEREUSE,t0730,0.0
CAROUGE_GE_ANCIENNE,GENEVE_VILLEREUSE,t0800,0.0
CAROUGE_GE_ANCIENNE,GENEVE_VILLEREUSE,t0830,0.0
CAROUGE_GE_ANCIENNE,GRAND_LANCY_DE_STAEL,t0700,0.0
CAROUGE_GE_ANCIENNE,GRAND_LANCY_DE_STAEL,t0730,0.0
CAROUGE_GE_ANCIENNE,GRAND_LANCY_DE_STAEL,t0800,0.0
CAROUGE_GE_ANCIENNE,GRAND_LANCY_DE_STAEL,t0830,0.0
CAROUGE_GE_ANCIENNE,GRAND_LANCY_PALETTES,t0700,0.0
CAROUGE_GE_ANCIENNE,GRAND_LANCY_PALETTES,t0730,0.0
CAROUGE_GE_ANCIENNE,GRAND_LANCY_PALETTES,t0800,0.0
CAROUGE_GE_ANCIENNE,GRAND_LANCY_PALETTES,t0830,0.0
CAROUGE_GE_ANCIENNE,GRAND_LANCY_PONTETS,t0700,0.0
CAROUGE_GE_ANCIENNE,GRAND_LANCY_PONTETS,t0730,0.0
CAROUGE_GE_ANCIENNE,GRAND_LANCY_PONTETS,t0800,0.0
CAROUGE_GE_ANCIENNE,GRAND_LANCY_PONTETS,t0830,0.0
CAROUGE_GE_ANCIENNE,LANCY_BACHET_GARE,t0700,0.0
CAROUGE_GE_ANCIENNE,LANCY_BACHET_GARE,t0730,0.0
CAROUGE_GE_ANCIENNE,LANCY_BACHET_GARE,t0800,0.0
CAROUGE_GE_ANCIENNE,LANCY_BACHET_GARE,t0830,0.0
CAROUGE_GE_ANCIENNE,MEYRIN_BOIS_DU_LAN,t0700,0.0
CAROUGE_GE_ANCIENNE,MEYRIN_BOIS_DU_LAN,t0730,0.0
CAROUGE_GE_ANCIENNE,MEYRIN_BOIS_DU_LAN,t0800,0.0
CAROUGE_GE_ANCIENNE,MEYRIN_BOIS_DU_LAN,t0830,0.0
CAROUGE_GE_ANCIENNE,MEYRIN_CERN,t0700,0.0
CAROUGE_GE_ANCIENNE,MEYRIN_CERN,t0730,0.0
CAROUGE_GE_ANCIENNE,MEYRIN_CERN,t0800,0.0
CAROUGE_GE_ANCIENNE,MEYRIN_CERN,t0830,0.0
CAROUGE_GE_ANCIENNE,MEYRIN_FORUMEYRIN,t0700,0.0
CAROUGE_GE_ANCIENNE,MEYRIN_FORUMEYRIN,t0730,0.0
CAROUGE_GE_ANCIENNE,MEYRIN_FORUMEYRIN,t0800,0.0
CAROUGE_GE_ANCIENNE,MEYRIN_FORUMEYRIN,t0830,0.0
CAROUGE_GE_ANCIENNE,MEYRIN_GRAVIERE,t0700,0.0
CAROUGE_GE_ANCIENNE,MEYRIN_GRAVIERE,t0730,0.0
CAROUGE_GE_ANCIENNE,MEYRIN_GRAVIERE,t0800,0.0
CAROUGE_GE_ANCIENNE,MEYRIN_GRAVIERE,t0830,0.0
CAROUGE_GE_ANCIENNE,MEYRIN_HOPITAL_DE_LA_TOUR,t0700,0.0
CAROUGE_GE_ANCIENNE,MEYRIN_HOPITAL_DE_LA_TOUR,t0730,0.0
CAROUGE_GE_ANCIENNE,MEYRIN_HOPITAL_DE_LA_TOUR,t0800,0.0
CAROUGE_GE_ANCIENNE,MEYRIN_HOPITAL_DE_LA_TOUR,t0830,0.0
CAROUGE_GE_ANCIENNE,MEYRIN_JARDIN_ALPIN_VIVARIUM,t0700,0.0
CAROUGE_GE_ANCIENNE,MEYRIN_JARDIN_ALPIN_VIVARIUM,t0730,0.0
CAROUGE_GE_ANCIENNE,MEYRIN_JARDIN_ALPIN_VIVARIUM,t0800,0.0
CAROUGE_GE_ANCIENNE,MEYRIN_JARDIN_ALPIN_VIVARIUM,t0830,0.0
CAROUGE_GE_ANCIENNE,MEYRIN_MAISONNEX,t0700,0.0
CAROUGE_GE_ANCIENNE,MEYRIN_MAISONNEX,t0730,0.0
CAROUGE_GE_ANCIENNE,MEYRIN_MAISONNEX,t0800,0.0
CAROUGE_GE_ANCIENNE,MEYRIN_MAISONNEX,t0830,0.0
CAROUGE_GE_ANCIENNE,MEYRIN_VAUDAGNE,t0700,0.0
CAROUGE_GE_ANCIENNE,MEYRIN_VAUDAGNE,t0730,0.0
CAROUGE_GE_ANCIENNE,MEYRIN_VAUDAGNE,t0800,0.0
CAROUGE_GE_ANCIENNE,MEYRIN_VAUDAGNE,t0830,0.0
CAROUGE_GE_ANCIENNE,MEYRIN_VILLAGE,t0700,0.0
CAROUGE_GE_ANCIENNE,MEYRIN_VILLAGE,t0730,0.0
CAROUGE_GE_ANCIENNE,MEYRIN_VILLAGE,t0800,0.0
CAROUGE_GE_ANCIENNE,MEYRIN_VILLAGE,t0830,0.0
CAROUGE_GE_ANCIENNE,ONEX_BANDOL,t0700,0.0
CAROUGE_GE_ANCIENNE,ONEX_BANDOL,t0730,0.0
CAROUGE_GE_ANCIENNE,ONEX_BANDOL,t0800,0.0
CAROUGE_GE_ANCIENNE,ONEX_BANDOL,t0830,0.0
CAROUGE_GE_ANCIENNE,ONEX_SALLE_COMMUNALE,t0700,0.0
CAROUGE_GE_ANCIENNE,ONEX_SALLE_COMMUNALE,t0730,0.0
CAROUGE_GE_ANCIENNE,ONEX_SALLE_COMMUNALE,t0800,0.0
CAROUGE_GE_ANCIENNE,ONEX_SALLE_COMMUNALE,t0830,0.0
CAROUGE_GE_ANCIENNE,PETIT_LANCY_LES_ESSERTS,t0700,0.0
CAROUGE_GE_ANCIENNE,PETIT_LANCY_LES_ESSERTS,t0730,0.0
CAROUGE_GE_ANCIENNE,PETIT_LANCY_LES_ESSERTS,t0800,0.0
CAROUGE_GE_ANCIENNE,PETIT_LANCY_LES_ESSERTS,t0830,0.0
CAROUGE_GE_ANCIENNE,PETIT_LANCY_PLACE,t0700,0.0
CAROUGE_GE_ANCIENNE,PETIT_LANCY_PLACE,t0730,0.0
CAROUGE_GE_ANCIENNE,PETIT_LANCY_PLACE,t0800,0.0
CAROUGE_GE_ANCIENNE,PETIT_LANCY_PLACE,t0830,0.0
CAROUGE_GE_ANCIENNE,PETIT_LANCY_QUIDORT,t0700,0.0
CAROUGE_GE_ANCIENNE,PETIT_LANCY_QUIDORT,t0730,0.0
CAROUGE_GE_ANCIENNE,PETIT_LANCY_QUIDORT,t0800,0.0
CAROUGE_GE_ANCIENNE,PETIT_LANCY_QUIDORT,t0830,0.0
CAROUGE_GE_ANCIENNE,PLAN_LES_OUATES_TREFLE_BLANC,t0700,0.0
CAROUGE_GE_ANCIENNE,PLAN_LES_OUATES_TREFLE_BLANC,t0730,0.0
CAROUGE_GE_ANCIENNE,PLAN_LES_OUATES_TREFLE_BLANC,t0800,0.0
CAROUGE_GE_ANCIENNE,PLAN_LES_OUATES_TREFLE_BLANC,t0830,0.0
CAROUGE_GE_ANCIENNE,THONEX_GRAVESON,t0700,0.0
CAROUGE_GE_ANCIENNE,THONEX_GRAVESON,t0730,0.0
CAROUGE_GE_ANCIENNE,THONEX_GRAVESON,t0800,0.0
CAROUGE_GE_ANCIENNE,THONEX_GRAVESON,t0830,0.0
CAROUGE_GE_ANCIENNE,THONEX_MOILLESULAZ,t0700,0.0
CAROUGE_GE_ANCIENNE,THONEX_MOILLESULAZ,t0730,0.0
CAROUGE_GE_ANCIENNE,THONEX_MOILLESULAZ,t0800,0.0
CAROUGE_GE_ANCIENNE,THONEX_MOILLESULAZ,t0830,0.0
CAROUGE_GE_ANCIENNE,VERNIER_AVANCHETS_ETANG,t0700,0.0
CAROUGE_GE_ANCIENNE,VERNIER_AVANCHETS_ETANG,t0730,0.0
CAROUGE_GE_ANCIENNE,VERNIER_AVANCHETS_ETANG,t0800,0.0
CAROUGE_GE_ANCIENNE,VERNIER_AVANCHETS_ETANG,t0830,0.0
CAROUGE_GE_ANCIENNE,VERNIER_BALEXERT,t0700,0.0
CAROUGE_GE_ANCIENNE,VERNIER_BALEXERT,t0730,0.0
CAROUGE_GE_ANCIENNE,VERNIER_BALEXERT,t0800,0.0
CAROUGE_GE_ANCIENNE,VERNIER_BALEXERT,t0830,0.0
CAROUGE_GE_ANCIENNE,VERNIER_BLANDONNET,t0700,0.0
CAROUGE_GE_ANCIENNE,VERNIER_BLANDONNET,t0730,0.0
CAROUGE_GE_ANCIENNE,VERNIER_BLANDONNET,t0800,0.0
CAROUGE_GE_ANCIENNE,VERNIER_BLANDONNET,t0830,0.0
CAROUGE_GE_ANCIENNE,VERNIER_BOUCHET,t0700,0.0
CAROUGE_GE_ANCIENNE,VERNIER_BOUCHET,t0730,0.0
CAROUGE_GE_ANCIENNE,VERNIER_BOUCHET,t0800,0.0
CAROUGE_GE_ANCIENNE,VERNIER_BOUCHET,t0830,0.0
CAROUGE_GE_ARMES,BERNEX_HAINARD,t0700,0.0
CAROUGE_GE_ARMES,BERNEX_HAINARD,t0730,0.0
CAROUGE_GE_ARMES,BERNEX_HAINARD,t0800,0.0
CAROUGE_GE_ARMES,BERNEX_HAINARD,t0830,0.0
CAROUGE_GE_ARMES,BERNEX_LUCHEPELET,t0700,0.0
CAROUGE_GE_ARMES,BERNEX_LUCHEPELET,t0730,0.0
CAROUGE_GE_ARMES,BERNEX_LUCHEPELET,t0800,0.0
CAROUGE_GE_ARMES,BERNEX_LUCHEPELET,t0830,0.0
CAROUGE_GE_ARMES,BERNEX_PRE_MARAIS,t0700,0.0
CAROUGE_GE_ARMES,BERNEX_PRE_MARAIS,t0730,0.0
CAROUGE_GE_ARMES,BERNEX_PRE_MARAIS,t0800,0.0
CAROUGE_GE_ARMES,BERNEX_PRE_MARAIS,t0830,0.0
CAROUGE_GE_ARMES,BERNEX_P_R,t0700,0.0
CAROUGE_GE_ARMES,BERNEX_P_R,t0730,0.0
CAROUGE_GE_ARMES,BERNEX_P_R,t0800,0.0
CAROUGE_GE_ARMES,BERNEX_P_R,t0830,0.0
CAROUGE_GE_ARMES,BERNEX_VAILLY,t0700,0.0
CAROUGE_GE_ARMES,BERNEX_VAILLY,t0730,0.0
CAROUGE_GE_ARMES,BERNEX_VAILLY,t0800,0.0
CAROUGE_GE_ARMES,BERNEX_VAILLY,t0830,0.0
CAROUGE_GE_ARMES,CAROUGE_GE_ANCIENNE,t0700,0.0
CAROUGE_GE_ARMES,CAROUGE_GE_ANCIENNE,t0730,0.0
CAROUGE_GE_ARMES,CAROUGE_GE_ANCIENNE,t0800,0.0
CAROUGE_GE_ARMES,CAROUGE_GE_ANCIENNE,t0830,0.0
CAROUGE_GE_ARMES,CAROUGE_GE_MARCHE,t0700,0.0
CAROUGE_GE_ARMES,CAROUGE_GE_MARCHE,t0730,0.0
CAROUGE_GE_ARMES,CAROUGE_GE_MARCHE,t0800,0.0
CAROUGE_GE_ARMES,CAROUGE_GE_MARCHE,t0830,0.0
CAROUGE_GE_ARMES,CAROUGE_GE_RONDEAU,t0700,0.0
CAROUGE_GE_ARMES,CAROUGE_GE_RONDEAU,t0730,0.0
CAROUGE_GE_ARMES,CAROUGE_GE_RONDEAU,t0800,0.0
CAROUGE_GE_ARMES,CAROUGE_GE_RONDEAU,t0830,0.0
CAROUGE_GE_ARMES,CHENE_BOUGERIES_GRANGETTES,t0700,0.0
CAROUGE_GE_ARMES,CHENE_BOUGERIES_GRANGETTES,t0730,0.0
CAROUGE_GE_ARMES,CHENE_BOUGERIES_GRANGETTES,t0800,0.0
CAROUGE_GE_ARMES,CHENE_BOUGERIES_GRANGETTES,t0830,0.0
CAROUGE_GE_ARMES,CHENE_BOUGERIES_GRANGE_CANAL,t0700,0.0
CAROUGE_GE_ARMES,CHENE_BOUGERIES_GRANGE_CANAL,t0730,0.0
CAROUGE_GE_ARMES,CHENE_BOUGERIES_GRANGE_CANAL,t0800,0.0
CAROUGE_GE_ARMES,CHENE_BOUGERIES_GRANGE_CANAL,t0830,0.0
CAROUGE_GE_ARMES,CHENE_BOUGERIES_GRANGE_FALQUET,t0700,0.0
CAROUGE_GE_ARMES,CHENE_BOUGERIES_GRANGE_FALQUET,t0730,0.0
CAROUGE_GE_ARMES,CHENE_BOUGERIES_GRANGE_FALQUET,t0800,0.0
CAROUGE_GE_ARMES,CHENE_BOUGERIES_GRANGE_FALQUET,t0830,0.0
CAROUGE_GE_ARMES,CHENE_BOURG_PEILLONNEX,t0700,0.0
CAROUGE_GE_ARMES,CHENE_BOURG_PEILLONNEX,t0730,0.0
CAROUGE_GE_ARMES,CHENE_BOURG_PEILLONNEX,t0800,0.0
CAROUGE_GE_ARMES,CHENE_BOURG_PEILLONNEX,t0830,0.0
CAROUGE_GE_ARMES,CHENE_BOURG_PLACE_FAVRE,t0700,0.0
CAROUGE_GE_ARMES,CHENE_BOURG_PLACE_FAVRE,t0730,0.0
CAROUGE_GE_ARMES,CHENE_BOURG_PLACE_FAVRE,t0800,0.0
CAROUGE_GE_ARMES,CHENE_BOURG_PLACE_FAVRE,t0830,0.0
CAROUGE_GE_ARMES,CONFIGNON_CROISEE,t0700,0.0
CAROUGE_GE_ARMES,CONFIGNON_CROISEE,t0730,0.0
CAROUGE_GE_ARMES,CONFIGNON_CROISEE,t0800,0.0
CAROUGE_GE_ARMES,CONFIGNON_CROISEE,t0830,0.0
CAROUGE_GE_ARMES,CONFIGNON_LA_DODE,t0700,0.0
CAROUGE_GE_ARMES,CONFIGNON_LA_DODE,t0730,0.0
CAROUGE_GE_ARMES,CONFIGNON_LA_DODE,t0800,0.0
CAROUGE_GE_ARMES,CONFIGNON_LA_DODE,t0830,0.0
CAROUGE_GE_ARMES,GENEVE_AMANDOLIER,t0700,0.0
CAROUGE_GE_ARMES,GENEVE_AMANDOLIER,t0730,0.0
CAROUGE_GE_ARMES,GENEVE_AMANDOLIER,t0800,0.0
CAROUGE_GE_ARMES,GENEVE_AMANDOLIER,t0830,0.0
CAROUGE_GE_ARMES,GENEVE_AUGUSTINS,t0700,0.0
CAROUGE_GE_ARMES,GENEVE_AUGUSTINS,t0730,0.0
CAROUGE_GE_ARMES,GENEVE_AUGUSTINS,t0800,0.0
CAROUGE_GE_ARMES,GENEVE_AUGUSTINS,t0830,0.0
CAROUGE_GE_ARMES,GENEVE_BEL_AIR,t0700,0.0
CAROUGE_GE_ARMES,GENEVE_BEL_AIR,t0730,0.0
CAROUGE_GE_ARMES,GENEVE_BEL_AIR,t0800,0.0
CAROUGE_GE_ARMES,GENEVE_BEL_AIR,t0830,0.0
CAROUGE_GE_ARMES,GENEVE_BLANCHE,t0700,0.0
CAROUGE_GE_ARMES,GENEVE_BLANCHE,t0730,0.0
CAROUGE_GE_ARMES,GENEVE_BLANCHE,t0800,0.0
CAROUGE_GE_ARMES,GENEVE_BLANCHE,t0830,0.0
CAROUGE_GE_ARMES,GENEVE_COUTANCE,t0700,0.0
CAROUGE_GE_ARMES,GENEVE_COUTANCE,t0730,0.0
CAROUGE_GE_ARMES,GENEVE_COUTANCE,t0800,0.0
CAROUGE_GE_ARMES,GENEVE_COUTANCE,t0830,0.0
CAROUGE_GE_ARMES,GENEVE_EAUX_VIVES_GARE,t0700,0.0
CAROUGE_GE_ARMES,GENEVE_EAUX_VIVES_GARE,t0730,0.0
CAROUGE_GE_ARMES,GENEVE_EAUX_VIVES_GARE,t0800,0.0
CAROUGE_GE_ARMES,GENEVE_EAUX_VIVES_GARE,t0830,0.0
CAROUGE_GE_ARMES,GENEVE_GARE_CORNAVIN,t0700,0.0
CAROUGE_GE_ARMES,GENEVE_GARE_CORNAVIN,t0730,0.0
CAROUGE_GE_ARMES,GENEVE_GARE_CORNAVIN,t0800,0.0
CAROUGE_GE_ARMES,GENEVE_GARE_CORNAVIN,t0830,0.0
CAROUGE_GE_ARMES,GENEVE_JONCTION,t0700,0.0
CAROUGE_GE_ARMES,GENEVE_JONCTION,t0730,0.0
CAROUGE_GE_ARMES,GENEVE_JONCTION,t0800,0.0
CAROUGE_GE_ARMES,GENEVE_JONCTION,t0830,0.0
CAROUGE_GE_ARMES,GENEVE_LYON,t0700,0.0
CAROUGE_GE_ARMES,GENEVE_LYON,t0730,0.0
CAROUGE_GE_ARMES,GENEVE_LYON,t0800,0.0
CAROUGE_GE_ARMES,GENEVE_LYON,t0830,0.0
CAROUGE_GE_ARMES,GENEVE_MOLARD,t0700,0.0
CAROUGE_GE_ARMES,GENEVE_MOLARD,t0730,0.0
CAROUGE_GE_ARMES,GENEVE_MOLARD,t0800,0.0
CAROUGE_GE_ARMES,GENEVE_MOLARD,t0830,0.0
CAROUGE_GE_ARMES,GENEVE_PALLADIUM,t0700,0.0
CAROUGE_GE_ARMES,GENEVE_PALLADIUM,t0730,0.0
CAROUGE_GE_ARMES,GENEVE_PALLADIUM,t0800,0.0
CAROUGE_GE_ARMES,GENEVE_PALLADIUM,t0830,0.0
CAROUGE_GE_ARMES,GENEVE_PLACE_DE_NEUVE,t0700,0.0
CAROUGE_GE_ARMES,GENEVE_PLACE_DE_NEUVE,t0730,0.0
CAROUGE_GE_ARMES,GENEVE_PLACE_DE_NEUVE,t0800,0.0
CAROUGE_GE_ARMES,GENEVE_PLACE_DE_NEUVE,t0830,0.0
CAROUGE_GE_ARMES,GENEVE_PLAINPALAIS,t0700,0.0
CAROUGE_GE_ARMES,GENEVE_PLAINPALAIS,t0730,0.0
CAROUGE_GE_ARMES,GENEVE_PLAINPALAIS,t0800,0.0
CAROUGE_GE_ARMES,GENEVE_PLAINPALAIS,t0830,0.0
CAROUGE_GE_ARMES,GENEVE_PONT_D_ARVE,t0700,0.0
CAROUGE_GE_ARMES,GENEVE_PONT_D_ARVE,t0730,0.0
CAROUGE_GE_ARMES,GENEVE_PONT_D_ARVE,t0800,0.0
CAROUGE_GE_ARMES,GENEVE_PONT_D_ARVE,t0830,0.0
CAROUGE_GE_ARMES,GENEVE_POTERIE,t0700,0.0
CAROUGE_GE_ARMES,GENEVE_POTERIE,t0730,0.0
CAROUGE_GE_ARMES,GENEVE_POTERIE,t0800,0.0
CAROUGE_GE_ARMES,GENEVE_POTERIE,t0830,0.0
CAROUGE_GE_ARMES,GENEVE_RIVE,t0700,0.0
CAROUGE_GE_ARMES,GENEVE_RIVE,t0730,0.0
CAROUGE_GE_ARMES,GENEVE_RIVE,t0800,0.0
CAROUGE_GE_ARMES,GENEVE_RIVE,t0830,0.0
CAROUGE_GE_ARMES,GENEVE_SERVETTE,t0700,0.0
CAROUGE_GE_ARMES,GENEVE_SERVETTE,t0730,0.0
CAROUGE_GE_ARMES,GENEVE_SERVETTE,t0800,0.0
CAROUGE_GE_ARMES,GENEVE_SERVETTE,t0830,0.0
CAROUGE_GE_ARMES,GENEVE_STAND,t0700,0.0
CAROUGE_GE_ARMES,GENEVE_STAND,t0730,0.0
CAROUGE_GE_ARMES,GENEVE_STAND,t0800,0.0
CAROUGE_GE_ARMES,GENEVE_STAND,t0830,0.0
CAROUGE_GE_ARMES,GENEVE_TERRASSIERE,t0700,0.0
CAROUGE_GE_ARMES,GENEVE_TERRASSIERE,t0730,0.0
CAROUGE_GE_ARMES,GENEVE_TERRASSIERE,t0800,0.0
CAROUGE_GE_ARMES,GENEVE_TERRASSIERE,t0830,0.0
CAROUGE_GE_ARMES,GENEVE_VIEUSSEUX,t0700,0.0
CAROUGE_GE_ARMES,GENEVE_VIEUSSEUX,t0730,0.0
CAROUGE_GE_ARMES,GENEVE_VIEUSSEUX,t0800,0.0
CAROUGE_GE_ARMES,GENEVE_VIEUSSEUX,t0830,0.0
CAROUGE_GE_ARMES,GENEVE_VILLEREUSE,t0700,0.0
CAROUGE_GE_ARMES,GENEVE_VILLEREUSE,t0730,0.0
CAROUGE_GE_ARMES,GENEVE_VILLEREUSE,t0800,0.0
CAROUGE_GE_ARMES,GENEVE_VILLEREUSE,t0830,0.0
CAROUGE_GE_ARMES,GRAND_LANCY_DE_STAEL,t0700,0.0
CAROUGE_GE_ARMES,GRAND_LANCY_DE_STAEL,t0730,0.0
CAROUGE_GE_ARMES,GRAND_LANCY_DE_STAEL,t0800,0.0
CAROUGE_GE_ARMES,GRAND_LANCY_DE_STAEL,t0830,0.0
CAROUGE_GE_ARMES,GRAND_LANCY_PALETTES,t0700,0.0
CAROUGE_GE_ARMES,GRAND_LANCY_PALETTES,t0730,0.0
CAROUGE_GE_ARMES,GRAND_LANCY_PALETTES,t0800,0.0
CAROUGE_GE_ARMES,GRAND_LANCY_PALETTES,t0830,0.0
CAROUGE_GE_ARMES,GRAND_LANCY_PONTETS,t0700,0.0
CAROUGE_GE_ARMES,GRAND_LANCY_PONTETS,t0730,0.0
CAROUGE_GE_ARMES,GRAND_LANCY_PONTETS,t0800,0.0
CAROUGE_GE_ARMES,GRAND_LANCY_PONTETS,t0830,0.0
CAROUGE_GE_ARMES,LANCY_BACHET_GARE,t0700,0.0
CAROUGE_GE_ARMES,LANCY_BACHET_GARE,t0730,0.0
CAROUGE_GE_ARMES,LANCY_BACHET_GARE,t0800,0.0
CAROUGE_GE_ARMES,LANCY_BACHET_GARE,t0830,0.0
CAROUGE_GE_ARMES,MEYRIN_BOIS_DU_LAN,t0700,0.0
CAROUGE_GE_ARMES,MEYRIN_BOIS_DU_LAN,t0730,0.0
CAROUGE_GE_ARMES,MEYRIN_BOIS_DU_LAN,t0800,0.0
CAROUGE_GE_ARMES,MEYRIN_BOIS_DU_LAN,t0830,0.0
CAROUGE_GE_ARMES,MEYRIN_CERN,t0700,0.0
CAROUGE_GE_ARMES,MEYRIN_CERN,t0730,0.0
CAROUGE_GE_ARMES,MEYRIN_CERN,t0800,0.0
CAROUGE_GE_ARMES,MEYRIN_CERN,t0830,0.0
CAROUGE_GE_ARMES,MEYRIN_FORUMEYRIN,t0700,0.0
CAROUGE_GE_ARMES,MEYRIN_FORUMEYRIN,t0730,0.0
CAROUGE_GE_ARMES,MEYRIN_FORUMEYRIN,t0800,0.0
CAROUGE_GE_ARMES,MEYRIN_FORUMEYRIN,t0830,0.0
CAROUGE_GE_ARMES,MEYRIN_GRAVIERE,t0700,0.0
CAROUGE_GE_ARMES,MEYRIN_GRAVIERE,t0730,0.0
CAROUGE_GE_ARMES,MEYRIN_GRAVIERE,t0800,0.0
CAROUGE_GE_ARMES,MEYRIN_GRAVIERE,t0830,0.0
CAROUGE_GE_ARMES,MEYRIN_HOPITAL_DE_LA_TOUR,t0700,0.0
CAROUGE_GE_ARMES,MEYRIN_HOPITAL_DE_LA_TOUR,t0730,0.0
CAROUGE_GE_ARMES,MEYRIN_HOPITAL_DE_LA_TOUR,t0800,0.0
CAROUGE_GE_ARMES,MEYRIN_HOPITAL_DE_LA_TOUR,t0830,0.0
CAROUGE_GE_ARMES,MEYRIN_JARDIN_ALPIN_VIVARIUM,t0700,0.0
CAROUGE_GE_ARMES,MEYRIN_JARDIN_ALPIN_VIVARIUM,t0730,0.0
CAROUGE_GE_ARMES,MEYRIN_JARDIN_ALPIN_VIVARIUM,t0800,0.0
CAROUGE_GE_ARMES,MEYRIN_JARDIN_ALPIN_VIVARIUM,t0830,0.0
CAROUGE_GE_ARMES,MEYRIN_MAISONNEX,t0700,0.0
CAROUGE_GE_ARMES,MEYRIN_MAISONNEX,t0730,0.0
CAROUGE_GE_ARMES,MEYRIN_MAISONNEX,t0800,0.0
CAROUGE_GE_ARMES,MEYRIN_MAISONNEX,t0830,0.0
CAROUGE_GE_ARMES,MEYRIN_VAUDAGNE,t0700,0.0
CAROUGE_GE_ARMES,MEYRIN_VAUDAGNE,t0730,0.0
CAROUGE_GE_ARMES,MEYRIN_VAUDAGNE,t0800,0.0
CAROUGE_GE_ARMES,MEYRIN_VAUDAGNE,t0830,0.0
CAROUGE_GE_ARMES,MEYRIN_VILLAGE,t0700,0.0
CAROUGE_GE_ARMES,MEYRIN_VILLAGE,t0730,0.0
CAROUGE_GE_ARMES,MEYRIN_VILLAGE,t0800,0.0
CAROUGE_GE_ARMES,MEYRIN_VILLAGE,t0830,0.0
CAROUGE_GE_ARMES,ONEX_BANDOL,t0700,0.0
CAROUGE_GE_ARMES,ONEX_BANDOL,t0730,0.0
CAROUGE_GE_ARMES,ONEX_BANDOL,t0800,0.0
CAROUGE_GE_ARMES,ONEX_BANDOL,t0830,0.0
CAROUGE_GE_ARMES,ONEX_SALLE_COMMUNALE,t0700,0.0
CAROUGE_GE_ARMES,ONEX_SALLE_COMMUNALE,t0730,0.0
CAROUGE_GE_ARMES,ONEX_SALLE_COMMUNALE,t0800,0.0
CAROUGE_GE_ARMES,ONEX_SALLE_COMMUNALE,t0830,0.0
CAROUGE_GE_ARMES,PETIT_LANCY_LES_ESSERTS,t0700,0.0
CAROUGE_GE_ARMES,PETIT_LANCY_LES_ESSERTS,t0730,0.0
CAROUGE_GE_ARMES,PETIT_LANCY_LES_ESSERTS,t0800,0.0
CAROUGE_GE_ARMES,PETIT_LANCY_LES_ESSERTS,t0830,0.0
CAROUGE_GE_ARMES,PETIT_LANCY_PLACE,t0700,0.0
CAROUGE_GE_ARMES,PETIT_LANCY_PLACE,t0730,0.0
CAROUGE_GE_ARMES,PETIT_LANCY_PLACE,t0800,0.0
CAROUGE_GE_ARMES,PETIT_LANCY_PLACE,t0830,0.0
CAROUGE_GE_ARMES,PETIT_LANCY_QUIDORT,t0700,0.0
CAROUGE_GE_ARMES,PETIT_LANCY_QUIDORT,t0730,0.0
CAROUGE_GE_ARMES,PETIT_LANCY_QUIDORT,t0800,0.0
CAROUGE_GE_ARMES,PETIT_LANCY_QUIDORT,t0830,0.0
CAROUGE_GE_ARMES,PLAN_LES_OUATES_TREFLE_BLANC,t0700,0.0
CAROUGE_GE_ARMES,PLAN_LES_OUATES_TREFLE_BLANC,t0730,0.0
CAROUGE_GE_ARMES,PLAN_LES_OUATES_TREFLE_BLANC,t0800,0.0
CAROUGE_GE_ARMES,PLAN_LES_OUATES_TREFLE_BLANC,t0830,0.0
CAROUGE_GE_ARMES,THONEX_GRAVESON,t0700,0.0
CAROUGE_GE_ARMES,THONEX_GRAVESON,t0730,0.0
CAROUGE_GE_ARMES,THONEX_GRAVESON,t0800,0.0
CAROUGE_GE_ARMES,THONEX_GRAVESON,t0830,0.0
CAROUGE_GE_ARMES,THONEX_MOILLESULAZ,t0700,0.0
CAROUGE_GE_ARMES,THONEX_MOILLESULAZ,t0730,0.0
CAROUGE_GE_ARMES,THONEX_MOILLESULAZ,t0800,0.0
CAROUGE_GE_ARMES,THONEX_MOILLESULAZ,t0830,0.0
CAROUGE_GE_ARMES,VERNIER_AVANCHETS_ETANG,t0700,0.0
CAROUGE_GE_ARMES,VERNIER_AVANCHETS_ETANG,t0730,0.0
CAROUGE_GE_ARMES,VERNIER_AVANCHETS_ETANG,t0800,0.0
CAROUGE_GE_ARMES,VERNIER_AVANCHETS_ETANG,t0830,0.0
CAROUGE_GE_ARMES,VERNIER_BALEXERT,t0700,0.0
CAROUGE_GE_ARMES,VERNIER_BALEXERT,t0730,0.0
CAROUGE_GE_ARMES,VERNIER_BALEXERT,t0800,0.0
CAROUGE_GE_ARMES,VERNIER_BALEXERT,t0830,0.0
CAROUGE_GE_ARMES,VERNIER_BLANDONNET,t0700,0.0
CAROUGE_GE_ARMES,VERNIER_BLANDONNET,t0730,0.0
CAROUGE_GE_ARMES,VERNIER_BLANDONNET,t0800,0.0
CAROUGE_GE_ARMES,VERNIER_BLANDONNET,t0830,0.0
CAROUGE_GE_ARMES,VERNIER_BOUCHET,t0700,0.0
CAROUGE_GE_ARMES,VERNIER_BOUCHET,t0730,0.0
CAROUGE_GE_ARMES,VERNIER_BOUCHET,t0800,0.0
CAROUGE_GE_ARMES,VERNIER_BOUCHET,t0830,0.0
CAROUGE_GE_MARCHE,BERNEX_HAINARD,t0700,0.0
CAROUGE_GE_MARCHE,BERNEX_HAINARD,t0730,0.0
CAROUGE_GE_MARCHE,BERNEX_HAINARD,t0800,0.0
CAROUGE_GE_MARCHE,BERNEX_HAINARD,t0830,0.0
CAROUGE_GE_MARCHE,BERNEX_LUCHEPELET,t0700,0.0
CAROUGE_GE_MARCHE,BERNEX_LUCHEPELET,t0730,0.0
CAROUGE_GE_MARCHE,BERNEX_LUCHEPELET,t0800,0.0
CAROUGE_GE_MARCHE,BERNEX_LUCHEPELET,t0830,0.0
CAROUGE_GE_MARCHE,BERNEX_PRE_MARAIS,t0700,0.0
CAROUGE_GE_MARCHE,BERNEX_PRE_MARAIS,t0730,0.0
CAROUGE_GE_MARCHE,BERNEX_PRE_MARAIS,t0800,0.0
CAROUGE_GE_MARCHE,BERNEX_PRE_MARAIS,t0830,0.0
CAROUGE_GE_MARCHE,BERNEX_P_R,t0700,0.0
CAROUGE_GE_MARCHE,BERNEX_P_R,t0730,0.0
CAROUGE_GE_MARCHE,BERNEX_P_R,t0800,0.0
CAROUGE_GE_MARCHE,BERNEX_P_R,t0830,0.0
CAROUGE_GE_MARCHE,BERNEX_VAILLY,t0700,0.0
CAROUGE_GE_MARCHE,BERNEX_VAILLY,t0730,0.0
CAROUGE_GE_MARCHE,BERNEX_VAILLY,t0800,0.0
CAROUGE_GE_MARCHE,BERNEX_VAILLY,t0830,0.0
CAROUGE_GE_MARCHE,CAROUGE_GE_ANCIENNE,t0700,0.0
CAROUGE_GE_MARCHE,CAROUGE_GE_ANCIENNE,t0730,0.0
CAROUGE_GE_MARCHE,CAROUGE_GE_ANCIENNE,t0800,0.0
CAROUGE_GE_MARCHE,CAROUGE_GE_ANCIENNE,t0830,0.0
CAROUGE_GE_MARCHE,CAROUGE_GE_ARMES,t0700,0.0
CAROUGE_GE_MARCHE,CAROUGE_GE_ARMES,t0730,0.0
CAROUGE_GE_MARCHE,CAROUGE_GE_ARMES,t0800,0.0
CAROUGE_GE_MARCHE,CAROUGE_GE_ARMES,t0830,0.0
CAROUGE_GE_MARCHE,CAROUGE_GE_RONDEAU,t0700,0.0
CAROUGE_GE_MARCHE,CAROUGE_GE_RONDEAU,t0730,0.0
CAROUGE_GE_MARCHE,CAROUGE_GE_RONDEAU,t0800,0.0
CAROUGE_GE_MARCHE,CAROUGE_GE_RONDEAU,t0830,0.0
CAROUGE_GE_MARCHE,CHENE_BOUGERIES_GRANGETTES,t0700,0.0
CAROUGE_GE_MARCHE,CHENE_BOUGERIES_GRANGETTES,t0730,0.0
CAROUGE_GE_MARCHE,CHENE_BOUGERIES_GRANGETTES,t0800,0.0
CAROUGE_GE_MARCHE,CHENE_BOUGERIES_GRANGETTES,t0830,0.0
CAROUGE_GE_MARCHE,CHENE_BOUGERIES_GRANGE_CANAL,t0700,0.0
CAROUGE_GE_MARCHE,CHENE_BOUGERIES_GRANGE_CANAL,t0730,0.0
CAROUGE_GE_MARCHE,CHENE_BOUGERIES_GRANGE_CANAL,t0800,0.0
CAROUGE_GE_MARCHE,CHENE_BOUGERIES_GRANGE_CANAL,t0830,0.0
CAROUGE_GE_MARCHE,CHENE_BOUGERIES_GRANGE_FALQUET,t0700,0.0
CAROUGE_GE_MARCHE,CHENE_BOUGERIES_GRANGE_FALQUET,t0730,0.0
CAROUGE_GE_MARCHE,CHENE_BOUGERIES_GRANGE_FALQUET,t0800,0.0
CAROUGE_GE_MARCHE,CHENE_BOUGERIES_GRANGE_FALQUET,t0830,0.0
CAROUGE_GE_MARCHE,CHENE_BOURG_PEILLONNEX,t0700,0.0
CAROUGE_GE_MARCHE,CHENE_BOURG_PEILLONNEX,t0730,0.0
CAROUGE_GE_MARCHE,CHENE_BOURG_PEILLONNEX,t0800,0.0
CAROUGE_GE_MARCHE,CHENE_BOURG_PEILLONNEX,t0830,0.0
CAROUGE_GE_MARCHE,CHENE_BOURG_PLACE_FAVRE,t0700,0.0
CAROUGE_GE_MARCHE,CHENE_BOURG_PLACE_FAVRE,t0730,0.0
CAROUGE_GE_MARCHE,CHENE_BOURG_PLACE_FAVRE,t0800,0.0
CAROUGE_GE_MARCHE,CHENE_BOURG_PLACE_FAVRE,t0830,0.0
CAROUGE_GE_MARCHE,CONFIGNON_CROISEE,t0700,0.0
CAROUGE_GE_MARCHE,CONFIGNON_CROISEE,t0730,0.0
CAROUGE_GE_MARCHE,CONFIGNON_CROISEE,t0800,0.0
CAROUGE_GE_MARCHE,CONFIGNON_CROISEE,t0830,0.0
CAROUGE_GE_MARCHE,CONFIGNON_LA_DODE,t0700,0.0
CAROUGE_GE_MARCHE,CONFIGNON_LA_DODE,t0730,0.0
CAROUGE_GE_MARCHE,CONFIGNON_LA_DODE,t0800,0.0
CAROUGE_GE_MARCHE,CONFIGNON_LA_DODE,t0830,0.0
CAROUGE_GE_MARCHE,GENEVE_AMANDOLIER,t0700,0.0
CAROUGE_GE_MARCHE,GENEVE_AMANDOLIER,t0730,0.0
CAROUGE_GE_MARCHE,GENEVE_AMANDOLIER,t0800,0.0
CAROUGE_GE_MARCHE,GENEVE_AMANDOLIER,t0830,0.0
CAROUGE_GE_MARCHE,GENEVE_AUGUSTINS,t0700,0.0
CAROUGE_GE_MARCHE,GENEVE_AUGUSTINS,t0730,0.0
CAROUGE_GE_MARCHE,GENEVE_AUGUSTINS,t0800,0.0
CAROUGE_GE_MARCHE,GENEVE_AUGUSTINS,t0830,0.0
CAROUGE_GE_MARCHE,GENEVE_BEL_AIR,t0700,0.0
CAROUGE_GE_MARCHE,GENEVE_BEL_AIR,t0730,0.0
CAROUGE_GE_MARCHE,GENEVE_BEL_AIR,t0800,0.0
CAROUGE_GE_MARCHE,GENEVE_BEL_AIR,t0830,0.0
CAROUGE_GE_MARCHE,GENEVE_BLANCHE,t0700,0.0
CAROUGE_GE_MARCHE,GENEVE_BLANCHE,t0730,0.0
CAROUGE_GE_MARCHE,GENEVE_BLANCHE,t0800,0.0
CAROUGE_GE_MARCHE,GENEVE_BLANCHE,t0830,0.0
CAROUGE_GE_MARCHE,GENEVE_COUTANCE,t0700,0.0
CAROUGE_GE_MARCHE,GENEVE_COUTANCE,t0730,0.0
CAROUGE_GE_MARCHE,GENEVE_COUTANCE,t0800,0.0
CAROUGE_GE_MARCHE,GENEVE_COUTANCE,t0830,0.0
CAROUGE_GE_MARCHE,GENEVE_EAUX_VIVES_GARE,t0700,0.0
CAROUGE_GE_MARCHE,GENEVE_EAUX_VIVES_GARE,t0730,0.0
CAROUGE_GE_MARCHE,GENEVE_EAUX_VIVES_GARE,t0800,0.0
CAROUGE_GE_MARCHE,GENEVE_EAUX_VIVES_GARE,t0830,0.0
CAROUGE_GE_MARCHE,GENEVE_GARE_CORNAVIN,t0700,0.0
CAROUGE_GE_MARCHE,GENEVE_GARE_CORNAVIN,t0730,0.0
CAROUGE_GE_MARCHE,GENEVE_GARE_CORNAVIN,t0800,0.0
CAROUGE_GE_MARCHE,GENEVE_GARE_CORNAVIN,t0830,0.0
CAROUGE_GE_MARCHE,GENEVE_JONCTION,t0700,0.0
CAROUGE_GE_MARCHE,GENEVE_JONCTION,t0730,0.0
CAROUGE_GE_MARCHE,GENEVE_JONCTION,t0800,0.0
CAROUGE_GE_MARCHE,GENEVE_JONCTION,t0830,0.0
CAROUGE_GE_MARCHE,GENEVE_LYON,t0700,0.0
CAROUGE_GE_MARCHE,GENEVE_LYON,t0730,0.0
CAROUGE_GE_MARCHE,GENEVE_LYON,t0800,0.0
CAROUGE_GE_MARCHE,GENEVE_LYON,t0830,0.0
CAROUGE_GE_MARCHE,GENEVE_MOLARD,t0700,0.0
CAROUGE_GE_MARCHE,GENEVE_MOLARD,t0730,0.0
CAROUGE_GE_MARCHE,GENEVE_MOLARD,t0800,0.0
CAROUGE_GE_MARCHE,GENEVE_MOLARD,t0830,0.0
CAROUGE_GE_MARCHE,GENEVE_PALLADIUM,t0700,0.0
CAROUGE_GE_MARCHE,GENEVE_PALLADIUM,t0730,0.0
CAROUGE_GE_MARCHE,GENEVE_PALLADIUM,t0800,0.0
CAROUGE_GE_MARCHE,GENEVE_PALLADIUM,t0830,0.0
CAROUGE_GE_MARCHE,GENEVE_PLACE_DE_NEUVE,t0700,0.0
CAROUGE_GE_MARCHE,GENEVE_PLACE_DE_NEUVE,t0730,0.0
CAROUGE_GE_MARCHE,GENEVE_PLACE_DE_NEUVE,t0800,0.0
CAROUGE_GE_MARCHE,GENEVE_PLACE_DE_NEUVE,t0830,0.0
CAROUGE_GE_MARCHE,GENEVE_PLAINPALAIS,t0700,0.0
CAROUGE_GE_MARCHE,GENEVE_PLAINPALAIS,t0730,0.0
CAROUGE_GE_MARCHE,GENEVE_PLAINPALAIS,t0800,0.0
CAROUGE_GE_MARCHE,GENEVE_PLAINPALAIS,t0830,0.0
CAROUGE_GE_MARCHE,GENEVE_PONT_D_ARVE,t0700,0.0
CAROUGE_GE_MARCHE,GENEVE_PONT_D_ARVE,t0730,0.0
CAROUGE_GE_MARCHE,GENEVE_PONT_D_ARVE,t0800,0.0
CAROUGE_GE_MARCHE,GENEVE_PONT_D_ARVE,t0830,0.0
CAROUGE_GE_MARCHE,GENEVE_POTERIE,t0700,0.0
CAROUGE_GE_MARCHE,GENEVE_POTERIE,t0730,0.0
CAROUGE_GE_MARCHE,GENEVE_POTERIE,t0800,0.0
CAROUGE_GE_MARCHE,GENEVE_POTERIE,t0830,0.0
CAROUGE_GE_MARCHE,GENEVE_RIVE,t0700,0.0
CAROUGE_GE_MARCHE,GENEVE_RIVE,t0730,0.0
CAROUGE_GE_MARCHE,GENEVE_RIVE,t0800,0.0
CAROUGE_GE_MARCHE,GENEVE_RIVE,t0830,0.0
CAROUGE_GE_MARCHE,GENEVE_SERVETTE,t0700,0.0
CAROUGE_GE_MARCHE,GENEVE_SERVETTE,t0730,0.0
CAROUGE_GE_MARCHE,GENEVE_SERVETTE,t0800,0.0
CAROUGE_GE_MARCHE,GENEVE_SERVETTE,t0830,0.0
CAROUGE_GE_MARCHE,GENEVE_STAND,t0700,0.0
CAROUGE_GE_MARCHE,GENEVE_STAND,t0730,0.0
CAROUGE_GE_MARCHE,GENEVE_STAND,t0800,0.0
CAROUGE_GE_MARCHE,GENEVE_STAND,t0830,0.0
CAROUGE_GE_MARCHE,GENEVE_TERRASSIERE,t0700,0.0
CAROUGE_GE_MARCHE,GENEVE_TERRASSIERE,t0730,0.0
CAROUGE_GE_MARCHE,GENEVE_TERRASSIERE,t0800,0.0
CAROUGE_GE_MARCHE,GENEVE_TERRASSIERE,t0830,0.0
CAROUGE_GE_MARCHE,GENEVE_VIEUSSEUX,t0700,0.0
CAROUGE_GE_MARCHE,GENEVE_VIEUSSEUX,t0730,0.0
CAROUGE_GE_MARCHE,GENEVE_VIEUSSEUX,t0800,0.0
CAROUGE_GE_MARCHE,GENEVE_VIEUSSEUX,t0830,0.0
CAROUGE_GE_MARCHE,GENEVE_VILLEREUSE,t0700,0.0
CAROUGE_GE_MARCHE,GENEVE_VILLEREUSE,t0730,0.0
CAROUGE_GE_MARCHE,GENEVE_VILLEREUSE,t0800,0.0
CAROUGE_GE_MARCHE,GENEVE_VILLEREUSE,t0830,0.0
CAROUGE_GE_MARCHE,GRAND_LANCY_DE_STAEL,t0700,0.0
CAROUGE_GE_MARCHE,GRAND_LANCY_DE_STAEL,t0730,0.0
CAROUGE_GE_MARCHE,GRAND_LANCY_DE_STAEL,t0800,0.0
CAROUGE_GE_MARCHE,GRAND_LANCY_DE_STAEL,t0830,0.0
CAROUGE_GE_MARCHE,GRAND_LANCY_PALETTES,t0700,0.0
CAROUGE_GE_MARCHE,GRAND_LANCY_PALETTES,t0730,0.0
CAROUGE_GE_MARCHE,GRAND_LANCY_PALETTES,t0800,0.0
CAROUGE_GE_MARCHE,GRAND_LANCY_PALETTES,t0830,0.0
CAROUGE_GE_MARCHE,GRAND_LANCY_PONTETS,t0700,0.0
CAROUGE_GE_MARCHE,GRAND_LANCY_PONTETS,t0730,0.0
CAROUGE_GE_MARCHE,GRAND_LANCY_PONTETS,t0800,0.0
CAROUGE_GE_MARCHE,GRAND_LANCY_PONTETS,t0830,0.0
CAROUGE_GE_MARCHE,LANCY_BACHET_GARE,t0700,0.0
CAROUGE_GE_MARCHE,LANCY_BACHET_GARE,t0730,0.0
CAROUGE_GE_MARCHE,LANCY_BACHET_GARE,t0800,0.0
CAROUGE_GE_MARCHE,LANCY_BACHET_GARE,t0830,0.0
CAROUGE_GE_MARCHE,MEYRIN_BOIS_DU_LAN,t0700,0.0
CAROUGE_GE_MARCHE,MEYRIN_BOIS_DU_LAN,t0730,0.0
CAROUGE_GE_MARCHE,MEYRIN_BOIS_DU_LAN,t0800,0.0
CAROUGE_GE_MARCHE,MEYRIN_BOIS_DU_LAN,t0830,0.0
CAROUGE_GE_MARCHE,MEYRIN_CERN,t0700,0.0
CAROUGE_GE_MARCHE,MEYRIN_CERN,t0730,0.0
CAROUGE_GE_MARCHE,MEYRIN_CERN,t0800,0.0
CAROUGE_GE_MARCHE,MEYRIN_CERN,t0830,0.0
CAROUGE_GE_MARCHE,MEYRIN_FORUMEYRIN,t0700,0.0
CAROUGE_GE_MARCHE,MEYRIN_FORUMEYRIN,t0730,0.0
CAROUGE_GE_MARCHE,MEYRIN_FORUMEYRIN,t0800,0.0
CAROUGE_GE_MARCHE,MEYRIN_FORUMEYRIN,t0830,0.0
CAROUGE_GE_MARCHE,MEYRIN_GRAVIERE,t0700,0.0
CAROUGE_GE_MARCHE,MEYRIN_GRAVIERE,t0730,0.0
CAROUGE_GE_MARCHE,MEYRIN_GRAVIERE,t0800,0.0
CAROUGE_GE_MARCHE,MEYRIN_GRAVIERE,t0830,0.0
CAROUGE_GE_MARCHE,MEYRIN_HOPITAL_DE_LA_TOUR,t0700,0.0
CAROUGE_GE_MARCHE,MEYRIN_HOPITAL_DE_LA_TOUR,t0730,0.0
CAROUGE_GE_MARCHE,MEYRIN_HOPITAL_DE_LA_TOUR,t0800,0.0
CAROUGE_GE_MARCHE,MEYRIN_HOPITAL_DE_LA_TOUR,t0830,0.0
CAROUGE_GE_MARCHE,MEYRIN_JARDIN_ALPIN_VIVARIUM,t0700,0.0
CAROUGE_GE_MARCHE,MEYRIN_JARDIN_ALPIN_VIVARIUM,t0730,0.0
CAROUGE_GE_MARCHE,MEYRIN_JARDIN_ALPIN_VIVARIUM,t0800,0.0
CAROUGE_GE_MARCHE,MEYRIN_JARDIN_ALPIN_VIVARIUM,t0830,0.0
CAROUGE_GE_MARCHE,MEYRIN_MAISONNEX,t0700,0.0
CAROUGE_GE_MARCHE,MEYRIN_MAISONNEX,t0730,0.0
CAROUGE_GE_MARCHE,MEYRIN_MAISONNEX,t0800,0.0
CAROUGE_GE_MARCHE,MEYRIN_MAISONNEX,t0830,0.0
CAROUGE_GE_MARCHE,MEYRIN_VAUDAGNE,t0700,0.0
CAROUGE_GE_MARCHE,MEYRIN_VAUDAGNE,t0730,0.0
CAROUGE_GE_MARCHE,MEYRIN_VAUDAGNE,t0800,0.0
CAROUGE_GE_MARCHE,MEYRIN_VAUDAGNE,t0830,0.0
CAROUGE_GE_MARCHE,MEYRIN_VILLAGE,t0700,0.0
CAROUGE_GE_MARCHE,MEYRIN_VILLAGE,t0730,0.0
CAROUGE_GE_MARCHE,MEYRIN_VILLAGE,t0800,0.0
CAROUGE_GE_MARCHE,MEYRIN_VILLAGE,t0830,0.0
CAROUGE_GE_MARCHE,ONEX_BANDOL,t0700,0.0
CAROUGE_GE_MARCHE,ONEX_BANDOL,t0730,0.0
CAROUGE_GE_MARCHE,ONEX_BANDOL,t0800,0.0
CAROUGE_GE_MARCHE,ONEX_BANDOL,t0830,0.0
CAROUGE_GE_MARCHE,ONEX_SALLE_COMMUNALE,t0700,0.0
CAROUGE_GE_MARCHE,ONEX_SALLE_COMMUNALE,t0730,0.0
CAROUGE_GE_MARCHE,ONEX_SALLE_COMMUNALE,t0800,0.0
CAROUGE_GE_MARCHE,ONEX_SALLE_COMMUNALE,t0830,0.0
CAROUGE_GE_MARCHE,PETIT_LANCY_LES_ESSERTS,t0700,0.0
CAROUGE_GE_MARCHE,PETIT_LANCY_LES_ESSERTS,t0730,0.0
CAROUGE_GE_MARCHE,PETIT_LANCY_LES_ESSERTS,t0800,0.0
CAROUGE_GE_MARCHE,PETIT_LANCY_LES_ESSERTS,t0830,0.0
CAROUGE_GE_MARCHE,PETIT_LANCY_PLACE,t0700,0.0
CAROUGE_GE_MARCHE,PETIT_LANCY_PLACE,t0730,0.0
CAROUGE_GE_MARCHE,PETIT_LANCY_PLACE,t0800,0.0
CAROUGE_GE_MARCHE,PETIT_LANCY_PLACE,t0830,0.0
CAROUGE_GE_MARCHE,PETIT_LANCY_QUIDORT,t0700,0.0
CAROUGE_GE_MARCHE,PETIT_LANCY_QUIDORT,t0730,0.0
CAROUGE_GE_MARCHE,PETIT_LANCY_QUIDORT,t0800,0.0
CAROUGE_GE_MARCHE,PETIT_LANCY_QUIDORT,t0830,0.0
CAROUGE_GE_MARCHE,PLAN_LES_OUATES_TREFLE_BLANC,t0700,0.0
CAROUGE_GE_MARCHE,PLAN_LES_OUATES_TREFLE_BLANC,t0730,0.0
CAROUGE_GE_MARCHE,PLAN_LES_OUATES_TREFLE_BLANC,t0800,0.0
CAROUGE_GE_MARCHE,PLAN_LES_OUATES_TREFLE_BLANC,t0830,0.0
CAROUGE_GE_MARCHE,THONEX_GRAVESON,t0700,0.0
CAROUGE_GE_MARCHE,THONEX_GRAVESON,t0730,0.0
CAROUGE_GE_MARCHE,THONEX_GRAVESON,t0800,0.0
CAROUGE_GE_MARCHE,THONEX_GRAVESON,t0830,0.0
CAROUGE_GE_MARCHE,THONEX_MOILLESULAZ,t0700,0.0
CAROUGE_GE_MARCHE,THONEX_MOILLESULAZ,t0730,0.0
CAROUGE_GE_MARCHE,THONEX_MOILLESULAZ,t0800,0.0
CAROUGE_GE_MARCHE,THONEX_MOILLESULAZ,t0830,0.0
CAROUGE_GE_MARCHE,VERNIER_AVANCHETS_ETANG,t0700,49.474
CAROUGE_GE_MARCHE,VERNIER_AVANCHETS_ETANG,t0730,15.789
CAROUGE_GE_MARCHE,VERNIER_AVANCHETS_ETANG,t0800,12.632
CAROUGE_GE_MARCHE,VERNIER_AVANCHETS_ETANG,t0830,46.316
CAROUGE_GE_MARCHE,VERNIER_BALEXERT,t0700,0.0
CAROUGE_GE_MARCHE,VERNIER_BALEXERT,t0730,0.0
CAROUGE_GE_MARCHE,VERNIER_BALEXERT,t0800,0.0
CAROUGE_GE_MARCHE,VERNIER_BALEXERT,t0830,0.0
CAROUGE_GE_MARCHE,VERNIER_BLANDONNET,t0700,0.0
CAROUGE_GE_MARCHE,VERNIER_BLANDONNET,t0730,0.0
CAROUGE_GE_MARCHE,VERNIER_BLANDONNET,t0800,0.0
CAROUGE_GE_MARCHE,VERNIER_BLANDONNET,t0830,0.0
CAROUGE_GE_MARCHE,VERNIER_BOUCHET,t0700,0.0
CAROUGE_GE_MARCHE,VERNIER_BOUCHET,t0730,0.0
CAROUGE_GE_MARCHE,VERNIER_BOUCHET,t0800,0.0
CAROUGE_GE_MARCHE,VERNIER_BOUCHET,t0830,0.0
CAROUGE_GE_RONDEAU,BERNEX_HAINARD,t0700,0.0
CAROUGE_GE_RONDEAU,BERNEX_HAINARD,t0730,0.0
CAROUGE_GE_RONDEAU,BERNEX_HAINARD,t0800,0.0
CAROUGE_GE_RONDEAU,BERNEX_HAINARD,t0830,0.0
CAROUGE_GE_RONDEAU,BERNEX_LUCHEPELET,t0700,0.0
CAROUGE_GE_RONDEAU,BERNEX_LUCHEPELET,t0730,0.0
CAROUGE_GE_RONDEAU,BERNEX_LUCHEPELET,t0800,0.0
CAROUGE_GE_RONDEAU,BERNEX_LUCHEPELET,t0830,0.0
CAROUGE_GE_RONDEAU,BERNEX_PRE_MARAIS,t0700,0.0
CAROUGE_GE_RONDEAU,BERNEX_PRE_MARAIS,t0730,0.0
CAROUGE_GE_RONDEAU,BERNEX_PRE_MARAIS,t0800,0.0
CAROUGE_GE_RONDEAU,BERNEX_PRE_MARAIS,t0830,0.0
CAROUGE_GE_RONDEAU,BERNEX_P_R,t0700,0.0
CAROUGE_GE_RONDEAU,BERNEX_P_R,t0730,0.0
CAROUGE_GE_RONDEAU,BERNEX_P_R,t0800,0.0
CAROUGE_GE_RONDEAU,BERNEX_P_R,t0830,0.0
CAROUGE_GE_RONDEAU,BERNEX_VAILLY,t0700,0.0
CAROUGE_GE_RONDEAU,BERNEX_VAILLY,t0730,0.0
CAROUGE_GE_RONDEAU,BERNEX_VAILLY,t0800,0.0
CAROUGE_GE_RONDEAU,BERNEX_VAILLY,t0830,0.0
CAROUGE_GE_RONDEAU,CAROUGE_GE_ANCIENNE,t0700,0.0
CAROUGE_GE_RONDEAU,CAROUGE_GE_ANCIENNE,t0730,0.0
CAROUGE_GE_RONDEAU,CAROUGE_GE_ANCIENNE,t0800,0.0
CAROUGE_GE_RONDEAU,CAROUGE_GE_ANCIENNE,t0830,0.0
CAROUGE_GE_RONDEAU,CAROUGE_GE_ARMES,t0700,0.0
CAROUGE_GE_RONDEAU,CAROUGE_GE_ARMES,t0730,0.0
CAROUGE_GE_RONDEAU,CAROUGE_GE_ARMES,t0800,0.0
CAROUGE_GE_RONDEAU,CAROUGE_GE_ARMES,t0830,0.0
CAROUGE_GE_RONDEAU,CAROUGE_GE_MARCHE,t0700,0.0
CAROUGE_GE_RONDEAU,CAROUGE_GE_MARCHE,t0730,0.0
CAROUGE_GE_RONDEAU,CAROUGE_GE_MARCHE,t0800,0.0
CAROUGE_GE_RONDEAU,CAROUGE_GE_MARCHE,t0830,0.0
CAROUGE_GE_RONDEAU,CHENE_BOUGERIES_GRANGETTES,t0700,0.0
CAROUGE_GE_RONDEAU,CHENE_BOUGERIES_GRANGETTES,t0730,0.0
CAROUGE_GE_RONDEAU,CHENE_BOUGERIES_GRANGETTES,t0800,0.0
CAROUGE_GE_RONDEAU,CHENE_BOUGERIES_GRANGETTES,t0830,0.0
CAROUGE_GE_RONDEAU,CHENE_BOUGERIES_GRANGE_CANAL,t0700,0.0
CAROUGE_GE_RONDEAU,CHENE_BOUGERIES_GRANGE_CANAL,t0730,0.0
CAROUGE_GE_RONDEAU,CHENE_BOUGERIES_GRANGE_CANAL,t0800,0.0
CAROUGE_GE_RONDEAU,CHENE_BOUGERIES_GRANGE_CANAL,t0830,0.0
CAROUGE_GE_RONDEAU,CHENE_BOUGERIES_GRANGE_FALQUET,t0700,0.0
CAROUGE_GE_RONDEAU,CHENE_BOUGERIES_GRANGE_FALQUET,t0730,0.0
CAROUGE_GE_RONDEAU,CHENE_BOUGERIES_GRANGE_FALQUET,t0800,0.0
CAROUGE_GE_RONDEAU,CHENE_BOUGERIES_GRANGE_FALQUET,t0830,0.0
CAROUGE_GE_RONDEAU,CHENE_BOURG_PEILLONNEX,t0700,0.0
CAROUGE_GE_RONDEAU,CHENE_BOURG_PEILLONNEX,t0730,0.0
CAROUGE_GE_RONDEAU,CHENE_BOURG_PEILLONNEX,t0800,0.0
CAROUGE_GE_RONDEAU,CHENE_BOURG_PEILLONNEX,t0830,0.0
CAROUGE_GE_RONDEAU,CHENE_BOURG_PLACE_FAVRE,t0700,0.0
CAROUGE_GE_RONDEAU,CHENE_BOURG_PLACE_FAVRE,t0730,0.0
CAROUGE_GE_RONDEAU,CHENE_BOURG_PLACE_FAVRE,t0800,0.0
CAROUGE_GE_RONDEAU,CHENE_BOURG_PLACE_FAVRE,t0830,0.0
CAROUGE_GE_RONDEAU,CONFIGNON_CROISEE,t0700,0.0
CAROUGE_GE_RONDEAU,CONFIGNON_CROISEE,t0730,0.0
CAROUGE_GE_RONDEAU,CONFIGNON_CROISEE,t0800,0.0
CAROUGE_GE_RONDEAU,CONFIGNON_CROISEE,t0830,0.0
CAROUGE_GE_RONDEAU,CONFIGNON_LA_DODE,t0700,0.0
CAROUGE_GE_RONDEAU,CONFIGNON_LA_DODE,t0730,0.0
CAROUGE_GE_RONDEAU,CONFIGNON_LA_DODE,t0800,0.0
CAROUGE_GE_RONDEAU,CONFIGNON_LA_DODE,t0830,0.0
CAROUGE_GE_RONDEAU,GENEVE_AMANDOLIER,t0700,0.0
CAROUGE_GE_RONDEAU,GENEVE_AMANDOLIER,t0730,0.0
CAROUGE_GE_RONDEAU,GENEVE_AMANDOLIER,t0800,0.0
CAROUGE_GE_RONDEAU,GENEVE_AMANDOLIER,t0830,0.0
CAROUGE_GE_RONDEAU,GENEVE_AUGUSTINS,t0700,0.0
CAROUGE_GE_RONDEAU,GENEVE_AUGUSTINS,t0730,0.0
CAROUGE_GE_RONDEAU,GENEVE_AUGUSTINS,t0800,0.0
CAROUGE_GE_RONDEAU,GENEVE_AUGUSTINS,t0830,0.0
CAROUGE_GE_RONDEAU,GENEVE_BEL_AIR,t0700,0.0
CAROUGE_GE_RONDEAU,GENEVE_BEL_AIR,t0730,0.0
CAROUGE_GE_RONDEAU,GENEVE_BEL_AIR,t0800,0.0
CAROUGE_GE_RONDEAU,GENEVE_BEL_AIR,t0830,0.0
CAROUGE_GE_RONDEAU,GENEVE_BLANCHE,t0700,0.0
CAROUGE_GE_RONDEAU,GENEVE_BLANCHE,t0730,0.0
CAROUGE_GE_RONDEAU,GENEVE_BLANCHE,t0800,0.0
CAROUGE_GE_RONDEAU,GENEVE_BLANCHE,t0830,0.0
CAROUGE_GE_RONDEAU,GENEVE_COUTANCE,t0700,0.0
CAROUGE_GE_RONDEAU,GENEVE_COUTANCE,t0730,0.0
CAROUGE_GE_RONDEAU,GENEVE_COUTANCE,t0800,0.0
CAROUGE_GE_RONDEAU,GENEVE_COUTANCE,t0830,0.0
CAROUGE_GE_RONDEAU,GENEVE_EAUX_VIVES_GARE,t0700,0.0
CAROUGE_GE_RONDEAU,GENEVE_EAUX_VIVES_GARE,t0730,0.0
CAROUGE_GE_RONDEAU,GENEVE_EAUX_VIVES_GARE,t0800,0.0
CAROUGE_GE_RONDEAU,GENEVE_EAUX_VIVES_GARE,t0830,0.0
CAROUGE_GE_RONDEAU,GENEVE_GARE_CORNAVIN,t0700,0.0
CAROUGE_GE_RONDEAU,GENEVE_GARE_CORNAVIN,t0730,0.0
CAROUGE_GE_RONDEAU,GENEVE_GARE_CORNAVIN,t0800,0.0
CAROUGE_GE_RONDEAU,GENEVE_GARE_CORNAVIN,t0830,0.0
CAROUGE_GE_RONDEAU,GENEVE_JONCTION,t0700,0.0
CAROUGE_GE_RONDEAU,GENEVE_JONCTION,t0730,0.0
CAROUGE_GE_RONDEAU,GENEVE_JONCTION,t0800,0.0
CAROUGE_GE_RONDEAU,GENEVE_JONCTION,t0830,0.0
CAROUGE_GE_RONDEAU,GENEVE_LYON,t0700,0.0
CAROUGE_GE_RONDEAU,GENEVE_LYON,t0730,0.0
CAROUGE_GE_RONDEAU,GENEVE_LYON,t0800,0.0
CAROUGE_GE_RONDEAU,GENEVE_LYON,t0830,0.0
CAROUGE_GE_RONDEAU,GENEVE_MOLARD,t0700,0.0
CAROUGE_GE_RONDEAU,GENEVE_MOLARD,t0730,0.0
CAROUGE_GE_RONDEAU,GENEVE_MOLARD,t0800,0.0
CAROUGE_GE_RONDEAU,GENEVE_MOLARD,t0830,0.0
CAROUGE_GE_RONDEAU,GENEVE_PALLADIUM,t0700,0.0
CAROUGE_GE_RONDEAU,GENEVE_PALLADIUM,t0730,0.0
CAROUGE_GE_RONDEAU,GENEVE_PALLADIUM,t0800,0.0
CAROUGE_GE_RONDEAU,GENEVE_PALLADIUM,t0830,0.0
CAROUGE_GE_RONDEAU,GENEVE_PLACE_DE_NEUVE,t0700,0.0
CAROUGE_GE_RONDEAU,GENEVE_PLACE_DE_NEUVE,t0730,0.0
CAROUGE_GE_RONDEAU,GENEVE_PLACE_DE_NEUVE,t0800,0.0
CAROUGE_GE_RONDEAU,GENEVE_PLACE_DE_NEUVE,t0830,0.0
CAROUGE_GE_RONDEAU,GENEVE_PLAINPALAIS,t0700,0.0
CAROUGE_GE_RONDEAU,GENEVE_PLAINPALAIS,t0730,0.0
CAROUGE_GE_RONDEAU,GENEVE_PLAINPALAIS,t0800,0.0
CAROUGE_GE_RONDEAU,GENEVE_PLAINPALAIS,t0830,0.0
CAROUGE_GE_RONDEAU,GENEVE_PONT_D_ARVE,t0700,0.0
CAROUGE_GE_RONDEAU,GENEVE_PONT_D_ARVE,t0730,0.0
CAROUGE_GE_RONDEAU,GENEVE_PONT_D_ARVE,t0800,0.0
CAROUGE_GE_RONDEAU,GENEVE_PONT_D_ARVE,t0830,0.0
CAROUGE_GE_RONDEAU,GENEVE_POTERIE,t0700,0.0
CAROUGE_GE_RONDEAU,GENEVE_POTERIE,t0730,0.0
CAROUGE_GE_RONDEAU,GENEVE_POTERIE,t0800,0.0
CAROUGE_GE_RONDEAU,GENEVE_POTERIE,t0830,0.0
CAROUGE_GE_RONDEAU,GENEVE_RIVE,t0700,0.0
CAROUGE_GE_RONDEAU,GENEVE_RIVE,t0730,0.0
CAROUGE_GE_RONDEAU,GENEVE_RIVE,t0800,0.0
CAROUGE_GE_RONDEAU,GENEVE_RIVE,t0830,0.0
CAROUGE_GE_RONDEAU,GENEVE_SERVETTE,t0700,0.0
CAROUGE_GE_RONDEAU,GENEVE_SERVETTE,t0730,0.0
CAROUGE_GE_RONDEAU,GENEVE_SERVETTE,t0800,0.0
CAROUGE_GE_RONDEAU,GENEVE_SERVETTE,t0830,0.0
CAROUGE_GE_RONDEAU,GENEVE_STAND,t0700,0.0
CAROUGE_GE_RONDEAU,GENEVE_STAND,t0730,0.0
CAROUGE_GE_RONDEAU,GENEVE_STAND,t0800,0.0
CAROUGE_GE_RONDEAU,GENEVE_STAND,t0830,0.0
CAROUGE_GE_RONDEAU,GENEVE_TERRASSIERE,t0700,0.0
CAROUGE_GE_RONDEAU,GENEVE_TERRASSIERE,t0730,0.0
CAROUGE_GE_RONDEAU,GENEVE_TERRASSIERE,t0800,0.0
CAROUGE_GE_RONDEAU,GENEVE_TERRASSIERE,t0830,0.0
CAROUGE_GE_RONDEAU,GENEVE_VIEUSSEUX,t0700,0.0
CAROUGE_GE_RONDEAU,GENEVE_VIEUSSEUX,t0730,0.0
CAROUGE_GE_RONDEAU,GENEVE_VIEUSSEUX,t0800,0.0
CAROUGE_GE_RONDEAU,GENEVE_VIEUSSEUX,t0830,0.0
CAROUGE_GE_RONDEAU,GENEVE_VILLEREUSE,t0700,0.0
CAROUGE_GE_RONDEAU,GENEVE_VILLEREUSE,t0730,0.0
CAROUGE_GE_RONDEAU,GENEVE_VILLEREUSE,t0800,0.0
CAROUGE_GE_RONDEAU,GENEVE_VILLEREUSE,t0830,0.0
CAROUGE_GE_RONDEAU,GRAND_LANCY_DE_STAEL,t0700,0.0
CAROUGE_GE_RONDEAU,GRAND_LANCY_DE_STAEL,t0730,0.0
CAROUGE_GE_RONDEAU,GRAND_LANCY_DE_STAEL,t0800,0.0
CAROUGE_GE_RONDEAU,GRAND_LANCY_DE_STAEL,t0830,0.0
CAROUGE_GE_RONDEAU,GRAND_LANCY_PALETTES,t0700,0.0
CAROUGE_GE_RONDEAU,GRAND_LANCY_PALETTES,t0730,0.0
CAROUGE_GE_RONDEAU,GRAND_LANCY_PALETTES,t0800,0.0
CAROUGE_GE_RONDEAU,GRAND_LANCY_PALETTES,t0830,0.0
CAROUGE_GE_RONDEAU,GRAND_LANCY_PONTETS,t0700,0.0
CAROUGE_GE_RONDEAU,GRAND_LANCY_PONTETS,t0730,0.0
CAROUGE_GE_RONDEAU,GRAND_LANCY_PONTETS,t0800,0.0
CAROUGE_GE_RONDEAU,GRAND_LANCY_PONTETS,t0830,0.0
CAROUGE_GE_RONDEAU,LANCY_BACHET_GARE,t0700,0.0
CAROUGE_GE_RONDEAU,LANCY_BACHET_GARE,t0730,0.0
CAROUGE_GE_RONDEAU,LANCY_BACHET_GARE,t0800,0.0
CAROUGE_GE_RONDEAU,LANCY_BACHET_GARE,t0830,0.0
CAROUGE_GE_RONDEAU,MEYRIN_BOIS_DU_LAN,t0700,0.0
CAROUGE_GE_RONDEAU,MEYRIN_BOIS_DU_LAN,t0730,0.0
CAROUGE_GE_RONDEAU,MEYRIN_BOIS_DU_LAN,t0800,0.0
CAROUGE_GE_RONDEAU,MEYRIN_BOIS_DU_LAN,t0830,0.0
CAROUGE_GE_RONDEAU,MEYRIN_CERN,t0700,0.0
CAROUGE_GE_RONDEAU,MEYRIN_CERN,t0730,0.0
CAROUGE_GE_RONDEAU,MEYRIN_CERN,t0800,0.0
CAROUGE_GE_RONDEAU,MEYRIN_CERN,t0830,0.0
CAROUGE_GE_RONDEAU,MEYRIN_FORUMEYRIN,t0700,0.0
CAROUGE_GE_RONDEAU,MEYRIN_FORUMEYRIN,t0730,0.0
CAROUGE_GE_RONDEAU,MEYRIN_FORUMEYRIN,t0800,0.0
CAROUGE_GE_RONDEAU,MEYRIN_FORUMEYRIN,t0830,0.0
CAROUGE_GE_RONDEAU,MEYRIN_GRAVIERE,t0700,0.0
CAROUGE_GE_RONDEAU,MEYRIN_GRAVIERE,t0730,0.0
CAROUGE_GE_RONDEAU,MEYRIN_GRAVIERE,t0800,0.0
CAROUGE_GE_RONDEAU,MEYRIN_GRAVIERE,t0830,0.0
CAROUGE_GE_RONDEAU,MEYRIN_HOPITAL_DE_LA_TOUR,t0700,0.0
CAROUGE_GE_RONDEAU,MEYRIN_HOPITAL_DE_LA_TOUR,t0730,0.0
CAROUGE_GE_RONDEAU,MEYRIN_HOPITAL_DE_LA_TOUR,t0800,0.0
CAROUGE_GE_RONDEAU,MEYRIN_HOPITAL_DE_LA_TOUR,t0830,0.0
CAROUGE_GE_RONDEAU,MEYRIN_JARDIN_ALPIN_VIVARIUM,t0700,0.0
CAROUGE_GE_RONDEAU,MEYRIN_JARDIN_ALPIN_VIVARIUM,t0730,0.0
CAROUGE_GE_RONDEAU,MEYRIN_JARDIN_ALPIN_VIVARIUM,t0800,0.0
CAROUGE_GE_RONDEAU,MEYRIN_JARDIN_ALPIN_VIVARIUM,t0830,0.0
CAROUGE_GE_RONDEAU,MEYRIN_MAISONNEX,t0700,0.0
CAROUGE_GE_RONDEAU,MEYRIN_MAISONNEX,t0730,0.0
CAROUGE_GE_RONDEAU,MEYRIN_MAISONNEX,t0800,0.0
CAROUGE_GE_RONDEAU,MEYRIN_MAISONNEX,t0830,0.0
CAROUGE_GE_RONDEAU,MEYRIN_VAUDAGNE,t0700,0.0
CAROUGE_GE_RONDEAU,MEYRIN_VAUDAGNE,t0730,0.0
CAROUGE_GE_RONDEAU,MEYRIN_VAUDAGNE,t0800,0.0
CAROUGE_GE_RONDEAU,MEYRIN_VAUDAGNE,t0830,0.0
CAROUGE_GE_RONDEAU,MEYRIN_VILLAGE,t0700,0.0
CAROUGE_GE_RONDEAU,MEYRIN_VILLAGE,t0730,0.0
CAROUGE_GE_RONDEAU,MEYRIN_VILLAGE,t0800,0.0
CAROUGE_GE_RONDEAU,MEYRIN_VILLAGE,t0830,0.0
CAROUGE_GE_RONDEAU,ONEX_BANDOL,t0700,0.0
CAROUGE_GE_RONDEAU,ONEX_BANDOL,t0730,0.0
CAROUGE_GE_RONDEAU,ONEX_BANDOL,t0800,0.0
CAROUGE_GE_RONDEAU,ONEX_BANDOL,t0830,0.0
CAROUGE_GE_RONDEAU,ONEX_SALLE_COMMUNALE,t0700,0.0
CAROUGE_GE_RONDEAU,ONEX_SALLE_COMMUNALE,t0730,0.0
CAROUGE_GE_RONDEAU,ONEX_SALLE_COMMUNALE,t0800,0.0
CAROUGE_GE_RONDEAU,ONEX_SALLE_COMMUNALE,t0830,0.0
CAROUGE_GE_RONDEAU,PETIT_LANCY_LES_ESSERTS,t0700,0.0
CAROUGE_GE_RONDEAU,PETIT_LANCY_LES_ESSERTS,t0730,0.0
CAROUGE_GE_RONDEAU,PETIT_LANCY_LES_ESSERTS,t0800,0.0
CAROUGE_GE_RONDEAU,PETIT_LANCY_LES_ESSERTS,t0830,0.0
CAROUGE_GE_RONDEAU,PETIT_LANCY_PLACE,t0700,0.0
CAROUGE_GE_RONDEAU,PETIT_LANCY_PLACE,t0730,0.0
CAROUGE_GE_RONDEAU,PETIT_LANCY_PLACE,t0800,0.0
CAROUGE_GE_RONDEAU,PETIT_LANCY_PLACE,t0830,0.0
CAROUGE_GE_RONDEAU,PETIT_LANCY_QUIDORT,t0700,0.0
CAROUGE_GE_RONDEAU,PETIT_LANCY_QUIDORT,t0730,0.0
CAROUGE_GE_RONDEAU,PETIT_LANCY_QUIDORT,t0800,0.0
CAROUGE_GE_RONDEAU,PETIT_LANCY_QUIDORT,t0830,0.0
CAROUGE_GE_RONDEAU,PLAN_LES_OUATES_TREFLE_BLANC,t0700,0.0
CAROUGE_GE_RONDEAU,PLAN_LES_OUATES_TREFLE_BLANC,t0730,0.0
CAROUGE_GE_RONDEAU,PLAN_LES_OUATES_TREFLE_BLANC,t0800,0.0
CAROUGE_GE_RONDEAU,PLAN_LES_OUATES_TREFLE_BLANC,t0830,0.0
CAROUGE_GE_RONDEAU,THONEX_GRAVESON,t0700,0.0
CAROUGE_GE_RONDEAU,THONEX_GRAVESON,t0730,0.0
CAROUGE_GE_RONDEAU,THONEX_GRAVESON,t0800,0.0
CAROUGE_GE_RONDEAU,THONEX_GRAVESON,t0830,0.0
CAROUGE_GE_RONDEAU,THONEX_MOILLESULAZ,t0700,0.0
CAROUGE_GE_RONDEAU,THONEX_MOILLESULAZ,t0730,0.0
CAROUGE_GE_RONDEAU,THONEX_MOILLESULAZ,t0800,0.0
CAROUGE_GE_RONDEAU,THONEX_MOILLESULAZ,t0830,0.0
CAROUGE_GE_RONDEAU,VERNIER_AVANCHETS_ETANG,t0700,0.0
CAROUGE_GE_RONDEAU,VERNIER_AVANCHETS_ETANG,t0730,0.0
CAROUGE_GE_RONDEAU,VERNIER_AVANCHETS_ETANG,t0800,0.0
CAROUGE_GE_RONDEAU,VERNIER_AVANCHETS_ETANG,t0830,0.0
CAROUGE_GE_RONDEAU,VERNIER_BALEXERT,t0700,0.0
CAROUGE_GE_RONDEAU,VERNIER_BALEXERT,t0730,0.0
CAROUGE_GE_RONDEAU,VERNIER_BALEXERT,t0800,0.0
CAROUGE_GE_RONDEAU,VERNIER_BALEXERT,t0830,0.0
CAROUGE_GE_RONDEAU,VERNIER_BLANDONNET,t0700,0.0
CAROUGE_GE_RONDEAU,VERNIER_BLANDONNET,t0730,0.0
CAROUGE_GE_RONDEAU,VERNIER_BLANDONNET,t0800,0.0
CAROUGE_GE_RONDEAU,VERNIER_BLANDONNET,t0830,0.0
CAROUGE_GE_RONDEAU,VERNIER_BOUCHET,t0700,0.0
CAROUGE_GE_RONDEAU,VERNIER_BOUCHET,t0730,0.0
CAROUGE_GE_RONDEAU,VERNIER_BOUCHET,t0800,0.0
CAROUGE_GE_RONDEAU,VERNIER_BOUCHET,t0830,0.0
CHENE_BOUGERIES_GRANGETTES,BERNEX_HAINARD,t0700,0.0
CHENE_BOUGERIES_GRANGETTES,BERNEX_HAINARD,t0730,0.0
CHENE_BOUGERIES_GRANGETTES,BERNEX_HAINARD,t0800,0.0
CHENE_BOUGERIES_GRANGETTES,BERNEX_HAINARD,t0830,0.0
CHENE_BOUGERIES_GRANGETTES,BERNEX_LUCHEPELET,t0700,0.0
CHENE_BOUGERIES_GRANGETTES,BERNEX_LUCHEPELET,t0730,0.0
CHENE_BOUGERIES_GRANGETTES,BERNEX_LUCHEPELET,t0800,0.0
CHENE_BOUGERIES_GRANGETTES,BERNEX_LUCHEPELET,t0830,0.0
CHENE_BOUGERIES_GRANGETTES,BERNEX_PRE_MARAIS,t0700,0.0
CHENE_BOUGERIES_GRANGETTES,BERNEX_PRE_MARAIS,t0730,0.0
CHENE_BOUGERIES_GRANGETTES,BERNEX_PRE_MARAIS,t0800,0.0
CHENE_BOUGERIES_GRANGETTES,BERNEX_PRE_MARAIS,t0830,0.0
CHENE_BOUGERIES_GRANGETTES,BERNEX_P_R,t0700,0.0
CHENE_BOUGERIES_GRANGETTES,BERNEX_P_R,t0730,0.0
CHENE_BOUGERIES_GRANGETTES,BERNEX_P_R,t0800,0.0
CHENE_BOUGERIES_GRANGETTES,BERNEX_P_R,t0830,0.0
CHENE_BOUGERIES_GRANGETTES,BERNEX_VAILLY,t0700,0.0
CHENE_BOUGERIES_GRANGETTES,BERNEX_VAILLY,t0730,0.0
CHENE_BOUGERIES_GRANGETTES,BERNEX_VAILLY,t0800,0.0
CHENE_BOUGERIES_GRANGETTES,BERNEX_VAILLY,t0830,0.0
CHENE_BOUGERIES_GRANGETTES,CAROUGE_GE_ANCIENNE,t0700,0.0
CHENE_BOUGERIES_GRANGETTES,CAROUGE_GE_ANCIENNE,t0730,0.0
CHENE_BOUGERIES_GRANGETTES,CAROUGE_GE_ANCIENNE,t0800,0.0
CHENE_BOUGERIES_GRANGETTES,CAROUGE_GE_ANCIENNE,t0830,0.0
CHENE_BOUGERIES_GRANGETTES,CAROUGE_GE_ARMES,t0700,0.0
CHENE_BOUGERIES_GRANGETTES,CAROUGE_GE_ARMES,t0730,0.0
CHENE_BOUGERIES_GRANGETTES,CAROUGE_GE_ARMES,t0800,0.0
CHENE_BOUGERIES_GRANGETTES,CAROUGE_GE_ARMES,t0830,0.0
CHENE_BOUGERIES_GRANGETTES,CAROUGE_GE_MARCHE,t0700,0.0
CHENE_BOUGERIES_GRANGETTES,CAROUGE_GE_MARCHE,t0730,0.0
CHENE_BOUGERIES_GRANGETTES,CAROUGE_GE_MARCHE,t0800,0.0
CHENE_BOUGERIES_GRANGETTES,CAROUGE_GE_MARCHE,t0830,0.0
CHENE_BOUGERIES_GRANGETTES,CAROUGE_GE_RONDEAU,t0700,0.0
CHENE_BOUGERIES_GRANGETTES,CAROUGE_GE_RONDEAU,t0730,0.0
CHENE_BOUGERIES_GRANGETTES,CAROUGE_GE_RONDEAU,t0800,0.0
CHENE_BOUGERIES_GRANGETTES,CAROUGE_GE_RONDEAU,t0830,0.0
CHENE_BOUGERIES_GRANGETTES,CHENE_BOUGERIES_GRANGE_CANAL,t0700,0.0
CHENE_BOUGERIES_GRANGETTES,CHENE_BOUGERIES_GRANGE_CANAL,t0730,0.0
CHENE_BOUGERIES_GRANGETTES,CHENE_BOUGERIES_GRANGE_CANAL,t0800,0.0
CHENE_BOUGERIES_GRANGETTES,CHENE_BOUGERIES_GRANGE_CANAL,t0830,0.0
CHENE_BOUGERIES_GRANGETTES,CHENE_BOUGERIES_GRANGE_FALQUET,t0700,0.0
CHENE_BOUGERIES_GRANGETTES,CHENE_BOUGERIES_GRANGE_FALQUET,t0730,0.0
CHENE_BOUGERIES_GRANGETTES,CHENE_BOUGERIES_GRANGE_FALQUET,t0800,0.0
CHENE_BOUGERIES_GRANGETTES,CHENE_BOUGERIES_GRANGE_FALQUET,t0830,0.0
CHENE_BOUGERIES_GRANGETTES,CHENE_BOURG_PEILLONNEX,t0700,0.0
CHENE_BOUGERIES_GRANGETTES,CHENE_BOURG_PEILLONNEX,t0730,0.0
CHENE_BOUGERIES_GRANGETTES,CHENE_BOURG_PEILLONNEX,t0800,0.0
CHENE_BOUGERIES_GRANGETTES,CHENE_BOURG_PEILLONNEX,t0830,0.0
CHENE_BOUGERIES_GRANGETTES,CHENE_BOURG_PLACE_FAVRE,t0700,0.0
CHENE_BOUGERIES_GRANGETTES,CHENE_BOURG_PLACE_FAVRE,t0730,0.0
CHENE_BOUGERIES_GRANGETTES,CHENE_BOURG_PLACE_FAVRE,t0800,0.0
CHENE_BOUGERIES_GRANGETTES,CHENE_BOURG_PLACE_FAVRE,t0830,0.0
CHENE_BOUGERIES_GRANGETTES,CONFIGNON_CROISEE,t0700,0.0
CHENE_BOUGERIES_GRANGETTES,CONFIGNON_CROISEE,t0730,0.0
CHENE_BOUGERIES_GRANGETTES,CONFIGNON_CROISEE,t0800,0.0
CHENE_BOUGERIES_GRANGETTES,CONFIGNON_CROISEE,t0830,0.0
CHENE_BOUGERIES_GRANGETTES,CONFIGNON_LA_DODE,t0700,0.0
CHENE_BOUGERIES_GRANGETTES,CONFIGNON_LA_DODE,t0730,0.0
CHENE_BOUGERIES_GRANGETTES,CONFIGNON_LA_DODE,t0800,0.0
CHENE_BOUGERIES_GRANGETTES,CONFIGNON_LA_DODE,t0830,0.0
CHENE_BOUGERIES_GRANGETTES,GENEVE_AMANDOLIER,t0700,0.0
CHENE_BOUGERIES_GRANGETTES,GENEVE_AMANDOLIER,t0730,0.0
CHENE_BOUGERIES_GRANGETTES,GENEVE_AMANDOLIER,t0800,0.0
CHENE_BOUGERIES_GRANGETTES,GENEVE_AMANDOLIER,t0830,0.0
CHENE_BOUGERIES_GRANGETTES,GENEVE_AUGUSTINS,t0700,0.0
CHENE_BOUGERIES_GRANGETTES,GENEVE_AUGUSTINS,t0730,0.0
CHENE_BOUGERIES_GRANGETTES,GENEVE_AUGUSTINS,t0800,0.0
CHENE_BOUGERIES_GRANGETTES,GENEVE_AUGUSTINS,t0830,0.0
CHENE_BOUGERIES_GRANGETTES,GENEVE_BEL_AIR,t0700,0.0
CHENE_BOUGERIES_GRANGETTES,GENEVE_BEL_AIR,t0730,0.0
CHENE_BOUGERIES_GRANGETTES,GENEVE_BEL_AIR,t0800,0.0
CHENE_BOUGERIES_GRANGETTES,GENEVE_BEL_AIR,t0830,0.0
CHENE_BOUGERIES_GRANGETTES,GENEVE_BLANCHE,t0700,0.0
CHENE_BOUGERIES_GRANGETTES,GENEVE_BLANCHE,t0730,0.0
CHENE_BOUGERIES_GRANGETTES,GENEVE_BLANCHE,t0800,0.0
CHENE_BOUGERIES_GRANGETTES,GENEVE_BLANCHE,t0830,0.0
CHENE_BOUGERIES_GRANGETTES,GENEVE_COUTANCE,t0700,0.0
CHENE_BOUGERIES_GRANGETTES,GENEVE_COUTANCE,t0730,0.0
CHENE_BOUGERIES_GRANGETTES,GENEVE_COUTANCE,t0800,0.0
CHENE_BOUGERIES_GRANGETTES,GENEVE_COUTANCE,t0830,0.0
CHENE_BOUGERIES_GRANGETTES,GENEVE_EAUX_VIVES_GARE,t0700,0.0
CHENE_BOUGERIES_GRANGETTES,GENEVE_EAUX_VIVES_GARE,t0730,0.0
CHENE_BOUGERIES_GRANGETTES,GENEVE_EAUX_VIVES_GARE,t0800,0.0
CHENE_BOUGERIES_GRANGETTES,GENEVE_EAUX_VIVES_GARE,t0830,0.0
CHENE_BOUGERIES_GRANGETTES,GENEVE_GARE_CORNAVIN,t0700,0.0
CHENE_BOUGERIES_GRANGETTES,GENEVE_GARE_CORNAVIN,t0730,0.0
CHENE_BOUGERIES_GRANGETTES,GENEVE_GARE_CORNAVIN,t0800,0.0
CHENE_BOUGERIES_GRANGETTES,GENEVE_GARE_CORNAVIN,t0830,0.0
CHENE_BOUGERIES_GRANGETTES,GENEVE_JONCTION,t0700,0.0
CHENE_BOUGERIES_GRANGETTES,GENEVE_JONCTION,t0730,0.0
CHENE_BOUGERIES_GRANGETTES,GENEVE_JONCTION,t0800,0.0
CHENE_BOUGERIES_GRANGETTES,GENEVE_JONCTION,t0830,0.0
CHENE_BOUGERIES_GRANGETTES,GENEVE_LYON,t0700,0.0
CHENE_BOUGERIES_GRANGETTES,GENEVE_LYON,t0730,0.0
CHENE_BOUGERIES_GRANGETTES,GENEVE_LYON,t0800,0.0
CHENE_BOUGERIES_GRANGETTES,GENEVE_LYON,t0830,0.0
CHENE_BOUGERIES_GRANGETTES,GENEVE_MOLARD,t0700,0.0
CHENE_BOUGERIES_GRANGETTES,GENEVE_MOLARD,t0730,0.0
CHENE_BOUGERIES_GRANGETTES,GENEVE_MOLARD,t0800,0.0
CHENE_BOUGERIES_GRANGETTES,GENEVE_MOLARD,t0830,0.0
CHENE_BOUGERIES_GRANGETTES,GENEVE_PALLADIUM,t0700,0.0
CHENE_BOUGERIES_GRANGETTES,GENEVE_PALLADIUM,t0730,0.0
CHENE_BOUGERIES_GRANGETTES,GENEVE_PALLADIUM,t0800,0.0
CHENE_BOUGERIES_GRANGETTES,GENEVE_PALLADIUM,t0830,0.0
CHENE_BOUGERIES_GRANGETTES,GENEVE_PLACE_DE_NEUVE,t0700,0.0
CHENE_BOUGERIES_GRANGETTES,GENEVE_PLACE_DE_NEUVE,t0730,0.0
CHENE_BOUGERIES_GRANGETTES,GENEVE_PLACE_DE_NEUVE,t0800,0.0
CHENE_BOUGERIES_GRANGETTES,GENEVE_PLACE_DE_NEUVE,t0830,0.0
CHENE_BOUGERIES_GRANGETTES,GENEVE_PLAINPALAIS,t0700,0.0
CHENE_BOUGERIES_GRANGETTES,GENEVE_PLAINPALAIS,t0730,0.0
CHENE_BOUGERIES_GRANGETTES,GENEVE_PLAINPALAIS,t0800,0.0
CHENE_BOUGERIES_GRANGETTES,GENEVE_PLAINPALAIS,t0830,0.0
CHENE_BOUGERIES_GRANGETTES,GENEVE_PONT_D_ARVE,t0700,0.0
CHENE_BOUGERIES_GRANGETTES,GENEVE_PONT_D_ARVE,t0730,0.0
CHENE_BOUGERIES_GRANGETTES,GENEVE_PONT_D_ARVE,t0800,0.0
CHENE_BOUGERIES_GRANGETTES,GENEVE_PONT_D_ARVE,t0830,0.0
CHENE_BOUGERIES_GRANGETTES,GENEVE_POTERIE,t0700,0.0
CHENE_BOUGERIES_GRANGETTES,GENEVE_POTERIE,t0730,0.0
CHENE_BOUGERIES_GRANGETTES,GENEVE_POTERIE,t0800,0.0
CHENE_BOUGERIES_GRANGETTES,GENEVE_POTERIE,t0830,0.0
CHENE_BOUGERIES_GRANGETTES,GENEVE_RIVE,t0700,0.0
CHENE_BOUGERIES_GRANGETTES,GENEVE_RIVE,t0730,0.0
CHENE_BOUGERIES_GRANGETTES,GENEVE_RIVE,t0800,0.0
CHENE_BOUGERIES_GRANGETTES,GENEVE_RIVE,t0830,0.0
CHENE_BOUGERIES_GRANGETTES,GENEVE_SERVETTE,t0700,0.0
CHENE_BOUGERIES_GRANGETTES,GENEVE_SERVETTE,t0730,0.0
CHENE_BOUGERIES_GRANGETTES,GENEVE_SERVETTE,t0800,0.0
CHENE_BOUGERIES_GRANGETTES,GENEVE_SERVETTE,t0830,0.0
CHENE_BOUGERIES_GRANGETTES,GENEVE_STAND,t0700,0.0
CHENE_BOUGERIES_GRANGETTES,GENEVE_STAND,t0730,0.0
CHENE_BOUGERIES_GRANGETTES,GENEVE_STAND,t0800,0.0
CHENE_BOUGERIES_GRANGETTES,GENEVE_STAND,t0830,0.0
CHENE_BOUGERIES_GRANGETTES,GENEVE_TERRASSIERE,t0700,0.0
CHENE_BOUGERIES_GRANGETTES,GENEVE_TERRASSIERE,t0730,0.0
CHENE_BOUGERIES_GRANGETTES,GENEVE_TERRASSIERE,t0800,0.0
CHENE_BOUGERIES_GRANGETTES,GENEVE_TERRASSIERE,t0830,0.0
CHENE_BOUGERIES_GRANGETTES,GENEVE_VIEUSSEUX,t0700,0.0
CHENE_BOUGERIES_GRANGETTES,GENEVE_VIEUSSEUX,t0730,0.0
CHENE_BOUGERIES_GRANGETTES,GENEVE_VIEUSSEUX,t0800,0.0
CHENE_BOUGERIES_GRANGETTES,GENEVE_VIEUSSEUX,t0830,0.0
CHENE_BOUGERIES_GRANGETTES,GENEVE_VILLEREUSE,t0700,0.0
CHENE_BOUGERIES_GRANGETTES,GENEVE_VILLEREUSE,t0730,0.0
CHENE_BOUGERIES_GRANGETTES,GENEVE_VILLEREUSE,t0800,0.0
CHENE_BOUGERIES_GRANGETTES,GENEVE_VILLEREUSE,t0830,0.0
CHENE_BOUGERIES_GRANGETTES,GRAND_LANCY_DE_STAEL,t0700,0.0
CHENE_BOUGERIES_GRANGETTES,GRAND_LANCY_DE_STAEL,t0730,0.0
CHENE_BOUGERIES_GRANGETTES,GRAND_LANCY_DE_STAEL,t0800,0.0
CHENE_BOUGERIES_GRANGETTES,GRAND_LANCY_DE_STAEL,t0830,0.0
CHENE_BOUGERIES_GRANGETTES,GRAND_LANCY_PALETTES,t0700,0.0
CHENE_BOUGERIES_GRANGETTES,GRAND_LANCY_PALETTES,t0730,0.0
CHENE_BOUGERIES_GRANGETTES,GRAND_LANCY_PALETTES,t0800,0.0
CHENE_BOUGERIES_GRANGETTES,GRAND_LANCY_PALETTES,t0830,0.0
CHENE_BOUGERIES_GRANGETTES,GRAND_LANCY_PONTETS,t0700,0.0
CHENE_BOUGERIES_GRANGETTES,GRAND_LANCY_PONTETS,t0730,0.0
CHENE_BOUGERIES_GRANGETTES,GRAND_LANCY_PONTETS,t0800,0.0
CHENE_BOUGERIES_GRANGETTES,GRAND_LANCY_PONTETS,t0830,0.0
CHENE_BOUGERIES_GRANGETTES,LANCY_BACHET_GARE,t0700,0.0
CHENE_BOUGERIES_GRANGETTES,LANCY_BACHET_GARE,t0730,0.0
CHENE_BOUGERIES_GRANGETTES,LANCY_BACHET_GARE,t0800,0.0
CHENE_BOUGERIES_GRANGETTES,LANCY_BACHET_GARE,t0830,0.0
CHENE_BOUGERIES_GRANGETTES,MEYRIN_BOIS_DU_LAN,t0700,0.0
CHENE_BOUGERIES_GRANGETTES,MEYRIN_BOIS_DU_LAN,t0730,0.0
CHENE_BOUGERIES_GRANGETTES,MEYRIN_BOIS_DU_LAN,t0800,0.0
CHENE_BOUGERIES_GRANGETTES,MEYRIN_BOIS_DU_LAN,t0830,0.0
CHENE_BOUGERIES_GRANGETTES,MEYRIN_CERN,t0700,0.0
CHENE_BOUGERIES_GRANGETTES,MEYRIN_CERN,t0730,0.0
CHENE_BOUGERIES_GRANGETTES,MEYRIN_CERN,t0800,0.0
CHENE_BOUGERIES_GRANGETTES,MEYRIN_CERN,t0830,0.0
CHENE_BOUGERIES_GRANGETTES,MEYRIN_FORUMEYRIN,t0700,0.0
CHENE_BOUGERIES_GRANGETTES,MEYRIN_FORUMEYRIN,t0730,0.0
CHENE_BOUGERIES_GRANGETTES,MEYRIN_FORUMEYRIN,t0800,0.0
CHENE_BOUGERIES_GRANGETTES,MEYRIN_FORUMEYRIN,t0830,0.0
CHENE_BOUGERIES_GRANGETTES,MEYRIN_GRAVIERE,t0700,0.0
CHENE_BOUGERIES_GRANGETTES,MEYRIN_GRAVIERE,t0730,0.0
CHENE_BOUGERIES_GRANGETTES,MEYRIN_GRAVIERE,t0800,0.0
CHENE_BOUGERIES_GRANGETTES,MEYRIN_GRAVIERE,t0830,0.0
CHENE_BOUGERIES_GRANGETTES,MEYRIN_HOPITAL_DE_LA_TOUR,t0700,0.0
CHENE_BOUGERIES_GRANGETTES,MEYRIN_HOPITAL_DE_LA_TOUR,t0730,0.0
CHENE_BOUGERIES_GRANGETTES,MEYRIN_HOPITAL_DE_LA_TOUR,t0800,0.0
CHENE_BOUGERIES_GRANGETTES,MEYRIN_HOPITAL_DE_LA_TOUR,t0830,0.0
CHENE_BOUGERIES_GRANGETTES,MEYRIN_JARDIN_ALPIN_VIVARIUM,t0700,0.0
CHENE_BOUGERIES_GRANGETTES,MEYRIN_JARDIN_ALPIN_VIVARIUM,t0730,0.0
CHENE_BOUGERIES_GRANGETTES,MEYRIN_JARDIN_ALPIN_VIVARIUM,t0800,0.0
CHENE_BOUGERIES_GRANGETTES,MEYRIN_JARDIN_ALPIN_VIVARIUM,t0830,0.0
CHENE_BOUGERIES_GRANGETTES,MEYRIN_MAISONNEX,t0700,0.0
CHENE_BOUGERIES_GRANGETTES,MEYRIN_MAISONNEX,t0730,0.0
CHENE_BOUGERIES_GRANGETTES,MEYRIN_MAISONNEX,t0800,0.0
CHENE_BOUGERIES_GRANGETTES,MEYRIN_MAISONNEX,t0830,0.0
CHENE_BOUGERIES_GRANGETTES,MEYRIN_VAUDAGNE,t0700,0.0
CHENE_BOUGERIES_GRANGETTES,MEYRIN_VAUDAGNE,t0730,0.0
CHENE_BOUGERIES_GRANGETTES,MEYRIN_VAUDAGNE,t0800,0.0
CHENE_BOUGERIES_GRANGETTES,MEYRIN_VAUDAGNE,t0830,0.0
CHENE_BOUGERIES_GRANGETTES,MEYRIN_VILLAGE,t0700,0.0
CHENE_BOUGERIES_GRANGETTES,MEYRIN_VILLAGE,t0730,0.0
CHENE_BOUGERIES_GRANGETTES,MEYRIN_VILLAGE,t0800,0.0
CHENE_BOUGERIES_GRANGETTES,MEYRIN_VILLAGE,t0830,0.0
CHENE_BOUGERIES_GRANGETTES,ONEX_BANDOL,t0700,0.0
CHENE_BOUGERIES_GRANGETTES,ONEX_BANDOL,t0730,0.0
CHENE_BOUGERIES_GRANGETTES,ONEX_BANDOL,t0800,0.0
CHENE_BOUGERIES_GRANGETTES,ONEX_BANDOL,t0830,0.0
CHENE_BOUGERIES_GRANGETTES,ONEX_SALLE_COMMUNALE,t0700,0.0
CHENE_BOUGERIES_GRANGETTES,ONEX_SALLE_COMMUNALE,t0730,0.0
CHENE_BOUGERIES_GRANGETTES,ONEX_SALLE_COMMUNALE,t0800,0.0
CHENE_BOUGERIES_GRANGETTES,ONEX_SALLE_COMMUNALE,t0830,0.0
CHENE_BOUGERIES_GRANGETTES,PETIT_LANCY_LES_ESSERTS,t0700,0.0
CHENE_BOUGERIES_GRANGETTES,PETIT_LANCY_LES_ESSERTS,t0730,0.0
CHENE_BOUGERIES_GRANGETTES,PETIT_LANCY_LES_ESSERTS,t0800,0.0
CHENE_BOUGERIES_GRANGETTES,PETIT_LANCY_LES_ESSERTS,t0830,0.0
CHENE_BOUGERIES_GRANGETTES,PETIT_LANCY_PLACE,t0700,0.0
CHENE_BOUGERIES_GRANGETTES,PETIT_LANCY_PLACE,t0730,0.0
CHENE_BOUGERIES_GRANGETTES,PETIT_LANCY_PLACE,t0800,0.0
CHENE_BOUGERIES_GRANGETTES,PETIT_LANCY_PLACE,t0830,0.0
CHENE_BOUGERIES_GRANGETTES,PETIT_LANCY_QUIDORT,t0700,0.0
CHENE_BOUGERIES_GRANGETTES,PETIT_LANCY_QUIDORT,t0730,0.0
CHENE_BOUGERIES_GRANGETTES,PETIT_LANCY_QUIDORT,t0800,0.0
CHENE_BOUGERIES_GRANGETTES,PETIT_LANCY_QUIDORT,t0830,0.0
CHENE_BOUGERIES_GRANGETTES,PLAN_LES_OUATES_TREFLE_BLANC,t0700,0.0
CHENE_BOUGERIES_GRANGETTES,PLAN_LES_OUATES_TREFLE_BLANC,t0730,0.0
CHENE_BOUGERIES_GRANGETTES,PLAN_LES_OUATES_TREFLE_BLANC,t0800,0.0
CHENE_BOUGERIES_GRANGETTES,PLAN_LES_OUATES_TREFLE_BLANC,t0830,0.0
CHENE_BOUGERIES_GRANGETTES,THONEX_GRAVESON,t0700,0.0
CHENE_BOUGERIES_GRANGETTES,THONEX_GRAVESON,t0730,0.0
CHENE_BOUGERIES_GRANGETTES,THONEX_GRAVESON,t0800,0.0
CHENE_BOUGERIES_GRANGETTES,THONEX_GRAVESON,t0830,0.0
CHENE_BOUGERIES_GRANGETTES,THONEX_MOILLESULAZ,t0700,0.0
CHENE_BOUGERIES_GRANGETTES,THONEX_MOILLESULAZ,t0730,0.0
CHENE_BOUGERIES_GRANGETTES,THONEX_MOILLESULAZ,t0800,0.0
CHENE_BOUGERIES_GRANGETTES,THONEX_MOILLESULAZ,t0830,0.0
CHENE_BOUGERIES_GRANGETTES,VERNIER_AVANCHETS_ETANG,t0700,0.0
CHENE_BOUGERIES_GRANGETTES,VERNIER_AVANCHETS_ETANG,t0730,0.0
CHENE_BOUGERIES_GRANGETTES,VERNIER_AVANCHETS_ETANG,t0800,0.0
CHENE_BOUGERIES_GRANGETTES,VERNIER_AVANCHETS_ETANG,t0830,0.0
CHENE_BOUGERIES_GRANGETTES,VERNIER_BALEXERT,t0700,0.0
CHENE_BOUGERIES_GRANGETTES,VERNIER_BALEXERT,t0730,0.0
CHENE_BOUGERIES_GRANGETTES,VERNIER_BALEXERT,t0800,0.0
CHENE_BOUGERIES_GRANGETTES,VERNIER_BALEXERT,t0830,0.0
CHENE_BOUGERIES_GRANGETTES,VERNIER_BLANDONNET,t0700,0.0
CHENE_BOUGERIES_GRANGETTES,VERNIER_BLANDONNET,t0730,0.0
CHENE_BOUGERIES_GRANGETTES,VERNIER_BLANDONNET,t0800,0.0
CHENE_BOUGERIES_GRANGETTES,VERNIER_BLANDONNET,t0830,0.0
CHENE_BOUGERIES_GRANGETTES,VERNIER_BOUCHET,t0700,0.0
CHENE_BOUGERIES_GRANGETTES,VERNIER_BOUCHET,t0730,0.0
CHENE_BOUGERIES_GRANGETTES,VERNIER_BOUCHET,t0800,0.0
CHENE_BOUGERIES_GRANGETTES,VERNIER_BOUCHET,t0830,0.0
CHENE_BOUGERIES_GRANGE_CANAL,BERNEX_HAINARD,t0700,0.0
CHENE_BOUGERIES_GRANGE_CANAL,BERNEX_HAINARD,t0730,0.0
CHENE_BOUGERIES_GRANGE_CANAL,BERNEX_HAINARD,t0800,0.0
CHENE_BOUGERIES_GRANGE_CANAL,BERNEX_HAINARD,t0830,0.0
CHENE_BOUGERIES_GRANGE_CANAL,BERNEX_LUCHEPELET,t0700,0.0
CHENE_BOUGERIES_GRANGE_CANAL,BERNEX_LUCHEPELET,t0730,0.0
CHENE_BOUGERIES_GRANGE_CANAL,BERNEX_LUCHEPELET,t0800,0.0
CHENE_BOUGERIES_GRANGE_CANAL,BERNEX_LUCHEPELET,t0830,0.0
CHENE_BOUGERIES_GRANGE_CANAL,BERNEX_PRE_MARAIS,t0700,0.0
CHENE_BOUGERIES_GRANGE_CANAL,BERNEX_PRE_MARAIS,t0730,0.0
CHENE_BOUGERIES_GRANGE_CANAL,BERNEX_PRE_MARAIS,t0800,0.0
CHENE_BOUGERIES_GRANGE_CANAL,BERNEX_PRE_MARAIS,t0830,0.0
CHENE_BOUGERIES_GRANGE_CANAL,BERNEX_P_R,t0700,0.0
CHENE_BOUGERIES_GRANGE_CANAL,BERNEX_P_R,t0730,0.0
CHENE_BOUGERIES_GRANGE_CANAL,BERNEX_P_R,t0800,0.0
CHENE_BOUGERIES_GRANGE_CANAL,BERNEX_P_R,t0830,0.0
CHENE_BOUGERIES_GRANGE_CANAL,BERNEX_VAILLY,t0700,0.0
CHENE_BOUGERIES_GRANGE_CANAL,BERNEX_VAILLY,t0730,0.0
CHENE_BOUGERIES_GRANGE_CANAL,BERNEX_VAILLY,t0800,0.0
CHENE_BOUGERIES_GRANGE_CANAL,BERNEX_VAILLY,t0830,0.0
CHENE_BOUGERIES_GRANGE_CANAL,CAROUGE_GE_ANCIENNE,t0700,0.0
CHENE_BOUGERIES_GRANGE_CANAL,CAROUGE_GE_ANCIENNE,t0730,0.0
CHENE_BOUGERIES_GRANGE_CANAL,CAROUGE_GE_ANCIENNE,t0800,0.0
CHENE_BOUGERIES_GRANGE_CANAL,CAROUGE_GE_ANCIENNE,t0830,0.0
CHENE_BOUGERIES_GRANGE_CANAL,CAROUGE_GE_ARMES,t0700,0.0
CHENE_BOUGERIES_GRANGE_CANAL,CAROUGE_GE_ARMES,t0730,0.0
CHENE_BOUGERIES_GRANGE_CANAL,CAROUGE_GE_ARMES,t0800,0.0
CHENE_BOUGERIES_GRANGE_CANAL,CAROUGE_GE_ARMES,t0830,0.0
CHENE_BOUGERIES_GRANGE_CANAL,CAROUGE_GE_MARCHE,t0700,0.0
CHENE_BOUGERIES_GRANGE_CANAL,CAROUGE_GE_MARCHE,t0730,0.0
CHENE_BOUGERIES_GRANGE_CANAL,CAROUGE_GE_MARCHE,t0800,0.0
CHENE_BOUGERIES_GRANGE_CANAL,CAROUGE_GE_MARCHE,t0830,0.0
CHENE_BOUGERIES_GRANGE_CANAL,CAROUGE_GE_RONDEAU,t0700,0.0
CHENE_BOUGERIES_GRANGE_CANAL,CAROUGE_GE_RONDEAU,t0730,0.0
CHENE_BOUGERIES_GRANGE_CANAL,CAROUGE_GE_RONDEAU,t0800,0.0
CHENE_BOUGERIES_GRANGE_CANAL,CAROUGE_GE_RONDEAU,t0830,0.0
CHENE_BOUGERIES_GRANGE_CANAL,CHENE_BOUGERIES_GRANGETTES,t0700,0.0
CHENE_BOUGERIES_GRANGE_CANAL,CHENE_BOUGERIES_GRANGETTES,t0730,0.0
CHENE_BOUGERIES_GRANGE_CANAL,CHENE_BOUGERIES_GRANGETTES,t0800,0.0
CHENE_BOUGERIES_GRANGE_CANAL,CHENE_BOUGERIES_GRANGETTES,t0830,0.0
CHENE_BOUGERIES_GRANGE_CANAL,CHENE_BOUGERIES_GRANGE_FALQUET,t0700,0.0
CHENE_BOUGERIES_GRANGE_CANAL,CHENE_BOUGERIES_GRANGE_FALQUET,t0730,0.0
CHENE_BOUGERIES_GRANGE_CANAL,CHENE_BOUGERIES_GRANGE_FALQUET,t0800,0.0
CHENE_BOUGERIES_GRANGE_CANAL,CHENE_BOUGERIES_GRANGE_FALQUET,t0830,0.0
CHENE_BOUGERIES_GRANGE_CANAL,CHENE_BOURG_PEILLONNEX,t0700,0.0
CHENE_BOUGERIES_GRANGE_CANAL,CHENE_BOURG_PEILLONNEX,t0730,0.0
CHENE_BOUGERIES_GRANGE_CANAL,CHENE_BOURG_PEILLONNEX,t0800,0.0
CHENE_BOUGERIES_GRANGE_CANAL,CHENE_BOURG_PEILLONNEX,t0830,0.0
CHENE_BOUGERIES_GRANGE_CANAL,CHENE_BOURG_PLACE_FAVRE,t0700,0.0
CHENE_BOUGERIES_GRANGE_CANAL,CHENE_BOURG_PLACE_FAVRE,t0730,0.0
CHENE_BOUGERIES_GRANGE_CANAL,CHENE_BOURG_PLACE_FAVRE,t0800,0.0
CHENE_BOUGERIES_GRANGE_CANAL,CHENE_BOURG_PLACE_FAVRE,t0830,0.0
CHENE_BOUGERIES_GRANGE_CANAL,CONFIGNON_CROISEE,t0700,0.0
CHENE_BOUGERIES_GRANGE_CANAL,CONFIGNON_CROISEE,t0730,0.0
CHENE_BOUGERIES_GRANGE_CANAL,CONFIGNON_CROISEE,t0800,0.0
CHENE_BOUGERIES_GRANGE_CANAL,CONFIGNON_CROISEE,t0830,0.0
CHENE_BOUGERIES_GRANGE_CANAL,CONFIGNON_LA_DODE,t0700,0.0
CHENE_BOUGERIES_GRANGE_CANAL,CONFIGNON_LA_DODE,t0730,0.0
CHENE_BOUGERIES_GRANGE_CANAL,CONFIGNON_LA_DODE,t0800,0.0
CHENE_BOUGERIES_GRANGE_CANAL,CONFIGNON_LA_DODE,t0830,0.0
CHENE_BOUGERIES_GRANGE_CANAL,GENEVE_AMANDOLIER,t0700,0.0
CHENE_BOUGERIES_GRANGE_CANAL,GENEVE_AMANDOLIER,t0730,0.0
CHENE_BOUGERIES_GRANGE_CANAL,GENEVE_AMANDOLIER,t0800,0.0
CHENE_BOUGERIES_GRANGE_CANAL,GENEVE_AMANDOLIER,t0830,0.0
CHENE_BOUGERIES_GRANGE_CANAL,GENEVE_AUGUSTINS,t0700,0.0
CHENE_BOUGERIES_GRANGE_CANAL,GENEVE_AUGUSTINS,t0730,0.0
CHENE_BOUGERIES_GRANGE_CANAL,GENEVE_AUGUSTINS,t0800,0.0
CHENE_BOUGERIES_GRANGE_CANAL,GENEVE_AUGUSTINS,t0830,0.0
CHENE_BOUGERIES_GRANGE_CANAL,GENEVE_BEL_AIR,t0700,0.0
CHENE_BOUGERIES_GRANGE_CANAL,GENEVE_BEL_AIR,t0730,0.0
CHENE_BOUGERIES_GRANGE_CANAL,GENEVE_BEL_AIR,t0800,0.0
CHENE_BOUGERIES_GRANGE_CANAL,GENEVE_BEL_AIR,t0830,0.0
CHENE_BOUGERIES_GRANGE_CANAL,GENEVE_BLANCHE,t0700,15.238
CHENE_BOUGERIES_GRANGE_CANAL,GENEVE_BLANCHE,t0730,40.952
CHENE_BOUGERIES_GRANGE_CANAL,GENEVE_BLANCHE,t0800,19.048
CHENE_BOUGERIES_GRANGE_CANAL,GENEVE_BLANCHE,t0830,49.524
CHENE_BOUGERIES_GRANGE_CANAL,GENEVE_COUTANCE,t0700,0.0
CHENE_BOUGERIES_GRANGE_CANAL,GENEVE_COUTANCE,t0730,0.0
CHENE_BOUGERIES_GRANGE_CANAL,GENEVE_COUTANCE,t0800,0.0
CHENE_BOUGERIES_GRANGE_CANAL,GENEVE_COUTANCE,t0830,0.0
CHENE_BOUGERIES_GRANGE_CANAL,GENEVE_EAUX_VIVES_GARE,t0700,0.0
CHENE_BOUGERIES_GRANGE_CANAL,GENEVE_EAUX_VIVES_GARE,t0730,0.0
CHENE_BOUGERIES_GRANGE_CANAL,GENEVE_EAUX_VIVES_GARE,t0800,0.0
CHENE_BOUGERIES_GRANGE_CANAL,GENEVE_EAUX_VIVES_GARE,t0830,0.0
CHENE_BOUGERIES_GRANGE_CANAL,GENEVE_GARE_CORNAVIN,t0700,0.0
CHENE_BOUGERIES_GRANGE_CANAL,GENEVE_GARE_CORNAVIN,t0730,0.0
CHENE_BOUGERIES_GRANGE_CANAL,GENEVE_GARE_CORNAVIN,t0800,0.0
CHENE_BOUGERIES_GRANGE_CANAL,GENEVE_GARE_CORNAVIN,t0830,0.0
CHENE_BOUGERIES_GRANGE_CANAL,GENEVE_JONCTION,t0700,0.0
CHENE_BOUGERIES_GRANGE_CANAL,GENEVE_JONCTION,t0730,0.0
CHENE_BOUGERIES_GRANGE_CANAL,GENEVE_JONCTION,t0800,0.0
CHENE_BOUGERIES_GRANGE_CANAL,GENEVE_JONCTION,t0830,0.0
CHENE_BOUGERIES_GRANGE_CANAL,GENEVE_LYON,t0700,0.0
CHENE_BOUGERIES_GRANGE_CANAL,GENEVE_LYON,t0730,0.0
CHENE_BOUGERIES_GRANGE_CANAL,GENEVE_LYON,t0800,0.0
CHENE_BOUGERIES_GRANGE_CANAL,GENEVE_LYON,t0830,0.0
CHENE_BOUGERIES_GRANGE_CANAL,GENEVE_MOLARD,t0700,0.0
CHENE_BOUGERIES_GRANGE_CANAL,GENEVE_MOLARD,t0730,0.0
CHENE_BOUGERIES_GRANGE_CANAL,GENEVE_MOLARD,t0800,0.0
CHENE_BOUGERIES_GRANGE_CANAL,GENEVE_MOLARD,t0830,0.0
CHENE_BOUGERIES_GRANGE_CANAL,GENEVE_PALLADIUM,t0700,0.0
CHENE_BOUGERIES_GRANGE_CANAL,GENEVE_PALLADIUM,t0730,0.0
CHENE_BOUGERIES_GRANGE_CANAL,GENEVE_PALLADIUM,t0800,0.0
CHENE_BOUGERIES_GRANGE_CANAL,GENEVE_PALLADIUM,t0830,0.0
CHENE_BOUGERIES_GRANGE_CANAL,GENEVE_PLACE_DE_NEUVE,t0700,0.0
CHENE_BOUGERIES_GRANGE_CANAL,GENEVE_PLACE_DE_NEUVE,t0730,0.0
CHENE_BOUGERIES_GRANGE_CANAL,GENEVE_PLACE_DE_NEUVE,t0800,0.0
CHENE_BOUGERIES_GRANGE_CANAL,GENEVE_PLACE_DE_NEUVE,t0830,0.0
CHENE_BOUGERIES_GRANGE_CANAL,GENEVE_PLAINPALAIS,t0700,0.0
CHENE_BOUGERIES_GRANGE_CANAL,GENEVE_PLAINPALAIS,t0730,0.0
CHENE_BOUGERIES_GRANGE_CANAL,GENEVE_PLAINPALAIS,t0800,0.0
CHENE_BOUGERIES_GRANGE_CANAL,GENEVE_PLAINPALAIS,t0830,0.0
CHENE_BOUGERIES_GRANGE_CANAL,GENEVE_PONT_D_ARVE,t0700,0.0
CHENE_BOUGERIES_GRANGE_CANAL,GENEVE_PONT_D_ARVE,t0730,0.0
CHENE_BOUGERIES_GRANGE_CANAL,GENEVE_PONT_D_ARVE,t0800,0.0
CHENE_BOUGERIES_GRANGE_CANAL,GENEVE_PONT_D_ARVE,t0830,0.0
CHENE_BOUGERIES_GRANGE_CANAL,GENEVE_POTERIE,t0700,0.0
CHENE_BOUGERIES_GRANGE_CANAL,GENEVE_POTERIE,t0730,0.0
CHENE_BOUGERIES_GRANGE_CANAL,GENEVE_POTERIE,t0800,0.0
CHENE_BOUGERIES_GRANGE_CANAL,GENEVE_POTERIE,t0830,0.0
CHENE_BOUGERIES_GRANGE_CANAL,GENEVE_RIVE,t0700,0.0
CHENE_BOUGERIES_GRANGE_CANAL,GENEVE_RIVE,t0730,0.0
CHENE_BOUGERIES_GRANGE_CANAL,GENEVE_RIVE,t0800,0.0
CHENE_BOUGERIES_GRANGE_CANAL,GENEVE_RIVE,t0830,0.0
CHENE_BOUGERIES_GRANGE_CANAL,GENEVE_SERVETTE,t0700,0.0
CHENE_BOUGERIES_GRANGE_CANAL,GENEVE_SERVETTE,t0730,0.0
CHENE_BOUGERIES_GRANGE_CANAL,GENEVE_SERVETTE,t0800,0.0
CHENE_BOUGERIES_GRANGE_CANAL,GENEVE_SERVETTE,t0830,0.0
CHENE_BOUGERIES_GRANGE_CANAL,GENEVE_STAND,t0700,0.0
CHENE_BOUGERIES_GRANGE_CANAL,GENEVE_STAND,t0730,0.0
CHENE_BOUGERIES_GRANGE_CANAL,GENEVE_STAND,t0800,0.0
CHENE_BOUGERIES_GRANGE_CANAL,GENEVE_STAND,t0830,0.0
CHENE_BOUGERIES_GRANGE_CANAL,GENEVE_TERRASSIERE,t0700,0.0
CHENE_BOUGERIES_GRANGE_CANAL,GENEVE_TERRASSIERE,t0730,0.0
CHENE_BOUGERIES_GRANGE_CANAL,GENEVE_TERRASSIERE,t0800,0.0
CHENE_BOUGERIES_GRANGE_CANAL,GENEVE_TERRASSIERE,t0830,0.0
CHENE_BOUGERIES_GRANGE_CANAL,GENEVE_VIEUSSEUX,t0700,0.0
CHENE_BOUGERIES_GRANGE_CANAL,GENEVE_VIEUSSEUX,t0730,0.0
CHENE_BOUGERIES_GRANGE_CANAL,GENEVE_VIEUSSEUX,t0800,0.0
CHENE_BOUGERIES_GRANGE_CANAL,GENEVE_VIEUSSEUX,t0830,0.0
CHENE_BOUGERIES_GRANGE_CANAL,GENEVE_VILLEREUSE,t0700,0.0
CHENE_BOUGERIES_GRANGE_CANAL,GENEVE_VILLEREUSE,t0730,0.0
CHENE_BOUGERIES_GRANGE_CANAL,GENEVE_VILLEREUSE,t0800,0.0
CHENE_BOUGERIES_GRANGE_CANAL,GENEVE_VILLEREUSE,t0830,0.0
CHENE_BOUGERIES_GRANGE_CANAL,GRAND_LANCY_DE_STAEL,t0700,0.0
CHENE_BOUGERIES_GRANGE_CANAL,GRAND_LANCY_DE_STAEL,t0730,0.0
CHENE_BOUGERIES_GRANGE_CANAL,GRAND_LANCY_DE_STAEL,t0800,0.0
CHENE_BOUGERIES_GRANGE_CANAL,GRAND_LANCY_DE_STAEL,t0830,0.0
CHENE_BOUGERIES_GRANGE_CANAL,GRAND_LANCY_PALETTES,t0700,0.0
CHENE_BOUGERIES_GRANGE_CANAL,GRAND_LANCY_PALETTES,t0730,0.0
CHENE_BOUGERIES_GRANGE_CANAL,GRAND_LANCY_PALETTES,t0800,0.0
CHENE_BOUGERIES_GRANGE_CANAL,GRAND_LANCY_PALETTES,t0830,0.0
CHENE_BOUGERIES_GRANGE_CANAL,GRAND_LANCY_PONTETS,t0700,0.0
CHENE_BOUGERIES_GRANGE_CANAL,GRAND_LANCY_PONTETS,t0730,0.0
CHENE_BOUGERIES_GRANGE_CANAL,GRAND_LANCY_PONTETS,t0800,0.0
CHENE_BOUGERIES_GRANGE_CANAL,GRAND_LANCY_PONTETS,t0830,0.0
CHENE_BOUGERIES_GRANGE_CANAL,LANCY_BACHET_GARE,t0700,0.0
CHENE_BOUGERIES_GRANGE_CANAL,LANCY_BACHET_GARE,t0730,0.0
CHENE_BOUGERIES_GRANGE_CANAL,LANCY_BACHET_GARE,t0800,0.0
CHENE_BOUGERIES_GRANGE_CANAL,LANCY_BACHET_GARE,t0830,0.0
CHENE_BOUGERIES_GRANGE_CANAL,MEYRIN_BOIS_DU_LAN,t0700,0.0
CHENE_BOUGERIES_GRANGE_CANAL,MEYRIN_BOIS_DU_LAN,t0730,0.0
CHENE_BOUGERIES_GRANGE_CANAL,MEYRIN_BOIS_DU_LAN,t0800,0.0
CHENE_BOUGERIES_GRANGE_CANAL,MEYRIN_BOIS_DU_LAN,t0830,0.0
CHENE_BOUGERIES_GRANGE_CANAL,MEYRIN_CERN,t0700,0.0
CHENE_BOUGERIES_GRANGE_CANAL,MEYRIN_CERN,t0730,0.0
CHENE_BOUGERIES_GRANGE_CANAL,MEYRIN_CERN,t0800,0.0
CHENE_BOUGERIES_GRANGE_CANAL,MEYRIN_CERN,t0830,0.0
CHENE_BOUGERIES_GRANGE_CANAL,MEYRIN_FORUMEYRIN,t0700,0.0
CHENE_BOUGERIES_GRANGE_CANAL,MEYRIN_FORUMEYRIN,t0730,0.0
CHENE_BOUGERIES_GRANGE_CANAL,MEYRIN_FORUMEYRIN,t0800,0.0
CHENE_BOUGERIES_GRANGE_CANAL,MEYRIN_FORUMEYRIN,t0830,0.0
CHENE_BOUGERIES_GRANGE_CANAL,MEYRIN_GRAVIERE,t0700,0.0
CHENE_BOUGERIES_GRANGE_CANAL,MEYRIN_GRAVIERE,t0730,0.0
CHENE_BOUGERIES_GRANGE_CANAL,MEYRIN_GRAVIERE,t0800,0.0
CHENE_BOUGERIES_GRANGE_CANAL,MEYRIN_GRAVIERE,t0830,0.0
CHENE_BOUGERIES_GRANGE_CANAL,MEYRIN_HOPITAL_DE_LA_TOUR,t0700,0.0
CHENE_BOUGERIES_GRANGE_CANAL,MEYRIN_HOPITAL_DE_LA_TOUR,t0730,0.0
CHENE_BOUGERIES_GRANGE_CANAL,MEYRIN_HOPITAL_DE_LA_TOUR,t0800,0.0
CHENE_BOUGERIES_GRANGE_CANAL,MEYRIN_HOPITAL_DE_LA_TOUR,t0830,0.0
CHENE_BOUGERIES_GRANGE_CANAL,MEYRIN_JARDIN_ALPIN_VIVARIUM,t0700,0.0
CHENE_BOUGERIES_GRANGE_CANAL,MEYRIN_JARDIN_ALPIN_VIVARIUM,t0730,0.0
CHENE_BOUGERIES_GRANGE_CANAL,MEYRIN_JARDIN_ALPIN_VIVARIUM,t0800,0.0
CHENE_BOUGERIES_GRANGE_CANAL,MEYRIN_JARDIN_ALPIN_VIVARIUM,t0830,0.0
CHENE_BOUGERIES_GRANGE_CANAL,MEYRIN_MAISONNEX,t0700,0.0
CHENE_BOUGERIES_GRANGE_CANAL,MEYRIN_MAISONNEX,t0730,0.0
CHENE_BOUGERIES_GRANGE_CANAL,MEYRIN_MAISONNEX,t0800,0.0
CHENE_BOUGERIES_GRANGE_CANAL,MEYRIN_MAISONNEX,t0830,0.0
CHENE_BOUGERIES_GRANGE_CANAL,MEYRIN_VAUDAGNE,t0700,0.0
CHENE_BOUGERIES_GRANGE_CANAL,MEYRIN_VAUDAGNE,t0730,0.0
CHENE_BOUGERIES_GRANGE_CANAL,MEYRIN_VAUDAGNE,t0800,0.0
CHENE_BOUGERIES_GRANGE_CANAL,MEYRIN_VAUDAGNE,t0830,0.0
CHENE_BOUGERIES_GRANGE_CANAL,MEYRIN_VILLAGE,t0700,0.0
CHENE_BOUGERIES_GRANGE_CANAL,MEYRIN_VILLAGE,t0730,0.0
CHENE_BOUGERIES_GRANGE_CANAL,MEYRIN_VILLAGE,t0800,0.0
CHENE_BOUGERIES_GRANGE_CANAL,MEYRIN_VILLAGE,t0830,0.0
CHENE_BOUGERIES_GRANGE_CANAL,ONEX_BANDOL,t0700,0.0
CHENE_BOUGERIES_GRANGE_CANAL,ONEX_BANDOL,t0730,0.0
CHENE_BOUGERIES_GRANGE_CANAL,ONEX_BANDOL,t0800,0.0
CHENE_BOUGERIES_GRANGE_CANAL,ONEX_BANDOL,t0830,0.0
CHENE_BOUGERIES_GRANGE_CANAL,ONEX_SALLE_COMMUNALE,t0700,0.0
CHENE_BOUGERIES_GRANGE_CANAL,ONEX_SALLE_COMMUNALE,t0730,0.0
CHENE_BOUGERIES_GRANGE_CANAL,ONEX_SALLE_COMMUNALE,t0800,0.0
CHENE_BOUGERIES_GRANGE_CANAL,ONEX_SALLE_COMMUNALE,t0830,0.0
CHENE_BOUGERIES_GRANGE_CANAL,PETIT_LANCY_LES_ESSERTS,t0700,0.0
CHENE_BOUGERIES_GRANGE_CANAL,PETIT_LANCY_LES_ESSERTS,t0730,0.0
CHENE_BOUGERIES_GRANGE_CANAL,PETIT_LANCY_LES_ESSERTS,t0800,0.0
CHENE_BOUGERIES_GRANGE_CANAL,PETIT_LANCY_LES_ESSERTS,t0830,0.0
CHENE_BOUGERIES_GRANGE_CANAL,PETIT_LANCY_PLACE,t0700,0.0
CHENE_BOUGERIES_GRANGE_CANAL,PETIT_LANCY_PLACE,t0730,0.0
CHENE_BOUGERIES_GRANGE_CANAL,PETIT_LANCY_PLACE,t0800,0.0
CHENE_BOUGERIES_GRANGE_CANAL,PETIT_LANCY_PLACE,t0830,0.0
CHENE_BOUGERIES_GRANGE_CANAL,PETIT_LANCY_QUIDORT,t0700,0.0
CHENE_BOUGERIES_GRANGE_CANAL,PETIT_LANCY_QUIDORT,t0730,0.0
CHENE_BOUGERIES_GRANGE_CANAL,PETIT_LANCY_QUIDORT,t0800,0.0
CHENE_BOUGERIES_GRANGE_CANAL,PETIT_LANCY_QUIDORT,t0830,0.0
CHENE_BOUGERIES_GRANGE_CANAL,PLAN_LES_OUATES_TREFLE_BLANC,t0700,0.0
CHENE_BOUGERIES_GRANGE_CANAL,PLAN_LES_OUATES_TREFLE_BLANC,t0730,0.0
CHENE_BOUGERIES_GRANGE_CANAL,PLAN_LES_OUATES_TREFLE_BLANC,t0800,0.0
CHENE_BOUGERIES_GRANGE_CANAL,PLAN_LES_OUATES_TREFLE_BLANC,t0830,0.0
CHENE_BOUGERIES_GRANGE_CANAL,THONEX_GRAVESON,t0700,0.0
CHENE_BOUGERIES_GRANGE_CANAL,THONEX_GRAVESON,t0730,0.0
CHENE_BOUGERIES_GRANGE_CANAL,THONEX_GRAVESON,t0800,0.0
CHENE_BOUGERIES_GRANGE_CANAL,THONEX_GRAVESON,t0830,0.0
CHENE_BOUGERIES_GRANGE_CANAL,THONEX_MOILLESULAZ,t0700,0.0
CHENE_BOUGERIES_GRANGE_CANAL,THONEX_MOILLESULAZ,t0730,0.0
CHENE_BOUGERIES_GRANGE_CANAL,THONEX_MOILLESULAZ,t0800,0.0
CHENE_BOUGERIES_GRANGE_CANAL,THONEX_MOILLESULAZ,t0830,0.0
CHENE_BOUGERIES_GRANGE_CANAL,VERNIER_AVANCHETS_ETANG,t0700,0.0
CHENE_BOUGERIES_GRANGE_CANAL,VERNIER_AVANCHETS_ETANG,t0730,0.0
CHENE_BOUGERIES_GRANGE_CANAL,VERNIER_AVANCHETS_ETANG,t0800,0.0
CHENE_BOUGERIES_GRANGE_CANAL,VERNIER_AVANCHETS_ETANG,t0830,0.0
CHENE_BOUGERIES_GRANGE_CANAL,VERNIER_BALEXERT,t0700,0.0
CHENE_BOUGERIES_GRANGE_CANAL,VERNIER_BALEXERT,t0730,0.0
CHENE_BOUGERIES_GRANGE_CANAL,VERNIER_BALEXERT,t0800,0.0
CHENE_BOUGERIES_GRANGE_CANAL,VERNIER_BALEXERT,t0830,0.0
CHENE_BOUGERIES_GRANGE_CANAL,VERNIER_BLANDONNET,t0700,0.0
CHENE_BOUGERIES_GRANGE_CANAL,VERNIER_BLANDONNET,t0730,0.0
CHENE_BOUGERIES_GRANGE_CANAL,VERNIER_BLANDONNET,t0800,0.0
CHENE_BOUGERIES_GRANGE_CANAL,VERNIER_BLANDONNET,t0830,0.0
CHENE_BOUGERIES_GRANGE_CANAL,VERNIER_BOUCHET,t0700,0.0
CHENE_BOUGERIES_GRANGE_CANAL,VERNIER_BOUCHET,t0730,0.0
CHENE_BOUGERIES_GRANGE_CANAL,VERNIER_BOUCHET,t0800,0.0
CHENE_BOUGERIES_GRANGE_CANAL,VERNIER_BOUCHET,t0830,0.0
CHENE_BOUGERIES_GRANGE_FALQUET,BERNEX_HAINARD,t0700,0.0
CHENE_BOUGERIES_GRANGE_FALQUET,BERNEX_HAINARD,t0730,0.0
CHENE_BOUGERIES_GRANGE_FALQUET,BERNEX_HAINARD,t0800,0.0
CHENE_BOUGERIES_GRANGE_FALQUET,BERNEX_HAINARD,t0830,0.0
CHENE_BOUGERIES_GRANGE_FALQUET,BERNEX_LUCHEPELET,t0700,0.0
CHENE_BOUGERIES_GRANGE_FALQUET,BERNEX_LUCHEPELET,t0730,0.0
CHENE_BOUGERIES_GRANGE_FALQUET,BERNEX_LUCHEPELET,t0800,0.0
CHENE_BOUGERIES_GRANGE_FALQUET,BERNEX_LUCHEPELET,t0830,0.0
CHENE_BOUGERIES_GRANGE_FALQUET,BERNEX_PRE_MARAIS,t0700,0.0
CHENE_BOUGERIES_GRANGE_FALQUET,BERNEX_PRE_MARAIS,t0730,0.0
CHENE_BOUGERIES_GRANGE_FALQUET,BERNEX_PRE_MARAIS,t0800,0.0
CHENE_BOUGERIES_GRANGE_FALQUET,BERNEX_PRE_MARAIS,t0830,0.0
CHENE_BOUGERIES_GRANGE_FALQUET,BERNEX_P_R,t0700,0.0
CHENE_BOUGERIES_GRANGE_FALQUET,BERNEX_P_R,t0730,0.0
CHENE_BOUGERIES_GRANGE_FALQUET,BERNEX_P_R,t0800,0.0
CHENE_BOUGERIES_GRANGE_FALQUET,BERNEX_P_R,t0830,0.0
CHENE_BOUGERIES_GRANGE_FALQUET,BERNEX_VAILLY,t0700,0.0
CHENE_BOUGERIES_GRANGE_FALQUET,BERNEX_VAILLY,t0730,0.0
CHENE_BOUGERIES_GRANGE_FALQUET,BERNEX_VAILLY,t0800,0.0
CHENE_BOUGERIES_GRANGE_FALQUET,BERNEX_VAILLY,t0830,0.0
CHENE_BOUGERIES_GRANGE_FALQUET,CAROUGE_GE_ANCIENNE,t0700,0.0
CHENE_BOUGERIES_GRANGE_FALQUET,CAROUGE_GE_ANCIENNE,t0730,0.0
CHENE_BOUGERIES_GRANGE_FALQUET,CAROUGE_GE_ANCIENNE,t0800,0.0
CHENE_BOUGERIES_GRANGE_FALQUET,CAROUGE_GE_ANCIENNE,t0830,0.0
CHENE_BOUGERIES_GRANGE_FALQUET,CAROUGE_GE_ARMES,t0700,0.0
CHENE_BOUGERIES_GRANGE_FALQUET,CAROUGE_GE_ARMES,t0730,0.0
CHENE_BOUGERIES_GRANGE_FALQUET,CAROUGE_GE_ARMES,t0800,0.0
CHENE_BOUGERIES_GRANGE_FALQUET,CAROUGE_GE_ARMES,t0830,0.0
CHENE_BOUGERIES_GRANGE_FALQUET,CAROUGE_GE_MARCHE,t0700,0.0
CHENE_BOUGERIES_GRANGE_FALQUET,CAROUGE_GE_MARCHE,t0730,0.0
CHENE_BOUGERIES_GRANGE_FALQUET,CAROUGE_GE_MARCHE,t0800,0.0
CHENE_BOUGERIES_GRANGE_FALQUET,CAROUGE_GE_MARCHE,t0830,0.0
CHENE_BOUGERIES_GRANGE_FALQUET,CAROUGE_GE_RONDEAU,t0700,0.0
CHENE_BOUGERIES_GRANGE_FALQUET,CAROUGE_GE_RONDEAU,t0730,0.0
CHENE_BOUGERIES_GRANGE_FALQUET,CAROUGE_GE_RONDEAU,t0800,0.0
CHENE_BOUGERIES_GRANGE_FALQUET,CAROUGE_GE_RONDEAU,t0830,0.0
CHENE_BOUGERIES_GRANGE_FALQUET,CHENE_BOUGERIES_GRANGETTES,t0700,0.0
CHENE_BOUGERIES_GRANGE_FALQUET,CHENE_BOUGERIES_GRANGETTES,t0730,0.0
CHENE_BOUGERIES_GRANGE_FALQUET,CHENE_BOUGERIES_GRANGETTES,t0800,0.0
CHENE_BOUGERIES_GRANGE_FALQUET,CHENE_BOUGERIES_GRANGETTES,t0830,0.0
CHENE_BOUGERIES_GRANGE_FALQUET,CHENE_BOUGERIES_GRANGE_CANAL,t0700,0.0
CHENE_BOUGERIES_GRANGE_FALQUET,CHENE_BOUGERIES_GRANGE_CANAL,t0730,0.0
CHENE_BOUGERIES_GRANGE_FALQUET,CHENE_BOUGERIES_GRANGE_CANAL,t0800,0.0
CHENE_BOUGERIES_GRANGE_FALQUET,CHENE_BOUGERIES_GRANGE_CANAL,t0830,0.0
CHENE_BOUGERIES_GRANGE_FALQUET,CHENE_BOURG_PEILLONNEX,t0700,0.0
CHENE_BOUGERIES_GRANGE_FALQUET,CHENE_BOURG_PEILLONNEX,t0730,0.0
CHENE_BOUGERIES_GRANGE_FALQUET,CHENE_BOURG_PEILLONNEX,t0800,0.0
CHENE_BOUGERIES_GRANGE_FALQUET,CHENE_BOURG_PEILLONNEX,t0830,0.0
CHENE_BOUGERIES_GRANGE_FALQUET,CHENE_BOURG_PLACE_FAVRE,t0700,0.0
CHENE_BOUGERIES_GRANGE_FALQUET,CHENE_BOURG_PLACE_FAVRE,t0730,0.0
CHENE_BOUGERIES_GRANGE_FALQUET,CHENE_BOURG_PLACE_FAVRE,t0800,0.0
CHENE_BOUGERIES_GRANGE_FALQUET,CHENE_BOURG_PLACE_FAVRE,t0830,0.0
CHENE_BOUGERIES_GRANGE_FALQUET,CONFIGNON_CROISEE,t0700,0.0
CHENE_BOUGERIES_GRANGE_FALQUET,CONFIGNON_CROISEE,t0730,0.0
CHENE_BOUGERIES_GRANGE_FALQUET,CONFIGNON_CROISEE,t0800,0.0
CHENE_BOUGERIES_GRANGE_FALQUET,CONFIGNON_CROISEE,t0830,0.0
CHENE_BOUGERIES_GRANGE_FALQUET,CONFIGNON_LA_DODE,t0700,0.0
CHENE_BOUGERIES_GRANGE_FALQUET,CONFIGNON_LA_DODE,t0730,0.0
CHENE_BOUGERIES_GRANGE_FALQUET,CONFIGNON_LA_DODE,t0800,0.0
CHENE_BOUGERIES_GRANGE_FALQUET,CONFIGNON_LA_DODE,t0830,0.0
CHENE_BOUGERIES_GRANGE_FALQUET,GENEVE_AMANDOLIER,t0700,0.0
CHENE_BOUGERIES_GRANGE_FALQUET,GENEVE_AMANDOLIER,t0730,0.0
CHENE_BOUGERIES_GRANGE_FALQUET,GENEVE_AMANDOLIER,t0800,0.0
CHENE_BOUGERIES_GRANGE_FALQUET,GENEVE_AMANDOLIER,t0830,0.0
CHENE_BOUGERIES_GRANGE_FALQUET,GENEVE_AUGUSTINS,t0700,0.0
CHENE_BOUGERIES_GRANGE_FALQUET,GENEVE_AUGUSTINS,t0730,0.0
CHENE_BOUGERIES_GRANGE_FALQUET,GENEVE_AUGUSTINS,t0800,0.0
CHENE_BOUGERIES_GRANGE_FALQUET,GENEVE_AUGUSTINS,t0830,0.0
CHENE_BOUGERIES_GRANGE_FALQUET,GENEVE_BEL_AIR,t0700,0.0
CHENE_BOUGERIES_GRANGE_FALQUET,GENEVE_BEL_AIR,t0730,0.0
CHENE_BOUGERIES_GRANGE_FALQUET,GENEVE_BEL_AIR,t0800,0.0
CHENE_BOUGERIES_GRANGE_FALQUET,GENEVE_BEL_AIR,t0830,0.0
CHENE_BOUGERIES_GRANGE_FALQUET,GENEVE_BLANCHE,t0700,0.0
CHENE_BOUGERIES_GRANGE_FALQUET,GENEVE_BLANCHE,t0730,0.0
CHENE_BOUGERIES_GRANGE_FALQUET,GENEVE_BLANCHE,t0800,0.0
CHENE_BOUGERIES_GRANGE_FALQUET,GENEVE_BLANCHE,t0830,0.0
CHENE_BOUGERIES_GRANGE_FALQUET,GENEVE_COUTANCE,t0700,0.0
CHENE_BOUGERIES_GRANGE_FALQUET,GENEVE_COUTANCE,t0730,0.0
CHENE_BOUGERIES_GRANGE_FALQUET,GENEVE_COUTANCE,t0800,0.0
CHENE_BOUGERIES_GRANGE_FALQUET,GENEVE_COUTANCE,t0830,0.0
CHENE_BOUGERIES_GRANGE_FALQUET,GENEVE_EAUX_VIVES_GARE,t0700,0.0
CHENE_BOUGERIES_GRANGE_FALQUET,GENEVE_EAUX_VIVES_GARE,t0730,0.0
CHENE_BOUGERIES_GRANGE_FALQUET,GENEVE_EAUX_VIVES_GARE,t0800,0.0
CHENE_BOUGERIES_GRANGE_FALQUET,GENEVE_EAUX_VIVES_GARE,t0830,0.0
CHENE_BOUGERIES_GRANGE_FALQUET,GENEVE_GARE_CORNAVIN,t0700,0.0
CHENE_BOUGERIES_GRANGE_FALQUET,GENEVE_GARE_CORNAVIN,t0730,0.0
CHENE_BOUGERIES_GRANGE_FALQUET,GENEVE_GARE_CORNAVIN,t0800,0.0
CHENE_BOUGERIES_GRANGE_FALQUET,GENEVE_GARE_CORNAVIN,t0830,0.0
CHENE_BOUGERIES_GRANGE_FALQUET,GENEVE_JONCTION,t0700,0.0
CHENE_BOUGERIES_GRANGE_FALQUET,GENEVE_JONCTION,t0730,0.0
CHENE_BOUGERIES_GRANGE_FALQUET,GENEVE_JONCTION,t0800,0.0
CHENE_BOUGERIES_GRANGE_FALQUET,GENEVE_JONCTION,t0830,0.0
CHENE_BOUGERIES_GRANGE_FALQUET,GENEVE_LYON,t0700,0.0
CHENE_BOUGERIES_GRANGE_FALQUET,GENEVE_LYON,t0730,0.0
CHENE_BOUGERIES_GRANGE_FALQUET,GENEVE_LYON,t0800,0.0
CHENE_BOUGERIES_GRANGE_FALQUET,GENEVE_LYON,t0830,0.0
CHENE_BOUGERIES_GRANGE_FALQUET,GENEVE_MOLARD,t0700,0.0
CHENE_BOUGERIES_GRANGE_FALQUET,GENEVE_MOLARD,t0730,0.0
CHENE_BOUGERIES_GRANGE_FALQUET,GENEVE_MOLARD,t0800,0.0
CHENE_BOUGERIES_GRANGE_FALQUET,GENEVE_MOLARD,t0830,0.0
CHENE_BOUGERIES_GRANGE_FALQUET,GENEVE_PALLADIUM,t0700,0.0
CHENE_BOUGERIES_GRANGE_FALQUET,GENEVE_PALLADIUM,t0730,0.0
CHENE_BOUGERIES_GRANGE_FALQUET,GENEVE_PALLADIUM,t0800,0.0
CHENE_BOUGERIES_GRANGE_FALQUET,GENEVE_PALLADIUM,t0830,0.0
CHENE_BOUGERIES_GRANGE_FALQUET,GENEVE_PLACE_DE_NEUVE,t0700,0.0
CHENE_BOUGERIES_GRANGE_FALQUET,GENEVE_PLACE_DE_NEUVE,t0730,0.0
CHENE_BOUGERIES_GRANGE_FALQUET,GENEVE_PLACE_DE_NEUVE,t0800,0.0
CHENE_BOUGERIES_GRANGE_FALQUET,GENEVE_PLACE_DE_NEUVE,t0830,0.0
CHENE_BOUGERIES_GRANGE_FALQUET,GENEVE_PLAINPALAIS,t0700,0.0
CHENE_BOUGERIES_GRANGE_FALQUET,GENEVE_PLAINPALAIS,t0730,0.0
CHENE_BOUGERIES_GRANGE_FALQUET,GENEVE_PLAINPALAIS,t0800,0.0
CHENE_BOUGERIES_GRANGE_FALQUET,GENEVE_PLAINPALAIS,t0830,0.0
CHENE_BOUGERIES_GRANGE_FALQUET,GENEVE_PONT_D_ARVE,t0700,0.0
CHENE_BOUGERIES_GRANGE_FALQUET,GENEVE_PONT_D_ARVE,t0730,0.0
CHENE_BOUGERIES_GRANGE_FALQUET,GENEVE_PONT_D_ARVE,t0800,0.0
CHENE_BOUGERIES_GRANGE_FALQUET,GENEVE_PONT_D_ARVE,t0830,0.0
CHENE_BOUGERIES_GRANGE_FALQUET,GENEVE_POTERIE,t0700,0.0
CHENE_BOUGERIES_GRANGE_FALQUET,GENEVE_POTERIE,t0730,0.0
CHENE_BOUGERIES_GRANGE_FALQUET,GENEVE_POTERIE,t0800,0.0
CHENE_BOUGERIES_GRANGE_FALQUET,GENEVE_POTERIE,t0830,0.0
CHENE_BOUGERIES_GRANGE_FALQUET,GENEVE_RIVE,t0700,0.0
CHENE_BOUGERIES_GRANGE_FALQUET,GENEVE_RIVE,t0730,0.0
CHENE_BOUGERIES_GRANGE_FALQUET,GENEVE_RIVE,t0800,0.0
CHENE_BOUGERIES_GRANGE_FALQUET,GENEVE_RIVE,t0830,0.0
CHENE_BOUGERIES_GRANGE_FALQUET,GENEVE_SERVETTE,t0700,0.0
CHENE_BOUGERIES_GRANGE_FALQUET,GENEVE_SERVETTE,t0730,0.0
CHENE_BOUGERIES_GRANGE_FALQUET,GENEVE_SERVETTE,t0800,0.0
CHENE_BOUGERIES_GRANGE_FALQUET,GENEVE_SERVETTE,t0830,0.0
CHENE_BOUGERIES_GRANGE_FALQUET,GENEVE_STAND,t0700,0.0
CHENE_BOUGERIES_GRANGE_FALQUET,GENEVE_STAND,t0730,0.0
CHENE_BOUGERIES_GRANGE_FALQUET,GENEVE_STAND,t0800,0.0
CHENE_BOUGERIES_GRANGE_FALQUET,GENEVE_STAND,t0830,0.0
CHENE_BOUGERIES_GRANGE_FALQUET,GENEVE_TERRASSIERE,t0700,0.0
CHENE_BOUGERIES_GRANGE_FALQUET,GENEVE_TERRASSIERE,t0730,0.0
CHENE_BOUGERIES_GRANGE_FALQUET,GENEVE_TERRASSIERE,t0800,0.0
CHENE_BOUGERIES_GRANGE_FALQUET,GENEVE_TERRASSIERE,t0830,0.0
CHENE_BOUGERIES_GRANGE_FALQUET,GENEVE_VIEUSSEUX,t0700,0.0
CHENE_BOUGERIES_GRANGE_FALQUET,GENEVE_VIEUSSEUX,t0730,0.0
CHENE_BOUGERIES_GRANGE_FALQUET,GENEVE_VIEUSSEUX,t0800,0.0
CHENE_BOUGERIES_GRANGE_FALQUET,GENEVE_VIEUSSEUX,t0830,0.0
CHENE_BOUGERIES_GRANGE_FALQUET,GENEVE_VILLEREUSE,t0700,0.0
CHENE_BOUGERIES_GRANGE_FALQUET,GENEVE_VILLEREUSE,t0730,0.0
CHENE_BOUGERIES_GRANGE_FALQUET,GENEVE_VILLEREUSE,t0800,0.0
CHENE_BOUGERIES_GRANGE_FALQUET,GENEVE_VILLEREUSE,t0830,0.0
CHENE_BOUGERIES_GRANGE_FALQUET,GRAND_LANCY_DE_STAEL,t0700,0.0
CHENE_BOUGERIES_GRANGE_FALQUET,GRAND_LANCY_DE_STAEL,t0730,0.0
CHENE_BOUGERIES_GRANGE_FALQUET,GRAND_LANCY_DE_STAEL,t0800,0.0
CHENE_BOUGERIES_GRANGE_FALQUET,GRAND_LANCY_DE_STAEL,t0830,0.0
CHENE_BOUGERIES_GRANGE_FALQUET,GRAND_LANCY_PALETTES,t0700,0.0
CHENE_BOUGERIES_GRANGE_FALQUET,GRAND_LANCY_PALETTES,t0730,0.0
CHENE_BOUGERIES_GRANGE_FALQUET,GRAND_LANCY_PALETTES,t0800,0.0
CHENE_BOUGERIES_GRANGE_FALQUET,GRAND_LANCY_PALETTES,t0830,0.0
CHENE_BOUGERIES_GRANGE_FALQUET,GRAND_LANCY_PONTETS,t0700,0.0
CHENE_BOUGERIES_GRANGE_FALQUET,GRAND_LANCY_PONTETS,t0730,0.0
CHENE_BOUGERIES_GRANGE_FALQUET,GRAND_LANCY_PONTETS,t0800,0.0
CHENE_BOUGERIES_GRANGE_FALQUET,GRAND_LANCY_PONTETS,t0830,0.0
CHENE_BOUGERIES_GRANGE_FALQUET,LANCY_BACHET_GARE,t0700,0.0
CHENE_BOUGERIES_GRANGE_FALQUET,LANCY_BACHET_GARE,t0730,0.0
CHENE_BOUGERIES_GRANGE_FALQUET,LANCY_BACHET_GARE,t0800,0.0
CHENE_BOUGERIES_GRANGE_FALQUET,LANCY_BACHET_GARE,t0830,0.0
CHENE_BOUGERIES_GRANGE_FALQUET,MEYRIN_BOIS_DU_LAN,t0700,0.0
CHENE_BOUGERIES_GRANGE_FALQUET,MEYRIN_BOIS_DU_LAN,t0730,0.0
CHENE_BOUGERIES_GRANGE_FALQUET,MEYRIN_BOIS_DU_LAN,t0800,0.0
CHENE_BOUGERIES_GRANGE_FALQUET,MEYRIN_BOIS_DU_LAN,t0830,0.0
CHENE_BOUGERIES_GRANGE_FALQUET,MEYRIN_CERN,t0700,0.0
CHENE_BOUGERIES_GRANGE_FALQUET,MEYRIN_CERN,t0730,0.0
CHENE_BOUGERIES_GRANGE_FALQUET,MEYRIN_CERN,t0800,0.0
CHENE_BOUGERIES_GRANGE_FALQUET,MEYRIN_CERN,t0830,0.0
CHENE_BOUGERIES_GRANGE_FALQUET,MEYRIN_FORUMEYRIN,t0700,0.0
CHENE_BOUGERIES_GRANGE_FALQUET,MEYRIN_FORUMEYRIN,t0730,0.0
CHENE_BOUGERIES_GRANGE_FALQUET,MEYRIN_FORUMEYRIN,t0800,0.0
CHENE_BOUGERIES_GRANGE_FALQUET,MEYRIN_FORUMEYRIN,t0830,0.0
CHENE_BOUGERIES_GRANGE_FALQUET,MEYRIN_GRAVIERE,t0700,0.0
CHENE_BOUGERIES_GRANGE_FALQUET,MEYRIN_GRAVIERE,t0730,0.0
CHENE_BOUGERIES_GRANGE_FALQUET,MEYRIN_GRAVIERE,t0800,0.0
CHENE_BOUGERIES_GRANGE_FALQUET,MEYRIN_GRAVIERE,t0830,0.0
CHENE_BOUGERIES_GRANGE_FALQUET,MEYRIN_HOPITAL_DE_LA_TOUR,t0700,0.0
CHENE_BOUGERIES_GRANGE_FALQUET,MEYRIN_HOPITAL_DE_LA_TOUR,t0730,0.0
CHENE_BOUGERIES_GRANGE_FALQUET,MEYRIN_HOPITAL_DE_LA_TOUR,t0800,0.0
CHENE_BOUGERIES_GRANGE_FALQUET,MEYRIN_HOPITAL_DE_LA_TOUR,t0830,0.0
CHENE_BOUGERIES_GRANGE_FALQUET,MEYRIN_JARDIN_ALPIN_VIVARIUM,t0700,0.0
CHENE_BOUGERIES_GRANGE_FALQUET,MEYRIN_JARDIN_ALPIN_VIVARIUM,t0730,0.0
CHENE_BOUGERIES_GRANGE_FALQUET,MEYRIN_JARDIN_ALPIN_VIVARIUM,t0800,0.0
CHENE_BOUGERIES_GRANGE_FALQUET,MEYRIN_JARDIN_ALPIN_VIVARIUM,t0830,0.0
CHENE_BOUGERIES_GRANGE_FALQUET,MEYRIN_MAISONNEX,t0700,0.0
CHENE_BOUGERIES_GRANGE_FALQUET,MEYRIN_MAISONNEX,t0730,0.0
CHENE_BOUGERIES_GRANGE_FALQUET,MEYRIN_MAISONNEX,t0800,0.0
CHENE_BOUGERIES_GRANGE_FALQUET,MEYRIN_MAISONNEX,t0830,0.0
CHENE_BOUGERIES_GRANGE_FALQUET,MEYRIN_VAUDAGNE,t0700,0.0
CHENE_BOUGERIES_GRANGE_FALQUET,MEYRIN_VAUDAGNE,t0730,0.0
CHENE_BOUGERIES_GRANGE_FALQUET,MEYRIN_VAUDAGNE,t0800,0.0
CHENE_BOUGERIES_GRANGE_FALQUET,MEYRIN_VAUDAGNE,t0830,0.0
CHENE_BOUGERIES_GRANGE_FALQUET,MEYRIN_VILLAGE,t0700,0.0
CHENE_BOUGERIES_GRANGE_FALQUET,MEYRIN_VILLAGE,t0730,0.0
CHENE_BOUGERIES_GRANGE_FALQUET,MEYRIN_VILLAGE,t0800,0.0
CHENE_BOUGERIES_GRANGE_FALQUET,MEYRIN_VILLAGE,t0830,0.0
CHENE_BOUGERIES_GRANGE_FALQUET,ONEX_BANDOL,t0700,0.0
CHENE_BOUGERIES_GRANGE_FALQUET,ONEX_BANDOL,t0730,0.0
CHENE_BOUGERIES_GRANGE_FALQUET,ONEX_BANDOL,t0800,0.0
CHENE_BOUGERIES_GRANGE_FALQUET,ONEX_BANDOL,t0830,0.0
CHENE_BOUGERIES_GRANGE_FALQUET,ONEX_SALLE_COMMUNALE,t0700,0.0
CHENE_BOUGERIES_GRANGE_FALQUET,ONEX_SALLE_COMMUNALE,t0730,0.0
CHENE_BOUGERIES_GRANGE_FALQUET,ONEX_SALLE_COMMUNALE,t0800,0.0
CHENE_BOUGERIES_GRANGE_FALQUET,ONEX_SALLE_COMMUNALE,t0830,0.0
CHENE_BOUGERIES_GRANGE_FALQUET,PETIT_LANCY_LES_ESSERTS,t0700,0.0
CHENE_BOUGERIES_GRANGE_FALQUET,PETIT_LANCY_LES_ESSERTS,t0730,0.0
CHENE_BOUGERIES_GRANGE_FALQUET,PETIT_LANCY_LES_ESSERTS,t0800,0.0
CHENE_BOUGERIES_GRANGE_FALQUET,PETIT_LANCY_LES_ESSERTS,t0830,0.0
CHENE_BOUGERIES_GRANGE_FALQUET,PETIT_LANCY_PLACE,t0700,0.0
CHENE_BOUGERIES_GRANGE_FALQUET,PETIT_LANCY_PLACE,t0730,0.0
CHENE_BOUGERIES_GRANGE_FALQUET,PETIT_LANCY_PLACE,t0800,0.0
CHENE_BOUGERIES_GRANGE_FALQUET,PETIT_LANCY_PLACE,t0830,0.0
CHENE_BOUGERIES_GRANGE_FALQUET,PETIT_LANCY_QUIDORT,t0700,0.0
CHENE_BOUGERIES_GRANGE_FALQUET,PETIT_LANCY_QUIDORT,t0730,0.0
CHENE_BOUGERIES_GRANGE_FALQUET,PETIT_LANCY_QUIDORT,t0800,0.0
CHENE_BOUGERIES_GRANGE_FALQUET,PETIT_LANCY_QUIDORT,t0830,0.0
CHENE_BOUGERIES_GRANGE_FALQUET,PLAN_LES_OUATES_TREFLE_BLANC,t0700,0.0
CHENE_BOUGERIES_GRANGE_FALQUET,PLAN_LES_OUATES_TREFLE_BLANC,t0730,0.0
CHENE_BOUGERIES_GRANGE_FALQUET,PLAN_LES_OUATES_TREFLE_BLANC,t0800,0.0
CHENE_BOUGERIES_GRANGE_FALQUET,PLAN_LES_OUATES_TREFLE_BLANC,t0830,0.0
CHENE_BOUGERIES_GRANGE_FALQUET,THONEX_GRAVESON,t0700,0.0
CHENE_BOUGERIES_GRANGE_FALQUET,THONEX_GRAVESON,t0730,0.0
CHENE_BOUGERIES_GRANGE_FALQUET,THONEX_GRAVESON,t0800,0.0
CHENE_BOUGERIES_GRANGE_FALQUET,THONEX_GRAVESON,t0830,0.0
CHENE_BOUGERIES_GRANGE_FALQUET,THONEX_MOILLESULAZ,t0700,0.0
CHENE_BOUGERIES_GRANGE_FALQUET,THONEX_MOILLESULAZ,t0730,0.0
CHENE_BOUGERIES_GRANGE_FALQUET,THONEX_MOILLESULAZ,t0800,0.0
CHENE_BOUGERIES_GRANGE_FALQUET,THONEX_MOILLESULAZ,t0830,0.0
CHENE_BOUGERIES_GRANGE_FALQUET,VERNIER_AVANCHETS_ETANG,t0700,0.0
CHENE_BOUGERIES_GRANGE_FALQUET,VERNIER_AVANCHETS_ETANG,t0730,0.0
CHENE_BOUGERIES_GRANGE_FALQUET,VERNIER_AVANCHETS_ETANG,t0800,0.0
CHENE_BOUGERIES_GRANGE_FALQUET,VERNIER_AVANCHETS_ETANG,t0830,0.0
CHENE_BOUGERIES_GRANGE_FALQUET,VERNIER_BALEXERT,t0700,0.0
CHENE_BOUGERIES_GRANGE_FALQUET,VERNIER_BALEXERT,t0730,0.0
CHENE_BOUGERIES_GRANGE_FALQUET,VERNIER_BALEXERT,t0800,0.0
CHENE_BOUGERIES_GRANGE_FALQUET,VERNIER_BALEXERT,t0830,0.0
CHENE_BOUGERIES_GRANGE_FALQUET,VERNIER_BLANDONNET,t0700,0.0
CHENE_BOUGERIES_GRANGE_FALQUET,VERNIER_BLANDONNET,t0730,0.0
CHENE_BOUGERIES_GRANGE_FALQUET,VERNIER_BLANDONNET,t0800,0.0
CHENE_BOUGERIES_GRANGE_FALQUET,VERNIER_BLANDONNET,t0830,0.0
CHENE_BOUGERIES_GRANGE_FALQUET,VERNIER_BOUCHET,t0700,0.0
CHENE_BOUGERIES_GRANGE_FALQUET,VERNIER_BOUCHET,t0730,0.0
CHENE_BOUGERIES_GRANGE_FALQUET,VERNIER_BOUCHET,t0800,0.0
CHENE_BOUGERIES_GRANGE_FALQUET,VERNIER_BOUCHET,t0830,0.0
CHENE_BOURG_PEILLONNEX,BERNEX_HAINARD,t0700,0.0
CHENE_BOURG_PEILLONNEX,BERNEX_HAINARD,t0730,0.0
CHENE_BOURG_PEILLONNEX,BERNEX_HAINARD,t0800,0.0
CHENE_BOURG_PEILLONNEX,BERNEX_HAINARD,t0830,0.0
CHENE_BOURG_PEILLONNEX,BERNEX_LUCHEPELET,t0700,0.0
CHENE_BOURG_PEILLONNEX,BERNEX_LUCHEPELET,t0730,0.0
CHENE_BOURG_PEILLONNEX,BERNEX_LUCHEPELET,t0800,0.0
CHENE_BOURG_PEILLONNEX,BERNEX_LUCHEPELET,t0830,0.0
CHENE_BOURG_PEILLONNEX,BERNEX_PRE_MARAIS,t0700,0.0
CHENE_BOURG_PEILLONNEX,BERNEX_PRE_MARAIS,t0730,0.0
CHENE_BOURG_PEILLONNEX,BERNEX_PRE_MARAIS,t0800,0.0
CHENE_BOURG_PEILLONNEX,BERNEX_PRE_MARAIS,t0830,0.0
CHENE_BOURG_PEILLONNEX,BERNEX_P_R,t0700,0.0
CHENE_BOURG_PEILLONNEX,BERNEX_P_R,t0730,0.0
CHENE_BOURG_PEILLONNEX,BERNEX_P_R,t0800,0.0
CHENE_BOURG_PEILLONNEX,BERNEX_P_R,t0830,0.0
CHENE_BOURG_PEILLONNEX,BERNEX_VAILLY,t0700,0.0
CHENE_BOURG_PEILLONNEX,BERNEX_VAILLY,t0730,0.0
CHENE_BOURG_PEILLONNEX,BERNEX_VAILLY,t0800,0.0
CHENE_BOURG_PEILLONNEX,BERNEX_VAILLY,t0830,0.0
CHENE_BOURG_PEILLONNEX,CAROUGE_GE_ANCIENNE,t0700,0.0
CHENE_BOURG_PEILLONNEX,CAROUGE_GE_ANCIENNE,t0730,0.0
CHENE_BOURG_PEILLONNEX,CAROUGE_GE_ANCIENNE,t0800,0.0
CHENE_BOURG_PEILLONNEX,CAROUGE_GE_ANCIENNE,t0830,0.0
CHENE_BOURG_PEILLONNEX,CAROUGE_GE_ARMES,t0700,0.0
CHENE_BOURG_PEILLONNEX,CAROUGE_GE_ARMES,t0730,0.0
CHENE_BOURG_PEILLONNEX,CAROUGE_GE_ARMES,t0800,0.0
CHENE_BOURG_PEILLONNEX,CAROUGE_GE_ARMES,t0830,0.0
CHENE_BOURG_PEILLONNEX,CAROUGE_GE_MARCHE,t0700,0.0
CHENE_BOURG_PEILLONNEX,CAROUGE_GE_MARCHE,t0730,0.0
CHENE_BOURG_PEILLONNEX,CAROUGE_GE_MARCHE,t0800,0.0
CHENE_BOURG_PEILLONNEX,CAROUGE_GE_MARCHE,t0830,0.0
CHENE_BOURG_PEILLONNEX,CAROUGE_GE_RONDEAU,t0700,0.0
CHENE_BOURG_PEILLONNEX,CAROUGE_GE_RONDEAU,t0730,0.0
CHENE_BOURG_PEILLONNEX,CAROUGE_GE_RONDEAU,t0800,0.0
CHENE_BOURG_PEILLONNEX,CAROUGE_GE_RONDEAU,t0830,0.0
CHENE_BOURG_PEILLONNEX,CHENE_BOUGERIES_GRANGETTES,t0700,0.0
CHENE_BOURG_PEILLONNEX,CHENE_BOUGERIES_GRANGETTES,t0730,0.0
CHENE_BOURG_PEILLONNEX,CHENE_BOUGERIES_GRANGETTES,t0800,0.0
CHENE_BOURG_PEILLONNEX,CHENE_BOUGERIES_GRANGETTES,t0830,0.0
CHENE_BOURG_PEILLONNEX,CHENE_BOUGERIES_GRANGE_CANAL,t0700,0.0
CHENE_BOURG_PEILLONNEX,CHENE_BOUGERIES_GRANGE_CANAL,t0730,0.0
CHENE_BOURG_PEILLONNEX,CHENE_BOUGERIES_GRANGE_CANAL,t0800,0.0
CHENE_BOURG_PEILLONNEX,CHENE_BOUGERIES_GRANGE_CANAL,t0830,0.0
CHENE_BOURG_PEILLONNEX,CHENE_BOUGERIES_GRANGE_FALQUET,t0700,0.0
CHENE_BOURG_PEILLONNEX,CHENE_BOUGERIES_GRANGE_FALQUET,t0730,0.0
CHENE_BOURG_PEILLONNEX,CHENE_BOUGERIES_GRANGE_FALQUET,t0800,0.0
CHENE_BOURG_PEILLONNEX,CHENE_BOUGERIES_GRANGE_FALQUET,t0830,0.0
CHENE_BOURG_PEILLONNEX,CHENE_BOURG_PLACE_FAVRE,t0700,0.0
CHENE_BOURG_PEILLONNEX,CHENE_BOURG_PLACE_FAVRE,t0730,0.0
CHENE_BOURG_PEILLONNEX,CHENE_BOURG_PLACE_FAVRE,t0800,0.0
CHENE_BOURG_PEILLONNEX,CHENE_BOURG_PLACE_FAVRE,t0830,0.0
CHENE_BOURG_PEILLONNEX,CONFIGNON_CROISEE,t0700,0.0
CHENE_BOURG_PEILLONNEX,CONFIGNON_CROISEE,t0730,0.0
CHENE_BOURG_PEILLONNEX,CONFIGNON_CROISEE,t0800,0.0
CHENE_BOURG_PEILLONNEX,CONFIGNON_CROISEE,t0830,0.0
CHENE_BOURG_PEILLONNEX,CONFIGNON_LA_DODE,t0700,0.0
CHENE_BOURG_PEILLONNEX,CONFIGNON_LA_DODE,t0730,0.0
CHENE_BOURG_PEILLONNEX,CONFIGNON_LA_DODE,t0800,0.0
CHENE_BOURG_PEILLONNEX,CONFIGNON_LA_DODE,t0830,0.0
CHENE_BOURG_PEILLONNEX,GENEVE_AMANDOLIER,t0700,0.0
CHENE_BOURG_PEILLONNEX,GENEVE_AMANDOLIER,t0730,0.0
CHENE_BOURG_PEILLONNEX,GENEVE_AMANDOLIER,t0800,0.0
CHENE_BOURG_PEILLONNEX,GENEVE_AMANDOLIER,t0830,0.0
CHENE_BOURG_PEILLONNEX,GENEVE_AUGUSTINS,t0700,0.0
CHENE_BOURG_PEILLONNEX,GENEVE_AUGUSTINS,t0730,0.0
CHENE_BOURG_PEILLONNEX,GENEVE_AUGUSTINS,t0800,0.0
CHENE_BOURG_PEILLONNEX,GENEVE_AUGUSTINS,t0830,0.0
CHENE_BOURG_PEILLONNEX,GENEVE_BEL_AIR,t0700,0.0
CHENE_BOURG_PEILLONNEX,GENEVE_BEL_AIR,t0730,0.0
CHENE_BOURG_PEILLONNEX,GENEVE_BEL_AIR,t0800,0.0
CHENE_BOURG_PEILLONNEX,GENEVE_BEL_AIR,t0830,0.0
CHENE_BOURG_PEILLONNEX,GENEVE_BLANCHE,t0700,0.0
CHENE_BOURG_PEILLONNEX,GENEVE_BLANCHE,t0730,0.0
CHENE_BOURG_PEILLONNEX,GENEVE_BLANCHE,t0800,0.0
CHENE_BOURG_PEILLONNEX,GENEVE_BLANCHE,t0830,0.0
CHENE_BOURG_PEILLONNEX,GENEVE_COUTANCE,t0700,0.0
CHENE_BOURG_PEILLONNEX,GENEVE_COUTANCE,t0730,0.0
CHENE_BOURG_PEILLONNEX,GENEVE_COUTANCE,t0800,0.0
CHENE_BOURG_PEILLONNEX,GENEVE_COUTANCE,t0830,0.0
CHENE_BOURG_PEILLONNEX,GENEVE_EAUX_VIVES_GARE,t0700,0.0
CHENE_BOURG_PEILLONNEX,GENEVE_EAUX_VIVES_GARE,t0730,0.0
CHENE_BOURG_PEILLONNEX,GENEVE_EAUX_VIVES_GARE,t0800,0.0
CHENE_BOURG_PEILLONNEX,GENEVE_EAUX_VIVES_GARE,t0830,0.0
CHENE_BOURG_PEILLONNEX,GENEVE_GARE_CORNAVIN,t0700,0.0
CHENE_BOURG_PEILLONNEX,GENEVE_GARE_CORNAVIN,t0730,0.0
CHENE_BOURG_PEILLONNEX,GENEVE_GARE_CORNAVIN,t0800,0.0
CHENE_BOURG_PEILLONNEX,GENEVE_GARE_CORNAVIN,t0830,0.0
CHENE_BOURG_PEILLONNEX,GENEVE_JONCTION,t0700,0.0
CHENE_BOURG_PEILLONNEX,GENEVE_JONCTION,t0730,0.0
CHENE_BOURG_PEILLONNEX,GENEVE_JONCTION,t0800,0.0
CHENE_BOURG_PEILLONNEX,GENEVE_JONCTION,t0830,0.0
CHENE_BOURG_PEILLONNEX,GENEVE_LYON,t0700,0.0
CHENE_BOURG_PEILLONNEX,GENEVE_LYON,t0730,0.0
CHENE_BOURG_PEILLONNEX,GENEVE_LYON,t0800,0.0
CHENE_BOURG_PEILLONNEX,GENEVE_LYON,t0830,0.0
CHENE_BOURG_PEILLONNEX,GENEVE_MOLARD,t0700,0.0
CHENE_BOURG_PEILLONNEX,GENEVE_MOLARD,t0730,0.0
CHENE_BOURG_PEILLONNEX,GENEVE_MOLARD,t0800,0.0
CHENE_BOURG_PEILLONNEX,GENEVE_MOLARD,t0830,0.0
CHENE_BOURG_PEILLONNEX,GENEVE_PALLADIUM,t0700,0.0
CHENE_BOURG_PEILLONNEX,GENEVE_PALLADIUM,t0730,0.0
CHENE_BOURG_PEILLONNEX,GENEVE_PALLADIUM,t0800,0.0
CHENE_BOURG_PEILLONNEX,GENEVE_PALLADIUM,t0830,0.0
CHENE_BOURG_PEILLONNEX,GENEVE_PLACE_DE_NEUVE,t0700,0.0
CHENE_BOURG_PEILLONNEX,GENEVE_PLACE_DE_NEUVE,t0730,0.0
CHENE_BOURG_PEILLONNEX,GENEVE_PLACE_DE_NEUVE,t0800,0.0
CHENE_BOURG_PEILLONNEX,GENEVE_PLACE_DE_NEUVE,t0830,0.0
CHENE_BOURG_PEILLONNEX,GENEVE_PLAINPALAIS,t0700,0.0
CHENE_BOURG_PEILLONNEX,GENEVE_PLAINPALAIS,t0730,0.0
CHENE_BOURG_PEILLONNEX,GENEVE_PLAINPALAIS,t0800,0.0
CHENE_BOURG_PEILLONNEX,GENEVE_PLAINPALAIS,t0830,0.0
CHENE_BOURG_PEILLONNEX,GENEVE_PONT_D_ARVE,t0700,0.0
CHENE_BOURG_PEILLONNEX,GENEVE_PONT_D_ARVE,t0730,0.0
CHENE_BOURG_PEILLONNEX,GENEVE_PONT_D_ARVE,t0800,0.0
CHENE_BOURG_PEILLONNEX,GENEVE_PONT_D_ARVE,t0830,0.0
CHENE_BOURG_PEILLONNEX,GENEVE_POTERIE,t0700,0.0
CHENE_BOURG_PEILLONNEX,GENEVE_POTERIE,t0730,0.0
CHENE_BOURG_PEILLONNEX,GENEVE_POTERIE,t0800,0.0
CHENE_BOURG_PEILLONNEX,GENEVE_POTERIE,t0830,0.0
CHENE_BOURG_PEILLONNEX,GENEVE_RIVE,t0700,0.0
CHENE_BOURG_PEILLONNEX,GENEVE_RIVE,t0730,0.0
CHENE_BOURG_PEILLONNEX,GENEVE_RIVE,t0800,0.0
CHENE_BOURG_PEILLONNEX,GENEVE_RIVE,t0830,0.0
CHENE_BOURG_PEILLONNEX,GENEVE_SERVETTE,t0700,0.0
CHENE_BOURG_PEILLONNEX,GENEVE_SERVETTE,t0730,0.0
CHENE_BOURG_PEILLONNEX,GENEVE_SERVETTE,t0800,0.0
CHENE_BOURG_PEILLONNEX,GENEVE_SERVETTE,t0830,0.0
CHENE_BOURG_PEILLONNEX,GENEVE_STAND,t0700,0.0
CHENE_BOURG_PEILLONNEX,GENEVE_STAND,t0730,0.0
CHENE_BOURG_PEILLONNEX,GENEVE_STAND,t0800,0.0
CHENE_BOURG_PEILLONNEX,GENEVE_STAND,t0830,0.0
CHENE_BOURG_PEILLONNEX,GENEVE_TERRASSIERE,t0700,0.0
CHENE_BOURG_PEILLONNEX,GENEVE_TERRASSIERE,t0730,0.0
CHENE_BOURG_PEILLONNEX,GENEVE_TERRASSIERE,t0800,0.0
CHENE_BOURG_PEILLONNEX,GENEVE_TERRASSIERE,t0830,0.0
CHENE_BOURG_PEILLONNEX,GENEVE_VIEUSSEUX,t0700,0.0
CHENE_BOURG_PEILLONNEX,GENEVE_VIEUSSEUX,t0730,0.0
CHENE_BOURG_PEILLONNEX,GENEVE_VIEUSSEUX,t0800,0.0
CHENE_BOURG_PEILLONNEX,GENEVE_VIEUSSEUX,t0830,0.0
CHENE_BOURG_PEILLONNEX,GENEVE_VILLEREUSE,t0700,0.0
CHENE_BOURG_PEILLONNEX,GENEVE_VILLEREUSE,t0730,0.0
CHENE_BOURG_PEILLONNEX,GENEVE_VILLEREUSE,t0800,0.0
CHENE_BOURG_PEILLONNEX,GENEVE_VILLEREUSE,t0830,0.0
CHENE_BOURG_PEILLONNEX,GRAND_LANCY_DE_STAEL,t0700,0.0
CHENE_BOURG_PEILLONNEX,GRAND_LANCY_DE_STAEL,t0730,0.0
CHENE_BOURG_PEILLONNEX,GRAND_LANCY_DE_STAEL,t0800,0.0
CHENE_BOURG_PEILLONNEX,GRAND_LANCY_DE_STAEL,t0830,0.0
CHENE_BOURG_PEILLONNEX,GRAND_LANCY_PALETTES,t0700,0.0
CHENE_BOURG_PEILLONNEX,GRAND_LANCY_PALETTES,t0730,0.0
CHENE_BOURG_PEILLONNEX,GRAND_LANCY_PALETTES,t0800,0.0
CHENE_BOURG_PEILLONNEX,GRAND_LANCY_PALETTES,t0830,0.0
CHENE_BOURG_PEILLONNEX,GRAND_LANCY_PONTETS,t0700,0.0
CHENE_BOURG_PEILLONNEX,GRAND_LANCY_PONTETS,t0730,0.0
CHENE_BOURG_PEILLONNEX,GRAND_LANCY_PONTETS,t0800,0.0
CHENE_BOURG_PEILLONNEX,GRAND_LANCY_PONTETS,t0830,0.0
CHENE_BOURG_PEILLONNEX,LANCY_BACHET_GARE,t0700,0.0
CHENE_BOURG_PEILLONNEX,LANCY_BACHET_GARE,t0730,0.0
CHENE_BOURG_PEILLONNEX,LANCY_BACHET_GARE,t0800,0.0
CHENE_BOURG_PEILLONNEX,LANCY_BACHET_GARE,t0830,0.0
CHENE_BOURG_PEILLONNEX,MEYRIN_BOIS_DU_LAN,t0700,0.0
CHENE_BOURG_PEILLONNEX,MEYRIN_BOIS_DU_LAN,t0730,0.0
CHENE_BOURG_PEILLONNEX,MEYRIN_BOIS_DU_LAN,t0800,0.0
CHENE_BOURG_PEILLONNEX,MEYRIN_BOIS_DU_LAN,t0830,0.0
CHENE_BOURG_PEILLONNEX,MEYRIN_CERN,t0700,0.0
CHENE_BOURG_PEILLONNEX,MEYRIN_CERN,t0730,0.0
CHENE_BOURG_PEILLONNEX,MEYRIN_CERN,t0800,0.0
CHENE_BOURG_PEILLONNEX,MEYRIN_CERN,t0830,0.0
CHENE_BOURG_PEILLONNEX,MEYRIN_FORUMEYRIN,t0700,0.0
CHENE_BOURG_PEILLONNEX,MEYRIN_FORUMEYRIN,t0730,0.0
CHENE_BOURG_PEILLONNEX,MEYRIN_FORUMEYRIN,t0800,0.0
CHENE_BOURG_PEILLONNEX,MEYRIN_FORUMEYRIN,t0830,0.0
CHENE_BOURG_PEILLONNEX,MEYRIN_GRAVIERE,t0700,0.0
CHENE_BOURG_PEILLONNEX,MEYRIN_GRAVIERE,t0730,0.0
CHENE_BOURG_PEILLONNEX,MEYRIN_GRAVIERE,t0800,0.0
CHENE_BOURG_PEILLONNEX,MEYRIN_GRAVIERE,t0830,0.0
CHENE_BOURG_PEILLONNEX,MEYRIN_HOPITAL_DE_LA_TOUR,t0700,0.0
CHENE_BOURG_PEILLONNEX,MEYRIN_HOPITAL_DE_LA_TOUR,t0730,0.0
CHENE_BOURG_PEILLONNEX,MEYRIN_HOPITAL_DE_LA_TOUR,t0800,0.0
CHENE_BOURG_PEILLONNEX,MEYRIN_HOPITAL_DE_LA_TOUR,t0830,0.0
CHENE_BOURG_PEILLONNEX,MEYRIN_JARDIN_ALPIN_VIVARIUM,t0700,0.0
CHENE_BOURG_PEILLONNEX,MEYRIN_JARDIN_ALPIN_VIVARIUM,t0730,0.0
CHENE_BOURG_PEILLONNEX,MEYRIN_JARDIN_ALPIN_VIVARIUM,t0800,0.0
CHENE_BOURG_PEILLONNEX,MEYRIN_JARDIN_ALPIN_VIVARIUM,t0830,0.0
CHENE_BOURG_PEILLONNEX,MEYRIN_MAISONNEX,t0700,0.0
CHENE_BOURG_PEILLONNEX,MEYRIN_MAISONNEX,t0730,0.0
CHENE_BOURG_PEILLONNEX,MEYRIN_MAISONNEX,t0800,0.0
CHENE_BOURG_PEILLONNEX,MEYRIN_MAISONNEX,t0830,0.0
CHENE_BOURG_PEILLONNEX,MEYRIN_VAUDAGNE,t0700,0.0
CHENE_BOURG_PEILLONNEX,MEYRIN_VAUDAGNE,t0730,0.0
CHENE_BOURG_PEILLONNEX,MEYRIN_VAUDAGNE,t0800,0.0
CHENE_BOURG_PEILLONNEX,MEYRIN_VAUDAGNE,t0830,0.0
CHENE_BOURG_PEILLONNEX,MEYRIN_VILLAGE,t0700,0.0
CHENE_BOURG_PEILLONNEX,MEYRIN_VILLAGE,t0730,0.0
CHENE_BOURG_PEILLONNEX,MEYRIN_VILLAGE,t0800,0.0
CHENE_BOURG_PEILLONNEX,MEYRIN_VILLAGE,t0830,0.0
CHENE_BOURG_PEILLONNEX,ONEX_BANDOL,t0700,0.0
CHENE_BOURG_PEILLONNEX,ONEX_BANDOL,t0730,0.0
CHENE_BOURG_PEILLONNEX,ONEX_BANDOL,t0800,0.0
CHENE_BOURG_PEILLONNEX,ONEX_BANDOL,t0830,0.0
CHENE_BOURG_PEILLONNEX,ONEX_SALLE_COMMUNALE,t0700,0.0
CHENE_BOURG_PEILLONNEX,ONEX_SALLE_COMMUNALE,t0730,0.0
CHENE_BOURG_PEILLONNEX,ONEX_SALLE_COMMUNALE,t0800,0.0
CHENE_BOURG_PEILLONNEX,ONEX_SALLE_COMMUNALE,t0830,0.0
CHENE_BOURG_PEILLONNEX,PETIT_LANCY_LES_ESSERTS,t0700,0.0
CHENE_BOURG_PEILLONNEX,PETIT_LANCY_LES_ESSERTS,t0730,0.0
CHENE_BOURG_PEILLONNEX,PETIT_LANCY_LES_ESSERTS,t0800,0.0
CHENE_BOURG_PEILLONNEX,PETIT_LANCY_LES_ESSERTS,t0830,0.0
CHENE_BOURG_PEILLONNEX,PETIT_LANCY_PLACE,t0700,0.0
CHENE_BOURG_PEILLONNEX,PETIT_LANCY_PLACE,t0730,0.0
CHENE_BOURG_PEILLONNEX,PETIT_LANCY_PLACE,t0800,0.0
CHENE_BOURG_PEILLONNEX,PETIT_LANCY_PLACE,t0830,0.0
CHENE_BOURG_PEILLONNEX,PETIT_LANCY_QUIDORT,t0700,0.0
CHENE_BOURG_PEILLONNEX,PETIT_LANCY_QUIDORT,t0730,0.0
CHENE_BOURG_PEILLONNEX,PETIT_LANCY_QUIDORT,t0800,0.0
CHENE_BOURG_PEILLONNEX,PETIT_LANCY_QUIDORT,t0830,0.0
CHENE_BOURG_PEILLONNEX,PLAN_LES_OUATES_TREFLE_BLANC,t0700,0.0
CHENE_BOURG_PEILLONNEX,PLAN_LES_OUATES_TREFLE_BLANC,t0730,0.0
CHENE_BOURG_PEILLONNEX,PLAN_LES_OUATES_TREFLE_BLANC,t0800,0.0
CHENE_BOURG_PEILLONNEX,PLAN_LES_OUATES_TREFLE_BLANC,t0830,0.0
CHENE_BOURG_PEILLONNEX,THONEX_GRAVESON,t0700,0.0
CHENE_BOURG_PEILLONNEX,THONEX_GRAVESON,t0730,0.0
CHENE_BOURG_PEILLONNEX,THONEX_GRAVESON,t0800,0.0
CHENE_BOURG_PEILLONNEX,THONEX_GRAVESON,t0830,0.0
CHENE_BOURG_PEILLONNEX,THONEX_MOILLESULAZ,t0700,0.0
CHENE_BOURG_PEILLONNEX,THONEX_MOILLESULAZ,t0730,0.0
CHENE_BOURG_PEILLONNEX,THONEX_MOILLESULAZ,t0800,0.0
CHENE_BOURG_PEILLONNEX,THONEX_MOILLESULAZ,t0830,0.0
CHENE_BOURG_PEILLONNEX,VERNIER_AVANCHETS_ETANG,t0700,0.0
CHENE_BOURG_PEILLONNEX,VERNIER_AVANCHETS_ETANG,t0730,0.0
CHENE_BOURG_PEILLONNEX,VERNIER_AVANCHETS_ETANG,t0800,0.0
CHENE_BOURG_PEILLONNEX,VERNIER_AVANCHETS_ETANG,t0830,0.0
CHENE_BOURG_PEILLONNEX,VERNIER_BALEXERT,t0700,0.0
CHENE_BOURG_PEILLONNEX,VERNIER_BALEXERT,t0730,0.0
CHENE_BOURG_PEILLONNEX,VERNIER_BALEXERT,t0800,0.0
CHENE_BOURG_PEILLONNEX,VERNIER_BALEXERT,t0830,0.0
CHENE_BOURG_PEILLONNEX,VERNIER_BLANDONNET,t0700,0.0
CHENE_BOURG_PEILLONNEX,VERNIER_BLANDONNET,t0730,0.0
CHENE_BOURG_PEILLONNEX,VERNIER_BLANDONNET,t0800,0.0
CHENE_BOURG_PEILLONNEX,VERNIER_BLANDONNET,t0830,0.0
CHENE_BOURG_PEILLONNEX,VERNIER_BOUCHET,t0700,0.0
CHENE_BOURG_PEILLONNEX,VERNIER_BOUCHET,t0730,0.0
CHENE_BOURG_PEILLONNEX,VERNIER_BOUCHET,t0800,0.0
CHENE_BOURG_PEILLONNEX,VERNIER_BOUCHET,t0830,0.0
CHENE_BOURG_PLACE_FAVRE,BERNEX_HAINARD,t0700,0.0
CHENE_BOURG_PLACE_FAVRE,BERNEX_HAINARD,t0730,0.0
CHENE_BOURG_PLACE_FAVRE,BERNEX_HAINARD,t0800,0.0
CHENE_BOURG_PLACE_FAVRE,BERNEX_HAINARD,t0830,0.0
CHENE_BOURG_PLACE_FAVRE,BERNEX_LUCHEPELET,t0700,0.0
CHENE_BOURG_PLACE_FAVRE,BERNEX_LUCHEPELET,t0730,0.0
CHENE_BOURG_PLACE_FAVRE,BERNEX_LUCHEPELET,t0800,0.0
CHENE_BOURG_PLACE_FAVRE,BERNEX_LUCHEPELET,t0830,0.0
CHENE_BOURG_PLACE_FAVRE,BERNEX_PRE_MARAIS,t0700,0.0
CHENE_BOURG_PLACE_FAVRE,BERNEX_PRE_MARAIS,t0730,0.0
CHENE_BOURG_PLACE_FAVRE,BERNEX_PRE_MARAIS,t0800,0.0
CHENE_BOURG_PLACE_FAVRE,BERNEX_PRE_MARAIS,t0830,0.0
CHENE_BOURG_PLACE_FAVRE,BERNEX_P_R,t0700,0.0
CHENE_BOURG_PLACE_FAVRE,BERNEX_P_R,t0730,0.0
CHENE_BOURG_PLACE_FAVRE,BERNEX_P_R,t0800,0.0
CHENE_BOURG_PLACE_FAVRE,BERNEX_P_R,t0830,0.0
CHENE_BOURG_PLACE_FAVRE,BERNEX_VAILLY,t0700,0.0
CHENE_BOURG_PLACE_FAVRE,BERNEX_VAILLY,t0730,0.0
CHENE_BOURG_PLACE_FAVRE,BERNEX_VAILLY,t0800,0.0
CHENE_BOURG_PLACE_FAVRE,BERNEX_VAILLY,t0830,0.0
CHENE_BOURG_PLACE_FAVRE,CAROUGE_GE_ANCIENNE,t0700,0.0
CHENE_BOURG_PLACE_FAVRE,CAROUGE_GE_ANCIENNE,t0730,0.0
CHENE_BOURG_PLACE_FAVRE,CAROUGE_GE_ANCIENNE,t0800,0.0
CHENE_BOURG_PLACE_FAVRE,CAROUGE_GE_ANCIENNE,t0830,0.0
CHENE_BOURG_PLACE_FAVRE,CAROUGE_GE_ARMES,t0700,0.0
CHENE_BOURG_PLACE_FAVRE,CAROUGE_GE_ARMES,t0730,0.0
CHENE_BOURG_PLACE_FAVRE,CAROUGE_GE_ARMES,t0800,0.0
CHENE_BOURG_PLACE_FAVRE,CAROUGE_GE_ARMES,t0830,0.0
CHENE_BOURG_PLACE_FAVRE,CAROUGE_GE_MARCHE,t0700,0.0
CHENE_BOURG_PLACE_FAVRE,CAROUGE_GE_MARCHE,t0730,0.0
CHENE_BOURG_PLACE_FAVRE,CAROUGE_GE_MARCHE,t0800,0.0
CHENE_BOURG_PLACE_FAVRE,CAROUGE_GE_MARCHE,t0830,0.0
CHENE_BOURG_PLACE_FAVRE,CAROUGE_GE_RONDEAU,t0700,0.0
CHENE_BOURG_PLACE_FAVRE,CAROUGE_GE_RONDEAU,t0730,0.0
CHENE_BOURG_PLACE_FAVRE,CAROUGE_GE_RONDEAU,t0800,0.0
CHENE_BOURG_PLACE_FAVRE,CAROUGE_GE_RONDEAU,t0830,0.0
CHENE_BOURG_PLACE_FAVRE,CHENE_BOUGERIES_GRANGETTES,t0700,0.0
CHENE_BOURG_PLACE_FAVRE,CHENE_BOUGERIES_GRANGETTES,t0730,0.0
CHENE_BOURG_PLACE_FAVRE,CHENE_BOUGERIES_GRANGETTES,t0800,0.0
CHENE_BOURG_PLACE_FAVRE,CHENE_BOUGERIES_GRANGETTES,t0830,0.0
CHENE_BOURG_PLACE_FAVRE,CHENE_BOUGERIES_GRANGE_CANAL,t0700,0.0
CHENE_BOURG_PLACE_FAVRE,CHENE_BOUGERIES_GRANGE_CANAL,t0730,0.0
CHENE_BOURG_PLACE_FAVRE,CHENE_BOUGERIES_GRANGE_CANAL,t0800,0.0
CHENE_BOURG_PLACE_FAVRE,CHENE_BOUGERIES_GRANGE_CANAL,t0830,0.0
CHENE_BOURG_PLACE_FAVRE,CHENE_BOUGERIES_GRANGE_FALQUET,t0700,0.0
CHENE_BOURG_PLACE_FAVRE,CHENE_BOUGERIES_GRANGE_FALQUET,t0730,0.0
CHENE_BOURG_PLACE_FAVRE,CHENE_BOUGERIES_GRANGE_FALQUET,t0800,0.0
CHENE_BOURG_PLACE_FAVRE,CHENE_BOUGERIES_GRANGE_FALQUET,t0830,0.0
CHENE_BOURG_PLACE_FAVRE,CHENE_BOURG_PEILLONNEX,t0700,0.0
CHENE_BOURG_PLACE_FAVRE,CHENE_BOURG_PEILLONNEX,t0730,0.0
CHENE_BOURG_PLACE_FAVRE,CHENE_BOURG_PEILLONNEX,t0800,0.0
CHENE_BOURG_PLACE_FAVRE,CHENE_BOURG_PEILLONNEX,t0830,0.0
CHENE_BOURG_PLACE_FAVRE,CONFIGNON_CROISEE,t0700,0.0
CHENE_BOURG_PLACE_FAVRE,CONFIGNON_CROISEE,t0730,0.0
CHENE_BOURG_PLACE_FAVRE,CONFIGNON_CROISEE,t0800,0.0
CHENE_BOURG_PLACE_FAVRE,CONFIGNON_CROISEE,t0830,0.0
CHENE_BOURG_PLACE_FAVRE,CONFIGNON_LA_DODE,t0700,0.0
CHENE_BOURG_PLACE_FAVRE,CONFIGNON_LA_DODE,t0730,0.0
CHENE_BOURG_PLACE_FAVRE,CONFIGNON_LA_DODE,t0800,0.0
CHENE_BOURG_PLACE_FAVRE,CONFIGNON_LA_DODE,t0830,0.0
CHENE_BOURG_PLACE_FAVRE,GENEVE_AMANDOLIER,t0700,0.0
CHENE_BOURG_PLACE_FAVRE,GENEVE_AMANDOLIER,t0730,0.0
CHENE_BOURG_PLACE_FAVRE,GENEVE_AMANDOLIER,t0800,0.0
CHENE_BOURG_PLACE_FAVRE,GENEVE_AMANDOLIER,t0830,0.0
CHENE_BOURG_PLACE_FAVRE,GENEVE_AUGUSTINS,t0700,0.0
CHENE_BOURG_PLACE_FAVRE,GENEVE_AUGUSTINS,t0730,0.0
CHENE_BOURG_PLACE_FAVRE,GENEVE_AUGUSTINS,t0800,0.0
CHENE_BOURG_PLACE_FAVRE,GENEVE_AUGUSTINS,t0830,0.0
CHENE_BOURG_PLACE_FAVRE,GENEVE_BEL_AIR,t0700,0.0
CHENE_BOURG_PLACE_FAVRE,GENEVE_BEL_AIR,t0730,0.0
CHENE_BOURG_PLACE_FAVRE,GENEVE_BEL_AIR,t0800,0.0
CHENE_BOURG_PLACE_FAVRE,GENEVE_BEL_AIR,t0830,0.0
CHENE_BOURG_PLACE_FAVRE,GENEVE_BLANCHE,t0700,0.0
CHENE_BOURG_PLACE_FAVRE,GENEVE_BLANCHE,t0730,0.0
CHENE_BOURG_PLACE_FAVRE,GENEVE_BLANCHE,t0800,0.0
CHENE_BOURG_PLACE_FAVRE,GENEVE_BLANCHE,t0830,0.0
CHENE_BOURG_PLACE_FAVRE,GENEVE_COUTANCE,t0700,0.0
CHENE_BOURG_PLACE_FAVRE,GENEVE_COUTANCE,t0730,0.0
CHENE_BOURG_PLACE_FAVRE,GENEVE_COUTANCE,t0800,0.0
CHENE_BOURG_PLACE_FAVRE,GENEVE_COUTANCE,t0830,0.0
CHENE_BOURG_PLACE_FAVRE,GENEVE_EAUX_VIVES_GARE,t0700,0.0
CHENE_BOURG_PLACE_FAVRE,GENEVE_EAUX_VIVES_GARE,t0730,0.0
CHENE_BOURG_PLACE_FAVRE,GENEVE_EAUX_VIVES_GARE,t0800,0.0
CHENE_BOURG_PLACE_FAVRE,GENEVE_EAUX_VIVES_GARE,t0830,0.0
CHENE_BOURG_PLACE_FAVRE,GENEVE_GARE_CORNAVIN,t0700,0.0
CHENE_BOURG_PLACE_FAVRE,GENEVE_GARE_CORNAVIN,t0730,0.0
CHENE_BOURG_PLACE_FAVRE,GENEVE_GARE_CORNAVIN,t0800,0.0
CHENE_BOURG_PLACE_FAVRE,GENEVE_GARE_CORNAVIN,t0830,0.0
CHENE_BOURG_PLACE_FAVRE,GENEVE_JONCTION,t0700,0.0
CHENE_BOURG_PLACE_FAVRE,GENEVE_JONCTION,t0730,0.0
CHENE_BOURG_PLACE_FAVRE,GENEVE_JONCTION,t0800,0.0
CHENE_BOURG_PLACE_FAVRE,GENEVE_JONCTION,t0830,0.0
CHENE_BOURG_PLACE_FAVRE,GENEVE_LYON,t0700,0.0
CHENE_BOURG_PLACE_FAVRE,GENEVE_LYON,t0730,0.0
CHENE_BOURG_PLACE_FAVRE,GENEVE_LYON,t0800,0.0
CHENE_BOURG_PLACE_FAVRE,GENEVE_LYON,t0830,0.0
CHENE_BOURG_PLACE_FAVRE,GENEVE_MOLARD,t0700,0.0
CHENE_BOURG_PLACE_FAVRE,GENEVE_MOLARD,t0730,0.0
CHENE_BOURG_PLACE_FAVRE,GENEVE_MOLARD,t0800,0.0
CHENE_BOURG_PLACE_FAVRE,GENEVE_MOLARD,t0830,0.0
CHENE_BOURG_PLACE_FAVRE,GENEVE_PALLADIUM,t0700,0.0
CHENE_BOURG_PLACE_FAVRE,GENEVE_PALLADIUM,t0730,0.0
CHENE_BOURG_PLACE_FAVRE,GENEVE_PALLADIUM,t0800,0.0
CHENE_BOURG_PLACE_FAVRE,GENEVE_PALLADIUM,t0830,0.0
CHENE_BOURG_PLACE_FAVRE,GENEVE_PLACE_DE_NEUVE,t0700,0.0
CHENE_BOURG_PLACE_FAVRE,GENEVE_PLACE_DE_NEUVE,t0730,0.0
CHENE_BOURG_PLACE_FAVRE,GENEVE_PLACE_DE_NEUVE,t0800,0.0
CHENE_BOURG_PLACE_FAVRE,GENEVE_PLACE_DE_NEUVE,t0830,0.0
CHENE_BOURG_PLACE_FAVRE,GENEVE_PLAINPALAIS,t0700,0.0
CHENE_BOURG_PLACE_FAVRE,GENEVE_PLAINPALAIS,t0730,0.0
CHENE_BOURG_PLACE_FAVRE,GENEVE_PLAINPALAIS,t0800,0.0
CHENE_BOURG_PLACE_FAVRE,GENEVE_PLAINPALAIS,t0830,0.0
CHENE_BOURG_PLACE_FAVRE,GENEVE_PONT_D_ARVE,t0700,0.0
CHENE_BOURG_PLACE_FAVRE,GENEVE_PONT_D_ARVE,t0730,0.0
CHENE_BOURG_PLACE_FAVRE,GENEVE_PONT_D_ARVE,t0800,0.0
CHENE_BOURG_PLACE_FAVRE,GENEVE_PONT_D_ARVE,t0830,0.0
CHENE_BOURG_PLACE_FAVRE,GENEVE_POTERIE,t0700,0.0
CHENE_BOURG_PLACE_FAVRE,GENEVE_POTERIE,t0730,0.0
CHENE_BOURG_PLACE_FAVRE,GENEVE_POTERIE,t0800,0.0
CHENE_BOURG_PLACE_FAVRE,GENEVE_POTERIE,t0830,0.0
CHENE_BOURG_PLACE_FAVRE,GENEVE_RIVE,t0700,0.0
CHENE_BOURG_PLACE_FAVRE,GENEVE_RIVE,t0730,0.0
CHENE_BOURG_PLACE_FAVRE,GENEVE_RIVE,t0800,0.0
CHENE_BOURG_PLACE_FAVRE,GENEVE_RIVE,t0830,0.0
CHENE_BOURG_PLACE_FAVRE,GENEVE_SERVETTE,t0700,0.0
CHENE_BOURG_PLACE_FAVRE,GENEVE_SERVETTE,t0730,0.0
CHENE_BOURG_PLACE_FAVRE,GENEVE_SERVETTE,t0800,0.0
CHENE_BOURG_PLACE_FAVRE,GENEVE_SERVETTE,t0830,0.0
CHENE_BOURG_PLACE_FAVRE,GENEVE_STAND,t0700,0.0
CHENE_BOURG_PLACE_FAVRE,GENEVE_STAND,t0730,0.0
CHENE_BOURG_PLACE_FAVRE,GENEVE_STAND,t0800,0.0
CHENE_BOURG_PLACE_FAVRE,GENEVE_STAND,t0830,0.0
CHENE_BOURG_PLACE_FAVRE,GENEVE_TERRASSIERE,t0700,0.0
CHENE_BOURG_PLACE_FAVRE,GENEVE_TERRASSIERE,t0730,0.0
CHENE_BOURG_PLACE_FAVRE,GENEVE_TERRASSIERE,t0800,0.0
CHENE_BOURG_PLACE_FAVRE,GENEVE_TERRASSIERE,t0830,0.0
CHENE_BOURG_PLACE_FAVRE,GENEVE_VIEUSSEUX,t0700,0.0
CHENE_BOURG_PLACE_FAVRE,GENEVE_VIEUSSEUX,t0730,0.0
CHENE_BOURG_PLACE_FAVRE,GENEVE_VIEUSSEUX,t0800,0.0
CHENE_BOURG_PLACE_FAVRE,GENEVE_VIEUSSEUX,t0830,0.0
CHENE_BOURG_PLACE_FAVRE,GENEVE_VILLEREUSE,t0700,0.0
CHENE_BOURG_PLACE_FAVRE,GENEVE_VILLEREUSE,t0730,0.0
CHENE_BOURG_PLACE_FAVRE,GENEVE_VILLEREUSE,t0800,0.0
CHENE_BOURG_PLACE_FAVRE,GENEVE_VILLEREUSE,t0830,0.0
CHENE_BOURG_PLACE_FAVRE,GRAND_LANCY_DE_STAEL,t0700,0.0
CHENE_BOURG_PLACE_FAVRE,GRAND_LANCY_DE_STAEL,t0730,0.0
CHENE_BOURG_PLACE_FAVRE,GRAND_LANCY_DE_STAEL,t0800,0.0
CHENE_BOURG_PLACE_FAVRE,GRAND_LANCY_DE_STAEL,t0830,0.0
CHENE_BOURG_PLACE_FAVRE,GRAND_LANCY_PALETTES,t0700,0.0
CHENE_BOURG_PLACE_FAVRE,GRAND_LANCY_PALETTES,t0730,0.0
CHENE_BOURG_PLACE_FAVRE,GRAND_LANCY_PALETTES,t0800,0.0
CHENE_BOURG_PLACE_FAVRE,GRAND_LANCY_PALETTES,t0830,0.0
CHENE_BOURG_PLACE_FAVRE,GRAND_LANCY_PONTETS,t0700,0.0
CHENE_BOURG_PLACE_FAVRE,GRAND_LANCY_PONTETS,t0730,0.0
CHENE_BOURG_PLACE_FAVRE,GRAND_LANCY_PONTETS,t0800,0.0
CHENE_BOURG_PLACE_FAVRE,GRAND_LANCY_PONTETS,t0830,0.0
CHENE_BOURG_PLACE_FAVRE,LANCY_BACHET_GARE,t0700,0.0
CHENE_BOURG_PLACE_FAVRE,LANCY_BACHET_GARE,t0730,0.0
CHENE_BOURG_PLACE_FAVRE,LANCY_BACHET_GARE,t0800,0.0
CHENE_BOURG_PLACE_FAVRE,LANCY_BACHET_GARE,t0830,0.0
CHENE_BOURG_PLACE_FAVRE,MEYRIN_BOIS_DU_LAN,t0700,0.0
CHENE_BOURG_PLACE_FAVRE,MEYRIN_BOIS_DU_LAN,t0730,0.0
CHENE_BOURG_PLACE_FAVRE,MEYRIN_BOIS_DU_LAN,t0800,0.0
CHENE_BOURG_PLACE_FAVRE,MEYRIN_BOIS_DU_LAN,t0830,0.0
CHENE_BOURG_PLACE_FAVRE,MEYRIN_CERN,t0700,0.0
CHENE_BOURG_PLACE_FAVRE,MEYRIN_CERN,t0730,0.0
CHENE_BOURG_PLACE_FAVRE,MEYRIN_CERN,t0800,0.0
CHENE_BOURG_PLACE_FAVRE,MEYRIN_CERN,t0830,0.0
CHENE_BOURG_PLACE_FAVRE,MEYRIN_FORUMEYRIN,t0700,0.0
CHENE_BOURG_PLACE_FAVRE,MEYRIN_FORUMEYRIN,t0730,0.0
CHENE_BOURG_PLACE_FAVRE,MEYRIN_FORUMEYRIN,t0800,0.0
CHENE_BOURG_PLACE_FAVRE,MEYRIN_FORUMEYRIN,t0830,0.0
CHENE_BOURG_PLACE_FAVRE,MEYRIN_GRAVIERE,t0700,0.0
CHENE_BOURG_PLACE_FAVRE,MEYRIN_GRAVIERE,t0730,0.0
CHENE_BOURG_PLACE_FAVRE,MEYRIN_GRAVIERE,t0800,0.0
CHENE_BOURG_PLACE_FAVRE,MEYRIN_GRAVIERE,t0830,0.0
CHENE_BOURG_PLACE_FAVRE,MEYRIN_HOPITAL_DE_LA_TOUR,t0700,0.0
CHENE_BOURG_PLACE_FAVRE,MEYRIN_HOPITAL_DE_LA_TOUR,t0730,0.0
CHENE_BOURG_PLACE_FAVRE,MEYRIN_HOPITAL_DE_LA_TOUR,t0800,0.0
CHENE_BOURG_PLACE_FAVRE,MEYRIN_HOPITAL_DE_LA_TOUR,t0830,0.0
CHENE_BOURG_PLACE_FAVRE,MEYRIN_JARDIN_ALPIN_VIVARIUM,t0700,0.0
CHENE_BOURG_PLACE_FAVRE,MEYRIN_JARDIN_ALPIN_VIVARIUM,t0730,0.0
CHENE_BOURG_PLACE_FAVRE,MEYRIN_JARDIN_ALPIN_VIVARIUM,t0800,0.0
CHENE_BOURG_PLACE_FAVRE,MEYRIN_JARDIN_ALPIN_VIVARIUM,t0830,0.0
CHENE_BOURG_PLACE_FAVRE,MEYRIN_MAISONNEX,t0700,0.0
CHENE_BOURG_PLACE_FAVRE,MEYRIN_MAISONNEX,t0730,0.0
CHENE_BOURG_PLACE_FAVRE,MEYRIN_MAISONNEX,t0800,0.0
CHENE_BOURG_PLACE_FAVRE,MEYRIN_MAISONNEX,t0830,0.0
CHENE_BOURG_PLACE_FAVRE,MEYRIN_VAUDAGNE,t0700,0.0
CHENE_BOURG_PLACE_FAVRE,MEYRIN_VAUDAGNE,t0730,0.0
CHENE_BOURG_PLACE_FAVRE,MEYRIN_VAUDAGNE,t0800,0.0
CHENE_BOURG_PLACE_FAVRE,MEYRIN_VAUDAGNE,t0830,0.0
CHENE_BOURG_PLACE_FAVRE,MEYRIN_VILLAGE,t0700,0.0
CHENE_BOURG_PLACE_FAVRE,MEYRIN_VILLAGE,t0730,0.0
CHENE_BOURG_PLACE_FAVRE,MEYRIN_VILLAGE,t0800,0.0
CHENE_BOURG_PLACE_FAVRE,MEYRIN_VILLAGE,t0830,0.0
CHENE_BOURG_PLACE_FAVRE,ONEX_BANDOL,t0700,0.0
CHENE_BOURG_PLACE_FAVRE,ONEX_BANDOL,t0730,0.0
CHENE_BOURG_PLACE_FAVRE,ONEX_BANDOL,t0800,0.0
CHENE_BOURG_PLACE_FAVRE,ONEX_BANDOL,t0830,0.0
CHENE_BOURG_PLACE_FAVRE,ONEX_SALLE_COMMUNALE,t0700,0.0
CHENE_BOURG_PLACE_FAVRE,ONEX_SALLE_COMMUNALE,t0730,0.0
CHENE_BOURG_PLACE_FAVRE,ONEX_SALLE_COMMUNALE,t0800,0.0
CHENE_BOURG_PLACE_FAVRE,ONEX_SALLE_COMMUNALE,t0830,0.0
CHENE_BOURG_PLACE_FAVRE,PETIT_LANCY_LES_ESSERTS,t0700,0.0
CHENE_BOURG_PLACE_FAVRE,PETIT_LANCY_LES_ESSERTS,t0730,0.0
CHENE_BOURG_PLACE_FAVRE,PETIT_LANCY_LES_ESSERTS,t0800,0.0
CHENE_BOURG_PLACE_FAVRE,PETIT_LANCY_LES_ESSERTS,t0830,0.0
CHENE_BOURG_PLACE_FAVRE,PETIT_LANCY_PLACE,t0700,0.0
CHENE_BOURG_PLACE_FAVRE,PETIT_LANCY_PLACE,t0730,0.0
CHENE_BOURG_PLACE_FAVRE,PETIT_LANCY_PLACE,t0800,0.0
CHENE_BOURG_PLACE_FAVRE,PETIT_LANCY_PLACE,t0830,0.0
CHENE_BOURG_PLACE_FAVRE,PETIT_LANCY_QUIDORT,t0700,0.0
CHENE_BOURG_PLACE_FAVRE,PETIT_LANCY_QUIDORT,t0730,0.0
CHENE_BOURG_PLACE_FAVRE,PETIT_LANCY_QUIDORT,t0800,0.0
CHENE_BOURG_PLACE_FAVRE,PETIT_LANCY_QUIDORT,t0830,0.0
CHENE_BOURG_PLACE_FAVRE,PLAN_LES_OUATES_TREFLE_BLANC,t0700,0.0
CHENE_BOURG_PLACE_FAVRE,PLAN_LES_OUATES_TREFLE_BLANC,t0730,0.0
CHENE_BOURG_PLACE_FAVRE,PLAN_LES_OUATES_TREFLE_BLANC,t0800,0.0
CHENE_BOURG_PLACE_FAVRE,PLAN_LES_OUATES_TREFLE_BLANC,t0830,0.0
CHENE_BOURG_PLACE_FAVRE,THONEX_GRAVESON,t0700,0.0
CHENE_BOURG_PLACE_FAVRE,THONEX_GRAVESON,t0730,0.0
CHENE_BOURG_PLACE_FAVRE,THONEX_GRAVESON,t0800,0.0
CHENE_BOURG_PLACE_FAVRE,THONEX_GRAVESON,t0830,0.0
CHENE_BOURG_PLACE_FAVRE,THONEX_MOILLESULAZ,t0700,0.0
CHENE_BOURG_PLACE_FAVRE,THONEX_MOILLESULAZ,t0730,0.0
CHENE_BOURG_PLACE_FAVRE,THONEX_MOILLESULAZ,t0800,0.0
CHENE_BOURG_PLACE_FAVRE,THONEX_MOILLESULAZ,t0830,0.0
CHENE_BOURG_PLACE_FAVRE,VERNIER_AVANCHETS_ETANG,t0700,0.0
CHENE_BOURG_PLACE_FAVRE,VERNIER_AVANCHETS_ETANG,t0730,0.0
CHENE_BOURG_PLACE_FAVRE,VERNIER_AVANCHETS_ETANG,t0800,0.0
CHENE_BOURG_PLACE_FAVRE,VERNIER_AVANCHETS_ETANG,t0830,0.0
CHENE_BOURG_PLACE_FAVRE,VERNIER_BALEXERT,t0700,0.0
CHENE_BOURG_PLACE_FAVRE,VERNIER_BALEXERT,t0730,0.0
CHENE_BOURG_PLACE_FAVRE,VERNIER_BALEXERT,t0800,0.0
CHENE_BOURG_PLACE_FAVRE,VERNIER_BALEXERT,t0830,0.0
CHENE_BOURG_PLACE_FAVRE,VERNIER_BLANDONNET,t0700,0.0
CHENE_BOURG_PLACE_FAVRE,VERNIER_BLANDONNET,t0730,0.0
CHENE_BOURG_PLACE_FAVRE,VERNIER_BLANDONNET,t0800,0.0
CHENE_BOURG_PLACE_FAVRE,VERNIER_BLANDONNET,t0830,0.0
CHENE_BOURG_PLACE_FAVRE,VERNIER_BOUCHET,t0700,0.0
CHENE_BOURG_PLACE_FAVRE,VERNIER_BOUCHET,t0730,0.0
CHENE_BOURG_PLACE_FAVRE,VERNIER_BOUCHET,t0800,0.0
CHENE_BOURG_PLACE_FAVRE,VERNIER_BOUCHET,t0830,0.0
CONFIGNON_CROISEE,BERNEX_HAINARD,t0700,0.0
CONFIGNON_CROISEE,BERNEX_HAINARD,t0730,0.0
CONFIGNON_CROISEE,BERNEX_HAINARD,t0800,0.0
CONFIGNON_CROISEE,BERNEX_HAINARD,t0830,0.0
CONFIGNON_CROISEE,BERNEX_LUCHEPELET,t0700,0.0
CONFIGNON_CROISEE,BERNEX_LUCHEPELET,t0730,0.0
CONFIGNON_CROISEE,BERNEX_LUCHEPELET,t0800,0.0
CONFIGNON_CROISEE,BERNEX_LUCHEPELET,t0830,0.0
CONFIGNON_CROISEE,BERNEX_PRE_MARAIS,t0700,0.0
CONFIGNON_CROISEE,BERNEX_PRE_MARAIS,t0730,0.0
CONFIGNON_CROISEE,BERNEX_PRE_MARAIS,t0800,0.0
CONFIGNON_CROISEE,BERNEX_PRE_MARAIS,t0830,0.0
CONFIGNON_CROISEE,BERNEX_P_R,t0700,0.0
CONFIGNON_CROISEE,BERNEX_P_R,t0730,0.0
CONFIGNON_CROISEE,BERNEX_P_R,t0800,0.0
CONFIGNON_CROISEE,BERNEX_P_R,t0830,0.0
CONFIGNON_CROISEE,BERNEX_VAILLY,t0700,0.0
CONFIGNON_CROISEE,BERNEX_VAILLY,t0730,0.0
CONFIGNON_CROISEE,BERNEX_VAILLY,t0800,0.0
CONFIGNON_CROISEE,BERNEX_VAILLY,t0830,0.0
CONFIGNON_CROISEE,CAROUGE_GE_ANCIENNE,t0700,0.0
CONFIGNON_CROISEE,CAROUGE_GE_ANCIENNE,t0730,0.0
CONFIGNON_CROISEE,CAROUGE_GE_ANCIENNE,t0800,0.0
CONFIGNON_CROISEE,CAROUGE_GE_ANCIENNE,t0830,0.0
CONFIGNON_CROISEE,CAROUGE_GE_ARMES,t0700,0.0
CONFIGNON_CROISEE,CAROUGE_GE_ARMES,t0730,0.0
CONFIGNON_CROISEE,CAROUGE_GE_ARMES,t0800,0.0
CONFIGNON_CROISEE,CAROUGE_GE_ARMES,t0830,0.0
CONFIGNON_CROISEE,CAROUGE_GE_MARCHE,t0700,0.0
CONFIGNON_CROISEE,CAROUGE_GE_MARCHE,t0730,0.0
CONFIGNON_CROISEE,CAROUGE_GE_MARCHE,t0800,0.0
CONFIGNON_CROISEE,CAROUGE_GE_MARCHE,t0830,0.0
CONFIGNON_CROISEE,CAROUGE_GE_RONDEAU,t0700,0.0
CONFIGNON_CROISEE,CAROUGE_GE_RONDEAU,t0730,0.0
CONFIGNON_CROISEE,CAROUGE_GE_RONDEAU,t0800,0.0
CONFIGNON_CROISEE,CAROUGE_GE_RONDEAU,t0830,0.0
CONFIGNON_CROISEE,CHENE_BOUGERIES_GRANGETTES,t0700,0.0
CONFIGNON_CROISEE,CHENE_BOUGERIES_GRANGETTES,t0730,0.0
CONFIGNON_CROISEE,CHENE_BOUGERIES_GRANGETTES,t0800,0.0
CONFIGNON_CROISEE,CHENE_BOUGERIES_GRANGETTES,t0830,0.0
CONFIGNON_CROISEE,CHENE_BOUGERIES_GRANGE_CANAL,t0700,0.0
CONFIGNON_CROISEE,CHENE_BOUGERIES_GRANGE_CANAL,t0730,0.0
CONFIGNON_CROISEE,CHENE_BOUGERIES_GRANGE_CANAL,t0800,0.0
CONFIGNON_CROISEE,CHENE_BOUGERIES_GRANGE_CANAL,t0830,0.0
CONFIGNON_CROISEE,CHENE_BOUGERIES_GRANGE_FALQUET,t0700,0.0
CONFIGNON_CROISEE,CHENE_BOUGERIES_GRANGE_FALQUET,t0730,0.0
CONFIGNON_CROISEE,CHENE_BOUGERIES_GRANGE_FALQUET,t0800,0.0
CONFIGNON_CROISEE,CHENE_BOUGERIES_GRANGE_FALQUET,t0830,0.0
CONFIGNON_CROISEE,CHENE_BOURG_PEILLONNEX,t0700,0.0
CONFIGNON_CROISEE,CHENE_BOURG_PEILLONNEX,t0730,0.0
CONFIGNON_CROISEE,CHENE_BOURG_PEILLONNEX,t0800,0.0
CONFIGNON_CROISEE,CHENE_BOURG_PEILLONNEX,t0830,0.0
CONFIGNON_CROISEE,CHENE_BOURG_PLACE_FAVRE,t0700,0.0
CONFIGNON_CROISEE,CHENE_BOURG_PLACE_FAVRE,t0730,0.0
CONFIGNON_CROISEE,CHENE_BOURG_PLACE_FAVRE,t0800,0.0
CONFIGNON_CROISEE,CHENE_BOURG_PLACE_FAVRE,t0830,0.0
CONFIGNON_CROISEE,CONFIGNON_LA_DODE,t0700,0.0
CONFIGNON_CROISEE,CONFIGNON_LA_DODE,t0730,0.0
CONFIGNON_CROISEE,CONFIGNON_LA_DODE,t0800,0.0
CONFIGNON_CROISEE,CONFIGNON_LA_DODE,t0830,0.0
CONFIGNON_CROISEE,GENEVE_AMANDOLIER,t0700,0.0
CONFIGNON_CROISEE,GENEVE_AMANDOLIER,t0730,0.0
CONFIGNON_CROISEE,GENEVE_AMANDOLIER,t0800,0.0
CONFIGNON_CROISEE,GENEVE_AMANDOLIER,t0830,0.0
CONFIGNON_CROISEE,GENEVE_AUGUSTINS,t0700,0.0
CONFIGNON_CROISEE,GENEVE_AUGUSTINS,t0730,0.0
CONFIGNON_CROISEE,GENEVE_AUGUSTINS,t0800,0.0
CONFIGNON_CROISEE,GENEVE_AUGUSTINS,t0830,0.0
CONFIGNON_CROISEE,GENEVE_BEL_AIR,t0700,0.0
CONFIGNON_CROISEE,GENEVE_BEL_AIR,t0730,0.0
CONFIGNON_CROISEE,GENEVE_BEL_AIR,t0800,0.0
CONFIGNON_CROISEE,GENEVE_BEL_AIR,t0830,0.0
CONFIGNON_CROISEE,GENEVE_BLANCHE,t0700,0.0
CONFIGNON_CROISEE,GENEVE_BLANCHE,t0730,0.0
CONFIGNON_CROISEE,GENEVE_BLANCHE,t0800,0.0
CONFIGNON_CROISEE,GENEVE_BLANCHE,t0830,0.0
CONFIGNON_CROISEE,GENEVE_COUTANCE,t0700,0.0
CONFIGNON_CROISEE,GENEVE_COUTANCE,t0730,0.0
CONFIGNON_CROISEE,GENEVE_COUTANCE,t0800,0.0
CONFIGNON_CROISEE,GENEVE_COUTANCE,t0830,0.0
CONFIGNON_CROISEE,GENEVE_EAUX_VIVES_GARE,t0700,0.0
CONFIGNON_CROISEE,GENEVE_EAUX_VIVES_GARE,t0730,0.0
CONFIGNON_CROISEE,GENEVE_EAUX_VIVES_GARE,t0800,0.0
CONFIGNON_CROISEE,GENEVE_EAUX_VIVES_GARE,t0830,0.0
CONFIGNON_CROISEE,GENEVE_GARE_CORNAVIN,t0700,0.0
CONFIGNON_CROISEE,GENEVE_GARE_CORNAVIN,t0730,0.0
CONFIGNON_CROISEE,GENEVE_GARE_CORNAVIN,t0800,0.0
CONFIGNON_CROISEE,GENEVE_GARE_CORNAVIN,t0830,0.0
CONFIGNON_CROISEE,GENEVE_JONCTION,t0700,0.0
CONFIGNON_CROISEE,GENEVE_JONCTION,t0730,0.0
CONFIGNON_CROISEE,GENEVE_JONCTION,t0800,0.0
CONFIGNON_CROISEE,GENEVE_JONCTION,t0830,0.0
CONFIGNON_CROISEE,GENEVE_LYON,t0700,0.0
CONFIGNON_CROISEE,GENEVE_LYON,t0730,0.0
CONFIGNON_CROISEE,GENEVE_LYON,t0800,0.0
CONFIGNON_CROISEE,GENEVE_LYON,t0830,0.0
CONFIGNON_CROISEE,GENEVE_MOLARD,t0700,0.0
CONFIGNON_CROISEE,GENEVE_MOLARD,t0730,0.0
CONFIGNON_CROISEE,GENEVE_MOLARD,t0800,0.0
CONFIGNON_CROISEE,GENEVE_MOLARD,t0830,0.0
CONFIGNON_CROISEE,GENEVE_PALLADIUM,t0700,0.0
CONFIGNON_CROISEE,GENEVE_PALLADIUM,t0730,0.0
CONFIGNON_CROISEE,GENEVE_PALLADIUM,t0800,0.0
CONFIGNON_CROISEE,GENEVE_PALLADIUM,t0830,0.0
CONFIGNON_CROISEE,GENEVE_PLACE_DE_NEUVE,t0700,0.0
CONFIGNON_CROISEE,GENEVE_PLACE_DE_NEUVE,t0730,0.0
CONFIGNON_CROISEE,GENEVE_PLACE_DE_NEUVE,t0800,0.0
CONFIGNON_CROISEE,GENEVE_PLACE_DE_NEUVE,t0830,0.0
CONFIGNON_CROISEE,GENEVE_PLAINPALAIS,t0700,0.0
CONFIGNON_CROISEE,GENEVE_PLAINPALAIS,t0730,0.0
CONFIGNON_CROISEE,GENEVE_PLAINPALAIS,t0800,0.0
CONFIGNON_CROISEE,GENEVE_PLAINPALAIS,t0830,0.0
CONFIGNON_CROISEE,GENEVE_PONT_D_ARVE,t0700,0.0
CONFIGNON_CROISEE,GENEVE_PONT_D_ARVE,t0730,0.0
CONFIGNON_CROISEE,GENEVE_PONT_D_ARVE,t0800,0.0
CONFIGNON_CROISEE,GENEVE_PONT_D_ARVE,t0830,0.0
CONFIGNON_CROISEE,GENEVE_POTERIE,t0700,0.0
CONFIGNON_CROISEE,GENEVE_POTERIE,t0730,0.0
CONFIGNON_CROISEE,GENEVE_POTERIE,t0800,0.0
CONFIGNON_CROISEE,GENEVE_POTERIE,t0830,0.0
CONFIGNON_CROISEE,GENEVE_RIVE,t0700,0.0
CONFIGNON_CROISEE,GENEVE_RIVE,t0730,0.0
CONFIGNON_CROISEE,GENEVE_RIVE,t0800,0.0
CONFIGNON_CROISEE,GENEVE_RIVE,t0830,0.0
CONFIGNON_CROISEE,GENEVE_SERVETTE,t0700,0.0
CONFIGNON_CROISEE,GENEVE_SERVETTE,t0730,0.0
CONFIGNON_CROISEE,GENEVE_SERVETTE,t0800,0.0
CONFIGNON_CROISEE,GENEVE_SERVETTE,t0830,0.0
CONFIGNON_CROISEE,GENEVE_STAND,t0700,0.0
CONFIGNON_CROISEE,GENEVE_STAND,t0730,0.0
CONFIGNON_CROISEE,GENEVE_STAND,t0800,0.0
CONFIGNON_CROISEE,GENEVE_STAND,t0830,0.0
CONFIGNON_CROISEE,GENEVE_TERRASSIERE,t0700,0.0
CONFIGNON_CROISEE,GENEVE_TERRASSIERE,t0730,0.0
CONFIGNON_CROISEE,GENEVE_TERRASSIERE,t0800,0.0
CONFIGNON_CROISEE,GENEVE_TERRASSIERE,t0830,0.0
CONFIGNON_CROISEE,GENEVE_VIEUSSEUX,t0700,0.0
CONFIGNON_CROISEE,GENEVE_VIEUSSEUX,t0730,0.0
CONFIGNON_CROISEE,GENEVE_VIEUSSEUX,t0800,0.0
CONFIGNON_CROISEE,GENEVE_VIEUSSEUX,t0830,0.0
CONFIGNON_CROISEE,GENEVE_VILLEREUSE,t0700,0.0
CONFIGNON_CROISEE,GENEVE_VILLEREUSE,t0730,0.0
CONFIGNON_CROISEE,GENEVE_VILLEREUSE,t0800,0.0
CONFIGNON_CROISEE,GENEVE_VILLEREUSE,t0830,0.0
CONFIGNON_CROISEE,GRAND_LANCY_DE_STAEL,t0700,0.0
CONFIGNON_CROISEE,GRAND_LANCY_DE_STAEL,t0730,0.0
CONFIGNON_CROISEE,GRAND_LANCY_DE_STAEL,t0800,0.0
CONFIGNON_CROISEE,GRAND_LANCY_DE_STAEL,t0830,0.0
CONFIGNON_CROISEE,GRAND_LANCY_PALETTES,t0700,0.0
CONFIGNON_CROISEE,GRAND_LANCY_PALETTES,t0730,0.0
CONFIGNON_CROISEE,GRAND_LANCY_PALETTES,t0800,0.0
CONFIGNON_CROISEE,GRAND_LANCY_PALETTES,t0830,0.0
CONFIGNON_CROISEE,GRAND_LANCY_PONTETS,t0700,0.0
CONFIGNON_CROISEE,GRAND_LANCY_PONTETS,t0730,0.0
CONFIGNON_CROISEE,GRAND_LANCY_PONTETS,t0800,0.0
CONFIGNON_CROISEE,GRAND_LANCY_PONTETS,t0830,0.0
CONFIGNON_CROISEE,LANCY_BACHET_GARE,t0700,0.0
CONFIGNON_CROISEE,LANCY_BACHET_GARE,t0730,0.0
CONFIGNON_CROISEE,LANCY_BACHET_GARE,t0800,0.0
CONFIGNON_CROISEE,LANCY_BACHET_GARE,t0830,0.0
CONFIGNON_CROISEE,MEYRIN_BOIS_DU_LAN,t0700,0.0
CONFIGNON_CROISEE,MEYRIN_BOIS_DU_LAN,t0730,0.0
CONFIGNON_CROISEE,MEYRIN_BOIS_DU_LAN,t0800,0.0
CONFIGNON_CROISEE,MEYRIN_BOIS_DU_LAN,t0830,0.0
CONFIGNON_CROISEE,MEYRIN_CERN,t0700,0.0
CONFIGNON_CROISEE,MEYRIN_CERN,t0730,0.0
CONFIGNON_CROISEE,MEYRIN_CERN,t0800,0.0
CONFIGNON_CROISEE,MEYRIN_CERN,t0830,0.0
CONFIGNON_CROISEE,MEYRIN_FORUMEYRIN,t0700,0.0
CONFIGNON_CROISEE,MEYRIN_FORUMEYRIN,t0730,0.0
CONFIGNON_CROISEE,MEYRIN_FORUMEYRIN,t0800,0.0
CONFIGNON_CROISEE,MEYRIN_FORUMEYRIN,t0830,0.0
CONFIGNON_CROISEE,MEYRIN_GRAVIERE,t0700,0.0
CONFIGNON_CROISEE,MEYRIN_GRAVIERE,t0730,0.0
CONFIGNON_CROISEE,MEYRIN_GRAVIERE,t0800,0.0
CONFIGNON_CROISEE,MEYRIN_GRAVIERE,t0830,0.0
CONFIGNON_CROISEE,MEYRIN_HOPITAL_DE_LA_TOUR,t0700,0.0
CONFIGNON_CROISEE,MEYRIN_HOPITAL_DE_LA_TOUR,t0730,0.0
CONFIGNON_CROISEE,MEYRIN_HOPITAL_DE_LA_TOUR,t0800,0.0
CONFIGNON_CROISEE,MEYRIN_HOPITAL_DE_LA_TOUR,t0830,0.0
CONFIGNON_CROISEE,MEYRIN_JARDIN_ALPIN_VIVARIUM,t0700,0.0
CONFIGNON_CROISEE,MEYRIN_JARDIN_ALPIN_VIVARIUM,t0730,0.0
CONFIGNON_CROISEE,MEYRIN_JARDIN_ALPIN_VIVARIUM,t0800,0.0
CONFIGNON_CROISEE,MEYRIN_JARDIN_ALPIN_VIVARIUM,t0830,0.0
CONFIGNON_CROISEE,MEYRIN_MAISONNEX,t0700,0.0
CONFIGNON_CROISEE,MEYRIN_MAISONNEX,t0730,0.0
CONFIGNON_CROISEE,MEYRIN_MAISONNEX,t0800,0.0
CONFIGNON_CROISEE,MEYRIN_MAISONNEX,t0830,0.0
CONFIGNON_CROISEE,MEYRIN_VAUDAGNE,t0700,0.0
CONFIGNON_CROISEE,MEYRIN_VAUDAGNE,t0730,0.0
CONFIGNON_CROISEE,MEYRIN_VAUDAGNE,t0800,0.0
CONFIGNON_CROISEE,MEYRIN_VAUDAGNE,t0830,0.0
CONFIGNON_CROISEE,MEYRIN_VILLAGE,t0700,0.0
CONFIGNON_CROISEE,MEYRIN_VILLAGE,t0730,0.0
CONFIGNON_CROISEE,MEYRIN_VILLAGE,t0800,0.0
CONFIGNON_CROISEE,MEYRIN_VILLAGE,t0830,0.0
CONFIGNON_CROISEE,ONEX_BANDOL,t0700,0.0
CONFIGNON_CROISEE,ONEX_BANDOL,t0730,0.0
CONFIGNON_CROISEE,ONEX_BANDOL,t0800,0.0
CONFIGNON_CROISEE,ONEX_BANDOL,t0830,0.0
CONFIGNON_CROISEE,ONEX_SALLE_COMMUNALE,t0700,0.0
CONFIGNON_CROISEE,ONEX_SALLE_COMMUNALE,t0730,0.0
CONFIGNON_CROISEE,ONEX_SALLE_COMMUNALE,t0800,0.0
CONFIGNON_CROISEE,ONEX_SALLE_COMMUNALE,t0830,0.0
CONFIGNON_CROISEE,PETIT_LANCY_LES_ESSERTS,t0700,0.0
CONFIGNON_CROISEE,PETIT_LANCY_LES_ESSERTS,t0730,0.0
CONFIGNON_CROISEE,PETIT_LANCY_LES_ESSERTS,t0800,0.0
CONFIGNON_CROISEE,PETIT_LANCY_LES_ESSERTS,t0830,0.0
CONFIGNON_CROISEE,PETIT_LANCY_PLACE,t0700,0.0
CONFIGNON_CROISEE,PETIT_LANCY_PLACE,t0730,0.0
CONFIGNON_CROISEE,PETIT_LANCY_PLACE,t0800,0.0
CONFIGNON_CROISEE,PETIT_LANCY_PLACE,t0830,0.0
CONFIGNON_CROISEE,PETIT_LANCY_QUIDORT,t0700,0.0
CONFIGNON_CROISEE,PETIT_LANCY_QUIDORT,t0730,0.0
CONFIGNON_CROISEE,PETIT_LANCY_QUIDORT,t0800,0.0
CONFIGNON_CROISEE,PETIT_LANCY_QUIDORT,t0830,0.0
CONFIGNON_CROISEE,PLAN_LES_OUATES_TREFLE_BLANC,t0700,0.0
CONFIGNON_CROISEE,PLAN_LES_OUATES_TREFLE_BLANC,t0730,0.0
CONFIGNON_CROISEE,PLAN_LES_OUATES_TREFLE_BLANC,t0800,0.0
CONFIGNON_CROISEE,PLAN_LES_OUATES_TREFLE_BLANC,t0830,0.0
CONFIGNON_CROISEE,THONEX_GRAVESON,t0700,0.0
CONFIGNON_CROISEE,THONEX_GRAVESON,t0730,0.0
CONFIGNON_CROISEE,THONEX_GRAVESON,t0800,0.0
CONFIGNON_CROISEE,THONEX_GRAVESON,t0830,0.0
CONFIGNON_CROISEE,THONEX_MOILLESULAZ,t0700,0.0
CONFIGNON_CROISEE,THONEX_MOILLESULAZ,t0730,0.0
CONFIGNON_CROISEE,THONEX_MOILLESULAZ,t0800,0.0
CONFIGNON_CROISEE,THONEX_MOILLESULAZ,t0830,0.0
CONFIGNON_CROISEE,VERNIER_AVANCHETS_ETANG,t0700,0.0
CONFIGNON_CROISEE,VERNIER_AVANCHETS_ETANG,t0730,0.0
CONFIGNON_CROISEE,VERNIER_AVANCHETS_ETANG,t0800,0.0
CONFIGNON_CROISEE,VERNIER_AVANCHETS_ETANG,t0830,0.0
CONFIGNON_CROISEE,VERNIER_BALEXERT,t0700,0.0
CONFIGNON_CROISEE,VERNIER_BALEXERT,t0730,0.0
CONFIGNON_CROISEE,VERNIER_BALEXERT,t0800,0.0
CONFIGNON_CROISEE,VERNIER_BALEXERT,t0830,0.0
CONFIGNON_CROISEE,VERNIER_BLANDONNET,t0700,0.0
CONFIGNON_CROISEE,VERNIER_BLANDONNET,t0730,0.0
CONFIGNON_CROISEE,VERNIER_BLANDONNET,t0800,0.0
CONFIGNON_CROISEE,VERNIER_BLANDONNET,t0830,0.0
CONFIGNON_CROISEE,VERNIER_BOUCHET,t0700,0.0
CONFIGNON_CROISEE,VERNIER_BOUCHET,t0730,0.0
CONFIGNON_CROISEE,VERNIER_BOUCHET,t0800,0.0
CONFIGNON_CROISEE,VERNIER_BOUCHET,t0830,0.0
CONFIGNON_LA_DODE,BERNEX_HAINARD,t0700,0.0
CONFIGNON_LA_DODE,BERNEX_HAINARD,t0730,0.0
CONFIGNON_LA_DODE,BERNEX_HAINARD,t0800,0.0
CONFIGNON_LA_DODE,BERNEX_HAINARD,t0830,0.0
CONFIGNON_LA_DODE,BERNEX_LUCHEPELET,t0700,0.0
CONFIGNON_LA_DODE,BERNEX_LUCHEPELET,t0730,0.0
CONFIGNON_LA_DODE,BERNEX_LUCHEPELET,t0800,0.0
CONFIGNON_LA_DODE,BERNEX_LUCHEPELET,t0830,0.0
CONFIGNON_LA_DODE,BERNEX_PRE_MARAIS,t0700,0.0
CONFIGNON_LA_DODE,BERNEX_PRE_MARAIS,t0730,0.0
CONFIGNON_LA_DODE,BERNEX_PRE_MARAIS,t0800,0.0
CONFIGNON_LA_DODE,BERNEX_PRE_MARAIS,t0830,0.0
CONFIGNON_LA_DODE,BERNEX_P_R,t0700,0.0
CONFIGNON_LA_DODE,BERNEX_P_R,t0730,0.0
CONFIGNON_LA_DODE,BERNEX_P_R,t0800,0.0
CONFIGNON_LA_DODE,BERNEX_P_R,t0830,0.0
CONFIGNON_LA_DODE,BERNEX_VAILLY,t0700,0.0
CONFIGNON_LA_DODE,BERNEX_VAILLY,t0730,0.0
CONFIGNON_LA_DODE,BERNEX_VAILLY,t0800,0.0
CONFIGNON_LA_DODE,BERNEX_VAILLY,t0830,0.0
CONFIGNON_LA_DODE,CAROUGE_GE_ANCIENNE,t0700,0.0
CONFIGNON_LA_DODE,CAROUGE_GE_ANCIENNE,t0730,0.0
CONFIGNON_LA_DODE,CAROUGE_GE_ANCIENNE,t0800,0.0
CONFIGNON_LA_DODE,CAROUGE_GE_ANCIENNE,t0830,0.0
CONFIGNON_LA_DODE,CAROUGE_GE_ARMES,t0700,0.0
CONFIGNON_LA_DODE,CAROUGE_GE_ARMES,t0730,0.0
CONFIGNON_LA_DODE,CAROUGE_GE_ARMES,t0800,0.0
CONFIGNON_LA_DODE,CAROUGE_GE_ARMES,t0830,0.0
CONFIGNON_LA_DODE,CAROUGE_GE_MARCHE,t0700,0.0
CONFIGNON_LA_DODE,CAROUGE_GE_MARCHE,t0730,0.0
CONFIGNON_LA_DODE,CAROUGE_GE_MARCHE,t0800,0.0
CONFIGNON_LA_DODE,CAROUGE_GE_MARCHE,t0830,0.0
CONFIGNON_LA_DODE,CAROUGE_GE_RONDEAU,t0700,0.0
CONFIGNON_LA_DODE,CAROUGE_GE_RONDEAU,t0730,0.0
CONFIGNON_LA_DODE,CAROUGE_GE_RONDEAU,t0800,0.0
CONFIGNON_LA_DODE,CAROUGE_GE_RONDEAU,t0830,0.0
CONFIGNON_LA_DODE,CHENE_BOUGERIES_GRANGETTES,t0700,0.0
CONFIGNON_LA_DODE,CHENE_BOUGERIES_GRANGETTES,t0730,0.0
CONFIGNON_LA_DODE,CHENE_BOUGERIES_GRANGETTES,t0800,0.0
CONFIGNON_LA_DODE,CHENE_BOUGERIES_GRANGETTES,t0830,0.0
CONFIGNON_LA_DODE,CHENE_BOUGERIES_GRANGE_CANAL,t0700,0.0
CONFIGNON_LA_DODE,CHENE_BOUGERIES_GRANGE_CANAL,t0730,0.0
CONFIGNON_LA_DODE,CHENE_BOUGERIES_GRANGE_CANAL,t0800,0.0
CONFIGNON_LA_DODE,CHENE_BOUGERIES_GRANGE_CANAL,t0830,0.0
CONFIGNON_LA_DODE,CHENE_BOUGERIES_GRANGE_FALQUET,t0700,0.0
CONFIGNON_LA_DODE,CHENE_BOUGERIES_GRANGE_FALQUET,t0730,0.0
CONFIGNON_LA_DODE,CHENE_BOUGERIES_GRANGE_FALQUET,t0800,0.0
CONFIGNON_LA_DODE,CHENE_BOUGERIES_GRANGE_FALQUET,t0830,0.0
CONFIGNON_LA_DODE,CHENE_BOURG_PEILLONNEX,t0700,0.0
CONFIGNON_LA_DODE,CHENE_BOURG_PEILLONNEX,t0730,0.0
CONFIGNON_LA_DODE,CHENE_BOURG_PEILLONNEX,t0800,0.0
CONFIGNON_LA_DODE,CHENE_BOURG_PEILLONNEX,t0830,0.0
CONFIGNON_LA_DODE,CHENE_BOURG_PLACE_FAVRE,t0700,0.0
CONFIGNON_LA_DODE,CHENE_BOURG_PLACE_FAVRE,t0730,0.0
CONFIGNON_LA_DODE,CHENE_BOURG_PLACE_FAVRE,t0800,0.0
CONFIGNON_LA_DODE,CHENE_BOURG_PLACE_FAVRE,t0830,0.0
CONFIGNON_LA_DODE,CONFIGNON_CROISEE,t0700,0.0
CONFIGNON_LA_DODE,CONFIGNON_CROISEE,t0730,0.0
CONFIGNON_LA_DODE,CONFIGNON_CROISEE,t0800,0.0
CONFIGNON_LA_DODE,CONFIGNON_CROISEE,t0830,0.0
CONFIGNON_LA_DODE,GENEVE_AMANDOLIER,t0700,0.0
CONFIGNON_LA_DODE,GENEVE_AMANDOLIER,t0730,0.0
CONFIGNON_LA_DODE,GENEVE_AMANDOLIER,t0800,0.0
CONFIGNON_LA_DODE,GENEVE_AMANDOLIER,t0830,0.0
CONFIGNON_LA_DODE,GENEVE_AUGUSTINS,t0700,0.0
CONFIGNON_LA_DODE,GENEVE_AUGUSTINS,t0730,0.0
CONFIGNON_LA_DODE,GENEVE_AUGUSTINS,t0800,0.0
CONFIGNON_LA_DODE,GENEVE_AUGUSTINS,t0830,0.0
CONFIGNON_LA_DODE,GENEVE_BEL_AIR,t0700,0.0
CONFIGNON_LA_DODE,GENEVE_BEL_AIR,t0730,0.0
CONFIGNON_LA_DODE,GENEVE_BEL_AIR,t0800,0.0
CONFIGNON_LA_DODE,GENEVE_BEL_AIR,t0830,0.0
CONFIGNON_LA_DODE,GENEVE_BLANCHE,t0700,0.0
CONFIGNON_LA_DODE,GENEVE_BLANCHE,t0730,0.0
CONFIGNON_LA_DODE,GENEVE_BLANCHE,t0800,0.0
CONFIGNON_LA_DODE,GENEVE_BLANCHE,t0830,0.0
CONFIGNON_LA_DODE,GENEVE_COUTANCE,t0700,0.0
CONFIGNON_LA_DODE,GENEVE_COUTANCE,t0730,0.0
CONFIGNON_LA_DODE,GENEVE_COUTANCE,t0800,0.0
CONFIGNON_LA_DODE,GENEVE_COUTANCE,t0830,0.0
CONFIGNON_LA_DODE,GENEVE_EAUX_VIVES_GARE,t0700,0.0
CONFIGNON_LA_DODE,GENEVE_EAUX_VIVES_GARE,t0730,0.0
CONFIGNON_LA_DODE,GENEVE_EAUX_VIVES_GARE,t0800,0.0
CONFIGNON_LA_DODE,GENEVE_EAUX_VIVES_GARE,t0830,0.0
CONFIGNON_LA_DODE,GENEVE_GARE_CORNAVIN,t0700,0.0
CONFIGNON_LA_DODE,GENEVE_GARE_CORNAVIN,t0730,0.0
CONFIGNON_LA_DODE,GENEVE_GARE_CORNAVIN,t0800,0.0
CONFIGNON_LA_DODE,GENEVE_GARE_CORNAVIN,t0830,0.0
CONFIGNON_LA_DODE,GENEVE_JONCTION,t0700,0.0
CONFIGNON_LA_DODE,GENEVE_JONCTION,t0730,0.0
CONFIGNON_LA_DODE,GENEVE_JONCTION,t0800,0.0
CONFIGNON_LA_DODE,GENEVE_JONCTION,t0830,0.0
CONFIGNON_LA_DODE,GENEVE_LYON,t0700,0.0
CONFIGNON_LA_DODE,GENEVE_LYON,t0730,0.0
CONFIGNON_LA_DODE,GENEVE_LYON,t0800,0.0
CONFIGNON_LA_DODE,GENEVE_LYON,t0830,0.0
CONFIGNON_LA_DODE,GENEVE_MOLARD,t0700,0.0
CONFIGNON_LA_DODE,GENEVE_MOLARD,t0730,0.0
CONFIGNON_LA_DODE,GENEVE_MOLARD,t0800,0.0
CONFIGNON_LA_DODE,GENEVE_MOLARD,t0830,0.0
CONFIGNON_LA_DODE,GENEVE_PALLADIUM,t0700,0.0
CONFIGNON_LA_DODE,GENEVE_PALLADIUM,t0730,0.0
CONFIGNON_LA_DODE,GENEVE_PALLADIUM,t0800,0.0
CONFIGNON_LA_DODE,GENEVE_PALLADIUM,t0830,0.0
CONFIGNON_LA_DODE,GENEVE_PLACE_DE_NEUVE,t0700,0.0
CONFIGNON_LA_DODE,GENEVE_PLACE_DE_NEUVE,t0730,0.0
CONFIGNON_LA_DODE,GENEVE_PLACE_DE_NEUVE,t0800,0.0
CONFIGNON_LA_DODE,GENEVE_PLACE_DE_NEUVE,t0830,0.0
CONFIGNON_LA_DODE,GENEVE_PLAINPALAIS,t0700,0.0
CONFIGNON_LA_DODE,GENEVE_PLAINPALAIS,t0730,0.0
CONFIGNON_LA_DODE,GENEVE_PLAINPALAIS,t0800,0.0
CONFIGNON_LA_DODE,GENEVE_PLAINPALAIS,t0830,0.0
CONFIGNON_LA_DODE,GENEVE_PONT_D_ARVE,t0700,0.0
CONFIGNON_LA_DODE,GENEVE_PONT_D_ARVE,t0730,0.0
CONFIGNON_LA_DODE,GENEVE_PONT_D_ARVE,t0800,0.0
CONFIGNON_LA_DODE,GENEVE_PONT_D_ARVE,t0830,0.0
CONFIGNON_LA_DODE,GENEVE_POTERIE,t0700,0.0
CONFIGNON_LA_DODE,GENEVE_POTERIE,t0730,0.0
CONFIGNON_LA_DODE,GENEVE_POTERIE,t0800,0.0
CONFIGNON_LA_DODE,GENEVE_POTERIE,t0830,0.0
CONFIGNON_LA_DODE,GENEVE_RIVE,t0700,0.0
CONFIGNON_LA_DODE,GENEVE_RIVE,t0730,0.0
CONFIGNON_LA_DODE,GENEVE_RIVE,t0800,0.0
CONFIGNON_LA_DODE,GENEVE_RIVE,t0830,0.0
CONFIGNON_LA_DODE,GENEVE_SERVETTE,t0700,0.0
CONFIGNON_LA_DODE,GENEVE_SERVETTE,t0730,0.0
CONFIGNON_LA_DODE,GENEVE_SERVETTE,t0800,0.0
CONFIGNON_LA_DODE,GENEVE_SERVETTE,t0830,0.0
CONFIGNON_LA_DODE,GENEVE_STAND,t0700,0.0
CONFIGNON_LA_DODE,GENEVE_STAND,t0730,0.0
CONFIGNON_LA_DODE,GENEVE_STAND,t0800,0.0
CONFIGNON_LA_DODE,GENEVE_STAND,t0830,0.0
CONFIGNON_LA_DODE,GENEVE_TERRASSIERE,t0700,0.0
CONFIGNON_LA_DODE,GENEVE_TERRASSIERE,t0730,0.0
CONFIGNON_LA_DODE,GENEVE_TERRASSIERE,t0800,0.0
CONFIGNON_LA_DODE,GENEVE_TERRASSIERE,t0830,0.0
CONFIGNON_LA_DODE,GENEVE_VIEUSSEUX,t0700,0.0
CONFIGNON_LA_DODE,GENEVE_VIEUSSEUX,t0730,0.0
CONFIGNON_LA_DODE,GENEVE_VIEUSSEUX,t0800,0.0
CONFIGNON_LA_DODE,GENEVE_VIEUSSEUX,t0830,0.0
CONFIGNON_LA_DODE,GENEVE_VILLEREUSE,t0700,0.0
CONFIGNON_LA_DODE,GENEVE_VILLEREUSE,t0730,0.0
CONFIGNON_LA_DODE,GENEVE_VILLEREUSE,t0800,0.0
CONFIGNON_LA_DODE,GENEVE_VILLEREUSE,t0830,0.0
CONFIGNON_LA_DODE,GRAND_LANCY_DE_STAEL,t0700,0.0
CONFIGNON_LA_DODE,GRAND_LANCY_DE_STAEL,t0730,0.0
CONFIGNON_LA_DODE,GRAND_LANCY_DE_STAEL,t0800,0.0
CONFIGNON_LA_DODE,GRAND_LANCY_DE_STAEL,t0830,0.0
CONFIGNON_LA_DODE,GRAND_LANCY_PALETTES,t0700,0.0
CONFIGNON_LA_DODE,GRAND_LANCY_PALETTES,t0730,0.0
CONFIGNON_LA_DODE,GRAND_LANCY_PALETTES,t0800,0.0
CONFIGNON_LA_DODE,GRAND_LANCY_PALETTES,t0830,0.0
CONFIGNON_LA_DODE,GRAND_LANCY_PONTETS,t0700,0.0
CONFIGNON_LA_DODE,GRAND_LANCY_PONTETS,t0730,0.0
CONFIGNON_LA_DODE,GRAND_LANCY_PONTETS,t0800,0.0
CONFIGNON_LA_DODE,GRAND_LANCY_PONTETS,t0830,0.0
CONFIGNON_LA_DODE,LANCY_BACHET_GARE,t0700,0.0
CONFIGNON_LA_DODE,LANCY_BACHET_GARE,t0730,0.0
CONFIGNON_LA_DODE,LANCY_BACHET_GARE,t0800,0.0
CONFIGNON_LA_DODE,LANCY_BACHET_GARE,t0830,0.0
CONFIGNON_LA_DODE,MEYRIN_BOIS_DU_LAN,t0700,0.0
CONFIGNON_LA_DODE,MEYRIN_BOIS_DU_LAN,t0730,0.0
CONFIGNON_LA_DODE,MEYRIN_BOIS_DU_LAN,t0800,0.0
CONFIGNON_LA_DODE,MEYRIN_BOIS_DU_LAN,t0830,0.0
CONFIGNON_LA_DODE,MEYRIN_CERN,t0700,0.0
CONFIGNON_LA_DODE,MEYRIN_CERN,t0730,0.0
CONFIGNON_LA_DODE,MEYRIN_CERN,t0800,0.0
CONFIGNON_LA_DODE,MEYRIN_CERN,t0830,0.0
CONFIGNON_LA_DODE,MEYRIN_FORUMEYRIN,t0700,0.0
CONFIGNON_LA_DODE,MEYRIN_FORUMEYRIN,t0730,0.0
CONFIGNON_LA_DODE,MEYRIN_FORUMEYRIN,t0800,0.0
CONFIGNON_LA_DODE,MEYRIN_FORUMEYRIN,t0830,0.0
CONFIGNON_LA_DODE,MEYRIN_GRAVIERE,t0700,0.0
CONFIGNON_LA_DODE,MEYRIN_GRAVIERE,t0730,0.0
CONFIGNON_LA_DODE,MEYRIN_GRAVIERE,t0800,0.0
CONFIGNON_LA_DODE,MEYRIN_GRAVIERE,t0830,0.0
CONFIGNON_LA_DODE,MEYRIN_HOPITAL_DE_LA_TOUR,t0700,0.0
CONFIGNON_LA_DODE,MEYRIN_HOPITAL_DE_LA_TOUR,t0730,0.0
CONFIGNON_LA_DODE,MEYRIN_HOPITAL_DE_LA_TOUR,t0800,0.0
CONFIGNON_LA_DODE,MEYRIN_HOPITAL_DE_LA_TOUR,t0830,0.0
CONFIGNON_LA_DODE,MEYRIN_JARDIN_ALPIN_VIVARIUM,t0700,0.0
CONFIGNON_LA_DODE,MEYRIN_JARDIN_ALPIN_VIVARIUM,t0730,0.0
CONFIGNON_LA_DODE,MEYRIN_JARDIN_ALPIN_VIVARIUM,t0800,0.0
CONFIGNON_LA_DODE,MEYRIN_JARDIN_ALPIN_VIVARIUM,t0830,0.0
CONFIGNON_LA_DODE,MEYRIN_MAISONNEX,t0700,0.0
CONFIGNON_LA_DODE,MEYRIN_MAISONNEX,t0730,0.0
CONFIGNON_LA_DODE,MEYRIN_MAISONNEX,t0800,0.0
CONFIGNON_LA_DODE,MEYRIN_MAISONNEX,t0830,0.0
CONFIGNON_LA_DODE,MEYRIN_VAUDAGNE,t0700,0.0
CONFIGNON_LA_DODE,MEYRIN_VAUDAGNE,t0730,0.0
CONFIGNON_LA_DODE,MEYRIN_VAUDAGNE,t0800,0.0
CONFIGNON_LA_DODE,MEYRIN_VAUDAGNE,t0830,0.0
CONFIGNON_LA_DODE,MEYRIN_VILLAGE,t0700,0.0
CONFIGNON_LA_DODE,MEYRIN_VILLAGE,t0730,0.0
CONFIGNON_LA_DODE,MEYRIN_VILLAGE,t0800,0.0
CONFIGNON_LA_DODE,MEYRIN_VILLAGE,t0830,0.0
CONFIGNON_LA_DODE,ONEX_BANDOL,t0700,0.0
CONFIGNON_LA_DODE,ONEX_BANDOL,t0730,0.0
CONFIGNON_LA_DODE,ONEX_BANDOL,t0800,0.0
CONFIGNON_LA_DODE,ONEX_BANDOL,t0830,0.0
CONFIGNON_LA_DODE,ONEX_SALLE_COMMUNALE,t0700,0.0
CONFIGNON_LA_DODE,ONEX_SALLE_COMMUNALE,t0730,0.0
CONFIGNON_LA_DODE,ONEX_SALLE_COMMUNALE,t0800,0.0
CONFIGNON_LA_DODE,ONEX_SALLE_COMMUNALE,t0830,0.0
CONFIGNON_LA_DODE,PETIT_LANCY_LES_ESSERTS,t0700,0.0
CONFIGNON_LA_DODE,PETIT_LANCY_LES_ESSERTS,t0730,0.0
CONFIGNON_LA_DODE,PETIT_LANCY_LES_ESSERTS,t0800,0.0
CONFIGNON_LA_DODE,PETIT_LANCY_LES_ESSERTS,t0830,0.0
CONFIGNON_LA_DODE,PETIT_LANCY_PLACE,t0700,0.0
CONFIGNON_LA_DODE,PETIT_LANCY_PLACE,t0730,0.0
CONFIGNON_LA_DODE,PETIT_LANCY_PLACE,t0800,0.0
CONFIGNON_LA_DODE,PETIT_LANCY_PLACE,t0830,0.0
CONFIGNON_LA_DODE,PETIT_LANCY_QUIDORT,t0700,0.0
CONFIGNON_LA_DODE,PETIT_LANCY_QUIDORT,t0730,0.0
CONFIGNON_LA_DODE,PETIT_LANCY_QUIDORT,t0800,0.0
CONFIGNON_LA_DODE,PETIT_LANCY_QUIDORT,t0830,0.0
CONFIGNON_LA_DODE,PLAN_LES_OUATES_TREFLE_BLANC,t0700,0.0
CONFIGNON_LA_DODE,PLAN_LES_OUATES_TREFLE_BLANC,t0730,0.0
CONFIGNON_LA_DODE,PLAN_LES_OUATES_TREFLE_BLANC,t0800,0.0
CONFIGNON_LA_DODE,PLAN_LES_OUATES_TREFLE_BLANC,t0830,0.0
CONFIGNON_LA_DODE,THONEX_GRAVESON,t0700,0.0
CONFIGNON_LA_DODE,THONEX_GRAVESON,t0730,0.0
CONFIGNON_LA_DODE,THONEX_GRAVESON,t0800,0.0
CONFIGNON_LA_DODE,THONEX_GRAVESON,t0830,0.0
CONFIGNON_LA_DODE,THONEX_MOILLESULAZ,t0700,0.0
CONFIGNON_LA_DODE,THONEX_MOILLESULAZ,t0730,0.0
CONFIGNON_LA_DODE,THONEX_MOILLESULAZ,t0800,0.0
CONFIGNON_LA_DODE,THONEX_MOILLESULAZ,t0830,0.0
CONFIGNON_LA_DODE,VERNIER_AVANCHETS_ETANG,t0700,0.0
CONFIGNON_LA_DODE,VERNIER_AVANCHETS_ETANG,t0730,0.0
CONFIGNON_LA_DODE,VERNIER_AVANCHETS_ETANG,t0800,0.0
CONFIGNON_LA_DODE,VERNIER_AVANCHETS_ETANG,t0830,0.0
CONFIGNON_LA_DODE,VERNIER_BALEXERT,t0700,0.0
CONFIGNON_LA_DODE,VERNIER_BALEXERT,t0730,0.0
CONFIGNON_LA_DODE,VERNIER_BALEXERT,t0800,0.0
CONFIGNON_LA_DODE,VERNIER_BALEXERT,t0830,0.0
CONFIGNON_LA_DODE,VERNIER_BLANDONNET,t0700,0.0
CONFIGNON_LA_DODE,VERNIER_BLANDONNET,t0730,0.0
CONFIGNON_LA_DODE,VERNIER_BLANDONNET,t0800,0.0
CONFIGNON_LA_DODE,VERNIER_BLANDONNET,t0830,0.0
CONFIGNON_LA_DODE,VERNIER_BOUCHET,t0700,0.0
CONFIGNON_LA_DODE,VERNIER_BOUCHET,t0730,0.0
CONFIGNON_LA_DODE,VERNIER_BOUCHET,t0800,0.0
CONFIGNON_LA_DODE,VERNIER_BOUCHET,t0830,0.0
GENEVE_AMANDOLIER,BERNEX_HAINARD,t0700,0.0
GENEVE_AMANDOLIER,BERNEX_HAINARD,t0730,0.0
GENEVE_AMANDOLIER,BERNEX_HAINARD,t0800,0.0
GENEVE_AMANDOLIER,BERNEX_HAINARD,t0830,0.0
GENEVE_AMANDOLIER,BERNEX_LUCHEPELET,t0700,0.0
GENEVE_AMANDOLIER,BERNEX_LUCHEPELET,t0730,0.0
GENEVE_AMANDOLIER,BERNEX_LUCHEPELET,t0800,0.0
GENEVE_AMANDOLIER,BERNEX_LUCHEPELET,t0830,0.0
GENEVE_AMANDOLIER,BERNEX_PRE_MARAIS,t0700,0.0
GENEVE_AMANDOLIER,BERNEX_PRE_MARAIS,t0730,0.0
GENEVE_AMANDOLIER,BERNEX_PRE_MARAIS,t0800,0.0
GENEVE_AMANDOLIER,BERNEX_PRE_MARAIS,t0830,0.0
GENEVE_AMANDOLIER,BERNEX_P_R,t0700,0.0
GENEVE_AMANDOLIER,BERNEX_P_R,t0730,0.0
GENEVE_AMANDOLIER,BERNEX_P_R,t0800,0.0
GENEVE_AMANDOLIER,BERNEX_P_R,t0830,0.0
GENEVE_AMANDOLIER,BERNEX_VAILLY,t0700,0.0
GENEVE_AMANDOLIER,BERNEX_VAILLY,t0730,0.0
GENEVE_AMANDOLIER,BERNEX_VAILLY,t0800,0.0
GENEVE_AMANDOLIER,BERNEX_VAILLY,t0830,0.0
GENEVE_AMANDOLIER,CAROUGE_GE_ANCIENNE,t0700,0.0
GENEVE_AMANDOLIER,CAROUGE_GE_ANCIENNE,t0730,0.0
GENEVE_AMANDOLIER,CAROUGE_GE_ANCIENNE,t0800,0.0
GENEVE_AMANDOLIER,CAROUGE_GE_ANCIENNE,t0830,0.0
GENEVE_AMANDOLIER,CAROUGE_GE_ARMES,t0700,0.0
GENEVE_AMANDOLIER,CAROUGE_GE_ARMES,t0730,0.0
GENEVE_AMANDOLIER,CAROUGE_GE_ARMES,t0800,0.0
GENEVE_AMANDOLIER,CAROUGE_GE_ARMES,t0830,0.0
GENEVE_AMANDOLIER,CAROUGE_GE_MARCHE,t0700,0.0
GENEVE_AMANDOLIER,CAROUGE_GE_MARCHE,t0730,0.0
GENEVE_AMANDOLIER,CAROUGE_GE_MARCHE,t0800,0.0
GENEVE_AMANDOLIER,CAROUGE_GE_MARCHE,t0830,0.0
GENEVE_AMANDOLIER,CAROUGE_GE_RONDEAU,t0700,0.0
GENEVE_AMANDOLIER,CAROUGE_GE_RONDEAU,t0730,0.0
GENEVE_AMANDOLIER,CAROUGE_GE_RONDEAU,t0800,0.0
GENEVE_AMANDOLIER,CAROUGE_GE_RONDEAU,t0830,0.0
GENEVE_AMANDOLIER,CHENE_BOUGERIES_GRANGETTES,t0700,0.0
GENEVE_AMANDOLIER,CHENE_BOUGERIES_GRANGETTES,t0730,0.0
GENEVE_AMANDOLIER,CHENE_BOUGERIES_GRANGETTES,t0800,0.0
GENEVE_AMANDOLIER,CHENE_BOUGERIES_GRANGETTES,t0830,0.0
GENEVE_AMANDOLIER,CHENE_BOUGERIES_GRANGE_CANAL,t0700,0.0
GENEVE_AMANDOLIER,CHENE_BOUGERIES_GRANGE_CANAL,t0730,0.0
GENEVE_AMANDOLIER,CHENE_BOUGERIES_GRANGE_CANAL,t0800,0.0
GENEVE_AMANDOLIER,CHENE_BOUGERIES_GRANGE_CANAL,t0830,0.0
GENEVE_AMANDOLIER,CHENE_BOUGERIES_GRANGE_FALQUET,t0700,0.0
GENEVE_AMANDOLIER,CHENE_BOUGERIES_GRANGE_FALQUET,t0730,0.0
GENEVE_AMANDOLIER,CHENE_BOUGERIES_GRANGE_FALQUET,t0800,0.0
GENEVE_AMANDOLIER,CHENE_BOUGERIES_GRANGE_FALQUET,t0830,0.0
GENEVE_AMANDOLIER,CHENE_BOURG_PEILLONNEX,t0700,0.0
GENEVE_AMANDOLIER,CHENE_BOURG_PEILLONNEX,t0730,0.0
GENEVE_AMANDOLIER,CHENE_BOURG_PEILLONNEX,t0800,0.0
GENEVE_AMANDOLIER,CHENE_BOURG_PEILLONNEX,t0830,0.0
GENEVE_AMANDOLIER,CHENE_BOURG_PLACE_FAVRE,t0700,0.0
GENEVE_AMANDOLIER,CHENE_BOURG_PLACE_FAVRE,t0730,0.0
GENEVE_AMANDOLIER,CHENE_BOURG_PLACE_FAVRE,t0800,0.0
GENEVE_AMANDOLIER,CHENE_BOURG_PLACE_FAVRE,t0830,0.0
GENEVE_AMANDOLIER,CONFIGNON_CROISEE,t0700,0.0
GENEVE_AMANDOLIER,CONFIGNON_CROISEE,t0730,0.0
GENEVE_AMANDOLIER,CONFIGNON_CROISEE,t0800,0.0
GENEVE_AMANDOLIER,CONFIGNON_CROISEE,t0830,0.0
GENEVE_AMANDOLIER,CONFIGNON_LA_DODE,t0700,0.0
GENEVE_AMANDOLIER,CONFIGNON_LA_DODE,t0730,0.0
GENEVE_AMANDOLIER,CONFIGNON_LA_DODE,t0800,0.0
GENEVE_AMANDOLIER,CONFIGNON_LA_DODE,t0830,0.0
GENEVE_AMANDOLIER,GENEVE_AUGUSTINS,t0700,0.0
GENEVE_AMANDOLIER,GENEVE_AUGUSTINS,t0730,0.0
GENEVE_AMANDOLIER,GENEVE_AUGUSTINS,t0800,0.0
GENEVE_AMANDOLIER,GENEVE_AUGUSTINS,t0830,0.0
GENEVE_AMANDOLIER,GENEVE_BEL_AIR,t0700,0.0
GENEVE_AMANDOLIER,GENEVE_BEL_AIR,t0730,0.0
GENEVE_AMANDOLIER,GENEVE_BEL_AIR,t0800,0.0
GENEVE_AMANDOLIER,GENEVE_BEL_AIR,t0830,0.0
GENEVE_AMANDOLIER,GENEVE_BLANCHE,t0700,0.0
GENEVE_AMANDOLIER,GENEVE_BLANCHE,t0730,0.0
GENEVE_AMANDOLIER,GENEVE_BLANCHE,t0800,0.0
GENEVE_AMANDOLIER,GENEVE_BLANCHE,t0830,0.0
GENEVE_AMANDOLIER,GENEVE_COUTANCE,t0700,0.0
GENEVE_AMANDOLIER,GENEVE_COUTANCE,t0730,0.0
GENEVE_AMANDOLIER,GENEVE_COUTANCE,t0800,0.0
GENEVE_AMANDOLIER,GENEVE_COUTANCE,t0830,0.0
GENEVE_AMANDOLIER,GENEVE_EAUX_VIVES_GARE,t0700,0.0
GENEVE_AMANDOLIER,GENEVE_EAUX_VIVES_GARE,t0730,0.0
GENEVE_AMANDOLIER,GENEVE_EAUX_VIVES_GARE,t0800,0.0
GENEVE_AMANDOLIER,GENEVE_EAUX_VIVES_GARE,t0830,0.0
GENEVE_AMANDOLIER,GENEVE_GARE_CORNAVIN,t0700,0.0
GENEVE_AMANDOLIER,GENEVE_GARE_CORNAVIN,t0730,0.0
GENEVE_AMANDOLIER,GENEVE_GARE_CORNAVIN,t0800,0.0
GENEVE_AMANDOLIER,GENEVE_GARE_CORNAVIN,t0830,0.0
GENEVE_AMANDOLIER,GENEVE_JONCTION,t0700,0.0
GENEVE_AMANDOLIER,GENEVE_JONCTION,t0730,0.0
GENEVE_AMANDOLIER,GENEVE_JONCTION,t0800,0.0
GENEVE_AMANDOLIER,GENEVE_JONCTION,t0830,0.0
GENEVE_AMANDOLIER,GENEVE_LYON,t0700,0.0
GENEVE_AMANDOLIER,GENEVE_LYON,t0730,0.0
GENEVE_AMANDOLIER,GENEVE_LYON,t0800,0.0
GENEVE_AMANDOLIER,GENEVE_LYON,t0830,0.0
GENEVE_AMANDOLIER,GENEVE_MOLARD,t0700,0.0
GENEVE_AMANDOLIER,GENEVE_MOLARD,t0730,0.0
GENEVE_AMANDOLIER,GENEVE_MOLARD,t0800,0.0
GENEVE_AMANDOLIER,GENEVE_MOLARD,t0830,0.0
GENEVE_AMANDOLIER,GENEVE_PALLADIUM,t0700,0.0
GENEVE_AMANDOLIER,GENEVE_PALLADIUM,t0730,0.0
GENEVE_AMANDOLIER,GENEVE_PALLADIUM,t0800,0.0
GENEVE_AMANDOLIER,GENEVE_PALLADIUM,t0830,0.0
GENEVE_AMANDOLIER,GENEVE_PLACE_DE_NEUVE,t0700,0.0
GENEVE_AMANDOLIER,GENEVE_PLACE_DE_NEUVE,t0730,0.0
GENEVE_AMANDOLIER,GENEVE_PLACE_DE_NEUVE,t0800,0.0
GENEVE_AMANDOLIER,GENEVE_PLACE_DE_NEUVE,t0830,0.0
GENEVE_AMANDOLIER,GENEVE_PLAINPALAIS,t0700,0.0
GENEVE_AMANDOLIER,GENEVE_PLAINPALAIS,t0730,0.0
GENEVE_AMANDOLIER,GENEVE_PLAINPALAIS,t0800,0.0
GENEVE_AMANDOLIER,GENEVE_PLAINPALAIS,t0830,0.0
GENEVE_AMANDOLIER,GENEVE_PONT_D_ARVE,t0700,0.0
GENEVE_AMANDOLIER,GENEVE_PONT_D_ARVE,t0730,0.0
GENEVE_AMANDOLIER,GENEVE_PONT_D_ARVE,t0800,0.0
GENEVE_AMANDOLIER,GENEVE_PONT_D_ARVE,t0830,0.0
GENEVE_AMANDOLIER,GENEVE_POTERIE,t0700,0.0
GENEVE_AMANDOLIER,GENEVE_POTERIE,t0730,0.0
GENEVE_AMANDOLIER,GENEVE_POTERIE,t0800,0.0
GENEVE_AMANDOLIER,GENEVE_POTERIE,t0830,0.0
GENEVE_AMANDOLIER,GENEVE_RIVE,t0700,0.0
GENEVE_AMANDOLIER,GENEVE_RIVE,t0730,0.0
GENEVE_AMANDOLIER,GENEVE_RIVE,t0800,0.0
GENEVE_AMANDOLIER,GENEVE_RIVE,t0830,0.0
GENEVE_AMANDOLIER,GENEVE_SERVETTE,t0700,0.0
GENEVE_AMANDOLIER,GENEVE_SERVETTE,t0730,0.0
GENEVE_AMANDOLIER,GENEVE_SERVETTE,t0800,0.0
GENEVE_AMANDOLIER,GENEVE_SERVETTE,t0830,0.0
GENEVE_AMANDOLIER,GENEVE_STAND,t0700,0.0
GENEVE_AMANDOLIER,GENEVE_STAND,t0730,0.0
GENEVE_AMANDOLIER,GENEVE_STAND,t0800,0.0
GENEVE_AMANDOLIER,GENEVE_STAND,t0830,0.0
GENEVE_AMANDOLIER,GENEVE_TERRASSIERE,t0700,0.0
GENEVE_AMANDOLIER,GENEVE_TERRASSIERE,t0730,0.0
GENEVE_AMANDOLIER,GENEVE_TERRASSIERE,t0800,0.0
GENEVE_AMANDOLIER,GENEVE_TERRASSIERE,t0830,0.0
GENEVE_AMANDOLIER,GENEVE_VIEUSSEUX,t0700,0.0
GENEVE_AMANDOLIER,GENEVE_VIEUSSEUX,t0730,0.0
GENEVE_AMANDOLIER,GENEVE_VIEUSSEUX,t0800,0.0
GENEVE_AMANDOLIER,GENEVE_VIEUSSEUX,t0830,0.0
GENEVE_AMANDOLIER,GENEVE_VILLEREUSE,t0700,0.0
GENEVE_AMANDOLIER,GENEVE_VILLEREUSE,t0730,0.0
GENEVE_AMANDOLIER,GENEVE_VILLEREUSE,t0800,0.0
GENEVE_AMANDOLIER,GENEVE_VILLEREUSE,t0830,0.0
GENEVE_AMANDOLIER,GRAND_LANCY_DE_STAEL,t0700,0.0
GENEVE_AMANDOLIER,GRAND_LANCY_DE_STAEL,t0730,0.0
GENEVE_AMANDOLIER,GRAND_LANCY_DE_STAEL,t0800,0.0
GENEVE_AMANDOLIER,GRAND_LANCY_DE_STAEL,t0830,0.0
GENEVE_AMANDOLIER,GRAND_LANCY_PALETTES,t0700,0.0
GENEVE_AMANDOLIER,GRAND_LANCY_PALETTES,t0730,0.0
GENEVE_AMANDOLIER,GRAND_LANCY_PALETTES,t0800,0.0
GENEVE_AMANDOLIER,GRAND_LANCY_PALETTES,t0830,0.0
GENEVE_AMANDOLIER,GRAND_LANCY_PONTETS,t0700,0.0
GENEVE_AMANDOLIER,GRAND_LANCY_PONTETS,t0730,0.0
GENEVE_AMANDOLIER,GRAND_LANCY_PONTETS,t0800,0.0
GENEVE_AMANDOLIER,GRAND_LANCY_PONTETS,t0830,0.0
GENEVE_AMANDOLIER,LANCY_BACHET_GARE,t0700,0.0
GENEVE_AMANDOLIER,LANCY_BACHET_GARE,t0730,0.0
GENEVE_AMANDOLIER,LANCY_BACHET_GARE,t0800,0.0
GENEVE_AMANDOLIER,LANCY_BACHET_GARE,t0830,0.0
GENEVE_AMANDOLIER,MEYRIN_BOIS_DU_LAN,t0700,0.0
GENEVE_AMANDOLIER,MEYRIN_BOIS_DU_LAN,t0730,0.0
GENEVE_AMANDOLIER,MEYRIN_BOIS_DU_LAN,t0800,0.0
GENEVE_AMANDOLIER,MEYRIN_BOIS_DU_LAN,t0830,0.0
GENEVE_AMANDOLIER,MEYRIN_CERN,t0700,0.0
GENEVE_AMANDOLIER,MEYRIN_CERN,t0730,0.0
GENEVE_AMANDOLIER,MEYRIN_CERN,t0800,0.0
GENEVE_AMANDOLIER,MEYRIN_CERN,t0830,0.0
GENEVE_AMANDOLIER,MEYRIN_FORUMEYRIN,t0700,0.0
GENEVE_AMANDOLIER,MEYRIN_FORUMEYRIN,t0730,0.0
GENEVE_AMANDOLIER,MEYRIN_FORUMEYRIN,t0800,0.0
GENEVE_AMANDOLIER,MEYRIN_FORUMEYRIN,t0830,0.0
GENEVE_AMANDOLIER,MEYRIN_GRAVIERE,t0700,0.0
GENEVE_AMANDOLIER,MEYRIN_GRAVIERE,t0730,0.0
GENEVE_AMANDOLIER,MEYRIN_GRAVIERE,t0800,0.0
GENEVE_AMANDOLIER,MEYRIN_GRAVIERE,t0830,0.0
GENEVE_AMANDOLIER,MEYRIN_HOPITAL_DE_LA_TOUR,t0700,0.0
GENEVE_AMANDOLIER,MEYRIN_HOPITAL_DE_LA_TOUR,t0730,0.0
GENEVE_AMANDOLIER,MEYRIN_HOPITAL_DE_LA_TOUR,t0800,0.0
GENEVE_AMANDOLIER,MEYRIN_HOPITAL_DE_LA_TOUR,t0830,0.0
GENEVE_AMANDOLIER,MEYRIN_JARDIN_ALPIN_VIVARIUM,t0700,0.0
GENEVE_AMANDOLIER,MEYRIN_JARDIN_ALPIN_VIVARIUM,t0730,0.0
GENEVE_AMANDOLIER,MEYRIN_JARDIN_ALPIN_VIVARIUM,t0800,0.0
GENEVE_AMANDOLIER,MEYRIN_JARDIN_ALPIN_VIVARIUM,t0830,0.0
GENEVE_AMANDOLIER,MEYRIN_MAISONNEX,t0700,0.0
GENEVE_AMANDOLIER,MEYRIN_MAISONNEX,t0730,0.0
GENEVE_AMANDOLIER,MEYRIN_MAISONNEX,t0800,0.0
GENEVE_AMANDOLIER,MEYRIN_MAISONNEX,t0830,0.0
GENEVE_AMANDOLIER,MEYRIN_VAUDAGNE,t0700,0.0
GENEVE_AMANDOLIER,MEYRIN_VAUDAGNE,t0730,0.0
GENEVE_AMANDOLIER,MEYRIN_VAUDAGNE,t0800,0.0
GENEVE_AMANDOLIER,MEYRIN_VAUDAGNE,t0830,0.0
GENEVE_AMANDOLIER,MEYRIN_VILLAGE,t0700,0.0
GENEVE_AMANDOLIER,MEYRIN_VILLAGE,t0730,0.0
GENEVE_AMANDOLIER,MEYRIN_VILLAGE,t0800,0.0
GENEVE_AMANDOLIER,MEYRIN_VILLAGE,t0830,0.0
GENEVE_AMANDOLIER,ONEX_BANDOL,t0700,0.0
GENEVE_AMANDOLIER,ONEX_BANDOL,t0730,0.0
GENEVE_AMANDOLIER,ONEX_BANDOL,t0800,0.0
GENEVE_AMANDOLIER,ONEX_BANDOL,t0830,0.0
GENEVE_AMANDOLIER,ONEX_SALLE_COMMUNALE,t0700,0.0
GENEVE_AMANDOLIER,ONEX_SALLE_COMMUNALE,t0730,0.0
GENEVE_AMANDOLIER,ONEX_SALLE_COMMUNALE,t0800,0.0
GENEVE_AMANDOLIER,ONEX_SALLE_COMMUNALE,t0830,0.0
GENEVE_AMANDOLIER,PETIT_LANCY_LES_ESSERTS,t0700,0.0
GENEVE_AMANDOLIER,PETIT_LANCY_LES_ESSERTS,t0730,0.0
GENEVE_AMANDOLIER,PETIT_LANCY_LES_ESSERTS,t0800,0.0
GENEVE_AMANDOLIER,PETIT_LANCY_LES_ESSERTS,t0830,0.0
GENEVE_AMANDOLIER,PETIT_LANCY_PLACE,t0700,0.0
GENEVE_AMANDOLIER,PETIT_LANCY_PLACE,t0730,0.0
GENEVE_AMANDOLIER,PETIT_LANCY_PLACE,t0800,0.0
GENEVE_AMANDOLIER,PETIT_LANCY_PLACE,t0830,0.0
GENEVE_AMANDOLIER,PETIT_LANCY_QUIDORT,t0700,0.0
GENEVE_AMANDOLIER,PETIT_LANCY_QUIDORT,t0730,0.0
GENEVE_AMANDOLIER,PETIT_LANCY_QUIDORT,t0800,0.0
GENEVE_AMANDOLIER,PETIT_LANCY_QUIDORT,t0830,0.0
GENEVE_AMANDOLIER,PLAN_LES_OUATES_TREFLE_BLANC,t0700,0.0
GENEVE_AMANDOLIER,PLAN_LES_OUATES_TREFLE_BLANC,t0730,0.0
GENEVE_AMANDOLIER,PLAN_LES_OUATES_TREFLE_BLANC,t0800,0.0
GENEVE_AMANDOLIER,PLAN_LES_OUATES_TREFLE_BLANC,t0830,0.0
GENEVE_AMANDOLIER,THONEX_GRAVESON,t0700,0.0
GENEVE_AMANDOLIER,THONEX_GRAVESON,t0730,0.0
GENEVE_AMANDOLIER,THONEX_GRAVESON,t0800,0.0
GENEVE_AMANDOLIER,THONEX_GRAVESON,t0830,0.0
GENEVE_AMANDOLIER,THONEX_MOILLESULAZ,t0700,0.0
GENEVE_AMANDOLIER,THONEX_MOILLESULAZ,t0730,0.0
GENEVE_AMANDOLIER,THONEX_MOILLESULAZ,t0800,0.0
GENEVE_AMANDOLIER,THONEX_MOILLESULAZ,t0830,0.0
GENEVE_AMANDOLIER,VERNIER_AVANCHETS_ETANG,t0700,0.0
GENEVE_AMANDOLIER,VERNIER_AVANCHETS_ETANG,t0730,0.0
GENEVE_AMANDOLIER,VERNIER_AVANCHETS_ETANG,t0800,0.0
GENEVE_AMANDOLIER,VERNIER_AVANCHETS_ETANG,t0830,0.0
GENEVE_AMANDOLIER,VERNIER_BALEXERT,t0700,0.0
GENEVE_AMANDOLIER,VERNIER_BALEXERT,t0730,0.0
GENEVE_AMANDOLIER,VERNIER_BALEXERT,t0800,0.0
GENEVE_AMANDOLIER,VERNIER_BALEXERT,t0830,0.0
GENEVE_AMANDOLIER,VERNIER_BLANDONNET,t0700,0.0
GENEVE_AMANDOLIER,VERNIER_BLANDONNET,t0730,0.0
GENEVE_AMANDOLIER,VERNIER_BLANDONNET,t0800,0.0
GENEVE_AMANDOLIER,VERNIER_BLANDONNET,t0830,0.0
GENEVE_AMANDOLIER,VERNIER_BOUCHET,t0700,0.0
GENEVE_AMANDOLIER,VERNIER_BOUCHET,t0730,0.0
GENEVE_AMANDOLIER,VERNIER_BOUCHET,t0800,0.0
GENEVE_AMANDOLIER,VERNIER_BOUCHET,t0830,0.0
GENEVE_AUGUSTINS,BERNEX_HAINARD,t0700,0.0
GENEVE_AUGUSTINS,BERNEX_HAINARD,t0730,0.0
GENEVE_AUGUSTINS,BERNEX_HAINARD,t0800,0.0
GENEVE_AUGUSTINS,BERNEX_HAINARD,t0830,0.0
GENEVE_AUGUSTINS,BERNEX_LUCHEPELET,t0700,0.0
GENEVE_AUGUSTINS,BERNEX_LUCHEPELET,t0730,0.0
GENEVE_AUGUSTINS,BERNEX_LUCHEPELET,t0800,0.0
GENEVE_AUGUSTINS,BERNEX_LUCHEPELET,t0830,0.0
GENEVE_AUGUSTINS,BERNEX_PRE_MARAIS,t0700,0.0
GENEVE_AUGUSTINS,BERNEX_PRE_MARAIS,t0730,0.0
GENEVE_AUGUSTINS,BERNEX_PRE_MARAIS,t0800,0.0
GENEVE_AUGUSTINS,BERNEX_PRE_MARAIS,t0830,0.0
GENEVE_AUGUSTINS,BERNEX_P_R,t0700,0.0
GENEVE_AUGUSTINS,BERNEX_P_R,t0730,0.0
GENEVE_AUGUSTINS,BERNEX_P_R,t0800,0.0
GENEVE_AUGUSTINS,BERNEX_P_R,t0830,0.0
GENEVE_AUGUSTINS,BERNEX_VAILLY,t0700,0.0
GENEVE_AUGUSTINS,BERNEX_VAILLY,t0730,0.0
GENEVE_AUGUSTINS,BERNEX_VAILLY,t0800,0.0
GENEVE_AUGUSTINS,BERNEX_VAILLY,t0830,0.0
GENEVE_AUGUSTINS,CAROUGE_GE_ANCIENNE,t0700,0.0
GENEVE_AUGUSTINS,CAROUGE_GE_ANCIENNE,t0730,0.0
GENEVE_AUGUSTINS,CAROUGE_GE_ANCIENNE,t0800,0.0
GENEVE_AUGUSTINS,CAROUGE_GE_ANCIENNE,t0830,0.0
GENEVE_AUGUSTINS,CAROUGE_GE_ARMES,t0700,0.0
GENEVE_AUGUSTINS,CAROUGE_GE_ARMES,t0730,0.0
GENEVE_AUGUSTINS,CAROUGE_GE_ARMES,t0800,0.0
GENEVE_AUGUSTINS,CAROUGE_GE_ARMES,t0830,0.0
GENEVE_AUGUSTINS,CAROUGE_GE_MARCHE,t0700,0.0
GENEVE_AUGUSTINS,CAROUGE_GE_MARCHE,t0730,0.0
GENEVE_AUGUSTINS,CAROUGE_GE_MARCHE,t0800,0.0
GENEVE_AUGUSTINS,CAROUGE_GE_MARCHE,t0830,0.0
GENEVE_AUGUSTINS,CAROUGE_GE_RONDEAU,t0700,0.0
GENEVE_AUGUSTINS,CAROUGE_GE_RONDEAU,t0730,0.0
GENEVE_AUGUSTINS,CAROUGE_GE_RONDEAU,t0800,0.0
GENEVE_AUGUSTINS,CAROUGE_GE_RONDEAU,t0830,0.0
GENEVE_AUGUSTINS,CHENE_BOUGERIES_GRANGETTES,t0700,0.0
GENEVE_AUGUSTINS,CHENE_BOUGERIES_GRANGETTES,t0730,0.0
GENEVE_AUGUSTINS,CHENE_BOUGERIES_GRANGETTES,t0800,0.0
GENEVE_AUGUSTINS,CHENE_BOUGERIES_GRANGETTES,t0830,0.0
GENEVE_AUGUSTINS,CHENE_BOUGERIES_GRANGE_CANAL,t0700,0.0
GENEVE_AUGUSTINS,CHENE_BOUGERIES_GRANGE_CANAL,t0730,0.0
GENEVE_AUGUSTINS,CHENE_BOUGERIES_GRANGE_CANAL,t0800,0.0
GENEVE_AUGUSTINS,CHENE_BOUGERIES_GRANGE_CANAL,t0830,0.0
GENEVE_AUGUSTINS,CHENE_BOUGERIES_GRANGE_FALQUET,t0700,0.0
GENEVE_AUGUSTINS,CHENE_BOUGERIES_GRANGE_FALQUET,t0730,0.0
GENEVE_AUGUSTINS,CHENE_BOUGERIES_GRANGE_FALQUET,t0800,0.0
GENEVE_AUGUSTINS,CHENE_BOUGERIES_GRANGE_FALQUET,t0830,0.0
GENEVE_AUGUSTINS,CHENE_BOURG_PEILLONNEX,t0700,0.0
GENEVE_AUGUSTINS,CHENE_BOURG_PEILLONNEX,t0730,0.0
GENEVE_AUGUSTINS,CHENE_BOURG_PEILLONNEX,t0800,0.0
GENEVE_AUGUSTINS,CHENE_BOURG_PEILLONNEX,t0830,0.0
GENEVE_AUGUSTINS,CHENE_BOURG_PLACE_FAVRE,t0700,0.0
GENEVE_AUGUSTINS,CHENE_BOURG_PLACE_FAVRE,t0730,0.0
GENEVE_AUGUSTINS,CHENE_BOURG_PLACE_FAVRE,t0800,0.0
GENEVE_AUGUSTINS,CHENE_BOURG_PLACE_FAVRE,t0830,0.0
GENEVE_AUGUSTINS,CONFIGNON_CROISEE,t0700,0.0
GENEVE_AUGUSTINS,CONFIGNON_CROISEE,t0730,0.0
GENEVE_AUGUSTINS,CONFIGNON_CROISEE,t0800,0.0
GENEVE_AUGUSTINS,CONFIGNON_CROISEE,t0830,0.0
GENEVE_AUGUSTINS,CONFIGNON_LA_DODE,t0700,0.0
GENEVE_AUGUSTINS,CONFIGNON_LA_DODE,t0730,0.0
GENEVE_AUGUSTINS,CONFIGNON_LA_DODE,t0800,0.0
GENEVE_AUGUSTINS,CONFIGNON_LA_DODE,t0830,0.0
GENEVE_AUGUSTINS,GENEVE_AMANDOLIER,t0700,0.0
GENEVE_AUGUSTINS,GENEVE_AMANDOLIER,t0730,0.0
GENEVE_AUGUSTINS,GENEVE_AMANDOLIER,t0800,0.0
GENEVE_AUGUSTINS,GENEVE_AMANDOLIER,t0830,0.0
GENEVE_AUGUSTINS,GENEVE_BEL_AIR,t0700,0.0
GENEVE_AUGUSTINS,GENEVE_BEL_AIR,t0730,0.0
GENEVE_AUGUSTINS,GENEVE_BEL_AIR,t0800,0.0
GENEVE_AUGUSTINS,GENEVE_BEL_AIR,t0830,0.0
GENEVE_AUGUSTINS,GENEVE_BLANCHE,t0700,0.0
GENEVE_AUGUSTINS,GENEVE_BLANCHE,t0730,0.0
GENEVE_AUGUSTINS,GENEVE_BLANCHE,t0800,0.0
GENEVE_AUGUSTINS,GENEVE_BLANCHE,t0830,0.0
GENEVE_AUGUSTINS,GENEVE_COUTANCE,t0700,0.0
GENEVE_AUGUSTINS,GENEVE_COUTANCE,t0730,0.0
GENEVE_AUGUSTINS,GENEVE_COUTANCE,t0800,0.0
GENEVE_AUGUSTINS,GENEVE_COUTANCE,t0830,0.0
GENEVE_AUGUSTINS,GENEVE_EAUX_VIVES_GARE,t0700,0.0
GENEVE_AUGUSTINS,GENEVE_EAUX_VIVES_GARE,t0730,0.0
GENEVE_AUGUSTINS,GENEVE_EAUX_VIVES_GARE,t0800,0.0
GENEVE_AUGUSTINS,GENEVE_EAUX_VIVES_GARE,t0830,0.0
GENEVE_AUGUSTINS,GENEVE_GARE_CORNAVIN,t0700,0.0
GENEVE_AUGUSTINS,GENEVE_GARE_CORNAVIN,t0730,0.0
GENEVE_AUGUSTINS,GENEVE_GARE_CORNAVIN,t0800,0.0
GENEVE_AUGUSTINS,GENEVE_GARE_CORNAVIN,t0830,0.0
GENEVE_AUGUSTINS,GENEVE_JONCTION,t0700,0.0
GENEVE_AUGUSTINS,GENEVE_JONCTION,t0730,0.0
GENEVE_AUGUSTINS,GENEVE_JONCTION,t0800,0.0
GENEVE_AUGUSTINS,GENEVE_JONCTION,t0830,0.0
GENEVE_AUGUSTINS,GENEVE_LYON,t0700,0.0
GENEVE_AUGUSTINS,GENEVE_LYON,t0730,0.0
GENEVE_AUGUSTINS,GENEVE_LYON,t0800,0.0
GENEVE_AUGUSTINS,GENEVE_LYON,t0830,0.0
GENEVE_AUGUSTINS,GENEVE_MOLARD,t0700,0.0
GENEVE_AUGUSTINS,GENEVE_MOLARD,t0730,0.0
GENEVE_AUGUSTINS,GENEVE_MOLARD,t0800,0.0
GENEVE_AUGUSTINS,GENEVE_MOLARD,t0830,0.0
GENEVE_AUGUSTINS,GENEVE_PALLADIUM,t0700,0.0
GENEVE_AUGUSTINS,GENEVE_PALLADIUM,t0730,0.0
GENEVE_AUGUSTINS,GENEVE_PALLADIUM,t0800,0.0
GENEVE_AUGUSTINS,GENEVE_PALLADIUM,t0830,0.0
GENEVE_AUGUSTINS,GENEVE_PLACE_DE_NEUVE,t0700,0.0
GENEVE_AUGUSTINS,GENEVE_PLACE_DE_NEUVE,t0730,0.0
GENEVE_AUGUSTINS,GENEVE_PLACE_DE_NEUVE,t0800,0.0
GENEVE_AUGUSTINS,GENEVE_PLACE_DE_NEUVE,t0830,0.0
GENEVE_AUGUSTINS,GENEVE_PLAINPALAIS,t0700,0.0
GENEVE_AUGUSTINS,GENEVE_PLAINPALAIS,t0730,0.0
GENEVE_AUGUSTINS,GENEVE_PLAINPALAIS,t0800,0.0
GENEVE_AUGUSTINS,GENEVE_PLAINPALAIS,t0830,0.0
GENEVE_AUGUSTINS,GENEVE_PONT_D_ARVE,t0700,0.0
GENEVE_AUGUSTINS,GENEVE_PONT_D_ARVE,t0730,0.0
GENEVE_AUGUSTINS,GENEVE_PONT_D_ARVE,t0800,0.0
GENEVE_AUGUSTINS,GENEVE_PONT_D_ARVE,t0830,0.0
GENEVE_AUGUSTINS,GENEVE_POTERIE,t0700,0.0
GENEVE_AUGUSTINS,GENEVE_POTERIE,t0730,0.0
GENEVE_AUGUSTINS,GENEVE_POTERIE,t0800,0.0
GENEVE_AUGUSTINS,GENEVE_POTERIE,t0830,0.0
GENEVE_AUGUSTINS,GENEVE_RIVE,t0700,0.0
GENEVE_AUGUSTINS,GENEVE_RIVE,t0730,0.0
GENEVE_AUGUSTINS,GENEVE_RIVE,t0800,0.0
GENEVE_AUGUSTINS,GENEVE_RIVE,t0830,0.0
GENEVE_AUGUSTINS,GENEVE_SERVETTE,t0700,0.0
GENEVE_AUGUSTINS,GENEVE_SERVETTE,t0730,0.0
GENEVE_AUGUSTINS,GENEVE_SERVETTE,t0800,0.0
GENEVE_AUGUSTINS,GENEVE_SERVETTE,t0830,0.0
GENEVE_AUGUSTINS,GENEVE_STAND,t0700,0.0
GENEVE_AUGUSTINS,GENEVE_STAND,t0730,0.0
GENEVE_AUGUSTINS,GENEVE_STAND,t0800,0.0
GENEVE_AUGUSTINS,GENEVE_STAND,t0830,0.0
GENEVE_AUGUSTINS,GENEVE_TERRASSIERE,t0700,0.0
GENEVE_AUGUSTINS,GENEVE_TERRASSIERE,t0730,0.0
GENEVE_AUGUSTINS,GENEVE_TERRASSIERE,t0800,0.0
GENEVE_AUGUSTINS,GENEVE_TERRASSIERE,t0830,0.0
GENEVE_AUGUSTINS,GENEVE_VIEUSSEUX,t0700,0.0
GENEVE_AUGUSTINS,GENEVE_VIEUSSEUX,t0730,0.0
GENEVE_AUGUSTINS,GENEVE_VIEUSSEUX,t0800,0.0
GENEVE_AUGUSTINS,GENEVE_VIEUSSEUX,t0830,0.0
GENEVE_AUGUSTINS,GENEVE_VILLEREUSE,t0700,0.0
GENEVE_AUGUSTINS,GENEVE_VILLEREUSE,t0730,0.0
GENEVE_AUGUSTINS,GENEVE_VILLEREUSE,t0800,0.0
GENEVE_AUGUSTINS,GENEVE_VILLEREUSE,t0830,0.0
GENEVE_AUGUSTINS,GRAND_LANCY_DE_STAEL,t0700,0.0
GENEVE_AUGUSTINS,GRAND_LANCY_DE_STAEL,t0730,0.0
GENEVE_AUGUSTINS,GRAND_LANCY_DE_STAEL,t0800,0.0
GENEVE_AUGUSTINS,GRAND_LANCY_DE_STAEL,t0830,0.0
GENEVE_AUGUSTINS,GRAND_LANCY_PALETTES,t0700,0.0
GENEVE_AUGUSTINS,GRAND_LANCY_PALETTES,t0730,0.0
GENEVE_AUGUSTINS,GRAND_LANCY_PALETTES,t0800,0.0
GENEVE_AUGUSTINS,GRAND_LANCY_PALETTES,t0830,0.0
GENEVE_AUGUSTINS,GRAND_LANCY_PONTETS,t0700,0.0
GENEVE_AUGUSTINS,GRAND_LANCY_PONTETS,t0730,0.0
GENEVE_AUGUSTINS,GRAND_LANCY_PONTETS,t0800,0.0
GENEVE_AUGUSTINS,GRAND_LANCY_PONTETS,t0830,0.0
GENEVE_AUGUSTINS,LANCY_BACHET_GARE,t0700,0.0
GENEVE_AUGUSTINS,LANCY_BACHET_GARE,t0730,0.0
GENEVE_AUGUSTINS,LANCY_BACHET_GARE,t0800,0.0
GENEVE_AUGUSTINS,LANCY_BACHET_GARE,t0830,0.0
GENEVE_AUGUSTINS,MEYRIN_BOIS_DU_LAN,t0700,0.0
GENEVE_AUGUSTINS,MEYRIN_BOIS_DU_LAN,t0730,0.0
GENEVE_AUGUSTINS,MEYRIN_BOIS_DU_LAN,t0800,0.0
GENEVE_AUGUSTINS,MEYRIN_BOIS_DU_LAN,t0830,0.0
GENEVE_AUGUSTINS,MEYRIN_CERN,t0700,47.826
GENEVE_AUGUSTINS,MEYRIN_CERN,t0730,9.565
GENEVE_AUGUSTINS,MEYRIN_CERN,t0800,15.652
GENEVE_AUGUSTINS,MEYRIN_CERN,t0830,41.739
GENEVE_AUGUSTINS,MEYRIN_FORUMEYRIN,t0700,0.0
GENEVE_AUGUSTINS,MEYRIN_FORUMEYRIN,t0730,0.0
GENEVE_AUGUSTINS,MEYRIN_FORUMEYRIN,t0800,0.0
GENEVE_AUGUSTINS,MEYRIN_FORUMEYRIN,t0830,0.0
GENEVE_AUGUSTINS,MEYRIN_GRAVIERE,t0700,0.0
GENEVE_AUGUSTINS,MEYRIN_GRAVIERE,t0730,0.0
GENEVE_AUGUSTINS,MEYRIN_GRAVIERE,t0800,0.0
GENEVE_AUGUSTINS,MEYRIN_GRAVIERE,t0830,0.0
GENEVE_AUGUSTINS,MEYRIN_HOPITAL_DE_LA_TOUR,t0700,0.0
GENEVE_AUGUSTINS,MEYRIN_HOPITAL_DE_LA_TOUR,t0730,0.0
GENEVE_AUGUSTINS,MEYRIN_HOPITAL_DE_LA_TOUR,t0800,0.0
GENEVE_AUGUSTINS,MEYRIN_HOPITAL_DE_LA_TOUR,t0830,0.0
GENEVE_AUGUSTINS,MEYRIN_JARDIN_ALPIN_VIVARIUM,t0700,0.0
GENEVE_AUGUSTINS,MEYRIN_JARDIN_ALPIN_VIVARIUM,t0730,0.0
GENEVE_AUGUSTINS,MEYRIN_JARDIN_ALPIN_VIVARIUM,t0800,0.0
GENEVE_AUGUSTINS,MEYRIN_JARDIN_ALPIN_VIVARIUM,t0830,0.0
GENEVE_AUGUSTINS,MEYRIN_MAISONNEX,t0700,0.0
GENEVE_AUGUSTINS,MEYRIN_MAISONNEX,t0730,0.0
GENEVE_AUGUSTINS,MEYRIN_MAISONNEX,t0800,0.0
GENEVE_AUGUSTINS,MEYRIN_MAISONNEX,t0830,0.0
GENEVE_AUGUSTINS,MEYRIN_VAUDAGNE,t0700,0.0
GENEVE_AUGUSTINS,MEYRIN_VAUDAGNE,t0730,0.0
GENEVE_AUGUSTINS,MEYRIN_VAUDAGNE,t0800,0.0
GENEVE_AUGUSTINS,MEYRIN_VAUDAGNE,t0830,0.0
GENEVE_AUGUSTINS,MEYRIN_VILLAGE,t0700,0.0
GENEVE_AUGUSTINS,MEYRIN_VILLAGE,t0730,0.0
GENEVE_AUGUSTINS,MEYRIN_VILLAGE,t0800,0.0
GENEVE_AUGUSTINS,MEYRIN_VILLAGE,t0830,0.0
GENEVE_AUGUSTINS,ONEX_BANDOL,t0700,0.0
GENEVE_AUGUSTINS,ONEX_BANDOL,t0730,0.0
GENEVE_AUGUSTINS,ONEX_BANDOL,t0800,0.0
GENEVE_AUGUSTINS,ONEX_BANDOL,t0830,0.0
GENEVE_AUGUSTINS,ONEX_SALLE_COMMUNALE,t0700,0.0
GENEVE_AUGUSTINS,ONEX_SALLE_COMMUNALE,t0730,0.0
GENEVE_AUGUSTINS,ONEX_SALLE_COMMUNALE,t0800,0.0
GENEVE_AUGUSTINS,ONEX_SALLE_COMMUNALE,t0830,0.0
GENEVE_AUGUSTINS,PETIT_LANCY_LES_ESSERTS,t0700,0.0
GENEVE_AUGUSTINS,PETIT_LANCY_LES_ESSERTS,t0730,0.0
GENEVE_AUGUSTINS,PETIT_LANCY_LES_ESSERTS,t0800,0.0
GENEVE_AUGUSTINS,PETIT_LANCY_LES_ESSERTS,t0830,0.0
GENEVE_AUGUSTINS,PETIT_LANCY_PLACE,t0700,0.0
GENEVE_AUGUSTINS,PETIT_LANCY_PLACE,t0730,0.0
GENEVE_AUGUSTINS,PETIT_LANCY_PLACE,t0800,0.0
GENEVE_AUGUSTINS,PETIT_LANCY_PLACE,t0830,0.0
GENEVE_AUGUSTINS,PETIT_LANCY_QUIDORT,t0700,0.0
GENEVE_AUGUSTINS,PETIT_LANCY_QUIDORT,t0730,0.0
GENEVE_AUGUSTINS,PETIT_LANCY_QUIDORT,t0800,0.0
GENEVE_AUGUSTINS,PETIT_LANCY_QUIDORT,t0830,0.0
GENEVE_AUGUSTINS,PLAN_LES_OUATES_TREFLE_BLANC,t0700,0.0
GENEVE_AUGUSTINS,PLAN_LES_OUATES_TREFLE_BLANC,t0730,0.0
GENEVE_AUGUSTINS,PLAN_LES_OUATES_TREFLE_BLANC,t0800,0.0
GENEVE_AUGUSTINS,PLAN_LES_OUATES_TREFLE_BLANC,t0830,0.0
GENEVE_AUGUSTINS,THONEX_GRAVESON,t0700,0.0
GENEVE_AUGUSTINS,THONEX_GRAVESON,t0730,0.0
GENEVE_AUGUSTINS,THONEX_GRAVESON,t0800,0.0
GENEVE_AUGUSTINS,THONEX_GRAVESON,t0830,0.0
GENEVE_AUGUSTINS,THONEX_MOILLESULAZ,t0700,0.0
GENEVE_AUGUSTINS,THONEX_MOILLESULAZ,t0730,0.0
GENEVE_AUGUSTINS,THONEX_MOILLESULAZ,t0800,0.0
GENEVE_AUGUSTINS,THONEX_MOILLESULAZ,t0830,0.0
GENEVE_AUGUSTINS,VERNIER_AVANCHETS_ETANG,t0700,0.0
GENEVE_AUGUSTINS,VERNIER_AVANCHETS_ETANG,t0730,0.0
GENEVE_AUGUSTINS,VERNIER_AVANCHETS_ETANG,t0800,0.0
GENEVE_AUGUSTINS,VERNIER_AVANCHETS_ETANG,t0830,0.0
GENEVE_AUGUSTINS,VERNIER_BALEXERT,t0700,0.0
GENEVE_AUGUSTINS,VERNIER_BALEXERT,t0730,0.0
GENEVE_AUGUSTINS,VERNIER_BALEXERT,t0800,0.0
GENEVE_AUGUSTINS,VERNIER_BALEXERT,t0830,0.0
GENEVE_AUGUSTINS,VERNIER_BLANDONNET,t0700,0.0
GENEVE_AUGUSTINS,VERNIER_BLANDONNET,t0730,0.0
GENEVE_AUGUSTINS,VERNIER_BLANDONNET,t0800,0.0
GENEVE_AUGUSTINS,VERNIER_BLANDONNET,t0830,0.0
GENEVE_AUGUSTINS,VERNIER_BOUCHET,t0700,0.0
GENEVE_AUGUSTINS,VERNIER_BOUCHET,t0730,0.0
GENEVE_AUGUSTINS,VERNIER_BOUCHET,t0800,0.0
GENEVE_AUGUSTINS,VERNIER_BOUCHET,t0830,0.0
GENEVE_BEL_AIR,BERNEX_HAINARD,t0700,0.0
GENEVE_BEL_AIR,BERNEX_HAINARD,t0730,0.0
GENEVE_BEL_AIR,BERNEX_HAINARD,t0800,0.0
GENEVE_BEL_AIR,BERNEX_HAINARD,t0830,0.0
GENEVE_BEL_AIR,BERNEX_LUCHEPELET,t0700,0.0
GENEVE_BEL_AIR,BERNEX_LUCHEPELET,t0730,0.0
GENEVE_BEL_AIR,BERNEX_LUCHEPELET,t0800,0.0
GENEVE_BEL_AIR,BERNEX_LUCHEPELET,t0830,0.0
GENEVE_BEL_AIR,BERNEX_PRE_MARAIS,t0700,0.0
GENEVE_BEL_AIR,BERNEX_PRE_MARAIS,t0730,0.0
GENEVE_BEL_AIR,BERNEX_PRE_MARAIS,t0800,0.0
GENEVE_BEL_AIR,BERNEX_PRE_MARAIS,t0830,0.0
GENEVE_BEL_AIR,BERNEX_P_R,t0700,0.0
GENEVE_BEL_AIR,BERNEX_P_R,t0730,0.0
GENEVE_BEL_AIR,BERNEX_P_R,t0800,0.0
GENEVE_BEL_AIR,BERNEX_P_R,t0830,0.0
GENEVE_BEL_AIR,BERNEX_VAILLY,t0700,0.0
GENEVE_BEL_AIR,BERNEX_VAILLY,t0730,0.0
GENEVE_BEL_AIR,BERNEX_VAILLY,t0800,0.0
GENEVE_BEL_AIR,BERNEX_VAILLY,t0830,0.0
GENEVE_BEL_AIR,CAROUGE_GE_ANCIENNE,t0700,0.0
GENEVE_BEL_AIR,CAROUGE_GE_ANCIENNE,t0730,0.0
GENEVE_BEL_AIR,CAROUGE_GE_ANCIENNE,t0800,0.0
GENEVE_BEL_AIR,CAROUGE_GE_ANCIENNE,t0830,0.0
GENEVE_BEL_AIR,CAROUGE_GE_ARMES,t0700,0.0
GENEVE_BEL_AIR,CAROUGE_GE_ARMES,t0730,0.0
GENEVE_BEL_AIR,CAROUGE_GE_ARMES,t0800,0.0
GENEVE_BEL_AIR,CAROUGE_GE_ARMES,t0830,0.0
GENEVE_BEL_AIR,CAROUGE_GE_MARCHE,t0700,0.0
GENEVE_BEL_AIR,CAROUGE_GE_MARCHE,t0730,0.0
GENEVE_BEL_AIR,CAROUGE_GE_MARCHE,t0800,0.0
GENEVE_BEL_AIR,CAROUGE_GE_MARCHE,t0830,0.0
GENEVE_BEL_AIR,CAROUGE_GE_RONDEAU,t0700,0.0
GENEVE_BEL_AIR,CAROUGE_GE_RONDEAU,t0730,0.0
GENEVE_BEL_AIR,CAROUGE_GE_RONDEAU,t0800,0.0
GENEVE_BEL_AIR,CAROUGE_GE_RONDEAU,t0830,0.0
GENEVE_BEL_AIR,CHENE_BOUGERIES_GRANGETTES,t0700,0.0
GENEVE_BEL_AIR,CHENE_BOUGERIES_GRANGETTES,t0730,0.0
GENEVE_BEL_AIR,CHENE_BOUGERIES_GRANGETTES,t0800,0.0
GENEVE_BEL_AIR,CHENE_BOUGERIES_GRANGETTES,t0830,0.0
GENEVE_BEL_AIR,CHENE_BOUGERIES_GRANGE_CANAL,t0700,0.0
GENEVE_BEL_AIR,CHENE_BOUGERIES_GRANGE_CANAL,t0730,0.0
GENEVE_BEL_AIR,CHENE_BOUGERIES_GRANGE_CANAL,t0800,0.0
GENEVE_BEL_AIR,CHENE_BOUGERIES_GRANGE_CANAL,t0830,0.0
GENEVE_BEL_AIR,CHENE_BOUGERIES_GRANGE_FALQUET,t0700,0.0
GENEVE_BEL_AIR,CHENE_BOUGERIES_GRANGE_FALQUET,t0730,0.0
GENEVE_BEL_AIR,CHENE_BOUGERIES_GRANGE_FALQUET,t0800,0.0
GENEVE_BEL_AIR,CHENE_BOUGERIES_GRANGE_FALQUET,t0830,0.0
GENEVE_BEL_AIR,CHENE_BOURG_PEILLONNEX,t0700,0.0
GENEVE_BEL_AIR,CHENE_BOURG_PEILLONNEX,t0730,0.0
GENEVE_BEL_AIR,CHENE_BOURG_PEILLONNEX,t0800,0.0
GENEVE_BEL_AIR,CHENE_BOURG_PEILLONNEX,t0830,0.0
GENEVE_BEL_AIR,CHENE_BOURG_PLACE_FAVRE,t0700,0.0
GENEVE_BEL_AIR,CHENE_BOURG_PLACE_FAVRE,t0730,0.0
GENEVE_BEL_AIR,CHENE_BOURG_PLACE_FAVRE,t0800,0.0
GENEVE_BEL_AIR,CHENE_BOURG_PLACE_FAVRE,t0830,0.0
GENEVE_BEL_AIR,CONFIGNON_CROISEE,t0700,0.0
GENEVE_BEL_AIR,CONFIGNON_CROISEE,t0730,0.0
GENEVE_BEL_AIR,CONFIGNON_CROISEE,t0800,0.0
GENEVE_BEL_AIR,CONFIGNON_CROISEE,t0830,0.0
GENEVE_BEL_AIR,CONFIGNON_LA_DODE,t0700,0.0
GENEVE_BEL_AIR,CONFIGNON_LA_DODE,t0730,0.0
GENEVE_BEL_AIR,CONFIGNON_LA_DODE,t0800,0.0
GENEVE_BEL_AIR,CONFIGNON_LA_DODE,t0830,0.0
GENEVE_BEL_AIR,GENEVE_AMANDOLIER,t0700,0.0
GENEVE_BEL_AIR,GENEVE_AMANDOLIER,t0730,0.0
GENEVE_BEL_AIR,GENEVE_AMANDOLIER,t0800,0.0
GENEVE_BEL_AIR,GENEVE_AMANDOLIER,t0830,0.0
GENEVE_BEL_AIR,GENEVE_AUGUSTINS,t0700,0.0
GENEVE_BEL_AIR,GENEVE_AUGUSTINS,t0730,0.0
GENEVE_BEL_AIR,GENEVE_AUGUSTINS,t0800,0.0
GENEVE_BEL_AIR,GENEVE_AUGUSTINS,t0830,0.0
GENEVE_BEL_AIR,GENEVE_BLANCHE,t0700,0.0
GENEVE_BEL_AIR,GENEVE_BLANCHE,t0730,0.0
GENEVE_BEL_AIR,GENEVE_BLANCHE,t0800,0.0
GENEVE_BEL_AIR,GENEVE_BLANCHE,t0830,0.0
GENEVE_BEL_AIR,GENEVE_COUTANCE,t0700,0.0
GENEVE_BEL_AIR,GENEVE_COUTANCE,t0730,0.0
GENEVE_BEL_AIR,GENEVE_COUTANCE,t0800,0.0
GENEVE_BEL_AIR,GENEVE_COUTANCE,t0830,0.0
GENEVE_BEL_AIR,GENEVE_EAUX_VIVES_GARE,t0700,0.0
GENEVE_BEL_AIR,GENEVE_EAUX_VIVES_GARE,t0730,0.0
GENEVE_BEL_AIR,GENEVE_EAUX_VIVES_GARE,t0800,0.0
GENEVE_BEL_AIR,GENEVE_EAUX_VIVES_GARE,t0830,0.0
GENEVE_BEL_AIR,GENEVE_GARE_CORNAVIN,t0700,0.0
GENEVE_BEL_AIR,GENEVE_GARE_CORNAVIN,t0730,0.0
GENEVE_BEL_AIR,GENEVE_GARE_CORNAVIN,t0800,0.0
GENEVE_BEL_AIR,GENEVE_GARE_CORNAVIN,t0830,0.0
GENEVE_BEL_AIR,GENEVE_JONCTION,t0700,0.0
GENEVE_BEL_AIR,GENEVE_JONCTION,t0730,0.0
GENEVE_BEL_AIR,GENEVE_JONCTION,t0800,0.0
GENEVE_BEL_AIR,GENEVE_JONCTION,t0830,0.0
GENEVE_BEL_AIR,GENEVE_LYON,t0700,0.0
GENEVE_BEL_AIR,GENEVE_LYON,t0730,0.0
GENEVE_BEL_AIR,GENEVE_LYON,t0800,0.0
GENEVE_BEL_AIR,GENEVE_LYON,t0830,0.0
GENEVE_BEL_AIR,GENEVE_MOLARD,t0700,0.0
GENEVE_BEL_AIR,GENEVE_MOLARD,t0730,0.0
GENEVE_BEL_AIR,GENEVE_MOLARD,t0800,0.0
GENEVE_BEL_AIR,GENEVE_MOLARD,t0830,0.0
GENEVE_BEL_AIR,GENEVE_PALLADIUM,t0700,0.0
GENEVE_BEL_AIR,GENEVE_PALLADIUM,t0730,0.0
GENEVE_BEL_AIR,GENEVE_PALLADIUM,t0800,0.0
GENEVE_BEL_AIR,GENEVE_PALLADIUM,t0830,0.0
GENEVE_BEL_AIR,GENEVE_PLACE_DE_NEUVE,t0700,0.0
GENEVE_BEL_AIR,GENEVE_PLACE_DE_NEUVE,t0730,0.0
GENEVE_BEL_AIR,GENEVE_PLACE_DE_NEUVE,t0800,0.0
GENEVE_BEL_AIR,GENEVE_PLACE_DE_NEUVE,t0830,0.0
GENEVE_BEL_AIR,GENEVE_PLAINPALAIS,t0700,0.0
GENEVE_BEL_AIR,GENEVE_PLAINPALAIS,t0730,0.0
GENEVE_BEL_AIR,GENEVE_PLAINPALAIS,t0800,0.0
GENEVE_BEL_AIR,GENEVE_PLAINPALAIS,t0830,0.0
GENEVE_BEL_AIR,GENEVE_PONT_D_ARVE,t0700,0.0
GENEVE_BEL_AIR,GENEVE_PONT_D_ARVE,t0730,0.0
GENEVE_BEL_AIR,GENEVE_PONT_D_ARVE,t0800,0.0
GENEVE_BEL_AIR,GENEVE_PONT_D_ARVE,t0830,0.0
GENEVE_BEL_AIR,GENEVE_POTERIE,t0700,0.0
GENEVE_BEL_AIR,GENEVE_POTERIE,t0730,0.0
GENEVE_BEL_AIR,GENEVE_POTERIE,t0800,0.0
GENEVE_BEL_AIR,GENEVE_POTERIE,t0830,0.0
GENEVE_BEL_AIR,GENEVE_RIVE,t0700,0.0
GENEVE_BEL_AIR,GENEVE_RIVE,t0730,0.0
GENEVE_BEL_AIR,GENEVE_RIVE,t0800,0.0
GENEVE_BEL_AIR,GENEVE_RIVE,t0830,0.0
GENEVE_BEL_AIR,GENEVE_SERVETTE,t0700,0.0
GENEVE_BEL_AIR,GENEVE_SERVETTE,t0730,0.0
GENEVE_BEL_AIR,GENEVE_SERVETTE,t0800,0.0
GENEVE_BEL_AIR,GENEVE_SERVETTE,t0830,0.0
GENEVE_BEL_AIR,GENEVE_STAND,t0700,0.0
GENEVE_BEL_AIR,GENEVE_STAND,t0730,0.0
GENEVE_BEL_AIR,GENEVE_STAND,t0800,0.0
GENEVE_BEL_AIR,GENEVE_STAND,t0830,0.0
GENEVE_BEL_AIR,GENEVE_TERRASSIERE,t0700,0.0
GENEVE_BEL_AIR,GENEVE_TERRASSIERE,t0730,0.0
GENEVE_BEL_AIR,GENEVE_TERRASSIERE,t0800,0.0
GENEVE_BEL_AIR,GENEVE_TERRASSIERE,t0830,0.0
GENEVE_BEL_AIR,GENEVE_VIEUSSEUX,t0700,0.0
GENEVE_BEL_AIR,GENEVE_VIEUSSEUX,t0730,0.0
GENEVE_BEL_AIR,GENEVE_VIEUSSEUX,t0800,0.0
GENEVE_BEL_AIR,GENEVE_VIEUSSEUX,t0830,0.0
GENEVE_BEL_AIR,GENEVE_VILLEREUSE,t0700,0.0
GENEVE_BEL_AIR,GENEVE_VILLEREUSE,t0730,0.0
GENEVE_BEL_AIR,GENEVE_VILLEREUSE,t0800,0.0
GENEVE_BEL_AIR,GENEVE_VILLEREUSE,t0830,0.0
GENEVE_BEL_AIR,GRAND_LANCY_DE_STAEL,t0700,0.0
GENEVE_BEL_AIR,GRAND_LANCY_DE_STAEL,t0730,0.0
GENEVE_BEL_AIR,GRAND_LANCY_DE_STAEL,t0800,0.0
GENEVE_BEL_AIR,GRAND_LANCY_DE_STAEL,t0830,0.0
GENEVE_BEL_AIR,GRAND_LANCY_PALETTES,t0700,0.0
GENEVE_BEL_AIR,GRAND_LANCY_PALETTES,t0730,0.0
GENEVE_BEL_AIR,GRAND_LANCY_PALETTES,t0800,0.0
GENEVE_BEL_AIR,GRAND_LANCY_PALETTES,t0830,0.0
GENEVE_BEL_AIR,GRAND_LANCY_PONTETS,t0700,0.0
GENEVE_BEL_AIR,GRAND_LANCY_PONTETS,t0730,0.0
GENEVE_BEL_AIR,GRAND_LANCY_PONTETS,t0800,0.0
GENEVE_BEL_AIR,GRAND_LANCY_PONTETS,t0830,0.0
GENEVE_BEL_AIR,LANCY_BACHET_GARE,t0700,0.0
GENEVE_BEL_AIR,LANCY_BACHET_GARE,t0730,0.0
GENEVE_BEL_AIR,LANCY_BACHET_GARE,t0800,0.0
GENEVE_BEL_AIR,LANCY_BACHET_GARE,t0830,0.0
GENEVE_BEL_AIR,MEYRIN_BOIS_DU_LAN,t0700,0.0
GENEVE_BEL_AIR,MEYRIN_BOIS_DU_LAN,t0730,0.0
GENEVE_BEL_AIR,MEYRIN_BOIS_DU_LAN,t0800,0.0
GENEVE_BEL_AIR,MEYRIN_BOIS_DU_LAN,t0830,0.0
GENEVE_BEL_AIR,MEYRIN_CERN,t0700,0.0
GENEVE_BEL_AIR,MEYRIN_CERN,t0730,0.0
GENEVE_BEL_AIR,MEYRIN_CERN,t0800,0.0
GENEVE_BEL_AIR,MEYRIN_CERN,t0830,0.0
GENEVE_BEL_AIR,MEYRIN_FORUMEYRIN,t0700,0.0
GENEVE_BEL_AIR,MEYRIN_FORUMEYRIN,t0730,0.0
GENEVE_BEL_AIR,MEYRIN_FORUMEYRIN,t0800,0.0
GENEVE_BEL_AIR,MEYRIN_FORUMEYRIN,t0830,0.0
GENEVE_BEL_AIR,MEYRIN_GRAVIERE,t0700,0.0
GENEVE_BEL_AIR,MEYRIN_GRAVIERE,t0730,0.0
GENEVE_BEL_AIR,MEYRIN_GRAVIERE,t0800,0.0
GENEVE_BEL_AIR,MEYRIN_GRAVIERE,t0830,0.0
GENEVE_BEL_AIR,MEYRIN_HOPITAL_DE_LA_TOUR,t0700,0.0
GENEVE_BEL_AIR,MEYRIN_HOPITAL_DE_LA_TOUR,t0730,0.0
GENEVE_BEL_AIR,MEYRIN_HOPITAL_DE_LA_TOUR,t0800,0.0
GENEVE_BEL_AIR,MEYRIN_HOPITAL_DE_LA_TOUR,t0830,0.0
GENEVE_BEL_AIR,MEYRIN_JARDIN_ALPIN_VIVARIUM,t0700,0.0
GENEVE_BEL_AIR,MEYRIN_JARDIN_ALPIN_VIVARIUM,t0730,0.0
GENEVE_BEL_AIR,MEYRIN_JARDIN_ALPIN_VIVARIUM,t0800,0.0
GENEVE_BEL_AIR,MEYRIN_JARDIN_ALPIN_VIVARIUM,t0830,0.0
GENEVE_BEL_AIR,MEYRIN_MAISONNEX,t0700,0.0
GENEVE_BEL_AIR,MEYRIN_MAISONNEX,t0730,0.0
GENEVE_BEL_AIR,MEYRIN_MAISONNEX,t0800,0.0
GENEVE_BEL_AIR,MEYRIN_MAISONNEX,t0830,0.0
GENEVE_BEL_AIR,MEYRIN_VAUDAGNE,t0700,0.0
GENEVE_BEL_AIR,MEYRIN_VAUDAGNE,t0730,0.0
GENEVE_BEL_AIR,MEYRIN_VAUDAGNE,t0800,0.0
GENEVE_BEL_AIR,MEYRIN_VAUDAGNE,t0830,0.0
GENEVE_BEL_AIR,MEYRIN_VILLAGE,t0700,0.0
GENEVE_BEL_AIR,MEYRIN_VILLAGE,t0730,0.0
GENEVE_BEL_AIR,MEYRIN_VILLAGE,t0800,0.0
GENEVE_BEL_AIR,MEYRIN_VILLAGE,t0830,0.0
GENEVE_BEL_AIR,ONEX_BANDOL,t0700,0.0
GENEVE_BEL_AIR,ONEX_BANDOL,t0730,0.0
GENEVE_BEL_AIR,ONEX_BANDOL,t0800,0.0
GENEVE_BEL_AIR,ONEX_BANDOL,t0830,0.0
GENEVE_BEL_AIR,ONEX_SALLE_COMMUNALE,t0700,0.0
GENEVE_BEL_AIR,ONEX_SALLE_COMMUNALE,t0730,0.0
GENEVE_BEL_AIR,ONEX_SALLE_COMMUNALE,t0800,0.0
GENEVE_BEL_AIR,ONEX_SALLE_COMMUNALE,t0830,0.0
GENEVE_BEL_AIR,PETIT_LANCY_LES_ESSERTS,t0700,0.0
GENEVE_BEL_AIR,PETIT_LANCY_LES_ESSERTS,t0730,0.0
GENEVE_BEL_AIR,PETIT_LANCY_LES_ESSERTS,t0800,0.0
GENEVE_BEL_AIR,PETIT_LANCY_LES_ESSERTS,t0830,0.0
GENEVE_BEL_AIR,PETIT_LANCY_PLACE,t0700,0.0
GENEVE_BEL_AIR,PETIT_LANCY_PLACE,t0730,0.0
GENEVE_BEL_AIR,PETIT_LANCY_PLACE,t0800,0.0
GENEVE_BEL_AIR,PETIT_LANCY_PLACE,t0830,0.0
GENEVE_BEL_AIR,PETIT_LANCY_QUIDORT,t0700,0.0
GENEVE_BEL_AIR,PETIT_LANCY_QUIDORT,t0730,0.0
GENEVE_BEL_AIR,PETIT_LANCY_QUIDORT,t0800,0.0
GENEVE_BEL_AIR,PETIT_LANCY_QUIDORT,t0830,0.0
GENEVE_BEL_AIR,PLAN_LES_OUATES_TREFLE_BLANC,t0700,0.0
GENEVE_BEL_AIR,PLAN_LES_OUATES_TREFLE_BLANC,t0730,0.0
GENEVE_BEL_AIR,PLAN_LES_OUATES_TREFLE_BLANC,t0800,0.0
GENEVE_BEL_AIR,PLAN_LES_OUATES_TREFLE_BLANC,t0830,0.0
GENEVE_BEL_AIR,THONEX_GRAVESON,t0700,0.0
GENEVE_BEL_AIR,THONEX_GRAVESON,t0730,0.0
GENEVE_BEL_AIR,THONEX_GRAVESON,t0800,0.0
GENEVE_BEL_AIR,THONEX_GRAVESON,t0830,0.0
GENEVE_BEL_AIR,THONEX_MOILLESULAZ,t0700,0.0
GENEVE_BEL_AIR,THONEX_MOILLESULAZ,t0730,0.0
GENEVE_BEL_AIR,THONEX_MOILLESULAZ,t0800,0.0
GENEVE_BEL_AIR,THONEX_MOILLESULAZ,t0830,0.0
GENEVE_BEL_AIR,VERNIER_AVANCHETS_ETANG,t0700,0.0
GENEVE_BEL_AIR,VERNIER_AVANCHETS_ETANG,t0730,0.0
GENEVE_BEL_AIR,VERNIER_AVANCHETS_ETANG,t0800,0.0
GENEVE_BEL_AIR,VERNIER_AVANCHETS_ETANG,t0830,0.0
GENEVE_BEL_AIR,VERNIER_BALEXERT,t0700,0.0
GENEVE_BEL_AIR,VERNIER_BALEXERT,t0730,0.0
GENEVE_BEL_AIR,VERNIER_BALEXERT,t0800,0.0
GENEVE_BEL_AIR,VERNIER_BALEXERT,t0830,0.0
GENEVE_BEL_AIR,VERNIER_BLANDONNET,t0700,0.0
GENEVE_BEL_AIR,VERNIER_BLANDONNET,t0730,0.0
GENEVE_BEL_AIR,VERNIER_BLANDONNET,t0800,0.0
GENEVE_BEL_AIR,VERNIER_BLANDONNET,t0830,0.0
GENEVE_BEL_AIR,VERNIER_BOUCHET,t0700,0.0
GENEVE_BEL_AIR,VERNIER_BOUCHET,t0730,0.0
GENEVE_BEL_AIR,VERNIER_BOUCHET,t0800,0.0
GENEVE_BEL_AIR,VERNIER_BOUCHET,t0830,0.0
GENEVE_BLANCHE,BERNEX_HAINARD,t0700,0.0
GENEVE_BLANCHE,BERNEX_HAINARD,t0730,0.0
GENEVE_BLANCHE,BERNEX_HAINARD,t0800,0.0
GENEVE_BLANCHE,BERNEX_HAINARD,t0830,0.0
GENEVE_BLANCHE,BERNEX_LUCHEPELET,t0700,0.0
GENEVE_BLANCHE,BERNEX_LUCHEPELET,t0730,0.0
GENEVE_BLANCHE,BERNEX_LUCHEPELET,t0800,0.0
GENEVE_BLANCHE,BERNEX_LUCHEPELET,t0830,0.0
GENEVE_BLANCHE,BERNEX_PRE_MARAIS,t0700,0.0
GENEVE_BLANCHE,BERNEX_PRE_MARAIS,t0730,0.0
GENEVE_BLANCHE,BERNEX_PRE_MARAIS,t0800,0.0
GENEVE_BLANCHE,BERNEX_PRE_MARAIS,t0830,0.0
GENEVE_BLANCHE,BERNEX_P_R,t0700,0.0
GENEVE_BLANCHE,BERNEX_P_R,t0730,0.0
GENEVE_BLANCHE,BERNEX_P_R,t0800,0.0
GENEVE_BLANCHE,BERNEX_P_R,t0830,0.0
GENEVE_BLANCHE,BERNEX_VAILLY,t0700,0.0
GENEVE_BLANCHE,BERNEX_VAILLY,t0730,0.0
GENEVE_BLANCHE,BERNEX_VAILLY,t0800,0.0
GENEVE_BLANCHE,BERNEX_VAILLY,t0830,0.0
GENEVE_BLANCHE,CAROUGE_GE_ANCIENNE,t0700,0.0
GENEVE_BLANCHE,CAROUGE_GE_ANCIENNE,t0730,0.0
GENEVE_BLANCHE,CAROUGE_GE_ANCIENNE,t0800,0.0
GENEVE_BLANCHE,CAROUGE_GE_ANCIENNE,t0830,0.0
GENEVE_BLANCHE,CAROUGE_GE_ARMES,t0700,0.0
GENEVE_BLANCHE,CAROUGE_GE_ARMES,t0730,0.0
GENEVE_BLANCHE,CAROUGE_GE_ARMES,t0800,0.0
GENEVE_BLANCHE,CAROUGE_GE_ARMES,t0830,0.0
GENEVE_BLANCHE,CAROUGE_GE_MARCHE,t0700,0.0
GENEVE_BLANCHE,CAROUGE_GE_MARCHE,t0730,0.0
GENEVE_BLANCHE,CAROUGE_GE_MARCHE,t0800,0.0
GENEVE_BLANCHE,CAROUGE_GE_MARCHE,t0830,0.0
GENEVE_BLANCHE,CAROUGE_GE_RONDEAU,t0700,0.0
GENEVE_BLANCHE,CAROUGE_GE_RONDEAU,t0730,0.0
GENEVE_BLANCHE,CAROUGE_GE_RONDEAU,t0800,0.0
GENEVE_BLANCHE,CAROUGE_GE_RONDEAU,t0830,0.0
GENEVE_BLANCHE,CHENE_BOUGERIES_GRANGETTES,t0700,0.0
GENEVE_BLANCHE,CHENE_BOUGERIES_GRANGETTES,t0730,0.0
GENEVE_BLANCHE,CHENE_BOUGERIES_GRANGETTES,t0800,0.0
GENEVE_BLANCHE,CHENE_BOUGERIES_GRANGETTES,t0830,0.0
GENEVE_BLANCHE,CHENE_BOUGERIES_GRANGE_CANAL,t0700,9.6
GENEVE_BLANCHE,CHENE_BOUGERIES_GRANGE_CANAL,t0730,40.0
GENEVE_BLANCHE,CHENE_BOUGERIES_GRANGE_CANAL,t0800,32.8
GENEVE_BLANCHE,CHENE_BOUGERIES_GRANGE_CANAL,t0830,10.4
GENEVE_BLANCHE,CHENE_BOUGERIES_GRANGE_FALQUET,t0700,0.0
GENEVE_BLANCHE,CHENE_BOUGERIES_GRANGE_FALQUET,t0730,0.0
GENEVE_BLANCHE,CHENE_BOUGERIES_GRANGE_FALQUET,t0800,0.0
GENEVE_BLANCHE,CHENE_BOUGERIES_GRANGE_FALQUET,t0830,0.0
GENEVE_BLANCHE,CHENE_BOURG_PEILLONNEX,t0700,0.0
GENEVE_BLANCHE,CHENE_BOURG_PEILLONNEX,t0730,0.0
GENEVE_BLANCHE,CHENE_BOURG_PEILLONNEX,t0800,0.0
GENEVE_BLANCHE,CHENE_BOURG_PEILLONNEX,t0830,0.0
GENEVE_BLANCHE,CHENE_BOURG_PLACE_FAVRE,t0700,0.0
GENEVE_BLANCHE,CHENE_BOURG_PLACE_FAVRE,t0730,0.0
GENEVE_BLANCHE,CHENE_BOURG_PLACE_FAVRE,t0800,0.0
GENEVE_BLANCHE,CHENE_BOURG_PLACE_FAVRE,t0830,0.0
GENEVE_BLANCHE,CONFIGNON_CROISEE,t0700,0.0
GENEVE_BLANCHE,CONFIGNON_CROISEE,t0730,0.0
GENEVE_BLANCHE,CONFIGNON_CROISEE,t0800,0.0
GENEVE_BLANCHE,CONFIGNON_CROISEE,t0830,0.0
GENEVE_BLANCHE,CONFIGNON_LA_DODE,t0700,0.0
GENEVE_BLANCHE,CONFIGNON_LA_DODE,t0730,0.0
GENEVE_BLANCHE,CONFIGNON_LA_DODE,t0800,0.0
GENEVE_BLANCHE,CONFIGNON_LA_DODE,t0830,0.0
GENEVE_BLANCHE,GENEVE_AMANDOLIER,t0700,0.0
GENEVE_BLANCHE,GENEVE_AMANDOLIER,t0730,0.0
GENEVE_BLANCHE,GENEVE_AMANDOLIER,t0800,0.0
GENEVE_BLANCHE,GENEVE_AMANDOLIER,t0830,0.0
GENEVE_BLANCHE,GENEVE_AUGUSTINS,t0700,0.0
GENEVE_BLANCHE,GENEVE_AUGUSTINS,t0730,0.0
GENEVE_BLANCHE,GENEVE_AUGUSTINS,t0800,0.0
GENEVE_BLANCHE,GENEVE_AUGUSTINS,t0830,0.0
GENEVE_BLANCHE,GENEVE_BEL_AIR,t0700,0.0
GENEVE_BLANCHE,GENEVE_BEL_AIR,t0730,0.0
GENEVE_BLANCHE,GENEVE_BEL_AIR,t0800,0.0
GENEVE_BLANCHE,GENEVE_BEL_AIR,t0830,0.0
GENEVE_BLANCHE,GENEVE_COUTANCE,t0700,0.0
GENEVE_BLANCHE,GENEVE_COUTANCE,t0730,0.0
GENEVE_BLANCHE,GENEVE_COUTANCE,t0800,0.0
GENEVE_BLANCHE,GENEVE_COUTANCE,t0830,0.0
GENEVE_BLANCHE,GENEVE_EAUX_VIVES_GARE,t0700,0.0
GENEVE_BLANCHE,GENEVE_EAUX_VIVES_GARE,t0730,0.0
GENEVE_BLANCHE,GENEVE_EAUX_VIVES_GARE,t0800,0.0
GENEVE_BLANCHE,GENEVE_EAUX_VIVES_GARE,t0830,0.0
GENEVE_BLANCHE,GENEVE_GARE_CORNAVIN,t0700,0.0
GENEVE_BLANCHE,GENEVE_GARE_CORNAVIN,t0730,0.0
GENEVE_BLANCHE,GENEVE_GARE_CORNAVIN,t0800,0.0
GENEVE_BLANCHE,GENEVE_GARE_CORNAVIN,t0830,0.0
GENEVE_BLANCHE,GENEVE_JONCTION,t0700,0.0
GENEVE_BLANCHE,GENEVE_JONCTION,t0730,0.0
GENEVE_BLANCHE,GENEVE_JONCTION,t0800,0.0
GENEVE_BLANCHE,GENEVE_JONCTION,t0830,0.0
GENEVE_BLANCHE,GENEVE_LYON,t0700,0.0
GENEVE_BLANCHE,GENEVE_LYON,t0730,0.0
GENEVE_BLANCHE,GENEVE_LYON,t0800,0.0
GENEVE_BLANCHE,GENEVE_LYON,t0830,0.0
GENEVE_BLANCHE,GENEVE_MOLARD,t0700,0.0
GENEVE_BLANCHE,GENEVE_MOLARD,t0730,0.0
GENEVE_BLANCHE,GENEVE_MOLARD,t0800,0.0
GENEVE_BLANCHE,GENEVE_MOLARD,t0830,0.0
GENEVE_BLANCHE,GENEVE_PALLADIUM,t0700,0.0
GENEVE_BLANCHE,GENEVE_PALLADIUM,t0730,0.0
GENEVE_BLANCHE,GENEVE_PALLADIUM,t0800,0.0
GENEVE_BLANCHE,GENEVE_PALLADIUM,t0830,0.0
GENEVE_BLANCHE,GENEVE_PLACE_DE_NEUVE,t0700,0.0
GENEVE_BLANCHE,GENEVE_PLACE_DE_NEUVE,t0730,0.0
GENEVE_BLANCHE,GENEVE_PLACE_DE_NEUVE,t0800,0.0
GENEVE_BLANCHE,GENEVE_PLACE_DE_NEUVE,t0830,0.0
GENEVE_BLANCHE,GENEVE_PLAINPALAIS,t0700,0.0
GENEVE_BLANCHE,GENEVE_PLAINPALAIS,t0730,0.0
GENEVE_BLANCHE,GENEVE_PLAINPALAIS,t0800,0.0
GENEVE_BLANCHE,GENEVE_PLAINPALAIS,t0830,0.0
GENEVE_BLANCHE,GENEVE_PONT_D_ARVE,t0700,0.0
GENEVE_BLANCHE,GENEVE_PONT_D_ARVE,t0730,0.0
GENEVE_BLANCHE,GENEVE_PONT_D_ARVE,t0800,0.0
GENEVE_BLANCHE,GENEVE_PONT_D_ARVE,t0830,0.0
GENEVE_BLANCHE,GENEVE_POTERIE,t0700,0.0
GENEVE_BLANCHE,GENEVE_POTERIE,t0730,0.0
GENEVE_BLANCHE,GENEVE_POTERIE,t0800,0.0
GENEVE_BLANCHE,GENEVE_POTERIE,t0830,0.0
GENEVE_BLANCHE,GENEVE_RIVE,t0700,0.0
GENEVE_BLANCHE,GENEVE_RIVE,t0730,0.0
GENEVE_BLANCHE,GENEVE_RIVE,t0800,0.0
GENEVE_BLANCHE,GENEVE_RIVE,t0830,0.0
GENEVE_BLANCHE,GENEVE_SERVETTE,t0700,0.0
GENEVE_BLANCHE,GENEVE_SERVETTE,t0730,0.0
GENEVE_BLANCHE,GENEVE_SERVETTE,t0800,0.0
GENEVE_BLANCHE,GENEVE_SERVETTE,t0830,0.0
GENEVE_BLANCHE,GENEVE_STAND,t0700,0.0
GENEVE_BLANCHE,GENEVE_STAND,t0730,0.0
GENEVE_BLANCHE,GENEVE_STAND,t0800,0.0
GENEVE_BLANCHE,GENEVE_STAND,t0830,0.0
GENEVE_BLANCHE,GENEVE_TERRASSIERE,t0700,0.0
GENEVE_BLANCHE,GENEVE_TERRASSIERE,t0730,0.0
GENEVE_BLANCHE,GENEVE_TERRASSIERE,t0800,0.0
GENEVE_BLANCHE,GENEVE_TERRASSIERE,t0830,0.0
GENEVE_BLANCHE,GENEVE_VIEUSSEUX,t0700,0.0
GENEVE_BLANCHE,GENEVE_VIEUSSEUX,t0730,0.0
GENEVE_BLANCHE,GENEVE_VIEUSSEUX,t0800,0.0
GENEVE_BLANCHE,GENEVE_VIEUSSEUX,t0830,0.0
GENEVE_BLANCHE,GENEVE_VILLEREUSE,t0700,0.0
GENEVE_BLANCHE,GENEVE_VILLEREUSE,t0730,0.0
GENEVE_BLANCHE,GENEVE_VILLEREUSE,t0800,0.0
GENEVE_BLANCHE,GENEVE_VILLEREUSE,t0830,0.0
GENEVE_BLANCHE,GRAND_LANCY_DE_STAEL,t0700,0.0
GENEVE_BLANCHE,GRAND_LANCY_DE_STAEL,t0730,0.0
GENEVE_BLANCHE,GRAND_LANCY_DE_STAEL,t0800,0.0
GENEVE_BLANCHE,GRAND_LANCY_DE_STAEL,t0830,0.0
GENEVE_BLANCHE,GRAND_LANCY_PALETTES,t0700,0.0
GENEVE_BLANCHE,GRAND_LANCY_PALETTES,t0730,0.0
GENEVE_BLANCHE,GRAND_LANCY_PALETTES,t0800,0.0
GENEVE_BLANCHE,GRAND_LANCY_PALETTES,t0830,0.0
GENEVE_BLANCHE,GRAND_LANCY_PONTETS,t0700,0.0
GENEVE_BLANCHE,GRAND_LANCY_PONTETS,t0730,0.0
GENEVE_BLANCHE,GRAND_LANCY_PONTETS,t0800,0.0
GENEVE_BLANCHE,GRAND_LANCY_PONTETS,t0830,0.0
GENEVE_BLANCHE,LANCY_BACHET_GARE,t0700,0.0
GENEVE_BLANCHE,LANCY_BACHET_GARE,t0730,0.0
GENEVE_BLANCHE,LANCY_BACHET_GARE,t0800,0.0
GENEVE_BLANCHE,LANCY_BACHET_GARE,t0830,0.0
GENEVE_BLANCHE,MEYRIN_BOIS_DU_LAN,t0700,0.0
GENEVE_BLANCHE,MEYRIN_BOIS_DU_LAN,t0730,0.0
GENEVE_BLANCHE,MEYRIN_BOIS_DU_LAN,t0800,0.0
GENEVE_BLANCHE,MEYRIN_BOIS_DU_LAN,t0830,0.0
GENEVE_BLANCHE,MEYRIN_CERN,t0700,0.0
GENEVE_BLANCHE,MEYRIN_CERN,t0730,0.0
GENEVE_BLANCHE,MEYRIN_CERN,t0800,0.0
GENEVE_BLANCHE,MEYRIN_CERN,t0830,0.0
GENEVE_BLANCHE,MEYRIN_FORUMEYRIN,t0700,0.0
GENEVE_BLANCHE,MEYRIN_FORUMEYRIN,t0730,0.0
GENEVE_BLANCHE,MEYRIN_FORUMEYRIN,t0800,0.0
GENEVE_BLANCHE,MEYRIN_FORUMEYRIN,t0830,0.0
GENEVE_BLANCHE,MEYRIN_GRAVIERE,t0700,0.0
GENEVE_BLANCHE,MEYRIN_GRAVIERE,t0730,0.0
GENEVE_BLANCHE,MEYRIN_GRAVIERE,t0800,0.0
GENEVE_BLANCHE,MEYRIN_GRAVIERE,t0830,0.0
GENEVE_BLANCHE,MEYRIN_HOPITAL_DE_LA_TOUR,t0700,0.0
GENEVE_BLANCHE,MEYRIN_HOPITAL_DE_LA_TOUR,t0730,0.0
GENEVE_BLANCHE,MEYRIN_HOPITAL_DE_LA_TOUR,t0800,0.0
GENEVE_BLANCHE,MEYRIN_HOPITAL_DE_LA_TOUR,t0830,0.0
GENEVE_BLANCHE,MEYRIN_JARDIN_ALPIN_VIVARIUM,t0700,0.0
GENEVE_BLANCHE,MEYRIN_JARDIN_ALPIN_VIVARIUM,t0730,0.0
GENEVE_BLANCHE,MEYRIN_JARDIN_ALPIN_VIVARIUM,t0800,0.0
GENEVE_BLANCHE,MEYRIN_JARDIN_ALPIN_VIVARIUM,t0830,0.0
GENEVE_BLANCHE,MEYRIN_MAISONNEX,t0700,0.0
GENEVE_BLANCHE,MEYRIN_MAISONNEX,t0730,0.0
GENEVE_BLANCHE,MEYRIN_MAISONNEX,t0800,0.0
GENEVE_BLANCHE,MEYRIN_MAISONNEX,t0830,0.0
GENEVE_BLANCHE,MEYRIN_VAUDAGNE,t0700,0.0
GENEVE_BLANCHE,MEYRIN_VAUDAGNE,t0730,0.0
GENEVE_BLANCHE,MEYRIN_VAUDAGNE,t0800,0.0
GENEVE_BLANCHE,MEYRIN_VAUDAGNE,t0830,0.0
GENEVE_BLANCHE,MEYRIN_VILLAGE,t0700,0.0
GENEVE_BLANCHE,MEYRIN_VILLAGE,t0730,0.0
GENEVE_BLANCHE,MEYRIN_VILLAGE,t0800,0.0
GENEVE_BLANCHE,MEYRIN_VILLAGE,t0830,0.0
GENEVE_BLANCHE,ONEX_BANDOL,t0700,0.0
GENEVE_BLANCHE,ONEX_BANDOL,t0730,0.0
GENEVE_BLANCHE,ONEX_BANDOL,t0800,0.0
GENEVE_BLANCHE,ONEX_BANDOL,t0830,0.0
GENEVE_BLANCHE,ONEX_SALLE_COMMUNALE,t0700,0.0
GENEVE_BLANCHE,ONEX_SALLE_COMMUNALE,t0730,0.0
GENEVE_BLANCHE,ONEX_SALLE_COMMUNALE,t0800,0.0
GENEVE_BLANCHE,ONEX_SALLE_COMMUNALE,t0830,0.0
GENEVE_BLANCHE,PETIT_LANCY_LES_ESSERTS,t0700,0.0
GENEVE_BLANCHE,PETIT_LANCY_LES_ESSERTS,t0730,0.0
GENEVE_BLANCHE,PETIT_LANCY_LES_ESSERTS,t0800,0.0
GENEVE_BLANCHE,PETIT_LANCY_LES_ESSERTS,t0830,0.0
GENEVE_BLANCHE,PETIT_LANCY_PLACE,t0700,0.0
GENEVE_BLANCHE,PETIT_LANCY_PLACE,t0730,0.0
GENEVE_BLANCHE,PETIT_LANCY_PLACE,t0800,0.0
GENEVE_BLANCHE,PETIT_LANCY_PLACE,t0830,0.0
GENEVE_BLANCHE,PETIT_LANCY_QUIDORT,t0700,0.0
GENEVE_BLANCHE,PETIT_LANCY_QUIDORT,t0730,0.0
GENEVE_BLANCHE,PETIT_LANCY_QUIDORT,t0800,0.0
GENEVE_BLANCHE,PETIT_LANCY_QUIDORT,t0830,0.0
GENEVE_BLANCHE,PLAN_LES_OUATES_TREFLE_BLANC,t0700,0.0
GENEVE_BLANCHE,PLAN_LES_OUATES_TREFLE_BLANC,t0730,0.0
GENEVE_BLANCHE,PLAN_LES_OUATES_TREFLE_BLANC,t0800,0.0
GENEVE_BLANCHE,PLAN_LES_OUATES_TREFLE_BLANC,t0830,0.0
GENEVE_BLANCHE,THONEX_GRAVESON,t0700,0.0
GENEVE_BLANCHE,THONEX_GRAVESON,t0730,0.0
GENEVE_BLANCHE,THONEX_GRAVESON,t0800,0.0
GENEVE_BLANCHE,THONEX_GRAVESON,t0830,0.0
GENEVE_BLANCHE,THONEX_MOILLESULAZ,t0700,0.0
GENEVE_BLANCHE,THONEX_MOILLESULAZ,t0730,0.0
GENEVE_BLANCHE,THONEX_MOILLESULAZ,t0800,0.0
GENEVE_BLANCHE,THONEX_MOILLESULAZ,t0830,0.0
GENEVE_BLANCHE,VERNIER_AVANCHETS_ETANG,t0700,0.0
GENEVE_BLANCHE,VERNIER_AVANCHETS_ETANG,t0730,0.0
GENEVE_BLANCHE,VERNIER_AVANCHETS_ETANG,t0800,0.0
GENEVE_BLANCHE,VERNIER_AVANCHETS_ETANG,t0830,0.0
GENEVE_BLANCHE,VERNIER_BALEXERT,t0700,0.0
GENEVE_BLANCHE,VERNIER_BALEXERT,t0730,0.0
GENEVE_BLANCHE,VERNIER_BALEXERT,t0800,0.0
GENEVE_BLANCHE,VERNIER_BALEXERT,t0830,0.0
GENEVE_BLANCHE,VERNIER_BLANDONNET,t0700,0.0
GENEVE_BLANCHE,VERNIER_BLANDONNET,t0730,0.0
GENEVE_BLANCHE,VERNIER_BLANDONNET,t0800,0.0
GENEVE_BLANCHE,VERNIER_BLANDONNET,t0830,0.0
GENEVE_BLANCHE,VERNIER_BOUCHET,t0700,0.0
GENEVE_BLANCHE,VERNIER_BOUCHET,t0730,0.0
GENEVE_BLANCHE,VERNIER_BOUCHET,t0800,0.0
GENEVE_BLANCHE,VERNIER_BOUCHET,t0830,0.0
GENEVE_COUTANCE,BERNEX_HAINARD,t0700,0.0
GENEVE_COUTANCE,BERNEX_HAINARD,t0730,0.0
GENEVE_COUTANCE,BERNEX_HAINARD,t0800,0.0
GENEVE_COUTANCE,BERNEX_HAINARD,t0830,0.0
GENEVE_COUTANCE,BERNEX_LUCHEPELET,t0700,0.0
GENEVE_COUTANCE,BERNEX_LUCHEPELET,t0730,0.0
GENEVE_COUTANCE,BERNEX_LUCHEPELET,t0800,0.0
GENEVE_COUTANCE,BERNEX_LUCHEPELET,t0830,0.0
GENEVE_COUTANCE,BERNEX_PRE_MARAIS,t0700,0.0
GENEVE_COUTANCE,BERNEX_PRE_MARAIS,t0730,0.0
GENEVE_COUTANCE,BERNEX_PRE_MARAIS,t0800,0.0
GENEVE_COUTANCE,BERNEX_PRE_MARAIS,t0830,0.0
GENEVE_COUTANCE,BERNEX_P_R,t0700,0.0
GENEVE_COUTANCE,BERNEX_P_R,t0730,0.0
GENEVE_COUTANCE,BERNEX_P_R,t0800,0.0
GENEVE_COUTANCE,BERNEX_P_R,t0830,0.0
GENEVE_COUTANCE,BERNEX_VAILLY,t0700,0.0
GENEVE_COUTANCE,BERNEX_VAILLY,t0730,0.0
GENEVE_COUTANCE,BERNEX_VAILLY,t0800,0.0
GENEVE_COUTANCE,BERNEX_VAILLY,t0830,0.0
GENEVE_COUTANCE,CAROUGE_GE_ANCIENNE,t0700,0.0
GENEVE_COUTANCE,CAROUGE_GE_ANCIENNE,t0730,0.0
GENEVE_COUTANCE,CAROUGE_GE_ANCIENNE,t0800,0.0
GENEVE_COUTANCE,CAROUGE_GE_ANCIENNE,t0830,0.0
GENEVE_COUTANCE,CAROUGE_GE_ARMES,t0700,0.0
GENEVE_COUTANCE,CAROUGE_GE_ARMES,t0730,0.0
GENEVE_COUTANCE,CAROUGE_GE_ARMES,t0800,0.0
GENEVE_COUTANCE,CAROUGE_GE_ARMES,t0830,0.0
GENEVE_COUTANCE,CAROUGE_GE_MARCHE,t0700,0.0
GENEVE_COUTANCE,CAROUGE_GE_MARCHE,t0730,0.0
GENEVE_COUTANCE,CAROUGE_GE_MARCHE,t0800,0.0
GENEVE_COUTANCE,CAROUGE_GE_MARCHE,t0830,0.0
GENEVE_COUTANCE,CAROUGE_GE_RONDEAU,t0700,0.0
GENEVE_COUTANCE,CAROUGE_GE_RONDEAU,t0730,0.0
GENEVE_COUTANCE,CAROUGE_GE_RONDEAU,t0800,0.0
GENEVE_COUTANCE,CAROUGE_GE_RONDEAU,t0830,0.0
GENEVE_COUTANCE,CHENE_BOUGERIES_GRANGETTES,t0700,0.0
GENEVE_COUTANCE,CHENE_BOUGERIES_GRANGETTES,t0730,0.0
GENEVE_COUTANCE,CHENE_BOUGERIES_GRANGETTES,t0800,0.0
GENEVE_COUTANCE,CHENE_BOUGERIES_GRANGETTES,t0830,0.0
GENEVE_COUTANCE,CHENE_BOUGERIES_GRANGE_CANAL,t0700,0.0
GENEVE_COUTANCE,CHENE_BOUGERIES_GRANGE_CANAL,t0730,0.0
GENEVE_COUTANCE,CHENE_BOUGERIES_GRANGE_CANAL,t0800,0.0
GENEVE_COUTANCE,CHENE_BOUGERIES_GRANGE_CANAL,t0830,0.0
GENEVE_COUTANCE,CHENE_BOUGERIES_GRANGE_FALQUET,t0700,0.0
GENEVE_COUTANCE,CHENE_BOUGERIES_GRANGE_FALQUET,t0730,0.0
GENEVE_COUTANCE,CHENE_BOUGERIES_GRANGE_FALQUET,t0800,0.0
GENEVE_COUTANCE,CHENE_BOUGERIES_GRANGE_FALQUET,t0830,0.0
GENEVE_COUTANCE,CHENE_BOURG_PEILLONNEX,t0700,0.0
GENEVE_COUTANCE,CHENE_BOURG_PEILLONNEX,t0730,0.0
GENEVE_COUTANCE,CHENE_BOURG_PEILLONNEX,t0800,0.0
GENEVE_COUTANCE,CHENE_BOURG_PEILLONNEX,t0830,0.0
GENEVE_COUTANCE,CHENE_BOURG_PLACE_FAVRE,t0700,0.0
GENEVE_COUTANCE,CHENE_BOURG_PLACE_FAVRE,t0730,0.0
GENEVE_COUTANCE,CHENE_BOURG_PLACE_FAVRE,t0800,0.0
GENEVE_COUTANCE,CHENE_BOURG_PLACE_FAVRE,t0830,0.0
GENEVE_COUTANCE,CONFIGNON_CROISEE,t0700,0.0
GENEVE_COUTANCE,CONFIGNON_CROISEE,t0730,0.0
GENEVE_COUTANCE,CONFIGNON_CROISEE,t0800,0.0
GENEVE_COUTANCE,CONFIGNON_CROISEE,t0830,0.0
GENEVE_COUTANCE,CONFIGNON_LA_DODE,t0700,0.0
GENEVE_COUTANCE,CONFIGNON_LA_DODE,t0730,0.0
GENEVE_COUTANCE,CONFIGNON_LA_DODE,t0800,0.0
GENEVE_COUTANCE,CONFIGNON_LA_DODE,t0830,0.0
GENEVE_COUTANCE,GENEVE_AMANDOLIER,t0700,0.0
GENEVE_COUTANCE,GENEVE_AMANDOLIER,t0730,0.0
GENEVE_COUTANCE,GENEVE_AMANDOLIER,t0800,0.0
GENEVE_COUTANCE,GENEVE_AMANDOLIER,t0830,0.0
GENEVE_COUTANCE,GENEVE_AUGUSTINS,t0700,0.0
GENEVE_COUTANCE,GENEVE_AUGUSTINS,t0730,0.0
GENEVE_COUTANCE,GENEVE_AUGUSTINS,t0800,0.0
GENEVE_COUTANCE,GENEVE_AUGUSTINS,t0830,0.0
GENEVE_COUTANCE,GENEVE_BEL_AIR,t0700,0.0
GENEVE_COUTANCE,GENEVE_BEL_AIR,t0730,0.0
GENEVE_COUTANCE,GENEVE_BEL_AIR,t0800,0.0
GENEVE_COUTANCE,GENEVE_BEL_AIR,t0830,0.0
GENEVE_COUTANCE,GENEVE_BLANCHE,t0700,0.0
GENEVE_COUTANCE,GENEVE_BLANCHE,t0730,0.0
GENEVE_COUTANCE,GENEVE_BLANCHE,t0800,0.0
GENEVE_COUTANCE,GENEVE_BLANCHE,t0830,0.0
GENEVE_COUTANCE,GENEVE_EAUX_VIVES_GARE,t0700,0.0
GENEVE_COUTANCE,GENEVE_EAUX_VIVES_GARE,t0730,0.0
GENEVE_COUTANCE,GENEVE_EAUX_VIVES_GARE,t0800,0.0
GENEVE_COUTANCE,GENEVE_EAUX_VIVES_GARE,t0830,0.0
GENEVE_COUTANCE,GENEVE_GARE_CORNAVIN,t0700,0.0
GENEVE_COUTANCE,GENEVE_GARE_CORNAVIN,t0730,0.0
GENEVE_COUTANCE,GENEVE_GARE_CORNAVIN,t0800,0.0
GENEVE_COUTANCE,GENEVE_GARE_CORNAVIN,t0830,0.0
GENEVE_COUTANCE,GENEVE_JONCTION,t0700,0.0
GENEVE_COUTANCE,GENEVE_JONCTION,t0730,0.0
GENEVE_COUTANCE,GENEVE_JONCTION,t0800,0.0
GENEVE_COUTANCE,GENEVE_JONCTION,t0830,0.0
GENEVE_COUTANCE,GENEVE_LYON,t0700,0.0
GENEVE_COUTANCE,GENEVE_LYON,t0730,0.0
GENEVE_COUTANCE,GENEVE_LYON,t0800,0.0
GENEVE_COUTANCE,GENEVE_LYON,t0830,0.0
GENEVE_COUTANCE,GENEVE_MOLARD,t0700,0.0
GENEVE_COUTANCE,GENEVE_MOLARD,t0730,0.0
GENEVE_COUTANCE,GENEVE_MOLARD,t0800,0.0
GENEVE_COUTANCE,GENEVE_MOLARD,t0830,0.0
GENEVE_COUTANCE,GENEVE_PALLADIUM,t0700,0.0
GENEVE_COUTANCE,GENEVE_PALLADIUM,t0730,0.0
GENEVE_COUTANCE,GENEVE_PALLADIUM,t0800,0.0
GENEVE_COUTANCE,GENEVE_PALLADIUM,t0830,0.0
GENEVE_COUTANCE,GENEVE_PLACE_DE_NEUVE,t0700,0.0
GENEVE_COUTANCE,GENEVE_PLACE_DE_NEUVE,t0730,0.0
GENEVE_COUTANCE,GENEVE_PLACE_DE_NEUVE,t0800,0.0
GENEVE_COUTANCE,GENEVE_PLACE_DE_NEUVE,t0830,0.0
GENEVE_COUTANCE,GENEVE_PLAINPALAIS,t0700,0.0
GENEVE_COUTANCE,GENEVE_PLAINPALAIS,t0730,0.0
GENEVE_COUTANCE,GENEVE_PLAINPALAIS,t0800,0.0
GENEVE_COUTANCE,GENEVE_PLAINPALAIS,t0830,0.0
GENEVE_COUTANCE,GENEVE_PONT_D_ARVE,t0700,0.0
GENEVE_COUTANCE,GENEVE_PONT_D_ARVE,t0730,0.0
GENEVE_COUTANCE,GENEVE_PONT_D_ARVE,t0800,0.0
GENEVE_COUTANCE,GENEVE_PONT_D_ARVE,t0830,0.0
GENEVE_COUTANCE,GENEVE_POTERIE,t0700,0.0
GENEVE_COUTANCE,GENEVE_POTERIE,t0730,0.0
GENEVE_COUTANCE,GENEVE_POTERIE,t0800,0.0
GENEVE_COUTANCE,GENEVE_POTERIE,t0830,0.0
GENEVE_COUTANCE,GENEVE_RIVE,t0700,0.0
GENEVE_COUTANCE,GENEVE_RIVE,t0730,0.0
GENEVE_COUTANCE,GENEVE_RIVE,t0800,0.0
GENEVE_COUTANCE,GENEVE_RIVE,t0830,0.0
GENEVE_COUTANCE,GENEVE_SERVETTE,t0700,0.0
GENEVE_COUTANCE,GENEVE_SERVETTE,t0730,0.0
GENEVE_COUTANCE,GENEVE_SERVETTE,t0800,0.0
GENEVE_COUTANCE,GENEVE_SERVETTE,t0830,0.0
GENEVE_COUTANCE,GENEVE_STAND,t0700,0.0
GENEVE_COUTANCE,GENEVE_STAND,t0730,0.0
GENEVE_COUTANCE,GENEVE_STAND,t0800,0.0
GENEVE_COUTANCE,GENEVE_STAND,t0830,0.0
GENEVE_COUTANCE,GENEVE_TERRASSIERE,t0700,0.0
GENEVE_COUTANCE,GENEVE_TERRASSIERE,t0730,0.0
GENEVE_COUTANCE,GENEVE_TERRASSIERE,t0800,0.0
GENEVE_COUTANCE,GENEVE_TERRASSIERE,t0830,0.0
GENEVE_COUTANCE,GENEVE_VIEUSSEUX,t0700,0.0
GENEVE_COUTANCE,GENEVE_VIEUSSEUX,t0730,0.0
GENEVE_COUTANCE,GENEVE_VIEUSSEUX,t0800,0.0
GENEVE_COUTANCE,GENEVE_VIEUSSEUX,t0830,0.0
GENEVE_COUTANCE,GENEVE_VILLEREUSE,t0700,0.0
GENEVE_COUTANCE,GENEVE_VILLEREUSE,t0730,0.0
GENEVE_COUTANCE,GENEVE_VILLEREUSE,t0800,0.0
GENEVE_COUTANCE,GENEVE_VILLEREUSE,t0830,0.0
GENEVE_COUTANCE,GRAND_LANCY_DE_STAEL,t0700,0.0
GENEVE_COUTANCE,GRAND_LANCY_DE_STAEL,t0730,0.0
GENEVE_COUTANCE,GRAND_LANCY_DE_STAEL,t0800,0.0
GENEVE_COUTANCE,GRAND_LANCY_DE_STAEL,t0830,0.0
GENEVE_COUTANCE,GRAND_LANCY_PALETTES,t0700,0.0
GENEVE_COUTANCE,GRAND_LANCY_PALETTES,t0730,0.0
GENEVE_COUTANCE,GRAND_LANCY_PALETTES,t0800,0.0
GENEVE_COUTANCE,GRAND_LANCY_PALETTES,t0830,0.0
GENEVE_COUTANCE,GRAND_LANCY_PONTETS,t0700,0.0
GENEVE_COUTANCE,GRAND_LANCY_PONTETS,t0730,0.0
GENEVE_COUTANCE,GRAND_LANCY_PONTETS,t0800,0.0
GENEVE_COUTANCE,GRAND_LANCY_PONTETS,t0830,0.0
GENEVE_COUTANCE,LANCY_BACHET_GARE,t0700,0.0
GENEVE_COUTANCE,LANCY_BACHET_GARE,t0730,0.0
GENEVE_COUTANCE,LANCY_BACHET_GARE,t0800,0.0
GENEVE_COUTANCE,LANCY_BACHET_GARE,t0830,0.0
GENEVE_COUTANCE,MEYRIN_BOIS_DU_LAN,t0700,0.0
GENEVE_COUTANCE,MEYRIN_BOIS_DU_LAN,t0730,0.0
GENEVE_COUTANCE,MEYRIN_BOIS_DU_LAN,t0800,0.0
GENEVE_COUTANCE,MEYRIN_BOIS_DU_LAN,t0830,0.0
GENEVE_COUTANCE,MEYRIN_CERN,t0700,0.0
GENEVE_COUTANCE,MEYRIN_CERN,t0730,0.0
GENEVE_COUTANCE,MEYRIN_CERN,t0800,0.0
GENEVE_COUTANCE,MEYRIN_CERN,t0830,0.0
GENEVE_COUTANCE,MEYRIN_FORUMEYRIN,t0700,0.0
GENEVE_COUTANCE,MEYRIN_FORUMEYRIN,t0730,0.0
GENEVE_COUTANCE,MEYRIN_FORUMEYRIN,t0800,0.0
GENEVE_COUTANCE,MEYRIN_FORUMEYRIN,t0830,0.0
GENEVE_COUTANCE,MEYRIN_GRAVIERE,t0700,0.0
GENEVE_COUTANCE,MEYRIN_GRAVIERE,t0730,0.0
GENEVE_COUTANCE,MEYRIN_GRAVIERE,t0800,0.0
GENEVE_COUTANCE,MEYRIN_GRAVIERE,t0830,0.0
GENEVE_COUTANCE,MEYRIN_HOPITAL_DE_LA_TOUR,t0700,0.0
GENEVE_COUTANCE,MEYRIN_HOPITAL_DE_LA_TOUR,t0730,0.0
GENEVE_COUTANCE,MEYRIN_HOPITAL_DE_LA_TOUR,t0800,0.0
GENEVE_COUTANCE,MEYRIN_HOPITAL_DE_LA_TOUR,t0830,0.0
GENEVE_COUTANCE,MEYRIN_JARDIN_ALPIN_VIVARIUM,t0700,0.0
GENEVE_COUTANCE,MEYRIN_JARDIN_ALPIN_VIVARIUM,t0730,0.0
GENEVE_COUTANCE,MEYRIN_JARDIN_ALPIN_VIVARIUM,t0800,0.0
GENEVE_COUTANCE,MEYRIN_JARDIN_ALPIN_VIVARIUM,t0830,0.0
GENEVE_COUTANCE,MEYRIN_MAISONNEX,t0700,0.0
GENEVE_COUTANCE,MEYRIN_MAISONNEX,t0730,0.0
GENEVE_COUTANCE,MEYRIN_MAISONNEX,t0800,0.0
GENEVE_COUTANCE,MEYRIN_MAISONNEX,t0830,0.0
GENEVE_COUTANCE,MEYRIN_VAUDAGNE,t0700,0.0
GENEVE_COUTANCE,MEYRIN_VAUDAGNE,t0730,0.0
GENEVE_COUTANCE,MEYRIN_VAUDAGNE,t0800,0.0
GENEVE_COUTANCE,MEYRIN_VAUDAGNE,t0830,0.0
GENEVE_COUTANCE,MEYRIN_VILLAGE,t0700,0.0
GENEVE_COUTANCE,MEYRIN_VILLAGE,t0730,0.0
GENEVE_COUTANCE,MEYRIN_VILLAGE,t0800,0.0
GENEVE_COUTANCE,MEYRIN_VILLAGE,t0830,0.0
GENEVE_COUTANCE,ONEX_BANDOL,t0700,0.0
GENEVE_COUTANCE,ONEX_BANDOL,t0730,0.0
GENEVE_COUTANCE,ONEX_BANDOL,t0800,0.0
GENEVE_COUTANCE,ONEX_BANDOL,t0830,0.0
GENEVE_COUTANCE,ONEX_SALLE_COMMUNALE,t0700,0.0
GENEVE_COUTANCE,ONEX_SALLE_COMMUNALE,t0730,0.0
GENEVE_COUTANCE,ONEX_SALLE_COMMUNALE,t0800,0.0
GENEVE_COUTANCE,ONEX_SALLE_COMMUNALE,t0830,0.0
GENEVE_COUTANCE,PETIT_LANCY_LES_ESSERTS,t0700,0.0
GENEVE_COUTANCE,PETIT_LANCY_LES_ESSERTS,t0730,0.0
GENEVE_COUTANCE,PETIT_LANCY_LES_ESSERTS,t0800,0.0
GENEVE_COUTANCE,PETIT_LANCY_LES_ESSERTS,t0830,0.0
GENEVE_COUTANCE,PETIT_LANCY_PLACE,t0700,0.0
GENEVE_COUTANCE,PETIT_LANCY_PLACE,t0730,0.0
GENEVE_COUTANCE,PETIT_LANCY_PLACE,t0800,0.0
GENEVE_COUTANCE,PETIT_LANCY_PLACE,t0830,0.0
GENEVE_COUTANCE,PETIT_LANCY_QUIDORT,t0700,0.0
GENEVE_COUTANCE,PETIT_LANCY_QUIDORT,t0730,0.0
GENEVE_COUTANCE,PETIT_LANCY_QUIDORT,t0800,0.0
GENEVE_COUTANCE,PETIT_LANCY_QUIDORT,t0830,0.0
GENEVE_COUTANCE,PLAN_LES_OUATES_TREFLE_BLANC,t0700,0.0
GENEVE_COUTANCE,PLAN_LES_OUATES_TREFLE_BLANC,t0730,0.0
GENEVE_COUTANCE,PLAN_LES_OUATES_TREFLE_BLANC,t0800,0.0
GENEVE_COUTANCE,PLAN_LES_OUATES_TREFLE_BLANC,t0830,0.0
GENEVE_COUTANCE,THONEX_GRAVESON,t0700,0.0
GENEVE_COUTANCE,THONEX_GRAVESON,t0730,0.0
GENEVE_COUTANCE,THONEX_GRAVESON,t0800,0.0
GENEVE_COUTANCE,THONEX_GRAVESON,t0830,0.0
GENEVE_COUTANCE,THONEX_MOILLESULAZ,t0700,0.0
GENEVE_COUTANCE,THONEX_MOILLESULAZ,t0730,0.0
GENEVE_COUTANCE,THONEX_MOILLESULAZ,t0800,0.0
GENEVE_COUTANCE,THONEX_MOILLESULAZ,t0830,0.0
GENEVE_COUTANCE,VERNIER_AVANCHETS_ETANG,t0700,0.0
GENEVE_COUTANCE,VERNIER_AVANCHETS_ETANG,t0730,0.0
GENEVE_COUTANCE,VERNIER_AVANCHETS_ETANG,t0800,0.0
GENEVE_COUTANCE,VERNIER_AVANCHETS_ETANG,t0830,0.0
GENEVE_COUTANCE,VERNIER_BALEXERT,t0700,0.0
GENEVE_COUTANCE,VERNIER_BALEXERT,t0730,0.0
GENEVE_COUTANCE,VERNIER_BALEXERT,t0800,0.0
GENEVE_COUTANCE,VERNIER_BALEXERT,t0830,0.0
GENEVE_COUTANCE,VERNIER_BLANDONNET,t0700,0.0
GENEVE_COUTANCE,VERNIER_BLANDONNET,t0730,0.0
GENEVE_COUTANCE,VERNIER_BLANDONNET,t0800,0.0
GENEVE_COUTANCE,VERNIER_BLANDONNET,t0830,0.0
GENEVE_COUTANCE,VERNIER_BOUCHET,t0700,0.0
GENEVE_COUTANCE,VERNIER_BOUCHET,t0730,0.0
GENEVE_COUTANCE,VERNIER_BOUCHET,t0800,0.0
GENEVE_COUTANCE,VERNIER_BOUCHET,t0830,0.0
GENEVE_EAUX_VIVES_GARE,BERNEX_HAINARD,t0700,0.0
GENEVE_EAUX_VIVES_GARE,BERNEX_HAINARD,t0730,0.0
GENEVE_EAUX_VIVES_GARE,BERNEX_HAINARD,t0800,0.0
GENEVE_EAUX_VIVES_GARE,BERNEX_HAINARD,t0830,0.0
GENEVE_EAUX_VIVES_GARE,BERNEX_LUCHEPELET,t0700,0.0
GENEVE_EAUX_VIVES_GARE,BERNEX_LUCHEPELET,t0730,0.0
GENEVE_EAUX_VIVES_GARE,BERNEX_LUCHEPELET,t0800,0.0
GENEVE_EAUX_VIVES_GARE,BERNEX_LUCHEPELET,t0830,0.0
GENEVE_EAUX_VIVES_GARE,BERNEX_PRE_MARAIS,t0700,0.0
GENEVE_EAUX_VIVES_GARE,BERNEX_PRE_MARAIS,t0730,0.0
GENEVE_EAUX_VIVES_GARE,BERNEX_PRE_MARAIS,t0800,0.0
GENEVE_EAUX_VIVES_GARE,BERNEX_PRE_MARAIS,t0830,0.0
GENEVE_EAUX_VIVES_GARE,BERNEX_P_R,t0700,0.0
GENEVE_EAUX_VIVES_GARE,BERNEX_P_R,t0730,0.0
GENEVE_EAUX_VIVES_GARE,BERNEX_P_R,t0800,0.0
GENEVE_EAUX_VIVES_GARE,BERNEX_P_R,t0830,0.0
GENEVE_EAUX_VIVES_GARE,BERNEX_VAILLY,t0700,0.0
GENEVE_EAUX_VIVES_GARE,BERNEX_VAILLY,t0730,0.0
GENEVE_EAUX_VIVES_GARE,BERNEX_VAILLY,t0800,0.0
GENEVE_EAUX_VIVES_GARE,BERNEX_VAILLY,t0830,0.0
GENEVE_EAUX_VIVES_GARE,CAROUGE_GE_ANCIENNE,t0700,0.0
GENEVE_EAUX_VIVES_GARE,CAROUGE_GE_ANCIENNE,t0730,0.0
GENEVE_EAUX_VIVES_GARE,CAROUGE_GE_ANCIENNE,t0800,0.0
GENEVE_EAUX_VIVES_GARE,CAROUGE_GE_ANCIENNE,t0830,0.0
GENEVE_EAUX_VIVES_GARE,CAROUGE_GE_ARMES,t0700,0.0
GENEVE_EAUX_VIVES_GARE,CAROUGE_GE_ARMES,t0730,0.0
GENEVE_EAUX_VIVES_GARE,CAROUGE_GE_ARMES,t0800,0.0
GENEVE_EAUX_VIVES_GARE,CAROUGE_GE_ARMES,t0830,0.0
GENEVE_EAUX_VIVES_GARE,CAROUGE_GE_MARCHE,t0700,0.0
GENEVE_EAUX_VIVES_GARE,CAROUGE_GE_MARCHE,t0730,0.0
GENEVE_EAUX_VIVES_GARE,CAROUGE_GE_MARCHE,t0800,0.0
GENEVE_EAUX_VIVES_GARE,CAROUGE_GE_MARCHE,t0830,0.0
GENEVE_EAUX_VIVES_GARE,CAROUGE_GE_RONDEAU,t0700,0.0
GENEVE_EAUX_VIVES_GARE,CAROUGE_GE_RONDEAU,t0730,0.0
GENEVE_EAUX_VIVES_GARE,CAROUGE_GE_RONDEAU,t0800,0.0
GENEVE_EAUX_VIVES_GARE,CAROUGE_GE_RONDEAU,t0830,0.0
GENEVE_EAUX_VIVES_GARE,CHENE_BOUGERIES_GRANGETTES,t0700,0.0
GENEVE_EAUX_VIVES_GARE,CHENE_BOUGERIES_GRANGETTES,t0730,0.0
GENEVE_EAUX_VIVES_GARE,CHENE_BOUGERIES_GRANGETTES,t0800,0.0
GENEVE_EAUX_VIVES_GARE,CHENE_BOUGERIES_GRANGETTES,t0830,0.0
GENEVE_EAUX_VIVES_GARE,CHENE_BOUGERIES_GRANGE_CANAL,t0700,0.0
GENEVE_EAUX_VIVES_GARE,CHENE_BOUGERIES_GRANGE_CANAL,t0730,0.0
GENEVE_EAUX_VIVES_GARE,CHENE_BOUGERIES_GRANGE_CANAL,t0800,0.0
GENEVE_EAUX_VIVES_GARE,CHENE_BOUGERIES_GRANGE_CANAL,t0830,0.0
GENEVE_EAUX_VIVES_GARE,CHENE_BOUGERIES_GRANGE_FALQUET,t0700,0.0
GENEVE_EAUX_VIVES_GARE,CHENE_BOUGERIES_GRANGE_FALQUET,t0730,0.0
GENEVE_EAUX_VIVES_GARE,CHENE_BOUGERIES_GRANGE_FALQUET,t0800,0.0
GENEVE_EAUX_VIVES_GARE,CHENE_BOUGERIES_GRANGE_FALQUET,t0830,0.0
GENEVE_EAUX_VIVES_GARE,CHENE_BOURG_PEILLONNEX,t0700,0.0
GENEVE_EAUX_VIVES_GARE,CHENE_BOURG_PEILLONNEX,t0730,0.0
GENEVE_EAUX_VIVES_GARE,CHENE_BOURG_PEILLONNEX,t0800,0.0
GENEVE_EAUX_VIVES_GARE,CHENE_BOURG_PEILLONNEX,t0830,0.0
GENEVE_EAUX_VIVES_GARE,CHENE_BOURG_PLACE_FAVRE,t0700,0.0
GENEVE_EAUX_VIVES_GARE,CHENE_BOURG_PLACE_FAVRE,t0730,0.0
GENEVE_EAUX_VIVES_GARE,CHENE_BOURG_PLACE_FAVRE,t0800,0.0
GENEVE_EAUX_VIVES_GARE,CHENE_BOURG_PLACE_FAVRE,t0830,0.0
GENEVE_EAUX_VIVES_GARE,CONFIGNON_CROISEE,t0700,0.0
GENEVE_EAUX_VIVES_GARE,CONFIGNON_CROISEE,t0730,0.0
GENEVE_EAUX_VIVES_GARE,CONFIGNON_CROISEE,t0800,0.0
GENEVE_EAUX_VIVES_GARE,CONFIGNON_CROISEE,t0830,0.0
GENEVE_EAUX_VIVES_GARE,CONFIGNON_LA_DODE,t0700,0.0
GENEVE_EAUX_VIVES_GARE,CONFIGNON_LA_DODE,t0730,0.0
GENEVE_EAUX_VIVES_GARE,CONFIGNON_LA_DODE,t0800,0.0
GENEVE_EAUX_VIVES_GARE,CONFIGNON_LA_DODE,t0830,0.0
GENEVE_EAUX_VIVES_GARE,GENEVE_AMANDOLIER,t0700,0.0
GENEVE_EAUX_VIVES_GARE,GENEVE_AMANDOLIER,t0730,0.0
GENEVE_EAUX_VIVES_GARE,GENEVE_AMANDOLIER,t0800,0.0
GENEVE_EAUX_VIVES_GARE,GENEVE_AMANDOLIER,t0830,0.0
GENEVE_EAUX_VIVES_GARE,GENEVE_AUGUSTINS,t0700,0.0
GENEVE_EAUX_VIVES_GARE,GENEVE_AUGUSTINS,t0730,0.0
GENEVE_EAUX_VIVES_GARE,GENEVE_AUGUSTINS,t0800,0.0
GENEVE_EAUX_VIVES_GARE,GENEVE_AUGUSTINS,t0830,0.0
GENEVE_EAUX_VIVES_GARE,GENEVE_BEL_AIR,t0700,0.0
GENEVE_EAUX_VIVES_GARE,GENEVE_BEL_AIR,t0730,0.0
GENEVE_EAUX_VIVES_GARE,GENEVE_BEL_AIR,t0800,0.0
GENEVE_EAUX_VIVES_GARE,GENEVE_BEL_AIR,t0830,0.0
GENEVE_EAUX_VIVES_GARE,GENEVE_BLANCHE,t0700,0.0
GENEVE_EAUX_VIVES_GARE,GENEVE_BLANCHE,t0730,0.0
GENEVE_EAUX_VIVES_GARE,GENEVE_BLANCHE,t0800,0.0
GENEVE_EAUX_VIVES_GARE,GENEVE_BLANCHE,t0830,0.0
GENEVE_EAUX_VIVES_GARE,GENEVE_COUTANCE,t0700,0.0
GENEVE_EAUX_VIVES_GARE,GENEVE_COUTANCE,t0730,0.0
GENEVE_EAUX_VIVES_GARE,GENEVE_COUTANCE,t0800,0.0
GENEVE_EAUX_VIVES_GARE,GENEVE_COUTANCE,t0830,0.0
GENEVE_EAUX_VIVES_GARE,GENEVE_GARE_CORNAVIN,t0700,0.0
GENEVE_EAUX_VIVES_GARE,GENEVE_GARE_CORNAVIN,t0730,0.0
GENEVE_EAUX_VIVES_GARE,GENEVE_GARE_CORNAVIN,t0800,0.0
GENEVE_EAUX_VIVES_GARE,GENEVE_GARE_CORNAVIN,t0830,0.0
GENEVE_EAUX_VIVES_GARE,GENEVE_JONCTION,t0700,0.0
GENEVE_EAUX_VIVES_GARE,GENEVE_JONCTION,t0730,0.0
GENEVE_EAUX_VIVES_GARE,GENEVE_JONCTION,t0800,0.0
GENEVE_EAUX_VIVES_GARE,GENEVE_JONCTION,t0830,0.0
GENEVE_EAUX_VIVES_GARE,GENEVE_LYON,t0700,0.0
GENEVE_EAUX_VIVES_GARE,GENEVE_LYON,t0730,0.0
GENEVE_EAUX_VIVES_GARE,GENEVE_LYON,t0800,0.0
GENEVE_EAUX_VIVES_GARE,GENEVE_LYON,t0830,0.0
GENEVE_EAUX_VIVES_GARE,GENEVE_MOLARD,t0700,0.0
GENEVE_EAUX_VIVES_GARE,GENEVE_MOLARD,t0730,0.0
GENEVE_EAUX_VIVES_GARE,GENEVE_MOLARD,t0800,0.0
GENEVE_EAUX_VIVES_GARE,GENEVE_MOLARD,t0830,0.0
GENEVE_EAUX_VIVES_GARE,GENEVE_PALLADIUM,t0700,0.0
GENEVE_EAUX_VIVES_GARE,GENEVE_PALLADIUM,t0730,0.0
GENEVE_EAUX_VIVES_GARE,GENEVE_PALLADIUM,t0800,0.0
GENEVE_EAUX_VIVES_GARE,GENEVE_PALLADIUM,t0830,0.0
GENEVE_EAUX_VIVES_GARE,GENEVE_PLACE_DE_NEUVE,t0700,0.0
GENEVE_EAUX_VIVES_GARE,GENEVE_PLACE_DE_NEUVE,t0730,0.0
GENEVE_EAUX_VIVES_GARE,GENEVE_PLACE_DE_NEUVE,t0800,0.0
GENEVE_EAUX_VIVES_GARE,GENEVE_PLACE_DE_NEUVE,t0830,0.0
GENEVE_EAUX_VIVES_GARE,GENEVE_PLAINPALAIS,t0700,0.0
GENEVE_EAUX_VIVES_GARE,GENEVE_PLAINPALAIS,t0730,0.0
GENEVE_EAUX_VIVES_GARE,GENEVE_PLAINPALAIS,t0800,0.0
GENEVE_EAUX_VIVES_GARE,GENEVE_PLAINPALAIS,t0830,0.0
GENEVE_EAUX_VIVES_GARE,GENEVE_PONT_D_ARVE,t0700,0.0
GENEVE_EAUX_VIVES_GARE,GENEVE_PONT_D_ARVE,t0730,0.0
GENEVE_EAUX_VIVES_GARE,GENEVE_PONT_D_ARVE,t0800,0.0
GENEVE_EAUX_VIVES_GARE,GENEVE_PONT_D_ARVE,t0830,0.0
GENEVE_EAUX_VIVES_GARE,GENEVE_POTERIE,t0700,0.0
GENEVE_EAUX_VIVES_GARE,GENEVE_POTERIE,t0730,0.0
GENEVE_EAUX_VIVES_GARE,GENEVE_POTERIE,t0800,0.0
GENEVE_EAUX_VIVES_GARE,GENEVE_POTERIE,t0830,0.0
GENEVE_EAUX_VIVES_GARE,GENEVE_RIVE,t0700,0.0
GENEVE_EAUX_VIVES_GARE,GENEVE_RIVE,t0730,0.0
GENEVE_EAUX_VIVES_GARE,GENEVE_RIVE,t0800,0.0
GENEVE_EAUX_VIVES_GARE,GENEVE_RIVE,t0830,0.0
GENEVE_EAUX_VIVES_GARE,GENEVE_SERVETTE,t0700,0.0
GENEVE_EAUX_VIVES_GARE,GENEVE_SERVETTE,t0730,0.0
GENEVE_EAUX_VIVES_GARE,GENEVE_SERVETTE,t0800,0.0
GENEVE_EAUX_VIVES_GARE,GENEVE_SERVETTE,t0830,0.0
GENEVE_EAUX_VIVES_GARE,GENEVE_STAND,t0700,0.0
GENEVE_EAUX_VIVES_GARE,GENEVE_STAND,t0730,0.0
GENEVE_EAUX_VIVES_GARE,GENEVE_STAND,t0800,0.0
GENEVE_EAUX_VIVES_GARE,GENEVE_STAND,t0830,0.0
GENEVE_EAUX_VIVES_GARE,GENEVE_TERRASSIERE,t0700,0.0
GENEVE_EAUX_VIVES_GARE,GENEVE_TERRASSIERE,t0730,0.0
GENEVE_EAUX_VIVES_GARE,GENEVE_TERRASSIERE,t0800,0.0
GENEVE_EAUX_VIVES_GARE,GENEVE_TERRASSIERE,t0830,0.0
GENEVE_EAUX_VIVES_GARE,GENEVE_VIEUSSEUX,t0700,0.0
GENEVE_EAUX_VIVES_GARE,GENEVE_VIEUSSEUX,t0730,0.0
GENEVE_EAUX_VIVES_GARE,GENEVE_VIEUSSEUX,t0800,0.0
GENEVE_EAUX_VIVES_GARE,GENEVE_VIEUSSEUX,t0830,0.0
GENEVE_EAUX_VIVES_GARE,GENEVE_VILLEREUSE,t0700,0.0
GENEVE_EAUX_VIVES_GARE,GENEVE_VILLEREUSE,t0730,0.0
GENEVE_EAUX_VIVES_GARE,GENEVE_VILLEREUSE,t0800,0.0
GENEVE_EAUX_VIVES_GARE,GENEVE_VILLEREUSE,t0830,0.0
GENEVE_EAUX_VIVES_GARE,GRAND_LANCY_DE_STAEL,t0700,0.0
GENEVE_EAUX_VIVES_GARE,GRAND_LANCY_DE_STAEL,t0730,0.0
GENEVE_EAUX_VIVES_GARE,GRAND_LANCY_DE_STAEL,t0800,0.0
GENEVE_EAUX_VIVES_GARE,GRAND_LANCY_DE_STAEL,t0830,0.0
GENEVE_EAUX_VIVES_GARE,GRAND_LANCY_PALETTES,t0700,0.0
GENEVE_EAUX_VIVES_GARE,GRAND_LANCY_PALETTES,t0730,0.0
GENEVE_EAUX_VIVES_GARE,GRAND_LANCY_PALETTES,t0800,0.0
GENEVE_EAUX_VIVES_GARE,GRAND_LANCY_PALETTES,t0830,0.0
GENEVE_EAUX_VIVES_GARE,GRAND_LANCY_PONTETS,t0700,0.0
GENEVE_EAUX_VIVES_GARE,GRAND_LANCY_PONTETS,t0730,0.0
GENEVE_EAUX_VIVES_GARE,GRAND_LANCY_PONTETS,t0800,0.0
GENEVE_EAUX_VIVES_GARE,GRAND_LANCY_PONTETS,t0830,0.0
GENEVE_EAUX_VIVES_GARE,LANCY_BACHET_GARE,t0700,62.667
GENEVE_EAUX_VIVES_GARE,LANCY_BACHET_GARE,t0730,20.0
GENEVE_EAUX_VIVES_GARE,LANCY_BACHET_GARE,t0800,16.0
GENEVE_EAUX_VIVES_GARE,LANCY_BACHET_GARE,t0830,58.667
GENEVE_EAUX_VIVES_GARE,MEYRIN_BOIS_DU_LAN,t0700,0.0
GENEVE_EAUX_VIVES_GARE,MEYRIN_BOIS_DU_LAN,t0730,0.0
GENEVE_EAUX_VIVES_GARE,MEYRIN_BOIS_DU_LAN,t0800,0.0
GENEVE_EAUX_VIVES_GARE,MEYRIN_BOIS_DU_LAN,t0830,0.0
GENEVE_EAUX_VIVES_GARE,MEYRIN_CERN,t0700,0.0
GENEVE_EAUX_VIVES_GARE,MEYRIN_CERN,t0730,0.0
GENEVE_EAUX_VIVES_GARE,MEYRIN_CERN,t0800,0.0
GENEVE_EAUX_VIVES_GARE,MEYRIN_CERN,t0830,0.0
GENEVE_EAUX_VIVES_GARE,MEYRIN_FORUMEYRIN,t0700,0.0
GENEVE_EAUX_VIVES_GARE,MEYRIN_FORUMEYRIN,t0730,0.0
GENEVE_EAUX_VIVES_GARE,MEYRIN_FORUMEYRIN,t0800,0.0
GENEVE_EAUX_VIVES_GARE,MEYRIN_FORUMEYRIN,t0830,0.0
GENEVE_EAUX_VIVES_GARE,MEYRIN_GRAVIERE,t0700,0.0
GENEVE_EAUX_VIVES_GARE,MEYRIN_GRAVIERE,t0730,0.0
GENEVE_EAUX_VIVES_GARE,MEYRIN_GRAVIERE,t0800,0.0
GENEVE_EAUX_VIVES_GARE,MEYRIN_GRAVIERE,t0830,0.0
GENEVE_EAUX_VIVES_GARE,MEYRIN_HOPITAL_DE_LA_TOUR,t0700,0.0
GENEVE_EAUX_VIVES_GARE,MEYRIN_HOPITAL_DE_LA_TOUR,t0730,0.0
GENEVE_EAUX_VIVES_GARE,MEYRIN_HOPITAL_DE_LA_TOUR,t0800,0.0
GENEVE_EAUX_VIVES_GARE,MEYRIN_HOPITAL_DE_LA_TOUR,t0830,0.0
GENEVE_EAUX_VIVES_GARE,MEYRIN_JARDIN_ALPIN_VIVARIUM,t0700,0.0
GENEVE_EAUX_VIVES_GARE,MEYRIN_JARDIN_ALPIN_VIVARIUM,t0730,0.0
GENEVE_EAUX_VIVES_GARE,MEYRIN_JARDIN_ALPIN_VIVARIUM,t0800,0.0
GENEVE_EAUX_VIVES_GARE,MEYRIN_JARDIN_ALPIN_VIVARIUM,t0830,0.0
GENEVE_EAUX_VIVES_GARE,MEYRIN_MAISONNEX,t0700,0.0
GENEVE_EAUX_VIVES_GARE,MEYRIN_MAISONNEX,t0730,0.0
GENEVE_EAUX_VIVES_GARE,MEYRIN_MAISONNEX,t0800,0.0
GENEVE_EAUX_VIVES_GARE,MEYRIN_MAISONNEX,t0830,0.0
GENEVE_EAUX_VIVES_GARE,MEYRIN_VAUDAGNE,t0700,0.0
GENEVE_EAUX_VIVES_GARE,MEYRIN_VAUDAGNE,t0730,0.0
GENEVE_EAUX_VIVES_GARE,MEYRIN_VAUDAGNE,t0800,0.0
GENEVE_EAUX_VIVES_GARE,MEYRIN_VAUDAGNE,t0830,0.0
GENEVE_EAUX_VIVES_GARE,MEYRIN_VILLAGE,t0700,0.0
GENEVE_EAUX_VIVES_GARE,MEYRIN_VILLAGE,t0730,0.0
GENEVE_EAUX_VIVES_GARE,MEYRIN_VILLAGE,t0800,0.0
GENEVE_EAUX_VIVES_GARE,MEYRIN_VILLAGE,t0830,0.0
GENEVE_EAUX_VIVES_GARE,ONEX_BANDOL,t0700,0.0
GENEVE_EAUX_VIVES_GARE,ONEX_BANDOL,t0730,0.0
GENEVE_EAUX_VIVES_GARE,ONEX_BANDOL,t0800,0.0
GENEVE_EAUX_VIVES_GARE,ONEX_BANDOL,t0830,0.0
GENEVE_EAUX_VIVES_GARE,ONEX_SALLE_COMMUNALE,t0700,0.0
GENEVE_EAUX_VIVES_GARE,ONEX_SALLE_COMMUNALE,t0730,0.0
GENEVE_EAUX_VIVES_GARE,ONEX_SALLE_COMMUNALE,t0800,0.0
GENEVE_EAUX_VIVES_GARE,ONEX_SALLE_COMMUNALE,t0830,0.0
GENEVE_EAUX_VIVES_GARE,PETIT_LANCY_LES_ESSERTS,t0700,0.0
GENEVE_EAUX_VIVES_GARE,PETIT_LANCY_LES_ESSERTS,t0730,0.0
GENEVE_EAUX_VIVES_GARE,PETIT_LANCY_LES_ESSERTS,t0800,0.0
GENEVE_EAUX_VIVES_GARE,PETIT_LANCY_LES_ESSERTS,t0830,0.0
GENEVE_EAUX_VIVES_GARE,PETIT_LANCY_PLACE,t0700,0.0
GENEVE_EAUX_VIVES_GARE,PETIT_LANCY_PLACE,t0730,0.0
GENEVE_EAUX_VIVES_GARE,PETIT_LANCY_PLACE,t0800,0.0
GENEVE_EAUX_VIVES_GARE,PETIT_LANCY_PLACE,t0830,0.0
GENEVE_EAUX_VIVES_GARE,PETIT_LANCY_QUIDORT,t0700,0.0
GENEVE_EAUX_VIVES_GARE,PETIT_LANCY_QUIDORT,t0730,0.0
GENEVE_EAUX_VIVES_GARE,PETIT_LANCY_QUIDORT,t0800,0.0
GENEVE_EAUX_VIVES_GARE,PETIT_LANCY_QUIDORT,t0830,0.0
GENEVE_EAUX_VIVES_GARE,PLAN_LES_OUATES_TREFLE_BLANC,t0700,0.0
GENEVE_EAUX_VIVES_GARE,PLAN_LES_OUATES_TREFLE_BLANC,t0730,0.0
GENEVE_EAUX_VIVES_GARE,PLAN_LES_OUATES_TREFLE_BLANC,t0800,0.0
GENEVE_EAUX_VIVES_GARE,PLAN_LES_OUATES_TREFLE_BLANC,t0830,0.0
GENEVE_EAUX_VIVES_GARE,THONEX_GRAVESON,t0700,0.0
GENEVE_EAUX_VIVES_GARE,THONEX_GRAVESON,t0730,0.0
GENEVE_EAUX_VIVES_GARE,THONEX_GRAVESON,t0800,0.0
GENEVE_EAUX_VIVES_GARE,THONEX_GRAVESON,t0830,0.0
GENEVE_EAUX_VIVES_GARE,THONEX_MOILLESULAZ,t0700,0.0
GENEVE_EAUX_VIVES_GARE,THONEX_MOILLESULAZ,t0730,0.0
GENEVE_EAUX_VIVES_GARE,THONEX_MOILLESULAZ,t0800,0.0
GENEVE_EAUX_VIVES_GARE,THONEX_MOILLESULAZ,t0830,0.0
GENEVE_EAUX_VIVES_GARE,VERNIER_AVANCHETS_ETANG,t0700,0.0
GENEVE_EAUX_VIVES_GARE,VERNIER_AVANCHETS_ETANG,t0730,0.0
GENEVE_EAUX_VIVES_GARE,VERNIER_AVANCHETS_ETANG,t0800,0.0
GENEVE_EAUX_VIVES_GARE,VERNIER_AVANCHETS_ETANG,t0830,0.0
GENEVE_EAUX_VIVES_GARE,VERNIER_BALEXERT,t0700,0.0
GENEVE_EAUX_VIVES_GARE,VERNIER_BALEXERT,t0730,0.0
GENEVE_EAUX_VIVES_GARE,VERNIER_BALEXERT,t0800,0.0
GENEVE_EAUX_VIVES_GARE,VERNIER_BALEXERT,t0830,0.0
GENEVE_EAUX_VIVES_GARE,VERNIER_BLANDONNET,t0700,0.0
GENEVE_EAUX_VIVES_GARE,VERNIER_BLANDONNET,t0730,0.0
GENEVE_EAUX_VIVES_GARE,VERNIER_BLANDONNET,t0800,0.0
GENEVE_EAUX_VIVES_GARE,VERNIER_BLANDONNET,t0830,0.0
GENEVE_EAUX_VIVES_GARE,VERNIER_BOUCHET,t0700,0.0
GENEVE_EAUX_VIVES_GARE,VERNIER_BOUCHET,t0730,0.0
GENEVE_EAUX_VIVES_GARE,VERNIER_BOUCHET,t0800,0.0
GENEVE_EAUX_VIVES_GARE,VERNIER_BOUCHET,t0830,0.0
GENEVE_GARE_CORNAVIN,BERNEX_HAINARD,t0700,0.0
GENEVE_GARE_CORNAVIN,BERNEX_HAINARD,t0730,0.0
GENEVE_GARE_CORNAVIN,BERNEX_HAINARD,t0800,0.0
GENEVE_GARE_CORNAVIN,BERNEX_HAINARD,t0830,0.0
GENEVE_GARE_CORNAVIN,BERNEX_LUCHEPELET,t0700,0.0
GENEVE_GARE_CORNAVIN,BERNEX_LUCHEPELET,t0730,0.0
GENEVE_GARE_CORNAVIN,BERNEX_LUCHEPELET,t0800,0.0
GENEVE_GARE_CORNAVIN,BERNEX_LUCHEPELET,t0830,0.0
GENEVE_GARE_CORNAVIN,BERNEX_PRE_MARAIS,t0700,0.0
GENEVE_GARE_CORNAVIN,BERNEX_PRE_MARAIS,t0730,0.0
GENEVE_GARE_CORNAVIN,BERNEX_PRE_MARAIS,t0800,0.0
GENEVE_GARE_CORNAVIN,BERNEX_PRE_MARAIS,t0830,0.0
GENEVE_GARE_CORNAVIN,BERNEX_P_R,t0700,0.0
GENEVE_GARE_CORNAVIN,BERNEX_P_R,t0730,0.0
GENEVE_GARE_CORNAVIN,BERNEX_P_R,t0800,0.0
GENEVE_GARE_CORNAVIN,BERNEX_P_R,t0830,0.0
GENEVE_GARE_CORNAVIN,BERNEX_VAILLY,t0700,0.0
GENEVE_GARE_CORNAVIN,BERNEX_VAILLY,t0730,0.0
GENEVE_GARE_CORNAVIN,BERNEX_VAILLY,t0800,0.0
GENEVE_GARE_CORNAVIN,BERNEX_VAILLY,t0830,0.0
GENEVE_GARE_CORNAVIN,CAROUGE_GE_ANCIENNE,t0700,0.0
GENEVE_GARE_CORNAVIN,CAROUGE_GE_ANCIENNE,t0730,0.0
GENEVE_GARE_CORNAVIN,CAROUGE_GE_ANCIENNE,t0800,0.0
GENEVE_GARE_CORNAVIN,CAROUGE_GE_ANCIENNE,t0830,0.0
GENEVE_GARE_CORNAVIN,CAROUGE_GE_ARMES,t0700,0.0
GENEVE_GARE_CORNAVIN,CAROUGE_GE_ARMES,t0730,0.0
GENEVE_GARE_CORNAVIN,CAROUGE_GE_ARMES,t0800,0.0
GENEVE_GARE_CORNAVIN,CAROUGE_GE_ARMES,t0830,0.0
GENEVE_GARE_CORNAVIN,CAROUGE_GE_MARCHE,t0700,0.0
GENEVE_GARE_CORNAVIN,CAROUGE_GE_MARCHE,t0730,0.0
GENEVE_GARE_CORNAVIN,CAROUGE_GE_MARCHE,t0800,0.0
GENEVE_GARE_CORNAVIN,CAROUGE_GE_MARCHE,t0830,0.0
GENEVE_GARE_CORNAVIN,CAROUGE_GE_RONDEAU,t0700,0.0
GENEVE_GARE_CORNAVIN,CAROUGE_GE_RONDEAU,t0730,0.0
GENEVE_GARE_CORNAVIN,CAROUGE_GE_RONDEAU,t0800,0.0
GENEVE_GARE_CORNAVIN,CAROUGE_GE_RONDEAU,t0830,0.0
GENEVE_GARE_CORNAVIN,CHENE_BOUGERIES_GRANGETTES,t0700,0.0
GENEVE_GARE_CORNAVIN,CHENE_BOUGERIES_GRANGETTES,t0730,0.0
GENEVE_GARE_CORNAVIN,CHENE_BOUGERIES_GRANGETTES,t0800,0.0
GENEVE_GARE_CORNAVIN,CHENE_BOUGERIES_GRANGETTES,t0830,0.0
GENEVE_GARE_CORNAVIN,CHENE_BOUGERIES_GRANGE_CANAL,t0700,0.0
GENEVE_GARE_CORNAVIN,CHENE_BOUGERIES_GRANGE_CANAL,t0730,0.0
GENEVE_GARE_CORNAVIN,CHENE_BOUGERIES_GRANGE_CANAL,t0800,0.0
GENEVE_GARE_CORNAVIN,CHENE_BOUGERIES_GRANGE_CANAL,t0830,0.0
GENEVE_GARE_CORNAVIN,CHENE_BOUGERIES_GRANGE_FALQUET,t0700,0.0
GENEVE_GARE_CORNAVIN,CHENE_BOUGERIES_GRANGE_FALQUET,t0730,0.0
GENEVE_GARE_CORNAVIN,CHENE_BOUGERIES_GRANGE_FALQUET,t0800,0.0
GENEVE_GARE_CORNAVIN,CHENE_BOUGERIES_GRANGE_FALQUET,t0830,0.0
GENEVE_GARE_CORNAVIN,CHENE_BOURG_PEILLONNEX,t0700,0.0
GENEVE_GARE_CORNAVIN,CHENE_BOURG_PEILLONNEX,t0730,0.0
GENEVE_GARE_CORNAVIN,CHENE_BOURG_PEILLONNEX,t0800,0.0
GENEVE_GARE_CORNAVIN,CHENE_BOURG_PEILLONNEX,t0830,0.0
GENEVE_GARE_CORNAVIN,CHENE_BOURG_PLACE_FAVRE,t0700,0.0
GENEVE_GARE_CORNAVIN,CHENE_BOURG_PLACE_FAVRE,t0730,0.0
GENEVE_GARE_CORNAVIN,CHENE_BOURG_PLACE_FAVRE,t0800,0.0
GENEVE_GARE_CORNAVIN,CHENE_BOURG_PLACE_FAVRE,t0830,0.0
GENEVE_GARE_CORNAVIN,CONFIGNON_CROISEE,t0700,0.0
GENEVE_GARE_CORNAVIN,CONFIGNON_CROISEE,t0730,0.0
GENEVE_GARE_CORNAVIN,CONFIGNON_CROISEE,t0800,0.0
GENEVE_GARE_CORNAVIN,CONFIGNON_CROISEE,t0830,0.0
GENEVE_GARE_CORNAVIN,CONFIGNON_LA_DODE,t0700,0.0
GENEVE_GARE_CORNAVIN,CONFIGNON_LA_DODE,t0730,0.0
GENEVE_GARE_CORNAVIN,CONFIGNON_LA_DODE,t0800,0.0
GENEVE_GARE_CORNAVIN,CONFIGNON_LA_DODE,t0830,0.0
GENEVE_GARE_CORNAVIN,GENEVE_AMANDOLIER,t0700,0.0
GENEVE_GARE_CORNAVIN,GENEVE_AMANDOLIER,t0730,0.0
GENEVE_GARE_CORNAVIN,GENEVE_AMANDOLIER,t0800,0.0
GENEVE_GARE_CORNAVIN,GENEVE_AMANDOLIER,t0830,0.0
GENEVE_GARE_CORNAVIN,GENEVE_AUGUSTINS,t0700,0.0
GENEVE_GARE_CORNAVIN,GENEVE_AUGUSTINS,t0730,0.0
GENEVE_GARE_CORNAVIN,GENEVE_AUGUSTINS,t0800,0.0
GENEVE_GARE_CORNAVIN,GENEVE_AUGUSTINS,t0830,0.0
GENEVE_GARE_CORNAVIN,GENEVE_BEL_AIR,t0700,0.0
GENEVE_GARE_CORNAVIN,GENEVE_BEL_AIR,t0730,0.0
GENEVE_GARE_CORNAVIN,GENEVE_BEL_AIR,t0800,0.0
GENEVE_GARE_CORNAVIN,GENEVE_BEL_AIR,t0830,0.0
GENEVE_GARE_CORNAVIN,GENEVE_BLANCHE,t0700,0.0
GENEVE_GARE_CORNAVIN,GENEVE_BLANCHE,t0730,0.0
GENEVE_GARE_CORNAVIN,GENEVE_BLANCHE,t0800,0.0
GENEVE_GARE_CORNAVIN,GENEVE_BLANCHE,t0830,0.0
GENEVE_GARE_CORNAVIN,GENEVE_COUTANCE,t0700,0.0
GENEVE_GARE_CORNAVIN,GENEVE_COUTANCE,t0730,0.0
GENEVE_GARE_CORNAVIN,GENEVE_COUTANCE,t0800,0.0
GENEVE_GARE_CORNAVIN,GENEVE_COUTANCE,t0830,0.0
GENEVE_GARE_CORNAVIN,GENEVE_EAUX_VIVES_GARE,t0700,0.0
GENEVE_GARE_CORNAVIN,GENEVE_EAUX_VIVES_GARE,t0730,0.0
GENEVE_GARE_CORNAVIN,GENEVE_EAUX_VIVES_GARE,t0800,0.0
GENEVE_GARE_CORNAVIN,GENEVE_EAUX_VIVES_GARE,t0830,0.0
GENEVE_GARE_CORNAVIN,GENEVE_JONCTION,t0700,0.0
GENEVE_GARE_CORNAVIN,GENEVE_JONCTION,t0730,0.0
GENEVE_GARE_CORNAVIN,GENEVE_JONCTION,t0800,0.0
GENEVE_GARE_CORNAVIN,GENEVE_JONCTION,t0830,0.0
GENEVE_GARE_CORNAVIN,GENEVE_LYON,t0700,0.0
GENEVE_GARE_CORNAVIN,GENEVE_LYON,t0730,0.0
GENEVE_GARE_CORNAVIN,GENEVE_LYON,t0800,0.0
GENEVE_GARE_CORNAVIN,GENEVE_LYON,t0830,0.0
GENEVE_GARE_CORNAVIN,GENEVE_MOLARD,t0700,0.0
GENEVE_GARE_CORNAVIN,GENEVE_MOLARD,t0730,0.0
GENEVE_GARE_CORNAVIN,GENEVE_MOLARD,t0800,0.0
GENEVE_GARE_CORNAVIN,GENEVE_MOLARD,t0830,0.0
GENEVE_GARE_CORNAVIN,GENEVE_PALLADIUM,t0700,0.0
GENEVE_GARE_CORNAVIN,GENEVE_PALLADIUM,t0730,0.0
GENEVE_GARE_CORNAVIN,GENEVE_PALLADIUM,t0800,0.0
GENEVE_GARE_CORNAVIN,GENEVE_PALLADIUM,t0830,0.0
GENEVE_GARE_CORNAVIN,GENEVE_PLACE_DE_NEUVE,t0700,0.0
GENEVE_GARE_CORNAVIN,GENEVE_PLACE_DE_NEUVE,t0730,0.0
GENEVE_GARE_CORNAVIN,GENEVE_PLACE_DE_NEUVE,t0800,0.0
GENEVE_GARE_CORNAVIN,GENEVE_PLACE_DE_NEUVE,t0830,0.0
GENEVE_GARE_CORNAVIN,GENEVE_PLAINPALAIS,t0700,0.0
GENEVE_GARE_CORNAVIN,GENEVE_PLAINPALAIS,t0730,0.0
GENEVE_GARE_CORNAVIN,GENEVE_PLAINPALAIS,t0800,0.0
GENEVE_GARE_CORNAVIN,GENEVE_PLAINPALAIS,t0830,0.0
GENEVE_GARE_CORNAVIN,GENEVE_PONT_D_ARVE,t0700,0.0
GENEVE_GARE_CORNAVIN,GENEVE_PONT_D_ARVE,t0730,0.0
GENEVE_GARE_CORNAVIN,GENEVE_PONT_D_ARVE,t0800,0.0
GENEVE_GARE_CORNAVIN,GENEVE_PONT_D_ARVE,t0830,0.0
GENEVE_GARE_CORNAVIN,GENEVE_POTERIE,t0700,0.0
GENEVE_GARE_CORNAVIN,GENEVE_POTERIE,t0730,0.0
GENEVE_GARE_CORNAVIN,GENEVE_POTERIE,t0800,0.0
GENEVE_GARE_CORNAVIN,GENEVE_POTERIE,t0830,0.0
GENEVE_GARE_CORNAVIN,GENEVE_RIVE,t0700,0.0
GENEVE_GARE_CORNAVIN,GENEVE_RIVE,t0730,0.0
GENEVE_GARE_CORNAVIN,GENEVE_RIVE,t0800,0.0
GENEVE_GARE_CORNAVIN,GENEVE_RIVE,t0830,0.0
GENEVE_GARE_CORNAVIN,GENEVE_SERVETTE,t0700,0.0
GENEVE_GARE_CORNAVIN,GENEVE_SERVETTE,t0730,0.0
GENEVE_GARE_CORNAVIN,GENEVE_SERVETTE,t0800,0.0
GENEVE_GARE_CORNAVIN,GENEVE_SERVETTE,t0830,0.0
GENEVE_GARE_CORNAVIN,GENEVE_STAND,t0700,0.0
GENEVE_GARE_CORNAVIN,GENEVE_STAND,t0730,0.0
GENEVE_GARE_CORNAVIN,GENEVE_STAND,t0800,0.0
GENEVE_GARE_CORNAVIN,GENEVE_STAND,t0830,0.0
GENEVE_GARE_CORNAVIN,GENEVE_TERRASSIERE,t0700,0.0
GENEVE_GARE_CORNAVIN,GENEVE_TERRASSIERE,t0730,0.0
GENEVE_GARE_CORNAVIN,GENEVE_TERRASSIERE,t0800,0.0
GENEVE_GARE_CORNAVIN,GENEVE_TERRASSIERE,t0830,0.0
GENEVE_GARE_CORNAVIN,GENEVE_VIEUSSEUX,t0700,0.0
GENEVE_GARE_CORNAVIN,GENEVE_VIEUSSEUX,t0730,0.0
GENEVE_GARE_CORNAVIN,GENEVE_VIEUSSEUX,t0800,0.0
GENEVE_GARE_CORNAVIN,GENEVE_VIEUSSEUX,t0830,0.0
GENEVE_GARE_CORNAVIN,GENEVE_VILLEREUSE,t0700,0.0
GENEVE_GARE_CORNAVIN,GENEVE_VILLEREUSE,t0730,0.0
GENEVE_GARE_CORNAVIN,GENEVE_VILLEREUSE,t0800,0.0
GENEVE_GARE_CORNAVIN,GENEVE_VILLEREUSE,t0830,0.0
GENEVE_GARE_CORNAVIN,GRAND_LANCY_DE_STAEL,t0700,0.0
GENEVE_GARE_CORNAVIN,GRAND_LANCY_DE_STAEL,t0730,0.0
GENEVE_GARE_CORNAVIN,GRAND_LANCY_DE_STAEL,t0800,0.0
GENEVE_GARE_CORNAVIN,GRAND_LANCY_DE_STAEL,t0830,0.0
GENEVE_GARE_CORNAVIN,GRAND_LANCY_PALETTES,t0700,0.0
GENEVE_GARE_CORNAVIN,GRAND_LANCY_PALETTES,t0730,0.0
GENEVE_GARE_CORNAVIN,GRAND_LANCY_PALETTES,t0800,0.0
GENEVE_GARE_CORNAVIN,GRAND_LANCY_PALETTES,t0830,0.0
GENEVE_GARE_CORNAVIN,GRAND_LANCY_PONTETS,t0700,0.0
GENEVE_GARE_CORNAVIN,GRAND_LANCY_PONTETS,t0730,0.0
GENEVE_GARE_CORNAVIN,GRAND_LANCY_PONTETS,t0800,0.0
GENEVE_GARE_CORNAVIN,GRAND_LANCY_PONTETS,t0830,0.0
GENEVE_GARE_CORNAVIN,LANCY_BACHET_GARE,t0700,0.0
GENEVE_GARE_CORNAVIN,LANCY_BACHET_GARE,t0730,0.0
GENEVE_GARE_CORNAVIN,LANCY_BACHET_GARE,t0800,0.0
GENEVE_GARE_CORNAVIN,LANCY_BACHET_GARE,t0830,0.0
GENEVE_GARE_CORNAVIN,MEYRIN_BOIS_DU_LAN,t0700,0.0
GENEVE_GARE_CORNAVIN,MEYRIN_BOIS_DU_LAN,t0730,0.0
GENEVE_GARE_CORNAVIN,MEYRIN_BOIS_DU_LAN,t0800,0.0
GENEVE_GARE_CORNAVIN,MEYRIN_BOIS_DU_LAN,t0830,0.0
GENEVE_GARE_CORNAVIN,MEYRIN_CERN,t0700,0.0
GENEVE_GARE_CORNAVIN,MEYRIN_CERN,t0730,0.0
GENEVE_GARE_CORNAVIN,MEYRIN_CERN,t0800,0.0
GENEVE_GARE_CORNAVIN,MEYRIN_CERN,t0830,0.0
GENEVE_GARE_CORNAVIN,MEYRIN_FORUMEYRIN,t0700,0.0
GENEVE_GARE_CORNAVIN,MEYRIN_FORUMEYRIN,t0730,0.0
GENEVE_GARE_CORNAVIN,MEYRIN_FORUMEYRIN,t0800,0.0
GENEVE_GARE_CORNAVIN,MEYRIN_FORUMEYRIN,t0830,0.0
GENEVE_GARE_CORNAVIN,MEYRIN_GRAVIERE,t0700,0.0
GENEVE_GARE_CORNAVIN,MEYRIN_GRAVIERE,t0730,0.0
GENEVE_GARE_CORNAVIN,MEYRIN_GRAVIERE,t0800,0.0
GENEVE_GARE_CORNAVIN,MEYRIN_GRAVIERE,t0830,0.0
GENEVE_GARE_CORNAVIN,MEYRIN_HOPITAL_DE_LA_TOUR,t0700,0.0
GENEVE_GARE_CORNAVIN,MEYRIN_HOPITAL_DE_LA_TOUR,t0730,0.0
GENEVE_GARE_CORNAVIN,MEYRIN_HOPITAL_DE_LA_TOUR,t0800,0.0
GENEVE_GARE_CORNAVIN,MEYRIN_HOPITAL_DE_LA_TOUR,t0830,0.0
GENEVE_GARE_CORNAVIN,MEYRIN_JARDIN_ALPIN_VIVARIUM,t0700,0.0
GENEVE_GARE_CORNAVIN,MEYRIN_JARDIN_ALPIN_VIVARIUM,t0730,0.0
GENEVE_GARE_CORNAVIN,MEYRIN_JARDIN_ALPIN_VIVARIUM,t0800,0.0
GENEVE_GARE_CORNAVIN,MEYRIN_JARDIN_ALPIN_VIVARIUM,t0830,0.0
GENEVE_GARE_CORNAVIN,MEYRIN_MAISONNEX,t0700,0.0
GENEVE_GARE_CORNAVIN,MEYRIN_MAISONNEX,t0730,0.0
GENEVE_GARE_CORNAVIN,MEYRIN_MAISONNEX,t0800,0.0
GENEVE_GARE_CORNAVIN,MEYRIN_MAISONNEX,t0830,0.0
GENEVE_GARE_CORNAVIN,MEYRIN_VAUDAGNE,t0700,0.0
GENEVE_GARE_CORNAVIN,MEYRIN_VAUDAGNE,t0730,0.0
GENEVE_GARE_CORNAVIN,MEYRIN_VAUDAGNE,t0800,0.0
GENEVE_GARE_CORNAVIN,MEYRIN_VAUDAGNE,t0830,0.0
GENEVE_GARE_CORNAVIN,MEYRIN_VILLAGE,t0700,0.0
GENEVE_GARE_CORNAVIN,MEYRIN_VILLAGE,t0730,0.0
GENEVE_GARE_CORNAVIN,MEYRIN_VILLAGE,t0800,0.0
GENEVE_GARE_CORNAVIN,MEYRIN_VILLAGE,t0830,0.0
GENEVE_GARE_CORNAVIN,ONEX_BANDOL,t0700,0.0
GENEVE_GARE_CORNAVIN,ONEX_BANDOL,t0730,0.0
GENEVE_GARE_CORNAVIN,ONEX_BANDOL,t0800,0.0
GENEVE_GARE_CORNAVIN,ONEX_BANDOL,t0830,0.0
GENEVE_GARE_CORNAVIN,ONEX_SALLE_COMMUNALE,t0700,0.0
GENEVE_GARE_CORNAVIN,ONEX_SALLE_COMMUNALE,t0730,0.0
GENEVE_GARE_CORNAVIN,ONEX_SALLE_COMMUNALE,t0800,0.0
GENEVE_GARE_CORNAVIN,ONEX_SALLE_COMMUNALE,t0830,0.0
GENEVE_GARE_CORNAVIN,PETIT_LANCY_LES_ESSERTS,t0700,0.0
GENEVE_GARE_CORNAVIN,PETIT_LANCY_LES_ESSERTS,t0730,0.0
GENEVE_GARE_CORNAVIN,PETIT_LANCY_LES_ESSERTS,t0800,0.0
GENEVE_GARE_CORNAVIN,PETIT_LANCY_LES_ESSERTS,t0830,0.0
GENEVE_GARE_CORNAVIN,PETIT_LANCY_PLACE,t0700,0.0
GENEVE_GARE_CORNAVIN,PETIT_LANCY_PLACE,t0730,0.0
GENEVE_GARE_CORNAVIN,PETIT_LANCY_PLACE,t0800,0.0
GENEVE_GARE_CORNAVIN,PETIT_LANCY_PLACE,t0830,0.0
GENEVE_GARE_CORNAVIN,PETIT_LANCY_QUIDORT,t0700,0.0
GENEVE_GARE_CORNAVIN,PETIT_LANCY_QUIDORT,t0730,0.0
GENEVE_GARE_CORNAVIN,PETIT_LANCY_QUIDORT,t0800,0.0
GENEVE_GARE_CORNAVIN,PETIT_LANCY_QUIDORT,t0830,0.0
GENEVE_GARE_CORNAVIN,PLAN_LES_OUATES_TREFLE_BLANC,t0700,0.0
GENEVE_GARE_CORNAVIN,PLAN_LES_OUATES_TREFLE_BLANC,t0730,0.0
GENEVE_GARE_CORNAVIN,PLAN_LES_OUATES_TREFLE_BLANC,t0800,0.0
GENEVE_GARE_CORNAVIN,PLAN_LES_OUATES_TREFLE_BLANC,t0830,0.0
GENEVE_GARE_CORNAVIN,THONEX_GRAVESON,t0700,0.0
GENEVE_GARE_CORNAVIN,THONEX_GRAVESON,t0730,0.0
GENEVE_GARE_CORNAVIN,THONEX_GRAVESON,t0800,0.0
GENEVE_GARE_CORNAVIN,THONEX_GRAVESON,t0830,0.0
GENEVE_GARE_CORNAVIN,THONEX_MOILLESULAZ,t0700,0.0
GENEVE_GARE_CORNAVIN,THONEX_MOILLESULAZ,t0730,0.0
GENEVE_GARE_CORNAVIN,THONEX_MOILLESULAZ,t0800,0.0
GENEVE_GARE_CORNAVIN,THONEX_MOILLESULAZ,t0830,0.0
GENEVE_GARE_CORNAVIN,VERNIER_AVANCHETS_ETANG,t0700,0.0
GENEVE_GARE_CORNAVIN,VERNIER_AVANCHETS_ETANG,t0730,0.0
GENEVE_GARE_CORNAVIN,VERNIER_AVANCHETS_ETANG,t0800,0.0
GENEVE_GARE_CORNAVIN,VERNIER_AVANCHETS_ETANG,t0830,0.0
GENEVE_GARE_CORNAVIN,VERNIER_BALEXERT,t0700,0.0
GENEVE_GARE_CORNAVIN,VERNIER_BALEXERT,t0730,0.0
GENEVE_GARE_CORNAVIN,VERNIER_BALEXERT,t0800,0.0
GENEVE_GARE_CORNAVIN,VERNIER_BALEXERT,t0830,0.0
GENEVE_GARE_CORNAVIN,VERNIER_BLANDONNET,t0700,0.0
GENEVE_GARE_CORNAVIN,VERNIER_BLANDONNET,t0730,0.0
GENEVE_GARE_CORNAVIN,VERNIER_BLANDONNET,t0800,0.0
GENEVE_GARE_CORNAVIN,VERNIER_BLANDONNET,t0830,0.0
GENEVE_GARE_CORNAVIN,VERNIER_BOUCHET,t0700,0.0
GENEVE_GARE_CORNAVIN,VERNIER_BOUCHET,t0730,0.0
GENEVE_GARE_CORNAVIN,VERNIER_BOUCHET,t0800,0.0
GENEVE_GARE_CORNAVIN,VERNIER_BOUCHET,t0830,0.0
GENEVE_JONCTION,BERNEX_HAINARD,t0700,0.0
GENEVE_JONCTION,BERNEX_HAINARD,t0730,0.0
GENEVE_JONCTION,BERNEX_HAINARD,t0800,0.0
GENEVE_JONCTION,BERNEX_HAINARD,t0830,0.0
GENEVE_JONCTION,BERNEX_LUCHEPELET,t0700,0.0
GENEVE_JONCTION,BERNEX_LUCHEPELET,t0730,0.0
GENEVE_JONCTION,BERNEX_LUCHEPELET,t0800,0.0
GENEVE_JONCTION,BERNEX_LUCHEPELET,t0830,0.0
GENEVE_JONCTION,BERNEX_PRE_MARAIS,t0700,0.0
GENEVE_JONCTION,BERNEX_PRE_MARAIS,t0730,0.0
GENEVE_JONCTION,BERNEX_PRE_MARAIS,t0800,0.0
GENEVE_JONCTION,BERNEX_PRE_MARAIS,t0830,0.0
GENEVE_JONCTION,BERNEX_P_R,t0700,0.0
GENEVE_JONCTION,BERNEX_P_R,t0730,0.0
GENEVE_JONCTION,BERNEX_P_R,t0800,0.0
GENEVE_JONCTION,BERNEX_P_R,t0830,0.0
GENEVE_JONCTION,BERNEX_VAILLY,t0700,0.0
GENEVE_JONCTION,BERNEX_VAILLY,t0730,0.0
GENEVE_JONCTION,BERNEX_VAILLY,t0800,0.0
GENEVE_JONCTION,BERNEX_VAILLY,t0830,0.0
GENEVE_JONCTION,CAROUGE_GE_ANCIENNE,t0700,0.0
GENEVE_JONCTION,CAROUGE_GE_ANCIENNE,t0730,0.0
GENEVE_JONCTION,CAROUGE_GE_ANCIENNE,t0800,0.0
GENEVE_JONCTION,CAROUGE_GE_ANCIENNE,t0830,0.0
GENEVE_JONCTION,CAROUGE_GE_ARMES,t0700,0.0
GENEVE_JONCTION,CAROUGE_GE_ARMES,t0730,0.0
GENEVE_JONCTION,CAROUGE_GE_ARMES,t0800,0.0
GENEVE_JONCTION,CAROUGE_GE_ARMES,t0830,0.0
GENEVE_JONCTION,CAROUGE_GE_MARCHE,t0700,0.0
GENEVE_JONCTION,CAROUGE_GE_MARCHE,t0730,0.0
GENEVE_JONCTION,CAROUGE_GE_MARCHE,t0800,0.0
GENEVE_JONCTION,CAROUGE_GE_MARCHE,t0830,0.0
GENEVE_JONCTION,CAROUGE_GE_RONDEAU,t0700,0.0
GENEVE_JONCTION,CAROUGE_GE_RONDEAU,t0730,0.0
GENEVE_JONCTION,CAROUGE_GE_RONDEAU,t0800,0.0
GENEVE_JONCTION,CAROUGE_GE_RONDEAU,t0830,0.0
GENEVE_JONCTION,CHENE_BOUGERIES_GRANGETTES,t0700,0.0
GENEVE_JONCTION,CHENE_BOUGERIES_GRANGETTES,t0730,0.0
GENEVE_JONCTION,CHENE_BOUGERIES_GRANGETTES,t0800,0.0
GENEVE_JONCTION,CHENE_BOUGERIES_GRANGETTES,t0830,0.0
GENEVE_JONCTION,CHENE_BOUGERIES_GRANGE_CANAL,t0700,0.0
GENEVE_JONCTION,CHENE_BOUGERIES_GRANGE_CANAL,t0730,0.0
GENEVE_JONCTION,CHENE_BOUGERIES_GRANGE_CANAL,t0800,0.0
GENEVE_JONCTION,CHENE_BOUGERIES_GRANGE_CANAL,t0830,0.0
GENEVE_JONCTION,CHENE_BOUGERIES_GRANGE_FALQUET,t0700,0.0
GENEVE_JONCTION,CHENE_BOUGERIES_GRANGE_FALQUET,t0730,0.0
GENEVE_JONCTION,CHENE_BOUGERIES_GRANGE_FALQUET,t0800,0.0
GENEVE_JONCTION,CHENE_BOUGERIES_GRANGE_FALQUET,t0830,0.0
GENEVE_JONCTION,CHENE_BOURG_PEILLONNEX,t0700,0.0
GENEVE_JONCTION,CHENE_BOURG_PEILLONNEX,t0730,0.0
GENEVE_JONCTION,CHENE_BOURG_PEILLONNEX,t0800,0.0
GENEVE_JONCTION,CHENE_BOURG_PEILLONNEX,t0830,0.0
GENEVE_JONCTION,CHENE_BOURG_PLACE_FAVRE,t0700,0.0
GENEVE_JONCTION,CHENE_BOURG_PLACE_FAVRE,t0730,0.0
GENEVE_JONCTION,CHENE_BOURG_PLACE_FAVRE,t0800,0.0
GENEVE_JONCTION,CHENE_BOURG_PLACE_FAVRE,t0830,0.0
GENEVE_JONCTION,CONFIGNON_CROISEE,t0700,0.0
GENEVE_JONCTION,CONFIGNON_CROISEE,t0730,0.0
GENEVE_JONCTION,CONFIGNON_CROISEE,t0800,0.0
GENEVE_JONCTION,CONFIGNON_CROISEE,t0830,0.0
GENEVE_JONCTION,CONFIGNON_LA_DODE,t0700,0.0
GENEVE_JONCTION,CONFIGNON_LA_DODE,t0730,0.0
GENEVE_JONCTION,CONFIGNON_LA_DODE,t0800,0.0
GENEVE_JONCTION,CONFIGNON_LA_DODE,t0830,0.0
GENEVE_JONCTION,GENEVE_AMANDOLIER,t0700,0.0
GENEVE_JONCTION,GENEVE_AMANDOLIER,t0730,0.0
GENEVE_JONCTION,GENEVE_AMANDOLIER,t0800,0.0
GENEVE_JONCTION,GENEVE_AMANDOLIER,t0830,0.0
GENEVE_JONCTION,GENEVE_AUGUSTINS,t0700,0.0
GENEVE_JONCTION,GENEVE_AUGUSTINS,t0730,0.0
GENEVE_JONCTION,GENEVE_AUGUSTINS,t0800,0.0
GENEVE_JONCTION,GENEVE_AUGUSTINS,t0830,0.0
GENEVE_JONCTION,GENEVE_BEL_AIR,t0700,0.0
GENEVE_JONCTION,GENEVE_BEL_AIR,t0730,0.0
GENEVE_JONCTION,GENEVE_BEL_AIR,t0800,0.0
GENEVE_JONCTION,GENEVE_BEL_AIR,t0830,0.0
GENEVE_JONCTION,GENEVE_BLANCHE,t0700,0.0
GENEVE_JONCTION,GENEVE_BLANCHE,t0730,0.0
GENEVE_JONCTION,GENEVE_BLANCHE,t0800,0.0
GENEVE_JONCTION,GENEVE_BLANCHE,t0830,0.0
GENEVE_JONCTION,GENEVE_COUTANCE,t0700,0.0
GENEVE_JONCTION,GENEVE_COUTANCE,t0730,0.0
GENEVE_JONCTION,GENEVE_COUTANCE,t0800,0.0
GENEVE_JONCTION,GENEVE_COUTANCE,t0830,0.0
GENEVE_JONCTION,GENEVE_EAUX_VIVES_GARE,t0700,0.0
GENEVE_JONCTION,GENEVE_EAUX_VIVES_GARE,t0730,0.0
GENEVE_JONCTION,GENEVE_EAUX_VIVES_GARE,t0800,0.0
GENEVE_JONCTION,GENEVE_EAUX_VIVES_GARE,t0830,0.0
GENEVE_JONCTION,GENEVE_GARE_CORNAVIN,t0700,0.0
GENEVE_JONCTION,GENEVE_GARE_CORNAVIN,t0730,0.0
GENEVE_JONCTION,GENEVE_GARE_CORNAVIN,t0800,0.0
GENEVE_JONCTION,GENEVE_GARE_CORNAVIN,t0830,0.0
GENEVE_JONCTION,GENEVE_LYON,t0700,0.0
GENEVE_JONCTION,GENEVE_LYON,t0730,0.0
GENEVE_JONCTION,GENEVE_LYON,t0800,0.0
GENEVE_JONCTION,GENEVE_LYON,t0830,0.0
GENEVE_JONCTION,GENEVE_MOLARD,t0700,0.0
GENEVE_JONCTION,GENEVE_MOLARD,t0730,0.0
GENEVE_JONCTION,GENEVE_MOLARD,t0800,0.0
GENEVE_JONCTION,GENEVE_MOLARD,t0830,0.0
GENEVE_JONCTION,GENEVE_PALLADIUM,t0700,0.0
GENEVE_JONCTION,GENEVE_PALLADIUM,t0730,0.0
GENEVE_JONCTION,GENEVE_PALLADIUM,t0800,0.0
GENEVE_JONCTION,GENEVE_PALLADIUM,t0830,0.0
GENEVE_JONCTION,GENEVE_PLACE_DE_NEUVE,t0700,0.0
GENEVE_JONCTION,GENEVE_PLACE_DE_NEUVE,t0730,0.0
GENEVE_JONCTION,GENEVE_PLACE_DE_NEUVE,t0800,0.0
GENEVE_JONCTION,GENEVE_PLACE_DE_NEUVE,t0830,0.0
GENEVE_JONCTION,GENEVE_PLAINPALAIS,t0700,0.0
GENEVE_JONCTION,GENEVE_PLAINPALAIS,t0730,0.0
GENEVE_JONCTION,GENEVE_PLAINPALAIS,t0800,0.0
GENEVE_JONCTION,GENEVE_PLAINPALAIS,t0830,0.0
GENEVE_JONCTION,GENEVE_PONT_D_ARVE,t0700,0.0
GENEVE_JONCTION,GENEVE_PONT_D_ARVE,t0730,0.0
GENEVE_JONCTION,GENEVE_PONT_D_ARVE,t0800,0.0
GENEVE_JONCTION,GENEVE_PONT_D_ARVE,t0830,0.0
GENEVE_JONCTION,GENEVE_POTERIE,t0700,0.0
GENEVE_JONCTION,GENEVE_POTERIE,t0730,0.0
GENEVE_JONCTION,GENEVE_POTERIE,t0800,0.0
GENEVE_JONCTION,GENEVE_POTERIE,t0830,0.0
GENEVE_JONCTION,GENEVE_RIVE,t0700,0.0
GENEVE_JONCTION,GENEVE_RIVE,t0730,0.0
GENEVE_JONCTION,GENEVE_RIVE,t0800,0.0
GENEVE_JONCTION,GENEVE_RIVE,t0830,0.0
GENEVE_JONCTION,GENEVE_SERVETTE,t0700,0.0
GENEVE_JONCTION,GENEVE_SERVETTE,t0730,0.0
GENEVE_JONCTION,GENEVE_SERVETTE,t0800,0.0
GENEVE_JONCTION,GENEVE_SERVETTE,t0830,0.0
GENEVE_JONCTION,GENEVE_STAND,t0700,0.0
GENEVE_JONCTION,GENEVE_STAND,t0730,0.0
GENEVE_JONCTION,GENEVE_STAND,t0800,0.0
GENEVE_JONCTION,GENEVE_STAND,t0830,0.0
GENEVE_JONCTION,GENEVE_TERRASSIERE,t0700,0.0
GENEVE_JONCTION,GENEVE_TERRASSIERE,t0730,0.0
GENEVE_JONCTION,GENEVE_TERRASSIERE,t0800,0.0
GENEVE_JONCTION,GENEVE_TERRASSIERE,t0830,0.0
GENEVE_JONCTION,GENEVE_VIEUSSEUX,t0700,0.0
GENEVE_JONCTION,GENEVE_VIEUSSEUX,t0730,0.0
GENEVE_JONCTION,GENEVE_VIEUSSEUX,t0800,0.0
GENEVE_JONCTION,GENEVE_VIEUSSEUX,t0830,0.0
GENEVE_JONCTION,GENEVE_VILLEREUSE,t0700,0.0
GENEVE_JONCTION,GENEVE_VILLEREUSE,t0730,0.0
GENEVE_JONCTION,GENEVE_VILLEREUSE,t0800,0.0
GENEVE_JONCTION,GENEVE_VILLEREUSE,t0830,0.0
GENEVE_JONCTION,GRAND_LANCY_DE_STAEL,t0700,0.0
GENEVE_JONCTION,GRAND_LANCY_DE_STAEL,t0730,0.0
GENEVE_JONCTION,GRAND_LANCY_DE_STAEL,t0800,0.0
GENEVE_JONCTION,GRAND_LANCY_DE_STAEL,t0830,0.0
GENEVE_JONCTION,GRAND_LANCY_PALETTES,t0700,0.0
GENEVE_JONCTION,GRAND_LANCY_PALETTES,t0730,0.0
GENEVE_JONCTION,GRAND_LANCY_PALETTES,t0800,0.0
GENEVE_JONCTION,GRAND_LANCY_PALETTES,t0830,0.0
GENEVE_JONCTION,GRAND_LANCY_PONTETS,t0700,0.0
GENEVE_JONCTION,GRAND_LANCY_PONTETS,t0730,0.0
GENEVE_JONCTION,GRAND_LANCY_PONTETS,t0800,0.0
GENEVE_JONCTION,GRAND_LANCY_PONTETS,t0830,0.0
GENEVE_JONCTION,LANCY_BACHET_GARE,t0700,0.0
GENEVE_JONCTION,LANCY_BACHET_GARE,t0730,0.0
GENEVE_JONCTION,LANCY_BACHET_GARE,t0800,0.0
GENEVE_JONCTION,LANCY_BACHET_GARE,t0830,0.0
GENEVE_JONCTION,MEYRIN_BOIS_DU_LAN,t0700,0.0
GENEVE_JONCTION,MEYRIN_BOIS_DU_LAN,t0730,0.0
GENEVE_JONCTION,MEYRIN_BOIS_DU_LAN,t0800,0.0
GENEVE_JONCTION,MEYRIN_BOIS_DU_LAN,t0830,0.0
GENEVE_JONCTION,MEYRIN_CERN,t0700,0.0
GENEVE_JONCTION,MEYRIN_CERN,t0730,0.0
GENEVE_JONCTION,MEYRIN_CERN,t0800,0.0
GENEVE_JONCTION,MEYRIN_CERN,t0830,0.0
GENEVE_JONCTION,MEYRIN_FORUMEYRIN,t0700,0.0
GENEVE_JONCTION,MEYRIN_FORUMEYRIN,t0730,0.0
GENEVE_JONCTION,MEYRIN_FORUMEYRIN,t0800,0.0
GENEVE_JONCTION,MEYRIN_FORUMEYRIN,t0830,0.0
GENEVE_JONCTION,MEYRIN_GRAVIERE,t0700,0.0
GENEVE_JONCTION,MEYRIN_GRAVIERE,t0730,0.0
GENEVE_JONCTION,MEYRIN_GRAVIERE,t0800,0.0
GENEVE_JONCTION,MEYRIN_GRAVIERE,t0830,0.0
GENEVE_JONCTION,MEYRIN_HOPITAL_DE_LA_TOUR,t0700,0.0
GENEVE_JONCTION,MEYRIN_HOPITAL_DE_LA_TOUR,t0730,0.0
GENEVE_JONCTION,MEYRIN_HOPITAL_DE_LA_TOUR,t0800,0.0
GENEVE_JONCTION,MEYRIN_HOPITAL_DE_LA_TOUR,t0830,0.0
GENEVE_JONCTION,MEYRIN_JARDIN_ALPIN_VIVARIUM,t0700,0.0
GENEVE_JONCTION,MEYRIN_JARDIN_ALPIN_VIVARIUM,t0730,0.0
GENEVE_JONCTION,MEYRIN_JARDIN_ALPIN_VIVARIUM,t0800,0.0
GENEVE_JONCTION,MEYRIN_JARDIN_ALPIN_VIVARIUM,t0830,0.0
GENEVE_JONCTION,MEYRIN_MAISONNEX,t0700,0.0
GENEVE_JONCTION,MEYRIN_MAISONNEX,t0730,0.0
GENEVE_JONCTION,MEYRIN_MAISONNEX,t0800,0.0
GENEVE_JONCTION,MEYRIN_MAISONNEX,t0830,0.0
GENEVE_JONCTION,MEYRIN_VAUDAGNE,t0700,0.0
GENEVE_JONCTION,MEYRIN_VAUDAGNE,t0730,0.0
GENEVE_JONCTION,MEYRIN_VAUDAGNE,t0800,0.0
GENEVE_JONCTION,MEYRIN_VAUDAGNE,t0830,0.0
GENEVE_JONCTION,MEYRIN_VILLAGE,t0700,0.0
GENEVE_JONCTION,MEYRIN_VILLAGE,t0730,0.0
GENEVE_JONCTION,MEYRIN_VILLAGE,t0800,0.0
GENEVE_JONCTION,MEYRIN_VILLAGE,t0830,0.0
GENEVE_JONCTION,ONEX_BANDOL,t0700,0.0
GENEVE_JONCTION,ONEX_BANDOL,t0730,0.0
GENEVE_JONCTION,ONEX_BANDOL,t0800,0.0
GENEVE_JONCTION,ONEX_BANDOL,t0830,0.0
GENEVE_JONCTION,ONEX_SALLE_COMMUNALE,t0700,0.0
GENEVE_JONCTION,ONEX_SALLE_COMMUNALE,t0730,0.0
GENEVE_JONCTION,ONEX_SALLE_COMMUNALE,t0800,0.0
GENEVE_JONCTION,ONEX_SALLE_COMMUNALE,t0830,0.0
GENEVE_JONCTION,PETIT_LANCY_LES_ESSERTS,t0700,0.0
GENEVE_JONCTION,PETIT_LANCY_LES_ESSERTS,t0730,0.0
GENEVE_JONCTION,PETIT_LANCY_LES_ESSERTS,t0800,0.0
GENEVE_JONCTION,PETIT_LANCY_LES_ESSERTS,t0830,0.0
GENEVE_JONCTION,PETIT_LANCY_PLACE,t0700,0.0
GENEVE_JONCTION,PETIT_LANCY_PLACE,t0730,0.0
GENEVE_JONCTION,PETIT_LANCY_PLACE,t0800,0.0
GENEVE_JONCTION,PETIT_LANCY_PLACE,t0830,0.0
GENEVE_JONCTION,PETIT_LANCY_QUIDORT,t0700,0.0
GENEVE_JONCTION,PETIT_LANCY_QUIDORT,t0730,0.0
GENEVE_JONCTION,PETIT_LANCY_QUIDORT,t0800,0.0
GENEVE_JONCTION,PETIT_LANCY_QUIDORT,t0830,0.0
GENEVE_JONCTION,PLAN_LES_OUATES_TREFLE_BLANC,t0700,0.0
GENEVE_JONCTION,PLAN_LES_OUATES_TREFLE_BLANC,t0730,0.0
GENEVE_JONCTION,PLAN_LES_OUATES_TREFLE_BLANC,t0800,0.0
GENEVE_JONCTION,PLAN_LES_OUATES_TREFLE_BLANC,t0830,0.0
GENEVE_JONCTION,THONEX_GRAVESON,t0700,0.0
GENEVE_JONCTION,THONEX_GRAVESON,t0730,0.0
GENEVE_JONCTION,THONEX_GRAVESON,t0800,0.0
GENEVE_JONCTION,THONEX_GRAVESON,t0830,0.0
GENEVE_JONCTION,THONEX_MOILLESULAZ,t0700,0.0
GENEVE_JONCTION,THONEX_MOILLESULAZ,t0730,0.0
GENEVE_JONCTION,THONEX_MOILLESULAZ,t0800,0.0
GENEVE_JONCTION,THONEX_MOILLESULAZ,t0830,0.0
GENEVE_JONCTION,VERNIER_AVANCHETS_ETANG,t0700,0.0
GENEVE_JONCTION,VERNIER_AVANCHETS_ETANG,t0730,0.0
GENEVE_JONCTION,VERNIER_AVANCHETS_ETANG,t0800,0.0
GENEVE_JONCTION,VERNIER_AVANCHETS_ETANG,t0830,0.0
GENEVE_JONCTION,VERNIER_BALEXERT,t0700,0.0
GENEVE_JONCTION,VERNIER_BALEXERT,t0730,0.0
GENEVE_JONCTION,VERNIER_BALEXERT,t0800,0.0
GENEVE_JONCTION,VERNIER_BALEXERT,t0830,0.0
GENEVE_JONCTION,VERNIER_BLANDONNET,t0700,0.0
GENEVE_JONCTION,VERNIER_BLANDONNET,t0730,0.0
GENEVE_JONCTION,VERNIER_BLANDONNET,t0800,0.0
GENEVE_JONCTION,VERNIER_BLANDONNET,t0830,0.0
GENEVE_JONCTION,VERNIER_BOUCHET,t0700,0.0
GENEVE_JONCTION,VERNIER_BOUCHET,t0730,0.0
GENEVE_JONCTION,VERNIER_BOUCHET,t0800,0.0
GENEVE_JONCTION,VERNIER_BOUCHET,t0830,0.0
GENEVE_LYON,BERNEX_HAINARD,t0700,0.0
GENEVE_LYON,BERNEX_HAINARD,t0730,0.0
GENEVE_LYON,BERNEX_HAINARD,t0800,0.0
GENEVE_LYON,BERNEX_HAINARD,t0830,0.0
GENEVE_LYON,BERNEX_LUCHEPELET,t0700,0.0
GENEVE_LYON,BERNEX_LUCHEPELET,t0730,0.0
GENEVE_LYON,BERNEX_LUCHEPELET,t0800,0.0
GENEVE_LYON,BERNEX_LUCHEPELET,t0830,0.0
GENEVE_LYON,BERNEX_PRE_MARAIS,t0700,0.0
GENEVE_LYON,BERNEX_PRE_MARAIS,t0730,0.0
GENEVE_LYON,BERNEX_PRE_MARAIS,t0800,0.0
GENEVE_LYON,BERNEX_PRE_MARAIS,t0830,0.0
GENEVE_LYON,BERNEX_P_R,t0700,0.0
GENEVE_LYON,BERNEX_P_R,t0730,0.0
GENEVE_LYON,BERNEX_P_R,t0800,0.0
GENEVE_LYON,BERNEX_P_R,t0830,0.0
GENEVE_LYON,BERNEX_VAILLY,t0700,0.0
GENEVE_LYON,BERNEX_VAILLY,t0730,0.0
GENEVE_LYON,BERNEX_VAILLY,t0800,0.0
GENEVE_LYON,BERNEX_VAILLY,t0830,0.0
GENEVE_LYON,CAROUGE_GE_ANCIENNE,t0700,0.0
GENEVE_LYON,CAROUGE_GE_ANCIENNE,t0730,0.0
GENEVE_LYON,CAROUGE_GE_ANCIENNE,t0800,0.0
GENEVE_LYON,CAROUGE_GE_ANCIENNE,t0830,0.0
GENEVE_LYON,CAROUGE_GE_ARMES,t0700,0.0
GENEVE_LYON,CAROUGE_GE_ARMES,t0730,0.0
GENEVE_LYON,CAROUGE_GE_ARMES,t0800,0.0
GENEVE_LYON,CAROUGE_GE_ARMES,t0830,0.0
GENEVE_LYON,CAROUGE_GE_MARCHE,t0700,0.0
GENEVE_LYON,CAROUGE_GE_MARCHE,t0730,0.0
GENEVE_LYON,CAROUGE_GE_MARCHE,t0800,0.0
GENEVE_LYON,CAROUGE_GE_MARCHE,t0830,0.0
GENEVE_LYON,CAROUGE_GE_RONDEAU,t0700,0.0
GENEVE_LYON,CAROUGE_GE_RONDEAU,t0730,0.0
GENEVE_LYON,CAROUGE_GE_RONDEAU,t0800,0.0
GENEVE_LYON,CAROUGE_GE_RONDEAU,t0830,0.0
GENEVE_LYON,CHENE_BOUGERIES_GRANGETTES,t0700,0.0
GENEVE_LYON,CHENE_BOUGERIES_GRANGETTES,t0730,0.0
GENEVE_LYON,CHENE_BOUGERIES_GRANGETTES,t0800,0.0
GENEVE_LYON,CHENE_BOUGERIES_GRANGETTES,t0830,0.0
GENEVE_LYON,CHENE_BOUGERIES_GRANGE_CANAL,t0700,0.0
GENEVE_LYON,CHENE_BOUGERIES_GRANGE_CANAL,t0730,0.0
GENEVE_LYON,CHENE_BOUGERIES_GRANGE_CANAL,t0800,0.0
GENEVE_LYON,CHENE_BOUGERIES_GRANGE_CANAL,t0830,0.0
GENEVE_LYON,CHENE_BOUGERIES_GRANGE_FALQUET,t0700,0.0
GENEVE_LYON,CHENE_BOUGERIES_GRANGE_FALQUET,t0730,0.0
GENEVE_LYON,CHENE_BOUGERIES_GRANGE_FALQUET,t0800,0.0
GENEVE_LYON,CHENE_BOUGERIES_GRANGE_FALQUET,t0830,0.0
GENEVE_LYON,CHENE_BOURG_PEILLONNEX,t0700,0.0
GENEVE_LYON,CHENE_BOURG_PEILLONNEX,t0730,0.0
GENEVE_LYON,CHENE_BOURG_PEILLONNEX,t0800,0.0
GENEVE_LYON,CHENE_BOURG_PEILLONNEX,t0830,0.0
GENEVE_LYON,CHENE_BOURG_PLACE_FAVRE,t0700,0.0
GENEVE_LYON,CHENE_BOURG_PLACE_FAVRE,t0730,0.0
GENEVE_LYON,CHENE_BOURG_PLACE_FAVRE,t0800,0.0
GENEVE_LYON,CHENE_BOURG_PLACE_FAVRE,t0830,0.0
GENEVE_LYON,CONFIGNON_CROISEE,t0700,0.0
GENEVE_LYON,CONFIGNON_CROISEE,t0730,0.0
GENEVE_LYON,CONFIGNON_CROISEE,t0800,0.0
GENEVE_LYON,CONFIGNON_CROISEE,t0830,0.0
GENEVE_LYON,CONFIGNON_LA_DODE,t0700,0.0
GENEVE_LYON,CONFIGNON_LA_DODE,t0730,0.0
GENEVE_LYON,CONFIGNON_LA_DODE,t0800,0.0
GENEVE_LYON,CONFIGNON_LA_DODE,t0830,0.0
GENEVE_LYON,GENEVE_AMANDOLIER,t0700,0.0
GENEVE_LYON,GENEVE_AMANDOLIER,t0730,0.0
GENEVE_LYON,GENEVE_AMANDOLIER,t0800,0.0
GENEVE_LYON,GENEVE_AMANDOLIER,t0830,0.0
GENEVE_LYON,GENEVE_AUGUSTINS,t0700,0.0
GENEVE_LYON,GENEVE_AUGUSTINS,t0730,0.0
GENEVE_LYON,GENEVE_AUGUSTINS,t0800,0.0
GENEVE_LYON,GENEVE_AUGUSTINS,t0830,0.0
GENEVE_LYON,GENEVE_BEL_AIR,t0700,0.0
GENEVE_LYON,GENEVE_BEL_AIR,t0730,0.0
GENEVE_LYON,GENEVE_BEL_AIR,t0800,0.0
GENEVE_LYON,GENEVE_BEL_AIR,t0830,0.0
GENEVE_LYON,GENEVE_BLANCHE,t0700,0.0
GENEVE_LYON,GENEVE_BLANCHE,t0730,0.0
GENEVE_LYON,GENEVE_BLANCHE,t0800,0.0
GENEVE_LYON,GENEVE_BLANCHE,t0830,0.0
GENEVE_LYON,GENEVE_COUTANCE,t0700,0.0
GENEVE_LYON,GENEVE_COUTANCE,t0730,0.0
GENEVE_LYON,GENEVE_COUTANCE,t0800,0.0
GENEVE_LYON,GENEVE_COUTANCE,t0830,0.0
GENEVE_LYON,GENEVE_EAUX_VIVES_GARE,t0700,0.0
GENEVE_LYON,GENEVE_EAUX_VIVES_GARE,t0730,0.0
GENEVE_LYON,GENEVE_EAUX_VIVES_GARE,t0800,0.0
GENEVE_LYON,GENEVE_EAUX_VIVES_GARE,t0830,0.0
GENEVE_LYON,GENEVE_GARE_CORNAVIN,t0700,0.0
GENEVE_LYON,GENEVE_GARE_CORNAVIN,t0730,0.0
GENEVE_LYON,GENEVE_GARE_CORNAVIN,t0800,0.0
GENEVE_LYON,GENEVE_GARE_CORNAVIN,t0830,0.0
GENEVE_LYON,GENEVE_JONCTION,t0700,0.0
GENEVE_LYON,GENEVE_JONCTION,t0730,0.0
GENEVE_LYON,GENEVE_JONCTION,t0800,0.0
GENEVE_LYON,GENEVE_JONCTION,t0830,0.0
GENEVE_LYON,GENEVE_MOLARD,t0700,0.0
GENEVE_LYON,GENEVE_MOLARD,t0730,0.0
GENEVE_LYON,GENEVE_MOLARD,t0800,0.0
GENEVE_LYON,GENEVE_MOLARD,t0830,0.0
GENEVE_LYON,GENEVE_PALLADIUM,t0700,0.0
GENEVE_LYON,GENEVE_PALLADIUM,t0730,0.0
GENEVE_LYON,GENEVE_PALLADIUM,t0800,0.0
GENEVE_LYON,GENEVE_PALLADIUM,t0830,0.0
GENEVE_LYON,GENEVE_PLACE_DE_NEUVE,t0700,0.0
GENEVE_LYON,GENEVE_PLACE_DE_NEUVE,t0730,0.0
GENEVE_LYON,GENEVE_PLACE_DE_NEUVE,t0800,0.0
GENEVE_LYON,GENEVE_PLACE_DE_NEUVE,t0830,0.0
GENEVE_LYON,GENEVE_PLAINPALAIS,t0700,0.0
GENEVE_LYON,GENEVE_PLAINPALAIS,t0730,0.0
GENEVE_LYON,GENEVE_PLAINPALAIS,t0800,0.0
GENEVE_LYON,GENEVE_PLAINPALAIS,t0830,0.0
GENEVE_LYON,GENEVE_PONT_D_ARVE,t0700,0.0
GENEVE_LYON,GENEVE_PONT_D_ARVE,t0730,0.0
GENEVE_LYON,GENEVE_PONT_D_ARVE,t0800,0.0
GENEVE_LYON,GENEVE_PONT_D_ARVE,t0830,0.0
GENEVE_LYON,GENEVE_POTERIE,t0700,0.0
GENEVE_LYON,GENEVE_POTERIE,t0730,0.0
GENEVE_LYON,GENEVE_POTERIE,t0800,0.0
GENEVE_LYON,GENEVE_POTERIE,t0830,0.0
GENEVE_LYON,GENEVE_RIVE,t0700,0.0
GENEVE_LYON,GENEVE_RIVE,t0730,0.0
GENEVE_LYON,GENEVE_RIVE,t0800,0.0
GENEVE_LYON,GENEVE_RIVE,t0830,0.0
GENEVE_LYON,GENEVE_SERVETTE,t0700,0.0
GENEVE_LYON,GENEVE_SERVETTE,t0730,0.0
GENEVE_LYON,GENEVE_SERVETTE,t0800,0.0
GENEVE_LYON,GENEVE_SERVETTE,t0830,0.0
GENEVE_LYON,GENEVE_STAND,t0700,0.0
GENEVE_LYON,GENEVE_STAND,t0730,0.0
GENEVE_LYON,GENEVE_STAND,t0800,0.0
GENEVE_LYON,GENEVE_STAND,t0830,0.0
GENEVE_LYON,GENEVE_TERRASSIERE,t0700,0.0
GENEVE_LYON,GENEVE_TERRASSIERE,t0730,0.0
GENEVE_LYON,GENEVE_TERRASSIERE,t0800,0.0
GENEVE_LYON,GENEVE_TERRASSIERE,t0830,0.0
GENEVE_LYON,GENEVE_VIEUSSEUX,t0700,0.0
GENEVE_LYON,GENEVE_VIEUSSEUX,t0730,0.0
GENEVE_LYON,GENEVE_VIEUSSEUX,t0800,0.0
GENEVE_LYON,GENEVE_VIEUSSEUX,t0830,0.0
GENEVE_LYON,GENEVE_VILLEREUSE,t0700,0.0
GENEVE_LYON,GENEVE_VILLEREUSE,t0730,0.0
GENEVE_LYON,GENEVE_VILLEREUSE,t0800,0.0
GENEVE_LYON,GENEVE_VILLEREUSE,t0830,0.0
GENEVE_LYON,GRAND_LANCY_DE_STAEL,t0700,0.0
GENEVE_LYON,GRAND_LANCY_DE_STAEL,t0730,0.0
GENEVE_LYON,GRAND_LANCY_DE_STAEL,t0800,0.0
GENEVE_LYON,GRAND_LANCY_DE_STAEL,t0830,0.0
GENEVE_LYON,GRAND_LANCY_PALETTES,t0700,0.0
GENEVE_LYON,GRAND_LANCY_PALETTES,t0730,0.0
GENEVE_LYON,GRAND_LANCY_PALETTES,t0800,0.0
GENEVE_LYON,GRAND_LANCY_PALETTES,t0830,0.0
GENEVE_LYON,GRAND_LANCY_PONTETS,t0700,0.0
GENEVE_LYON,GRAND_LANCY_PONTETS,t0730,0.0
GENEVE_LYON,GRAND_LANCY_PONTETS,t0800,0.0
GENEVE_LYON,GRAND_LANCY_PONTETS,t0830,0.0
GENEVE_LYON,LANCY_BACHET_GARE,t0700,0.0
GENEVE_LYON,LANCY_BACHET_GARE,t0730,0.0
GENEVE_LYON,LANCY_BACHET_GARE,t0800,0.0
GENEVE_LYON,LANCY_BACHET_GARE,t0830,0.0
GENEVE_LYON,MEYRIN_BOIS_DU_LAN,t0700,0.0
GENEVE_LYON,MEYRIN_BOIS_DU_LAN,t0730,0.0
GENEVE_LYON,MEYRIN_BOIS_DU_LAN,t0800,0.0
GENEVE_LYON,MEYRIN_BOIS_DU_LAN,t0830,0.0
GENEVE_LYON,MEYRIN_CERN,t0700,0.0
GENEVE_LYON,MEYRIN_CERN,t0730,0.0
GENEVE_LYON,MEYRIN_CERN,t0800,0.0
GENEVE_LYON,MEYRIN_CERN,t0830,0.0
GENEVE_LYON,MEYRIN_FORUMEYRIN,t0700,0.0
GENEVE_LYON,MEYRIN_FORUMEYRIN,t0730,0.0
GENEVE_LYON,MEYRIN_FORUMEYRIN,t0800,0.0
GENEVE_LYON,MEYRIN_FORUMEYRIN,t0830,0.0
GENEVE_LYON,MEYRIN_GRAVIERE,t0700,0.0
GENEVE_LYON,MEYRIN_GRAVIERE,t0730,0.0
GENEVE_LYON,MEYRIN_GRAVIERE,t0800,0.0
GENEVE_LYON,MEYRIN_GRAVIERE,t0830,0.0
GENEVE_LYON,MEYRIN_HOPITAL_DE_LA_TOUR,t0700,0.0
GENEVE_LYON,MEYRIN_HOPITAL_DE_LA_TOUR,t0730,0.0
GENEVE_LYON,MEYRIN_HOPITAL_DE_LA_TOUR,t0800,0.0
GENEVE_LYON,MEYRIN_HOPITAL_DE_LA_TOUR,t0830,0.0
GENEVE_LYON,MEYRIN_JARDIN_ALPIN_VIVARIUM,t0700,0.0
GENEVE_LYON,MEYRIN_JARDIN_ALPIN_VIVARIUM,t0730,0.0
GENEVE_LYON,MEYRIN_JARDIN_ALPIN_VIVARIUM,t0800,0.0
GENEVE_LYON,MEYRIN_JARDIN_ALPIN_VIVARIUM,t0830,0.0
GENEVE_LYON,MEYRIN_MAISONNEX,t0700,0.0
GENEVE_LYON,MEYRIN_MAISONNEX,t0730,0.0
GENEVE_LYON,MEYRIN_MAISONNEX,t0800,0.0
GENEVE_LYON,MEYRIN_MAISONNEX,t0830,0.0
GENEVE_LYON,MEYRIN_VAUDAGNE,t0700,0.0
GENEVE_LYON,MEYRIN_VAUDAGNE,t0730,0.0
GENEVE_LYON,MEYRIN_VAUDAGNE,t0800,0.0
GENEVE_LYON,MEYRIN_VAUDAGNE,t0830,0.0
GENEVE_LYON,MEYRIN_VILLAGE,t0700,0.0
GENEVE_LYON,MEYRIN_VILLAGE,t0730,0.0
GENEVE_LYON,MEYRIN_VILLAGE,t0800,0.0
GENEVE_LYON,MEYRIN_VILLAGE,t0830,0.0
GENEVE_LYON,ONEX_BANDOL,t0700,0.0
GENEVE_LYON,ONEX_BANDOL,t0730,0.0
GENEVE_LYON,ONEX_BANDOL,t0800,0.0
GENEVE_LYON,ONEX_BANDOL,t0830,0.0
GENEVE_LYON,ONEX_SALLE_COMMUNALE,t0700,0.0
GENEVE_LYON,ONEX_SALLE_COMMUNALE,t0730,0.0
GENEVE_LYON,ONEX_SALLE_COMMUNALE,t0800,0.0
GENEVE_LYON,ONEX_SALLE_COMMUNALE,t0830,0.0
GENEVE_LYON,PETIT_LANCY_LES_ESSERTS,t0700,0.0
GENEVE_LYON,PETIT_LANCY_LES_ESSERTS,t0730,0.0
GENEVE_LYON,PETIT_LANCY_LES_ESSERTS,t0800,0.0
GENEVE_LYON,PETIT_LANCY_LES_ESSERTS,t0830,0.0
GENEVE_LYON,PETIT_LANCY_PLACE,t0700,0.0
GENEVE_LYON,PETIT_LANCY_PLACE,t0730,0.0
GENEVE_LYON,PETIT_LANCY_PLACE,t0800,0.0
GENEVE_LYON,PETIT_LANCY_PLACE,t0830,0.0
GENEVE_LYON,PETIT_LANCY_QUIDORT,t0700,0.0
GENEVE_LYON,PETIT_LANCY_QUIDORT,t0730,0.0
GENEVE_LYON,PETIT_LANCY_QUIDORT,t0800,0.0
GENEVE_LYON,PETIT_LANCY_QUIDORT,t0830,0.0
GENEVE_LYON,PLAN_LES_OUATES_TREFLE_BLANC,t0700,0.0
GENEVE_LYON,PLAN_LES_OUATES_TREFLE_BLANC,t0730,0.0
GENEVE_LYON,PLAN_LES_OUATES_TREFLE_BLANC,t0800,0.0
GENEVE_LYON,PLAN_LES_OUATES_TREFLE_BLANC,t0830,0.0
GENEVE_LYON,THONEX_GRAVESON,t0700,0.0
GENEVE_LYON,THONEX_GRAVESON,t0730,0.0
GENEVE_LYON,THONEX_GRAVESON,t0800,0.0
GENEVE_LYON,THONEX_GRAVESON,t0830,0.0
GENEVE_LYON,THONEX_MOILLESULAZ,t0700,0.0
GENEVE_LYON,THONEX_MOILLESULAZ,t0730,0.0
GENEVE_LYON,THONEX_MOILLESULAZ,t0800,0.0
GENEVE_LYON,THONEX_MOILLESULAZ,t0830,0.0
GENEVE_LYON,VERNIER_AVANCHETS_ETANG,t0700,0.0
GENEVE_LYON,VERNIER_AVANCHETS_ETANG,t0730,0.0
GENEVE_LYON,VERNIER_AVANCHETS_ETANG,t0800,0.0
GENEVE_LYON,VERNIER_AVANCHETS_ETANG,t0830,0.0
GENEVE_LYON,VERNIER_BALEXERT,t0700,0.0
GENEVE_LYON,VERNIER_BALEXERT,t0730,0.0
GENEVE_LYON,VERNIER_BALEXERT,t0800,0.0
GENEVE_LYON,VERNIER_BALEXERT,t0830,0.0
GENEVE_LYON,VERNIER_BLANDONNET,t0700,0.0
GENEVE_LYON,VERNIER_BLANDONNET,t0730,0.0
GENEVE_LYON,VERNIER_BLANDONNET,t0800,0.0
GENEVE_LYON,VERNIER_BLANDONNET,t0830,0.0
GENEVE_LYON,VERNIER_BOUCHET,t0700,0.0
GENEVE_LYON,VERNIER_BOUCHET,t0730,0.0
GENEVE_LYON,VERNIER_BOUCHET,t0800,0.0
GENEVE_LYON,VERNIER_BOUCHET,t0830,0.0
GENEVE_MOLARD,BERNEX_HAINARD,t0700,0.0
GENEVE_MOLARD,BERNEX_HAINARD,t0730,0.0
GENEVE_MOLARD,BERNEX_HAINARD,t0800,0.0
GENEVE_MOLARD,BERNEX_HAINARD,t0830,0.0
GENEVE_MOLARD,BERNEX_LUCHEPELET,t0700,0.0
GENEVE_MOLARD,BERNEX_LUCHEPELET,t0730,0.0
GENEVE_MOLARD,BERNEX_LUCHEPELET,t0800,0.0
GENEVE_MOLARD,BERNEX_LUCHEPELET,t0830,0.0
GENEVE_MOLARD,BERNEX_PRE_MARAIS,t0700,0.0
GENEVE_MOLARD,BERNEX_PRE_MARAIS,t0730,0.0
GENEVE_MOLARD,BERNEX_PRE_MARAIS,t0800,0.0
GENEVE_MOLARD,BERNEX_PRE_MARAIS,t0830,0.0
GENEVE_MOLARD,BERNEX_P_R,t0700,0.0
GENEVE_MOLARD,BERNEX_P_R,t0730,0.0
GENEVE_MOLARD,BERNEX_P_R,t0800,0.0
GENEVE_MOLARD,BERNEX_P_R,t0830,0.0
GENEVE_MOLARD,BERNEX_VAILLY,t0700,0.0
GENEVE_MOLARD,BERNEX_VAILLY,t0730,0.0
GENEVE_MOLARD,BERNEX_VAILLY,t0800,0.0
GENEVE_MOLARD,BERNEX_VAILLY,t0830,0.0
GENEVE_MOLARD,CAROUGE_GE_ANCIENNE,t0700,0.0
GENEVE_MOLARD,CAROUGE_GE_ANCIENNE,t0730,0.0
GENEVE_MOLARD,CAROUGE_GE_ANCIENNE,t0800,0.0
GENEVE_MOLARD,CAROUGE_GE_ANCIENNE,t0830,0.0
GENEVE_MOLARD,CAROUGE_GE_ARMES,t0700,0.0
GENEVE_MOLARD,CAROUGE_GE_ARMES,t0730,0.0
GENEVE_MOLARD,CAROUGE_GE_ARMES,t0800,0.0
GENEVE_MOLARD,CAROUGE_GE_ARMES,t0830,0.0
GENEVE_MOLARD,CAROUGE_GE_MARCHE,t0700,0.0
GENEVE_MOLARD,CAROUGE_GE_MARCHE,t0730,0.0
GENEVE_MOLARD,CAROUGE_GE_MARCHE,t0800,0.0
GENEVE_MOLARD,CAROUGE_GE_MARCHE,t0830,0.0
GENEVE_MOLARD,CAROUGE_GE_RONDEAU,t0700,0.0
GENEVE_MOLARD,CAROUGE_GE_RONDEAU,t0730,0.0
GENEVE_MOLARD,CAROUGE_GE_RONDEAU,t0800,0.0
GENEVE_MOLARD,CAROUGE_GE_RONDEAU,t0830,0.0
GENEVE_MOLARD,CHENE_BOUGERIES_GRANGETTES,t0700,0.0
GENEVE_MOLARD,CHENE_BOUGERIES_GRANGETTES,t0730,0.0
GENEVE_MOLARD,CHENE_BOUGERIES_GRANGETTES,t0800,0.0
GENEVE_MOLARD,CHENE_BOUGERIES_GRANGETTES,t0830,0.0
GENEVE_MOLARD,CHENE_BOUGERIES_GRANGE_CANAL,t0700,0.0
GENEVE_MOLARD,CHENE_BOUGERIES_GRANGE_CANAL,t0730,0.0
GENEVE_MOLARD,CHENE_BOUGERIES_GRANGE_CANAL,t0800,0.0
GENEVE_MOLARD,CHENE_BOUGERIES_GRANGE_CANAL,t0830,0.0
GENEVE_MOLARD,CHENE_BOUGERIES_GRANGE_FALQUET,t0700,0.0
GENEVE_MOLARD,CHENE_BOUGERIES_GRANGE_FALQUET,t0730,0.0
GENEVE_MOLARD,CHENE_BOUGERIES_GRANGE_FALQUET,t0800,0.0
GENEVE_MOLARD,CHENE_BOUGERIES_GRANGE_FALQUET,t0830,0.0
GENEVE_MOLARD,CHENE_BOURG_PEILLONNEX,t0700,0.0
GENEVE_MOLARD,CHENE_BOURG_PEILLONNEX,t0730,0.0
GENEVE_MOLARD,CHENE_BOURG_PEILLONNEX,t0800,0.0
GENEVE_MOLARD,CHENE_BOURG_PEILLONNEX,t0830,0.0
GENEVE_MOLARD,CHENE_BOURG_PLACE_FAVRE,t0700,0.0
GENEVE_MOLARD,CHENE_BOURG_PLACE_FAVRE,t0730,0.0
GENEVE_MOLARD,CHENE_BOURG_PLACE_FAVRE,t0800,0.0
GENEVE_MOLARD,CHENE_BOURG_PLACE_FAVRE,t0830,0.0
GENEVE_MOLARD,CONFIGNON_CROISEE,t0700,0.0
GENEVE_MOLARD,CONFIGNON_CROISEE,t0730,0.0
GENEVE_MOLARD,CONFIGNON_CROISEE,t0800,0.0
GENEVE_MOLARD,CONFIGNON_CROISEE,t0830,0.0
GENEVE_MOLARD,CONFIGNON_LA_DODE,t0700,0.0
GENEVE_MOLARD,CONFIGNON_LA_DODE,t0730,0.0
GENEVE_MOLARD,CONFIGNON_LA_DODE,t0800,0.0
GENEVE_MOLARD,CONFIGNON_LA_DODE,t0830,0.0
GENEVE_MOLARD,GENEVE_AMANDOLIER,t0700,0.0
GENEVE_MOLARD,GENEVE_AMANDOLIER,t0730,0.0
GENEVE_MOLARD,GENEVE_AMANDOLIER,t0800,0.0
GENEVE_MOLARD,GENEVE_AMANDOLIER,t0830,0.0
GENEVE_MOLARD,GENEVE_AUGUSTINS,t0700,0.0
GENEVE_MOLARD,GENEVE_AUGUSTINS,t0730,0.0
GENEVE_MOLARD,GENEVE_AUGUSTINS,t0800,0.0
GENEVE_MOLARD,GENEVE_AUGUSTINS,t0830,0.0
GENEVE_MOLARD,GENEVE_BEL_AIR,t0700,0.0
GENEVE_MOLARD,GENEVE_BEL_AIR,t0730,0.0
GENEVE_MOLARD,GENEVE_BEL_AIR,t0800,0.0
GENEVE_MOLARD,GENEVE_BEL_AIR,t0830,0.0
GENEVE_MOLARD,GENEVE_BLANCHE,t0700,0.0
GENEVE_MOLARD,GENEVE_BLANCHE,t0730,0.0
GENEVE_MOLARD,GENEVE_BLANCHE,t0800,0.0
GENEVE_MOLARD,GENEVE_BLANCHE,t0830,0.0
GENEVE_MOLARD,GENEVE_COUTANCE,t0700,0.0
GENEVE_MOLARD,GENEVE_COUTANCE,t0730,0.0
GENEVE_MOLARD,GENEVE_COUTANCE,t0800,0.0
GENEVE_MOLARD,GENEVE_COUTANCE,t0830,0.0
GENEVE_MOLARD,GENEVE_EAUX_VIVES_GARE,t0700,0.0
GENEVE_MOLARD,GENEVE_EAUX_VIVES_GARE,t0730,0.0
GENEVE_MOLARD,GENEVE_EAUX_VIVES_GARE,t0800,0.0
GENEVE_MOLARD,GENEVE_EAUX_VIVES_GARE,t0830,0.0
GENEVE_MOLARD,GENEVE_GARE_CORNAVIN,t0700,0.0
GENEVE_MOLARD,GENEVE_GARE_CORNAVIN,t0730,0.0
GENEVE_MOLARD,GENEVE_GARE_CORNAVIN,t0800,0.0
GENEVE_MOLARD,GENEVE_GARE_CORNAVIN,t0830,0.0
GENEVE_MOLARD,GENEVE_JONCTION,t0700,0.0
GENEVE_MOLARD,GENEVE_JONCTION,t0730,0.0
GENEVE_MOLARD,GENEVE_JONCTION,t0800,0.0
GENEVE_MOLARD,GENEVE_JONCTION,t0830,0.0
GENEVE_MOLARD,GENEVE_LYON,t0700,0.0
GENEVE_MOLARD,GENEVE_LYON,t0730,0.0
GENEVE_MOLARD,GENEVE_LYON,t0800,0.0
GENEVE_MOLARD,GENEVE_LYON,t0830,0.0
GENEVE_MOLARD,GENEVE_PALLADIUM,t0700,0.0
GENEVE_MOLARD,GENEVE_PALLADIUM,t0730,0.0
GENEVE_MOLARD,GENEVE_PALLADIUM,t0800,0.0
GENEVE_MOLARD,GENEVE_PALLADIUM,t0830,0.0
GENEVE_MOLARD,GENEVE_PLACE_DE_NEUVE,t0700,0.0
GENEVE_MOLARD,GENEVE_PLACE_DE_NEUVE,t0730,0.0
GENEVE_MOLARD,GENEVE_PLACE_DE_NEUVE,t0800,0.0
GENEVE_MOLARD,GENEVE_PLACE_DE_NEUVE,t0830,0.0
GENEVE_MOLARD,GENEVE_PLAINPALAIS,t0700,0.0
GENEVE_MOLARD,GENEVE_PLAINPALAIS,t0730,0.0
GENEVE_MOLARD,GENEVE_PLAINPALAIS,t0800,0.0
GENEVE_MOLARD,GENEVE_PLAINPALAIS,t0830,0.0
GENEVE_MOLARD,GENEVE_PONT_D_ARVE,t0700,0.0
GENEVE_MOLARD,GENEVE_PONT_D_ARVE,t0730,0.0
GENEVE_MOLARD,GENEVE_PONT_D_ARVE,t0800,0.0
GENEVE_MOLARD,GENEVE_PONT_D_ARVE,t0830,0.0
GENEVE_MOLARD,GENEVE_POTERIE,t0700,0.0
GENEVE_MOLARD,GENEVE_POTERIE,t0730,0.0
GENEVE_MOLARD,GENEVE_POTERIE,t0800,0.0
GENEVE_MOLARD,GENEVE_POTERIE,t0830,0.0
GENEVE_MOLARD,GENEVE_RIVE,t0700,0.0
GENEVE_MOLARD,GENEVE_RIVE,t0730,0.0
GENEVE_MOLARD,GENEVE_RIVE,t0800,0.0
GENEVE_MOLARD,GENEVE_RIVE,t0830,0.0
GENEVE_MOLARD,GENEVE_SERVETTE,t0700,0.0
GENEVE_MOLARD,GENEVE_SERVETTE,t0730,0.0
GENEVE_MOLARD,GENEVE_SERVETTE,t0800,0.0
GENEVE_MOLARD,GENEVE_SERVETTE,t0830,0.0
GENEVE_MOLARD,GENEVE_STAND,t0700,0.0
GENEVE_MOLARD,GENEVE_STAND,t0730,0.0
GENEVE_MOLARD,GENEVE_STAND,t0800,0.0
GENEVE_MOLARD,GENEVE_STAND,t0830,0.0
GENEVE_MOLARD,GENEVE_TERRASSIERE,t0700,0.0
GENEVE_MOLARD,GENEVE_TERRASSIERE,t0730,0.0
GENEVE_MOLARD,GENEVE_TERRASSIERE,t0800,0.0
GENEVE_MOLARD,GENEVE_TERRASSIERE,t0830,0.0
GENEVE_MOLARD,GENEVE_VIEUSSEUX,t0700,0.0
GENEVE_MOLARD,GENEVE_VIEUSSEUX,t0730,0.0
GENEVE_MOLARD,GENEVE_VIEUSSEUX,t0800,0.0
GENEVE_MOLARD,GENEVE_VIEUSSEUX,t0830,0.0
GENEVE_MOLARD,GENEVE_VILLEREUSE,t0700,0.0
GENEVE_MOLARD,GENEVE_VILLEREUSE,t0730,0.0
GENEVE_MOLARD,GENEVE_VILLEREUSE,t0800,0.0
GENEVE_MOLARD,GENEVE_VILLEREUSE,t0830,0.0
GENEVE_MOLARD,GRAND_LANCY_DE_STAEL,t0700,0.0
GENEVE_MOLARD,GRAND_LANCY_DE_STAEL,t0730,0.0
GENEVE_MOLARD,GRAND_LANCY_DE_STAEL,t0800,0.0
GENEVE_MOLARD,GRAND_LANCY_DE_STAEL,t0830,0.0
GENEVE_MOLARD,GRAND_LANCY_PALETTES,t0700,0.0
GENEVE_MOLARD,GRAND_LANCY_PALETTES,t0730,0.0
GENEVE_MOLARD,GRAND_LANCY_PALETTES,t0800,0.0
GENEVE_MOLARD,GRAND_LANCY_PALETTES,t0830,0.0
GENEVE_MOLARD,GRAND_LANCY_PONTETS,t0700,0.0
GENEVE_MOLARD,GRAND_LANCY_PONTETS,t0730,0.0
GENEVE_MOLARD,GRAND_LANCY_PONTETS,t0800,0.0
GENEVE_MOLARD,GRAND_LANCY_PONTETS,t0830,0.0
GENEVE_MOLARD,LANCY_BACHET_GARE,t0700,0.0
GENEVE_MOLARD,LANCY_BACHET_GARE,t0730,0.0
GENEVE_MOLARD,LANCY_BACHET_GARE,t0800,0.0
GENEVE_MOLARD,LANCY_BACHET_GARE,t0830,0.0
GENEVE_MOLARD,MEYRIN_BOIS_DU_LAN,t0700,0.0
GENEVE_MOLARD,MEYRIN_BOIS_DU_LAN,t0730,0.0
GENEVE_MOLARD,MEYRIN_BOIS_DU_LAN,t0800,0.0
GENEVE_MOLARD,MEYRIN_BOIS_DU_LAN,t0830,0.0
GENEVE_MOLARD,MEYRIN_CERN,t0700,0.0
GENEVE_MOLARD,MEYRIN_CERN,t0730,0.0
GENEVE_MOLARD,MEYRIN_CERN,t0800,0.0
GENEVE_MOLARD,MEYRIN_CERN,t0830,0.0
GENEVE_MOLARD,MEYRIN_FORUMEYRIN,t0700,0.0
GENEVE_MOLARD,MEYRIN_FORUMEYRIN,t0730,0.0
GENEVE_MOLARD,MEYRIN_FORUMEYRIN,t0800,0.0
GENEVE_MOLARD,MEYRIN_FORUMEYRIN,t0830,0.0
GENEVE_MOLARD,MEYRIN_GRAVIERE,t0700,0.0
GENEVE_MOLARD,MEYRIN_GRAVIERE,t0730,0.0
GENEVE_MOLARD,MEYRIN_GRAVIERE,t0800,0.0
GENEVE_MOLARD,MEYRIN_GRAVIERE,t0830,0.0
GENEVE_MOLARD,MEYRIN_HOPITAL_DE_LA_TOUR,t0700,0.0
GENEVE_MOLARD,MEYRIN_HOPITAL_DE_LA_TOUR,t0730,0.0
GENEVE_MOLARD,MEYRIN_HOPITAL_DE_LA_TOUR,t0800,0.0
GENEVE_MOLARD,MEYRIN_HOPITAL_DE_LA_TOUR,t0830,0.0
GENEVE_MOLARD,MEYRIN_JARDIN_ALPIN_VIVARIUM,t0700,0.0
GENEVE_MOLARD,MEYRIN_JARDIN_ALPIN_VIVARIUM,t0730,0.0
GENEVE_MOLARD,MEYRIN_JARDIN_ALPIN_VIVARIUM,t0800,0.0
GENEVE_MOLARD,MEYRIN_JARDIN_ALPIN_VIVARIUM,t0830,0.0
GENEVE_MOLARD,MEYRIN_MAISONNEX,t0700,0.0
GENEVE_MOLARD,MEYRIN_MAISONNEX,t0730,0.0
GENEVE_MOLARD,MEYRIN_MAISONNEX,t0800,0.0
GENEVE_MOLARD,MEYRIN_MAISONNEX,t0830,0.0
GENEVE_MOLARD,MEYRIN_VAUDAGNE,t0700,0.0
GENEVE_MOLARD,MEYRIN_VAUDAGNE,t0730,0.0
GENEVE_MOLARD,MEYRIN_VAUDAGNE,t0800,0.0
GENEVE_MOLARD,MEYRIN_VAUDAGNE,t0830,0.0
GENEVE_MOLARD,MEYRIN_VILLAGE,t0700,0.0
GENEVE_MOLARD,MEYRIN_VILLAGE,t0730,0.0
GENEVE_MOLARD,MEYRIN_VILLAGE,t0800,0.0
GENEVE_MOLARD,MEYRIN_VILLAGE,t0830,0.0
GENEVE_MOLARD,ONEX_BANDOL,t0700,0.0
GENEVE_MOLARD,ONEX_BANDOL,t0730,0.0
GENEVE_MOLARD,ONEX_BANDOL,t0800,0.0
GENEVE_MOLARD,ONEX_BANDOL,t0830,0.0
GENEVE_MOLARD,ONEX_SALLE_COMMUNALE,t0700,0.0
GENEVE_MOLARD,ONEX_SALLE_COMMUNALE,t0730,0.0
GENEVE_MOLARD,ONEX_SALLE_COMMUNALE,t0800,0.0
GENEVE_MOLARD,ONEX_SALLE_COMMUNALE,t0830,0.0
GENEVE_MOLARD,PETIT_LANCY_LES_ESSERTS,t0700,0.0
GENEVE_MOLARD,PETIT_LANCY_LES_ESSERTS,t0730,0.0
GENEVE_MOLARD,PETIT_LANCY_LES_ESSERTS,t0800,0.0
GENEVE_MOLARD,PETIT_LANCY_LES_ESSERTS,t0830,0.0
GENEVE_MOLARD,PETIT_LANCY_PLACE,t0700,0.0
GENEVE_MOLARD,PETIT_LANCY_PLACE,t0730,0.0
GENEVE_MOLARD,PETIT_LANCY_PLACE,t0800,0.0
GENEVE_MOLARD,PETIT_LANCY_PLACE,t0830,0.0
GENEVE_MOLARD,PETIT_LANCY_QUIDORT,t0700,0.0
GENEVE_MOLARD,PETIT_LANCY_QUIDORT,t0730,0.0
GENEVE_MOLARD,PETIT_LANCY_QUIDORT,t0800,0.0
GENEVE_MOLARD,PETIT_LANCY_QUIDORT,t0830,0.0
GENEVE_MOLARD,PLAN_LES_OUATES_TREFLE_BLANC,t0700,0.0
GENEVE_MOLARD,PLAN_LES_OUATES_TREFLE_BLANC,t0730,0.0
GENEVE_MOLARD,PLAN_LES_OUATES_TREFLE_BLANC,t0800,0.0
GENEVE_MOLARD,PLAN_LES_OUATES_TREFLE_BLANC,t0830,0.0
GENEVE_MOLARD,THONEX_GRAVESON,t0700,0.0
GENEVE_MOLARD,THONEX_GRAVESON,t0730,0.0
GENEVE_MOLARD,THONEX_GRAVESON,t0800,0.0
GENEVE_MOLARD,THONEX_GRAVESON,t0830,0.0
GENEVE_MOLARD,THONEX_MOILLESULAZ,t0700,0.0
GENEVE_MOLARD,THONEX_MOILLESULAZ,t0730,0.0
GENEVE_MOLARD,THONEX_MOILLESULAZ,t0800,0.0
GENEVE_MOLARD,THONEX_MOILLESULAZ,t0830,0.0
GENEVE_MOLARD,VERNIER_AVANCHETS_ETANG,t0700,0.0
GENEVE_MOLARD,VERNIER_AVANCHETS_ETANG,t0730,0.0
GENEVE_MOLARD,VERNIER_AVANCHETS_ETANG,t0800,0.0
GENEVE_MOLARD,VERNIER_AVANCHETS_ETANG,t0830,0.0
GENEVE_MOLARD,VERNIER_BALEXERT,t0700,0.0
GENEVE_MOLARD,VERNIER_BALEXERT,t0730,0.0
GENEVE_MOLARD,VERNIER_BALEXERT,t0800,0.0
GENEVE_MOLARD,VERNIER_BALEXERT,t0830,0.0
GENEVE_MOLARD,VERNIER_BLANDONNET,t0700,0.0
GENEVE_MOLARD,VERNIER_BLANDONNET,t0730,0.0
GENEVE_MOLARD,VERNIER_BLANDONNET,t0800,0.0
GENEVE_MOLARD,VERNIER_BLANDONNET,t0830,0.0
GENEVE_MOLARD,VERNIER_BOUCHET,t0700,0.0
GENEVE_MOLARD,VERNIER_BOUCHET,t0730,0.0
GENEVE_MOLARD,VERNIER_BOUCHET,t0800,0.0
GENEVE_MOLARD,VERNIER_BOUCHET,t0830,0.0
GENEVE_PALLADIUM,BERNEX_HAINARD,t0700,0.0
GENEVE_PALLADIUM,BERNEX_HAINARD,t0730,0.0
GENEVE_PALLADIUM,BERNEX_HAINARD,t0800,0.0
GENEVE_PALLADIUM,BERNEX_HAINARD,t0830,0.0
GENEVE_PALLADIUM,BERNEX_LUCHEPELET,t0700,0.0
GENEVE_PALLADIUM,BERNEX_LUCHEPELET,t0730,0.0
GENEVE_PALLADIUM,BERNEX_LUCHEPELET,t0800,0.0
GENEVE_PALLADIUM,BERNEX_LUCHEPELET,t0830,0.0
GENEVE_PALLADIUM,BERNEX_PRE_MARAIS,t0700,0.0
GENEVE_PALLADIUM,BERNEX_PRE_MARAIS,t0730,0.0
GENEVE_PALLADIUM,BERNEX_PRE_MARAIS,t0800,0.0
GENEVE_PALLADIUM,BERNEX_PRE_MARAIS,t0830,0.0
GENEVE_PALLADIUM,BERNEX_P_R,t0700,0.0
GENEVE_PALLADIUM,BERNEX_P_R,t0730,0.0
GENEVE_PALLADIUM,BERNEX_P_R,t0800,0.0
GENEVE_PALLADIUM,BERNEX_P_R,t0830,0.0
GENEVE_PALLADIUM,BERNEX_VAILLY,t0700,0.0
GENEVE_PALLADIUM,BERNEX_VAILLY,t0730,0.0
GENEVE_PALLADIUM,BERNEX_VAILLY,t0800,0.0
GENEVE_PALLADIUM,BERNEX_VAILLY,t0830,0.0
GENEVE_PALLADIUM,CAROUGE_GE_ANCIENNE,t0700,0.0
GENEVE_PALLADIUM,CAROUGE_GE_ANCIENNE,t0730,0.0
GENEVE_PALLADIUM,CAROUGE_GE_ANCIENNE,t0800,0.0
GENEVE_PALLADIUM,CAROUGE_GE_ANCIENNE,t0830,0.0
GENEVE_PALLADIUM,CAROUGE_GE_ARMES,t0700,0.0
GENEVE_PALLADIUM,CAROUGE_GE_ARMES,t0730,0.0
GENEVE_PALLADIUM,CAROUGE_GE_ARMES,t0800,0.0
GENEVE_PALLADIUM,CAROUGE_GE_ARMES,t0830,0.0
GENEVE_PALLADIUM,CAROUGE_GE_MARCHE,t0700,0.0
GENEVE_PALLADIUM,CAROUGE_GE_MARCHE,t0730,0.0
GENEVE_PALLADIUM,CAROUGE_GE_MARCHE,t0800,0.0
GENEVE_PALLADIUM,CAROUGE_GE_MARCHE,t0830,0.0
GENEVE_PALLADIUM,CAROUGE_GE_RONDEAU,t0700,0.0
GENEVE_PALLADIUM,CAROUGE_GE_RONDEAU,t0730,0.0
GENEVE_PALLADIUM,CAROUGE_GE_RONDEAU,t0800,0.0
GENEVE_PALLADIUM,CAROUGE_GE_RONDEAU,t0830,0.0
GENEVE_PALLADIUM,CHENE_BOUGERIES_GRANGETTES,t0700,0.0
GENEVE_PALLADIUM,CHENE_BOUGERIES_GRANGETTES,t0730,0.0
GENEVE_PALLADIUM,CHENE_BOUGERIES_GRANGETTES,t0800,0.0
GENEVE_PALLADIUM,CHENE_BOUGERIES_GRANGETTES,t0830,0.0
GENEVE_PALLADIUM,CHENE_BOUGERIES_GRANGE_CANAL,t0700,0.0
GENEVE_PALLADIUM,CHENE_BOUGERIES_GRANGE_CANAL,t0730,0.0
GENEVE_PALLADIUM,CHENE_BOUGERIES_GRANGE_CANAL,t0800,0.0
GENEVE_PALLADIUM,CHENE_BOUGERIES_GRANGE_CANAL,t0830,0.0
GENEVE_PALLADIUM,CHENE_BOUGERIES_GRANGE_FALQUET,t0700,0.0
GENEVE_PALLADIUM,CHENE_BOUGERIES_GRANGE_FALQUET,t0730,0.0
GENEVE_PALLADIUM,CHENE_BOUGERIES_GRANGE_FALQUET,t0800,0.0
GENEVE_PALLADIUM,CHENE_BOUGERIES_GRANGE_FALQUET,t0830,0.0
GENEVE_PALLADIUM,CHENE_BOURG_PEILLONNEX,t0700,0.0
GENEVE_PALLADIUM,CHENE_BOURG_PEILLONNEX,t0730,0.0
GENEVE_PALLADIUM,CHENE_BOURG_PEILLONNEX,t0800,0.0
GENEVE_PALLADIUM,CHENE_BOURG_PEILLONNEX,t0830,0.0
GENEVE_PALLADIUM,CHENE_BOURG_PLACE_FAVRE,t0700,0.0
GENEVE_PALLADIUM,CHENE_BOURG_PLACE_FAVRE,t0730,0.0
GENEVE_PALLADIUM,CHENE_BOURG_PLACE_FAVRE,t0800,0.0
GENEVE_PALLADIUM,CHENE_BOURG_PLACE_FAVRE,t0830,0.0
GENEVE_PALLADIUM,CONFIGNON_CROISEE,t0700,0.0
GENEVE_PALLADIUM,CONFIGNON_CROISEE,t0730,0.0
GENEVE_PALLADIUM,CONFIGNON_CROISEE,t0800,0.0
GENEVE_PALLADIUM,CONFIGNON_CROISEE,t0830,0.0
GENEVE_PALLADIUM,CONFIGNON_LA_DODE,t0700,0.0
GENEVE_PALLADIUM,CONFIGNON_LA_DODE,t0730,0.0
GENEVE_PALLADIUM,CONFIGNON_LA_DODE,t0800,0.0
GENEVE_PALLADIUM,CONFIGNON_LA_DODE,t0830,0.0
GENEVE_PALLADIUM,GENEVE_AMANDOLIER,t0700,0.0
GENEVE_PALLADIUM,GENEVE_AMANDOLIER,t0730,0.0
GENEVE_PALLADIUM,GENEVE_AMANDOLIER,t0800,0.0
GENEVE_PALLADIUM,GENEVE_AMANDOLIER,t0830,0.0
GENEVE_PALLADIUM,GENEVE_AUGUSTINS,t0700,0.0
GENEVE_PALLADIUM,GENEVE_AUGUSTINS,t0730,0.0
GENEVE_PALLADIUM,GENEVE_AUGUSTINS,t0800,0.0
GENEVE_PALLADIUM,GENEVE_AUGUSTINS,t0830,0.0
GENEVE_PALLADIUM,GENEVE_BEL_AIR,t0700,0.0
GENEVE_PALLADIUM,GENEVE_BEL_AIR,t0730,0.0
GENEVE_PALLADIUM,GENEVE_BEL_AIR,t0800,0.0
GENEVE_PALLADIUM,GENEVE_BEL_AIR,t0830,0.0
GENEVE_PALLADIUM,GENEVE_BLANCHE,t0700,0.0
GENEVE_PALLADIUM,GENEVE_BLANCHE,t0730,0.0
GENEVE_PALLADIUM,GENEVE_BLANCHE,t0800,0.0
GENEVE_PALLADIUM,GENEVE_BLANCHE,t0830,0.0
GENEVE_PALLADIUM,GENEVE_COUTANCE,t0700,0.0
GENEVE_PALLADIUM,GENEVE_COUTANCE,t0730,0.0
GENEVE_PALLADIUM,GENEVE_COUTANCE,t0800,0.0
GENEVE_PALLADIUM,GENEVE_COUTANCE,t0830,0.0
GENEVE_PALLADIUM,GENEVE_EAUX_VIVES_GARE,t0700,0.0
GENEVE_PALLADIUM,GENEVE_EAUX_VIVES_GARE,t0730,0.0
GENEVE_PALLADIUM,GENEVE_EAUX_VIVES_GARE,t0800,0.0
GENEVE_PALLADIUM,GENEVE_EAUX_VIVES_GARE,t0830,0.0
GENEVE_PALLADIUM,GENEVE_GARE_CORNAVIN,t0700,0.0
GENEVE_PALLADIUM,GENEVE_GARE_CORNAVIN,t0730,0.0
GENEVE_PALLADIUM,GENEVE_GARE_CORNAVIN,t0800,0.0
GENEVE_PALLADIUM,GENEVE_GARE_CORNAVIN,t0830,0.0
GENEVE_PALLADIUM,GENEVE_JONCTION,t0700,0.0
GENEVE_PALLADIUM,GENEVE_JONCTION,t0730,0.0
GENEVE_PALLADIUM,GENEVE_JONCTION,t0800,0.0
GENEVE_PALLADIUM,GENEVE_JONCTION,t0830,0.0
GENEVE_PALLADIUM,GENEVE_LYON,t0700,0.0
GENEVE_PALLADIUM,GENEVE_LYON,t0730,0.0
GENEVE_PALLADIUM,GENEVE_LYON,t0800,0.0
GENEVE_PALLADIUM,GENEVE_LYON,t0830,0.0
GENEVE_PALLADIUM,GENEVE_MOLARD,t0700,0.0
GENEVE_PALLADIUM,GENEVE_MOLARD,t0730,0.0
GENEVE_PALLADIUM,GENEVE_MOLARD,t0800,0.0
GENEVE_PALLADIUM,GENEVE_MOLARD,t0830,0.0
GENEVE_PALLADIUM,GENEVE_PLACE_DE_NEUVE,t0700,0.0
GENEVE_PALLADIUM,GENEVE_PLACE_DE_NEUVE,t0730,0.0
GENEVE_PALLADIUM,GENEVE_PLACE_DE_NEUVE,t0800,0.0
GENEVE_PALLADIUM,GENEVE_PLACE_DE_NEUVE,t0830,0.0
GENEVE_PALLADIUM,GENEVE_PLAINPALAIS,t0700,0.0
GENEVE_PALLADIUM,GENEVE_PLAINPALAIS,t0730,0.0
GENEVE_PALLADIUM,GENEVE_PLAINPALAIS,t0800,0.0
GENEVE_PALLADIUM,GENEVE_PLAINPALAIS,t0830,0.0
GENEVE_PALLADIUM,GENEVE_PONT_D_ARVE,t0700,0.0
GENEVE_PALLADIUM,GENEVE_PONT_D_ARVE,t0730,0.0
GENEVE_PALLADIUM,GENEVE_PONT_D_ARVE,t0800,0.0
GENEVE_PALLADIUM,GENEVE_PONT_D_ARVE,t0830,0.0
GENEVE_PALLADIUM,GENEVE_POTERIE,t0700,0.0
GENEVE_PALLADIUM,GENEVE_POTERIE,t0730,0.0
GENEVE_PALLADIUM,GENEVE_POTERIE,t0800,0.0
GENEVE_PALLADIUM,GENEVE_POTERIE,t0830,0.0
GENEVE_PALLADIUM,GENEVE_RIVE,t0700,0.0
GENEVE_PALLADIUM,GENEVE_RIVE,t0730,0.0
GENEVE_PALLADIUM,GENEVE_RIVE,t0800,0.0
GENEVE_PALLADIUM,GENEVE_RIVE,t0830,0.0
GENEVE_PALLADIUM,GENEVE_SERVETTE,t0700,0.0
GENEVE_PALLADIUM,GENEVE_SERVETTE,t0730,0.0
GENEVE_PALLADIUM,GENEVE_SERVETTE,t0800,0.0
GENEVE_PALLADIUM,GENEVE_SERVETTE,t0830,0.0
GENEVE_PALLADIUM,GENEVE_STAND,t0700,0.0
GENEVE_PALLADIUM,GENEVE_STAND,t0730,0.0
GENEVE_PALLADIUM,GENEVE_STAND,t0800,0.0
GENEVE_PALLADIUM,GENEVE_STAND,t0830,0.0
GENEVE_PALLADIUM,GENEVE_TERRASSIERE,t0700,0.0
GENEVE_PALLADIUM,GENEVE_TERRASSIERE,t0730,0.0
GENEVE_PALLADIUM,GENEVE_TERRASSIERE,t0800,0.0
GENEVE_PALLADIUM,GENEVE_TERRASSIERE,t0830,0.0
GENEVE_PALLADIUM,GENEVE_VIEUSSEUX,t0700,0.0
GENEVE_PALLADIUM,GENEVE_VIEUSSEUX,t0730,0.0
GENEVE_PALLADIUM,GENEVE_VIEUSSEUX,t0800,0.0
GENEVE_PALLADIUM,GENEVE_VIEUSSEUX,t0830,0.0
GENEVE_PALLADIUM,GENEVE_VILLEREUSE,t0700,0.0
GENEVE_PALLADIUM,GENEVE_VILLEREUSE,t0730,0.0
GENEVE_PALLADIUM,GENEVE_VILLEREUSE,t0800,0.0
GENEVE_PALLADIUM,GENEVE_VILLEREUSE,t0830,0.0
GENEVE_PALLADIUM,GRAND_LANCY_DE_STAEL,t0700,0.0
GENEVE_PALLADIUM,GRAND_LANCY_DE_STAEL,t0730,0.0
GENEVE_PALLADIUM,GRAND_LANCY_DE_STAEL,t0800,0.0
GENEVE_PALLADIUM,GRAND_LANCY_DE_STAEL,t0830,0.0
GENEVE_PALLADIUM,GRAND_LANCY_PALETTES,t0700,0.0
GENEVE_PALLADIUM,GRAND_LANCY_PALETTES,t0730,0.0
GENEVE_PALLADIUM,GRAND_LANCY_PALETTES,t0800,0.0
GENEVE_PALLADIUM,GRAND_LANCY_PALETTES,t0830,0.0
GENEVE_PALLADIUM,GRAND_LANCY_PONTETS,t0700,0.0
GENEVE_PALLADIUM,GRAND_LANCY_PONTETS,t0730,0.0
GENEVE_PALLADIUM,GRAND_LANCY_PONTETS,t0800,0.0
GENEVE_PALLADIUM,GRAND_LANCY_PONTETS,t0830,0.0
GENEVE_PALLADIUM,LANCY_BACHET_GARE,t0700,0.0
GENEVE_PALLADIUM,LANCY_BACHET_GARE,t0730,0.0
GENEVE_PALLADIUM,LANCY_BACHET_GARE,t0800,0.0
GENEVE_PALLADIUM,LANCY_BACHET_GARE,t0830,0.0
GENEVE_PALLADIUM,MEYRIN_BOIS_DU_LAN,t0700,0.0
GENEVE_PALLADIUM,MEYRIN_BOIS_DU_LAN,t0730,0.0
GENEVE_PALLADIUM,MEYRIN_BOIS_DU_LAN,t0800,0.0
GENEVE_PALLADIUM,MEYRIN_BOIS_DU_LAN,t0830,0.0
GENEVE_PALLADIUM,MEYRIN_CERN,t0700,0.0
GENEVE_PALLADIUM,MEYRIN_CERN,t0730,0.0
GENEVE_PALLADIUM,MEYRIN_CERN,t0800,0.0
GENEVE_PALLADIUM,MEYRIN_CERN,t0830,0.0
GENEVE_PALLADIUM,MEYRIN_FORUMEYRIN,t0700,0.0
GENEVE_PALLADIUM,MEYRIN_FORUMEYRIN,t0730,0.0
GENEVE_PALLADIUM,MEYRIN_FORUMEYRIN,t0800,0.0
GENEVE_PALLADIUM,MEYRIN_FORUMEYRIN,t0830,0.0
GENEVE_PALLADIUM,MEYRIN_GRAVIERE,t0700,0.0
GENEVE_PALLADIUM,MEYRIN_GRAVIERE,t0730,0.0
GENEVE_PALLADIUM,MEYRIN_GRAVIERE,t0800,0.0
GENEVE_PALLADIUM,MEYRIN_GRAVIERE,t0830,0.0
GENEVE_PALLADIUM,MEYRIN_HOPITAL_DE_LA_TOUR,t0700,0.0
GENEVE_PALLADIUM,MEYRIN_HOPITAL_DE_LA_TOUR,t0730,0.0
GENEVE_PALLADIUM,MEYRIN_HOPITAL_DE_LA_TOUR,t0800,0.0
GENEVE_PALLADIUM,MEYRIN_HOPITAL_DE_LA_TOUR,t0830,0.0
GENEVE_PALLADIUM,MEYRIN_JARDIN_ALPIN_VIVARIUM,t0700,0.0
GENEVE_PALLADIUM,MEYRIN_JARDIN_ALPIN_VIVARIUM,t0730,0.0
GENEVE_PALLADIUM,MEYRIN_JARDIN_ALPIN_VIVARIUM,t0800,0.0
GENEVE_PALLADIUM,MEYRIN_JARDIN_ALPIN_VIVARIUM,t0830,0.0
GENEVE_PALLADIUM,MEYRIN_MAISONNEX,t0700,0.0
GENEVE_PALLADIUM,MEYRIN_MAISONNEX,t0730,0.0
GENEVE_PALLADIUM,MEYRIN_MAISONNEX,t0800,0.0
GENEVE_PALLADIUM,MEYRIN_MAISONNEX,t0830,0.0
GENEVE_PALLADIUM,MEYRIN_VAUDAGNE,t0700,0.0
GENEVE_PALLADIUM,MEYRIN_VAUDAGNE,t0730,0.0
GENEVE_PALLADIUM,MEYRIN_VAUDAGNE,t0800,0.0
GENEVE_PALLADIUM,MEYRIN_VAUDAGNE,t0830,0.0
GENEVE_PALLADIUM,MEYRIN_VILLAGE,t0700,0.0
GENEVE_PALLADIUM,MEYRIN_VILLAGE,t0730,0.0
GENEVE_PALLADIUM,MEYRIN_VILLAGE,t0800,0.0
GENEVE_PALLADIUM,MEYRIN_VILLAGE,t0830,0.0
GENEVE_PALLADIUM,ONEX_BANDOL,t0700,0.0
GENEVE_PALLADIUM,ONEX_BANDOL,t0730,0.0
GENEVE_PALLADIUM,ONEX_BANDOL,t0800,0.0
GENEVE_PALLADIUM,ONEX_BANDOL,t0830,0.0
GENEVE_PALLADIUM,ONEX_SALLE_COMMUNALE,t0700,0.0
GENEVE_PALLADIUM,ONEX_SALLE_COMMUNALE,t0730,0.0
GENEVE_PALLADIUM,ONEX_SALLE_COMMUNALE,t0800,0.0
GENEVE_PALLADIUM,ONEX_SALLE_COMMUNALE,t0830,0.0
GENEVE_PALLADIUM,PETIT_LANCY_LES_ESSERTS,t0700,0.0
GENEVE_PALLADIUM,PETIT_LANCY_LES_ESSERTS,t0730,0.0
GENEVE_PALLADIUM,PETIT_LANCY_LES_ESSERTS,t0800,0.0
GENEVE_PALLADIUM,PETIT_LANCY_LES_ESSERTS,t0830,0.0
GENEVE_PALLADIUM,PETIT_LANCY_PLACE,t0700,0.0
GENEVE_PALLADIUM,PETIT_LANCY_PLACE,t0730,0.0
GENEVE_PALLADIUM,PETIT_LANCY_PLACE,t0800,0.0
GENEVE_PALLADIUM,PETIT_LANCY_PLACE,t0830,0.0
GENEVE_PALLADIUM,PETIT_LANCY_QUIDORT,t0700,0.0
GENEVE_PALLADIUM,PETIT_LANCY_QUIDORT,t0730,0.0
GENEVE_PALLADIUM,PETIT_LANCY_QUIDORT,t0800,0.0
GENEVE_PALLADIUM,PETIT_LANCY_QUIDORT,t0830,0.0
GENEVE_PALLADIUM,PLAN_LES_OUATES_TREFLE_BLANC,t0700,0.0
GENEVE_PALLADIUM,PLAN_LES_OUATES_TREFLE_BLANC,t0730,0.0
GENEVE_PALLADIUM,PLAN_LES_OUATES_TREFLE_BLANC,t0800,0.0
GENEVE_PALLADIUM,PLAN_LES_OUATES_TREFLE_BLANC,t0830,0.0
GENEVE_PALLADIUM,THONEX_GRAVESON,t0700,0.0
GENEVE_PALLADIUM,THONEX_GRAVESON,t0730,0.0
GENEVE_PALLADIUM,THONEX_GRAVESON,t0800,0.0
GENEVE_PALLADIUM,THONEX_GRAVESON,t0830,0.0
GENEVE_PALLADIUM,THONEX_MOILLESULAZ,t0700,0.0
GENEVE_PALLADIUM,THONEX_MOILLESULAZ,t0730,0.0
GENEVE_PALLADIUM,THONEX_MOILLESULAZ,t0800,0.0
GENEVE_PALLADIUM,THONEX_MOILLESULAZ,t0830,0.0
GENEVE_PALLADIUM,VERNIER_AVANCHETS_ETANG,t0700,0.0
GENEVE_PALLADIUM,VERNIER_AVANCHETS_ETANG,t0730,0.0
GENEVE_PALLADIUM,VERNIER_AVANCHETS_ETANG,t0800,0.0
GENEVE_PALLADIUM,VERNIER_AVANCHETS_ETANG,t0830,0.0
GENEVE_PALLADIUM,VERNIER_BALEXERT,t0700,0.0
GENEVE_PALLADIUM,VERNIER_BALEXERT,t0730,0.0
GENEVE_PALLADIUM,VERNIER_BALEXERT,t0800,0.0
GENEVE_PALLADIUM,VERNIER_BALEXERT,t0830,0.0
GENEVE_PALLADIUM,VERNIER_BLANDONNET,t0700,0.0
GENEVE_PALLADIUM,VERNIER_BLANDONNET,t0730,0.0
GENEVE_PALLADIUM,VERNIER_BLANDONNET,t0800,0.0
GENEVE_PALLADIUM,VERNIER_BLANDONNET,t0830,0.0
GENEVE_PALLADIUM,VERNIER_BOUCHET,t0700,0.0
GENEVE_PALLADIUM,VERNIER_BOUCHET,t0730,0.0
GENEVE_PALLADIUM,VERNIER_BOUCHET,t0800,0.0
GENEVE_PALLADIUM,VERNIER_BOUCHET,t0830,0.0
GENEVE_PLACE_DE_NEUVE,BERNEX_HAINARD,t0700,0.0
GENEVE_PLACE_DE_NEUVE,BERNEX_HAINARD,t0730,0.0
GENEVE_PLACE_DE_NEUVE,BERNEX_HAINARD,t0800,0.0
GENEVE_PLACE_DE_NEUVE,BERNEX_HAINARD,t0830,0.0
GENEVE_PLACE_DE_NEUVE,BERNEX_LUCHEPELET,t0700,0.0
GENEVE_PLACE_DE_NEUVE,BERNEX_LUCHEPELET,t0730,0.0
GENEVE_PLACE_DE_NEUVE,BERNEX_LUCHEPELET,t0800,0.0
GENEVE_PLACE_DE_NEUVE,BERNEX_LUCHEPELET,t0830,0.0
GENEVE_PLACE_DE_NEUVE,BERNEX_PRE_MARAIS,t0700,0.0
GENEVE_PLACE_DE_NEUVE,BERNEX_PRE_MARAIS,t0730,0.0
GENEVE_PLACE_DE_NEUVE,BERNEX_PRE_MARAIS,t0800,0.0
GENEVE_PLACE_DE_NEUVE,BERNEX_PRE_MARAIS,t0830,0.0
GENEVE_PLACE_DE_NEUVE,BERNEX_P_R,t0700,0.0
GENEVE_PLACE_DE_NEUVE,BERNEX_P_R,t0730,0.0
GENEVE_PLACE_DE_NEUVE,BERNEX_P_R,t0800,0.0
GENEVE_PLACE_DE_NEUVE,BERNEX_P_R,t0830,0.0
GENEVE_PLACE_DE_NEUVE,BERNEX_VAILLY,t0700,0.0
GENEVE_PLACE_DE_NEUVE,BERNEX_VAILLY,t0730,0.0
GENEVE_PLACE_DE_NEUVE,BERNEX_VAILLY,t0800,0.0
GENEVE_PLACE_DE_NEUVE,BERNEX_VAILLY,t0830,0.0
GENEVE_PLACE_DE_NEUVE,CAROUGE_GE_ANCIENNE,t0700,0.0
GENEVE_PLACE_DE_NEUVE,CAROUGE_GE_ANCIENNE,t0730,0.0
GENEVE_PLACE_DE_NEUVE,CAROUGE_GE_ANCIENNE,t0800,0.0
GENEVE_PLACE_DE_NEUVE,CAROUGE_GE_ANCIENNE,t0830,0.0
GENEVE_PLACE_DE_NEUVE,CAROUGE_GE_ARMES,t0700,0.0
GENEVE_PLACE_DE_NEUVE,CAROUGE_GE_ARMES,t0730,0.0
GENEVE_PLACE_DE_NEUVE,CAROUGE_GE_ARMES,t0800,0.0
GENEVE_PLACE_DE_NEUVE,CAROUGE_GE_ARMES,t0830,0.0
GENEVE_PLACE_DE_NEUVE,CAROUGE_GE_MARCHE,t0700,0.0
GENEVE_PLACE_DE_NEUVE,CAROUGE_GE_MARCHE,t0730,0.0
GENEVE_PLACE_DE_NEUVE,CAROUGE_GE_MARCHE,t0800,0.0
GENEVE_PLACE_DE_NEUVE,CAROUGE_GE_MARCHE,t0830,0.0
GENEVE_PLACE_DE_NEUVE,CAROUGE_GE_RONDEAU,t0700,0.0
GENEVE_PLACE_DE_NEUVE,CAROUGE_GE_RONDEAU,t0730,0.0
GENEVE_PLACE_DE_NEUVE,CAROUGE_GE_RONDEAU,t0800,0.0
GENEVE_PLACE_DE_NEUVE,CAROUGE_GE_RONDEAU,t0830,0.0
GENEVE_PLACE_DE_NEUVE,CHENE_BOUGERIES_GRANGETTES,t0700,0.0
GENEVE_PLACE_DE_NEUVE,CHENE_BOUGERIES_GRANGETTES,t0730,0.0
GENEVE_PLACE_DE_NEUVE,CHENE_BOUGERIES_GRANGETTES,t0800,0.0
GENEVE_PLACE_DE_NEUVE,CHENE_BOUGERIES_GRANGETTES,t0830,0.0
GENEVE_PLACE_DE_NEUVE,CHENE_BOUGERIES_GRANGE_CANAL,t0700,0.0
GENEVE_PLACE_DE_NEUVE,CHENE_BOUGERIES_GRANGE_CANAL,t0730,0.0
GENEVE_PLACE_DE_NEUVE,CHENE_BOUGERIES_GRANGE_CANAL,t0800,0.0
GENEVE_PLACE_DE_NEUVE,CHENE_BOUGERIES_GRANGE_CANAL,t0830,0.0
GENEVE_PLACE_DE_NEUVE,CHENE_BOUGERIES_GRANGE_FALQUET,t0700,0.0
GENEVE_PLACE_DE_NEUVE,CHENE_BOUGERIES_GRANGE_FALQUET,t0730,0.0
GENEVE_PLACE_DE_NEUVE,CHENE_BOUGERIES_GRANGE_FALQUET,t0800,0.0
GENEVE_PLACE_DE_NEUVE,CHENE_BOUGERIES_GRANGE_FALQUET,t0830,0.0
GENEVE_PLACE_DE_NEUVE,CHENE_BOURG_PEILLONNEX,t0700,0.0
GENEVE_PLACE_DE_NEUVE,CHENE_BOURG_PEILLONNEX,t0730,0.0
GENEVE_PLACE_DE_NEUVE,CHENE_BOURG_PEILLONNEX,t0800,0.0
GENEVE_PLACE_DE_NEUVE,CHENE_BOURG_PEILLONNEX,t0830,0.0
GENEVE_PLACE_DE_NEUVE,CHENE_BOURG_PLACE_FAVRE,t0700,0.0
GENEVE_PLACE_DE_NEUVE,CHENE_BOURG_PLACE_FAVRE,t0730,0.0
GENEVE_PLACE_DE_NEUVE,CHENE_BOURG_PLACE_FAVRE,t0800,0.0
GENEVE_PLACE_DE_NEUVE,CHENE_BOURG_PLACE_FAVRE,t0830,0.0
GENEVE_PLACE_DE_NEUVE,CONFIGNON_CROISEE,t0700,0.0
GENEVE_PLACE_DE_NEUVE,CONFIGNON_CROISEE,t0730,0.0
GENEVE_PLACE_DE_NEUVE,CONFIGNON_CROISEE,t0800,0.0
GENEVE_PLACE_DE_NEUVE,CONFIGNON_CROISEE,t0830,0.0
GENEVE_PLACE_DE_NEUVE,CONFIGNON_LA_DODE,t0700,0.0
GENEVE_PLACE_DE_NEUVE,CONFIGNON_LA_DODE,t0730,0.0
GENEVE_PLACE_DE_NEUVE,CONFIGNON_LA_DODE,t0800,0.0
GENEVE_PLACE_DE_NEUVE,CONFIGNON_LA_DODE,t0830,0.0
GENEVE_PLACE_DE_NEUVE,GENEVE_AMANDOLIER,t0700,0.0
GENEVE_PLACE_DE_NEUVE,GENEVE_AMANDOLIER,t0730,0.0
GENEVE_PLACE_DE_NEUVE,GENEVE_AMANDOLIER,t0800,0.0
GENEVE_PLACE_DE_NEUVE,GENEVE_AMANDOLIER,t0830,0.0
GENEVE_PLACE_DE_NEUVE,GENEVE_AUGUSTINS,t0700,0.0
GENEVE_PLACE_DE_NEUVE,GENEVE_AUGUSTINS,t0730,0.0
GENEVE_PLACE_DE_NEUVE,GENEVE_AUGUSTINS,t0800,0.0
GENEVE_PLACE_DE_NEUVE,GENEVE_AUGUSTINS,t0830,0.0
GENEVE_PLACE_DE_NEUVE,GENEVE_BEL_AIR,t0700,0.0
GENEVE_PLACE_DE_NEUVE,GENEVE_BEL_AIR,t0730,0.0
GENEVE_PLACE_DE_NEUVE,GENEVE_BEL_AIR,t0800,0.0
GENEVE_PLACE_DE_NEUVE,GENEVE_BEL_AIR,t0830,0.0
GENEVE_PLACE_DE_NEUVE,GENEVE_BLANCHE,t0700,0.0
GENEVE_PLACE_DE_NEUVE,GENEVE_BLANCHE,t0730,0.0
GENEVE_PLACE_DE_NEUVE,GENEVE_BLANCHE,t0800,0.0
GENEVE_PLACE_DE_NEUVE,GENEVE_BLANCHE,t0830,0.0
GENEVE_PLACE_DE_NEUVE,GENEVE_COUTANCE,t0700,0.0
GENEVE_PLACE_DE_NEUVE,GENEVE_COUTANCE,t0730,0.0
GENEVE_PLACE_DE_NEUVE,GENEVE_COUTANCE,t0800,0.0
GENEVE_PLACE_DE_NEUVE,GENEVE_COUTANCE,t0830,0.0
GENEVE_PLACE_DE_NEUVE,GENEVE_EAUX_VIVES_GARE,t0700,0.0
GENEVE_PLACE_DE_NEUVE,GENEVE_EAUX_VIVES_GARE,t0730,0.0
GENEVE_PLACE_DE_NEUVE,GENEVE_EAUX_VIVES_GARE,t0800,0.0
GENEVE_PLACE_DE_NEUVE,GENEVE_EAUX_VIVES_GARE,t0830,0.0
GENEVE_PLACE_DE_NEUVE,GENEVE_GARE_CORNAVIN,t0700,0.0
GENEVE_PLACE_DE_NEUVE,GENEVE_GARE_CORNAVIN,t0730,0.0
GENEVE_PLACE_DE_NEUVE,GENEVE_GARE_CORNAVIN,t0800,0.0
GENEVE_PLACE_DE_NEUVE,GENEVE_GARE_CORNAVIN,t0830,0.0
GENEVE_PLACE_DE_NEUVE,GENEVE_JONCTION,t0700,0.0
GENEVE_PLACE_DE_NEUVE,GENEVE_JONCTION,t0730,0.0
GENEVE_PLACE_DE_NEUVE,GENEVE_JONCTION,t0800,0.0
GENEVE_PLACE_DE_NEUVE,GENEVE_JONCTION,t0830,0.0
GENEVE_PLACE_DE_NEUVE,GENEVE_LYON,t0700,0.0
GENEVE_PLACE_DE_NEUVE,GENEVE_LYON,t0730,0.0
GENEVE_PLACE_DE_NEUVE,GENEVE_LYON,t0800,0.0
GENEVE_PLACE_DE_NEUVE,GENEVE_LYON,t0830,0.0
GENEVE_PLACE_DE_NEUVE,GENEVE_MOLARD,t0700,0.0
GENEVE_PLACE_DE_NEUVE,GENEVE_MOLARD,t0730,0.0
GENEVE_PLACE_DE_NEUVE,GENEVE_MOLARD,t0800,0.0
GENEVE_PLACE_DE_NEUVE,GENEVE_MOLARD,t0830,0.0
GENEVE_PLACE_DE_NEUVE,GENEVE_PALLADIUM,t0700,0.0
GENEVE_PLACE_DE_NEUVE,GENEVE_PALLADIUM,t0730,0.0
GENEVE_PLACE_DE_NEUVE,GENEVE_PALLADIUM,t0800,0.0
GENEVE_PLACE_DE_NEUVE,GENEVE_PALLADIUM,t0830,0.0
GENEVE_PLACE_DE_NEUVE,GENEVE_PLAINPALAIS,t0700,0.0
GENEVE_PLACE_DE_NEUVE,GENEVE_PLAINPALAIS,t0730,0.0
GENEVE_PLACE_DE_NEUVE,GENEVE_PLAINPALAIS,t0800,0.0
GENEVE_PLACE_DE_NEUVE,GENEVE_PLAINPALAIS,t0830,0.0
GENEVE_PLACE_DE_NEUVE,GENEVE_PONT_D_ARVE,t0700,0.0
GENEVE_PLACE_DE_NEUVE,GENEVE_PONT_D_ARVE,t0730,0.0
GENEVE_PLACE_DE_NEUVE,GENEVE_PONT_D_ARVE,t0800,0.0
GENEVE_PLACE_DE_NEUVE,GENEVE_PONT_D_ARVE,t0830,0.0
GENEVE_PLACE_DE_NEUVE,GENEVE_POTERIE,t0700,0.0
GENEVE_PLACE_DE_NEUVE,GENEVE_POTERIE,t0730,0.0
GENEVE_PLACE_DE_NEUVE,GENEVE_POTERIE,t0800,0.0
GENEVE_PLACE_DE_NEUVE,GENEVE_POTERIE,t0830,0.0
GENEVE_PLACE_DE_NEUVE,GENEVE_RIVE,t0700,0.0
GENEVE_PLACE_DE_NEUVE,GENEVE_RIVE,t0730,0.0
GENEVE_PLACE_DE_NEUVE,GENEVE_RIVE,t0800,0.0
GENEVE_PLACE_DE_NEUVE,GENEVE_RIVE,t0830,0.0
GENEVE_PLACE_DE_NEUVE,GENEVE_SERVETTE,t0700,0.0
GENEVE_PLACE_DE_NEUVE,GENEVE_SERVETTE,t0730,0.0
GENEVE_PLACE_DE_NEUVE,GENEVE_SERVETTE,t0800,0.0
GENEVE_PLACE_DE_NEUVE,GENEVE_SERVETTE,t0830,0.0
GENEVE_PLACE_DE_NEUVE,GENEVE_STAND,t0700,0.0
GENEVE_PLACE_DE_NEUVE,GENEVE_STAND,t0730,0.0
GENEVE_PLACE_DE_NEUVE,GENEVE_STAND,t0800,0.0
GENEVE_PLACE_DE_NEUVE,GENEVE_STAND,t0830,0.0
GENEVE_PLACE_DE_NEUVE,GENEVE_TERRASSIERE,t0700,0.0
GENEVE_PLACE_DE_NEUVE,GENEVE_TERRASSIERE,t0730,0.0
GENEVE_PLACE_DE_NEUVE,GENEVE_TERRASSIERE,t0800,0.0
GENEVE_PLACE_DE_NEUVE,GENEVE_TERRASSIERE,t0830,0.0
GENEVE_PLACE_DE_NEUVE,GENEVE_VIEUSSEUX,t0700,0.0
GENEVE_PLACE_DE_NEUVE,GENEVE_VIEUSSEUX,t0730,0.0
GENEVE_PLACE_DE_NEUVE,GENEVE_VIEUSSEUX,t0800,0.0
GENEVE_PLACE_DE_NEUVE,GENEVE_VIEUSSEUX,t0830,0.0
GENEVE_PLACE_DE_NEUVE,GENEVE_VILLEREUSE,t0700,0.0
GENEVE_PLACE_DE_NEUVE,GENEVE_VILLEREUSE,t0730,0.0
GENEVE_PLACE_DE_NEUVE,GENEVE_VILLEREUSE,t0800,0.0
GENEVE_PLACE_DE_NEUVE,GENEVE_VILLEREUSE,t0830,0.0
GENEVE_PLACE_DE_NEUVE,GRAND_LANCY_DE_STAEL,t0700,0.0
GENEVE_PLACE_DE_NEUVE,GRAND_LANCY_DE_STAEL,t0730,0.0
GENEVE_PLACE_DE_NEUVE,GRAND_LANCY_DE_STAEL,t0800,0.0
GENEVE_PLACE_DE_NEUVE,GRAND_LANCY_DE_STAEL,t0830,0.0
GENEVE_PLACE_DE_NEUVE,GRAND_LANCY_PALETTES,t0700,0.0
GENEVE_PLACE_DE_NEUVE,GRAND_LANCY_PALETTES,t0730,0.0
GENEVE_PLACE_DE_NEUVE,GRAND_LANCY_PALETTES,t0800,0.0
GENEVE_PLACE_DE_NEUVE,GRAND_LANCY_PALETTES,t0830,0.0
GENEVE_PLACE_DE_NEUVE,GRAND_LANCY_PONTETS,t0700,0.0
GENEVE_PLACE_DE_NEUVE,GRAND_LANCY_PONTETS,t0730,0.0
GENEVE_PLACE_DE_NEUVE,GRAND_LANCY_PONTETS,t0800,0.0
GENEVE_PLACE_DE_NEUVE,GRAND_LANCY_PONTETS,t0830,0.0
GENEVE_PLACE_DE_NEUVE,LANCY_BACHET_GARE,t0700,0.0
GENEVE_PLACE_DE_NEUVE,LANCY_BACHET_GARE,t0730,0.0
GENEVE_PLACE_DE_NEUVE,LANCY_BACHET_GARE,t0800,0.0
GENEVE_PLACE_DE_NEUVE,LANCY_BACHET_GARE,t0830,0.0
GENEVE_PLACE_DE_NEUVE,MEYRIN_BOIS_DU_LAN,t0700,0.0
GENEVE_PLACE_DE_NEUVE,MEYRIN_BOIS_DU_LAN,t0730,0.0
GENEVE_PLACE_DE_NEUVE,MEYRIN_BOIS_DU_LAN,t0800,0.0
GENEVE_PLACE_DE_NEUVE,MEYRIN_BOIS_DU_LAN,t0830,0.0
GENEVE_PLACE_DE_NEUVE,MEYRIN_CERN,t0700,0.0
GENEVE_PLACE_DE_NEUVE,MEYRIN_CERN,t0730,0.0
GENEVE_PLACE_DE_NEUVE,MEYRIN_CERN,t0800,0.0
GENEVE_PLACE_DE_NEUVE,MEYRIN_CERN,t0830,0.0
GENEVE_PLACE_DE_NEUVE,MEYRIN_FORUMEYRIN,t0700,0.0
GENEVE_PLACE_DE_NEUVE,MEYRIN_FORUMEYRIN,t0730,0.0
GENEVE_PLACE_DE_NEUVE,MEYRIN_FORUMEYRIN,t0800,0.0
GENEVE_PLACE_DE_NEUVE,MEYRIN_FORUMEYRIN,t0830,0.0
GENEVE_PLACE_DE_NEUVE,MEYRIN_GRAVIERE,t0700,0.0
GENEVE_PLACE_DE_NEUVE,MEYRIN_GRAVIERE,t0730,0.0
GENEVE_PLACE_DE_NEUVE,MEYRIN_GRAVIERE,t0800,0.0
GENEVE_PLACE_DE_NEUVE,MEYRIN_GRAVIERE,t0830,0.0
GENEVE_PLACE_DE_NEUVE,MEYRIN_HOPITAL_DE_LA_TOUR,t0700,0.0
GENEVE_PLACE_DE_NEUVE,MEYRIN_HOPITAL_DE_LA_TOUR,t0730,0.0
GENEVE_PLACE_DE_NEUVE,MEYRIN_HOPITAL_DE_LA_TOUR,t0800,0.0
GENEVE_PLACE_DE_NEUVE,MEYRIN_HOPITAL_DE_LA_TOUR,t0830,0.0
GENEVE_PLACE_DE_NEUVE,MEYRIN_JARDIN_ALPIN_VIVARIUM,t0700,0.0
GENEVE_PLACE_DE_NEUVE,MEYRIN_JARDIN_ALPIN_VIVARIUM,t0730,0.0
GENEVE_PLACE_DE_NEUVE,MEYRIN_JARDIN_ALPIN_VIVARIUM,t0800,0.0
GENEVE_PLACE_DE_NEUVE,MEYRIN_JARDIN_ALPIN_VIVARIUM,t0830,0.0
GENEVE_PLACE_DE_NEUVE,MEYRIN_MAISONNEX,t0700,0.0
GENEVE_PLACE_DE_NEUVE,MEYRIN_MAISONNEX,t0730,0.0
GENEVE_PLACE_DE_NEUVE,MEYRIN_MAISONNEX,t0800,0.0
GENEVE_PLACE_DE_NEUVE,MEYRIN_MAISONNEX,t0830,0.0
GENEVE_PLACE_DE_NEUVE,MEYRIN_VAUDAGNE,t0700,0.0
GENEVE_PLACE_DE_NEUVE,MEYRIN_VAUDAGNE,t0730,0.0
GENEVE_PLACE_DE_NEUVE,MEYRIN_VAUDAGNE,t0800,0.0
GENEVE_PLACE_DE_NEUVE,MEYRIN_VAUDAGNE,t0830,0.0
GENEVE_PLACE_DE_NEUVE,MEYRIN_VILLAGE,t0700,0.0
GENEVE_PLACE_DE_NEUVE,MEYRIN_VILLAGE,t0730,0.0
GENEVE_PLACE_DE_NEUVE,MEYRIN_VILLAGE,t0800,0.0
GENEVE_PLACE_DE_NEUVE,MEYRIN_VILLAGE,t0830,0.0
GENEVE_PLACE_DE_NEUVE,ONEX_BANDOL,t0700,0.0
GENEVE_PLACE_DE_NEUVE,ONEX_BANDOL,t0730,0.0
GENEVE_PLACE_DE_NEUVE,ONEX_BANDOL,t0800,0.0
GENEVE_PLACE_DE_NEUVE,ONEX_BANDOL,t0830,0.0
GENEVE_PLACE_DE_NEUVE,ONEX_SALLE_COMMUNALE,t0700,0.0
GENEVE_PLACE_DE_NEUVE,ONEX_SALLE_COMMUNALE,t0730,0.0
GENEVE_PLACE_DE_NEUVE,ONEX_SALLE_COMMUNALE,t0800,0.0
GENEVE_PLACE_DE_NEUVE,ONEX_SALLE_COMMUNALE,t0830,0.0
GENEVE_PLACE_DE_NEUVE,PETIT_LANCY_LES_ESSERTS,t0700,0.0
GENEVE_PLACE_DE_NEUVE,PETIT_LANCY_LES_ESSERTS,t0730,0.0
GENEVE_PLACE_DE_NEUVE,PETIT_LANCY_LES_ESSERTS,t0800,0.0
GENEVE_PLACE_DE_NEUVE,PETIT_LANCY_LES_ESSERTS,t0830,0.0
GENEVE_PLACE_DE_NEUVE,PETIT_LANCY_PLACE,t0700,0.0
GENEVE_PLACE_DE_NEUVE,PETIT_LANCY_PLACE,t0730,0.0
GENEVE_PLACE_DE_NEUVE,PETIT_LANCY_PLACE,t0800,0.0
GENEVE_PLACE_DE_NEUVE,PETIT_LANCY_PLACE,t0830,0.0
GENEVE_PLACE_DE_NEUVE,PETIT_LANCY_QUIDORT,t0700,0.0
GENEVE_PLACE_DE_NEUVE,PETIT_LANCY_QUIDORT,t0730,0.0
GENEVE_PLACE_DE_NEUVE,PETIT_LANCY_QUIDORT,t0800,0.0
GENEVE_PLACE_DE_NEUVE,PETIT_LANCY_QUIDORT,t0830,0.0
GENEVE_PLACE_DE_NEUVE,PLAN_LES_OUATES_TREFLE_BLANC,t0700,0.0
GENEVE_PLACE_DE_NEUVE,PLAN_LES_OUATES_TREFLE_BLANC,t0730,0.0
GENEVE_PLACE_DE_NEUVE,PLAN_LES_OUATES_TREFLE_BLANC,t0800,0.0
GENEVE_PLACE_DE_NEUVE,PLAN_LES_OUATES_TREFLE_BLANC,t0830,0.0
GENEVE_PLACE_DE_NEUVE,THONEX_GRAVESON,t0700,0.0
GENEVE_PLACE_DE_NEUVE,THONEX_GRAVESON,t0730,0.0
GENEVE_PLACE_DE_NEUVE,THONEX_GRAVESON,t0800,0.0
GENEVE_PLACE_DE_NEUVE,THONEX_GRAVESON,t0830,0.0
GENEVE_PLACE_DE_NEUVE,THONEX_MOILLESULAZ,t0700,0.0
GENEVE_PLACE_DE_NEUVE,THONEX_MOILLESULAZ,t0730,0.0
GENEVE_PLACE_DE_NEUVE,THONEX_MOILLESULAZ,t0800,0.0
GENEVE_PLACE_DE_NEUVE,THONEX_MOILLESULAZ,t0830,0.0
GENEVE_PLACE_DE_NEUVE,VERNIER_AVANCHETS_ETANG,t0700,0.0
GENEVE_PLACE_DE_NEUVE,VERNIER_AVANCHETS_ETANG,t0730,0.0
GENEVE_PLACE_DE_NEUVE,VERNIER_AVANCHETS_ETANG,t0800,0.0
GENEVE_PLACE_DE_NEUVE,VERNIER_AVANCHETS_ETANG,t0830,0.0
GENEVE_PLACE_DE_NEUVE,VERNIER_BALEXERT,t0700,0.0
GENEVE_PLACE_DE_NEUVE,VERNIER_BALEXERT,t0730,0.0
GENEVE_PLACE_DE_NEUVE,VERNIER_BALEXERT,t0800,0.0
GENEVE_PLACE_DE_NEUVE,VERNIER_BALEXERT,t0830,0.0
GENEVE_PLACE_DE_NEUVE,VERNIER_BLANDONNET,t0700,0.0
GENEVE_PLACE_DE_NEUVE,VERNIER_BLANDONNET,t0730,0.0
GENEVE_PLACE_DE_NEUVE,VERNIER_BLANDONNET,t0800,0.0
GENEVE_PLACE_DE_NEUVE,VERNIER_BLANDONNET,t0830,0.0
GENEVE_PLACE_DE_NEUVE,VERNIER_BOUCHET,t0700,0.0
GENEVE_PLACE_DE_NEUVE,VERNIER_BOUCHET,t0730,0.0
GENEVE_PLACE_DE_NEUVE,VERNIER_BOUCHET,t0800,0.0
GENEVE_PLACE_DE_NEUVE,VERNIER_BOUCHET,t0830,0.0
GENEVE_PLAINPALAIS,BERNEX_HAINARD,t0700,0.0
GENEVE_PLAINPALAIS,BERNEX_HAINARD,t0730,0.0
GENEVE_PLAINPALAIS,BERNEX_HAINARD,t0800,0.0
GENEVE_PLAINPALAIS,BERNEX_HAINARD,t0830,0.0
GENEVE_PLAINPALAIS,BERNEX_LUCHEPELET,t0700,0.0
GENEVE_PLAINPALAIS,BERNEX_LUCHEPELET,t0730,0.0
GENEVE_PLAINPALAIS,BERNEX_LUCHEPELET,t0800,0.0
GENEVE_PLAINPALAIS,BERNEX_LUCHEPELET,t0830,0.0
GENEVE_PLAINPALAIS,BERNEX_PRE_MARAIS,t0700,0.0
GENEVE_PLAINPALAIS,BERNEX_PRE_MARAIS,t0730,0.0
GENEVE_PLAINPALAIS,BERNEX_PRE_MARAIS,t0800,0.0
GENEVE_PLAINPALAIS,BERNEX_PRE_MARAIS,t0830,0.0
GENEVE_PLAINPALAIS,BERNEX_P_R,t0700,0.0
GENEVE_PLAINPALAIS,BERNEX_P_R,t0730,0.0
GENEVE_PLAINPALAIS,BERNEX_P_R,t0800,0.0
GENEVE_PLAINPALAIS,BERNEX_P_R,t0830,0.0
GENEVE_PLAINPALAIS,BERNEX_VAILLY,t0700,0.0
GENEVE_PLAINPALAIS,BERNEX_VAILLY,t0730,0.0
GENEVE_PLAINPALAIS,BERNEX_VAILLY,t0800,0.0
GENEVE_PLAINPALAIS,BERNEX_VAILLY,t0830,0.0
GENEVE_PLAINPALAIS,CAROUGE_GE_ANCIENNE,t0700,0.0
GENEVE_PLAINPALAIS,CAROUGE_GE_ANCIENNE,t0730,0.0
GENEVE_PLAINPALAIS,CAROUGE_GE_ANCIENNE,t0800,0.0
GENEVE_PLAINPALAIS,CAROUGE_GE_ANCIENNE,t0830,0.0
GENEVE_PLAINPALAIS,CAROUGE_GE_ARMES,t0700,0.0
GENEVE_PLAINPALAIS,CAROUGE_GE_ARMES,t0730,0.0
GENEVE_PLAINPALAIS,CAROUGE_GE_ARMES,t0800,0.0
GENEVE_PLAINPALAIS,CAROUGE_GE_ARMES,t0830,0.0
GENEVE_PLAINPALAIS,CAROUGE_GE_MARCHE,t0700,0.0
GENEVE_PLAINPALAIS,CAROUGE_GE_MARCHE,t0730,0.0
GENEVE_PLAINPALAIS,CAROUGE_GE_MARCHE,t0800,0.0
GENEVE_PLAINPALAIS,CAROUGE_GE_MARCHE,t0830,0.0
GENEVE_PLAINPALAIS,CAROUGE_GE_RONDEAU,t0700,0.0
GENEVE_PLAINPALAIS,CAROUGE_GE_RONDEAU,t0730,0.0
GENEVE_PLAINPALAIS,CAROUGE_GE_RONDEAU,t0800,0.0
GENEVE_PLAINPALAIS,CAROUGE_GE_RONDEAU,t0830,0.0
GENEVE_PLAINPALAIS,CHENE_BOUGERIES_GRANGETTES,t0700,0.0
GENEVE_PLAINPALAIS,CHENE_BOUGERIES_GRANGETTES,t0730,0.0
GENEVE_PLAINPALAIS,CHENE_BOUGERIES_GRANGETTES,t0800,0.0
GENEVE_PLAINPALAIS,CHENE_BOUGERIES_GRANGETTES,t0830,0.0
GENEVE_PLAINPALAIS,CHENE_BOUGERIES_GRANGE_CANAL,t0700,0.0
GENEVE_PLAINPALAIS,CHENE_BOUGERIES_GRANGE_CANAL,t0730,0.0
GENEVE_PLAINPALAIS,CHENE_BOUGERIES_GRANGE_CANAL,t0800,0.0
GENEVE_PLAINPALAIS,CHENE_BOUGERIES_GRANGE_CANAL,t0830,0.0
GENEVE_PLAINPALAIS,CHENE_BOUGERIES_GRANGE_FALQUET,t0700,0.0
GENEVE_PLAINPALAIS,CHENE_BOUGERIES_GRANGE_FALQUET,t0730,0.0
GENEVE_PLAINPALAIS,CHENE_BOUGERIES_GRANGE_FALQUET,t0800,0.0
GENEVE_PLAINPALAIS,CHENE_BOUGERIES_GRANGE_FALQUET,t0830,0.0
GENEVE_PLAINPALAIS,CHENE_BOURG_PEILLONNEX,t0700,0.0
GENEVE_PLAINPALAIS,CHENE_BOURG_PEILLONNEX,t0730,0.0
GENEVE_PLAINPALAIS,CHENE_BOURG_PEILLONNEX,t0800,0.0
GENEVE_PLAINPALAIS,CHENE_BOURG_PEILLONNEX,t0830,0.0
GENEVE_PLAINPALAIS,CHENE_BOURG_PLACE_FAVRE,t0700,0.0
GENEVE_PLAINPALAIS,CHENE_BOURG_PLACE_FAVRE,t0730,0.0
GENEVE_PLAINPALAIS,CHENE_BOURG_PLACE_FAVRE,t0800,0.0
GENEVE_PLAINPALAIS,CHENE_BOURG_PLACE_FAVRE,t0830,0.0
GENEVE_PLAINPALAIS,CONFIGNON_CROISEE,t0700,0.0
GENEVE_PLAINPALAIS,CONFIGNON_CROISEE,t0730,0.0
GENEVE_PLAINPALAIS,CONFIGNON_CROISEE,t0800,0.0
GENEVE_PLAINPALAIS,CONFIGNON_CROISEE,t0830,0.0
GENEVE_PLAINPALAIS,CONFIGNON_LA_DODE,t0700,0.0
GENEVE_PLAINPALAIS,CONFIGNON_LA_DODE,t0730,0.0
GENEVE_PLAINPALAIS,CONFIGNON_LA_DODE,t0800,0.0
GENEVE_PLAINPALAIS,CONFIGNON_LA_DODE,t0830,0.0
GENEVE_PLAINPALAIS,GENEVE_AMANDOLIER,t0700,0.0
GENEVE_PLAINPALAIS,GENEVE_AMANDOLIER,t0730,0.0
GENEVE_PLAINPALAIS,GENEVE_AMANDOLIER,t0800,0.0
GENEVE_PLAINPALAIS,GENEVE_AMANDOLIER,t0830,0.0
GENEVE_PLAINPALAIS,GENEVE_AUGUSTINS,t0700,0.0
GENEVE_PLAINPALAIS,GENEVE_AUGUSTINS,t0730,0.0
GENEVE_PLAINPALAIS,GENEVE_AUGUSTINS,t0800,0.0
GENEVE_PLAINPALAIS,GENEVE_AUGUSTINS,t0830,0.0
GENEVE_PLAINPALAIS,GENEVE_BEL_AIR,t0700,0.0
GENEVE_PLAINPALAIS,GENEVE_BEL_AIR,t0730,0.0
GENEVE_PLAINPALAIS,GENEVE_BEL_AIR,t0800,0.0
GENEVE_PLAINPALAIS,GENEVE_BEL_AIR,t0830,0.0
GENEVE_PLAINPALAIS,GENEVE_BLANCHE,t0700,0.0
GENEVE_PLAINPALAIS,GENEVE_BLANCHE,t0730,0.0
GENEVE_PLAINPALAIS,GENEVE_BLANCHE,t0800,0.0
GENEVE_PLAINPALAIS,GENEVE_BLANCHE,t0830,0.0
GENEVE_PLAINPALAIS,GENEVE_COUTANCE,t0700,0.0
GENEVE_PLAINPALAIS,GENEVE_COUTANCE,t0730,0.0
GENEVE_PLAINPALAIS,GENEVE_COUTANCE,t0800,0.0
GENEVE_PLAINPALAIS,GENEVE_COUTANCE,t0830,0.0
GENEVE_PLAINPALAIS,GENEVE_EAUX_VIVES_GARE,t0700,0.0
GENEVE_PLAINPALAIS,GENEVE_EAUX_VIVES_GARE,t0730,0.0
GENEVE_PLAINPALAIS,GENEVE_EAUX_VIVES_GARE,t0800,0.0
GENEVE_PLAINPALAIS,GENEVE_EAUX_VIVES_GARE,t0830,0.0
GENEVE_PLAINPALAIS,GENEVE_GARE_CORNAVIN,t0700,0.0
GENEVE_PLAINPALAIS,GENEVE_GARE_CORNAVIN,t0730,0.0
GENEVE_PLAINPALAIS,GENEVE_GARE_CORNAVIN,t0800,0.0
GENEVE_PLAINPALAIS,GENEVE_GARE_CORNAVIN,t0830,0.0
GENEVE_PLAINPALAIS,GENEVE_JONCTION,t0700,0.0
GENEVE_PLAINPALAIS,GENEVE_JONCTION,t0730,0.0
GENEVE_PLAINPALAIS,GENEVE_JONCTION,t0800,0.0
GENEVE_PLAINPALAIS,GENEVE_JONCTION,t0830,0.0
GENEVE_PLAINPALAIS,GENEVE_LYON,t0700,0.0
GENEVE_PLAINPALAIS,GENEVE_LYON,t0730,0.0
GENEVE_PLAINPALAIS,GENEVE_LYON,t0800,0.0
GENEVE_PLAINPALAIS,GENEVE_LYON,t0830,0.0
GENEVE_PLAINPALAIS,GENEVE_MOLARD,t0700,0.0
GENEVE_PLAINPALAIS,GENEVE_MOLARD,t0730,0.0
GENEVE_PLAINPALAIS,GENEVE_MOLARD,t0800,0.0
GENEVE_PLAINPALAIS,GENEVE_MOLARD,t0830,0.0
GENEVE_PLAINPALAIS,GENEVE_PALLADIUM,t0700,0.0
GENEVE_PLAINPALAIS,GENEVE_PALLADIUM,t0730,0.0
GENEVE_PLAINPALAIS,GENEVE_PALLADIUM,t0800,0.0
GENEVE_PLAINPALAIS,GENEVE_PALLADIUM,t0830,0.0
GENEVE_PLAINPALAIS,GENEVE_PLACE_DE_NEUVE,t0700,0.0
GENEVE_PLAINPALAIS,GENEVE_PLACE_DE_NEUVE,t0730,0.0
GENEVE_PLAINPALAIS,GENEVE_PLACE_DE_NEUVE,t0800,0.0
GENEVE_PLAINPALAIS,GENEVE_PLACE_DE_NEUVE,t0830,0.0
GENEVE_PLAINPALAIS,GENEVE_PONT_D_ARVE,t0700,0.0
GENEVE_PLAINPALAIS,GENEVE_PONT_D_ARVE,t0730,0.0
GENEVE_PLAINPALAIS,GENEVE_PONT_D_ARVE,t0800,0.0
GENEVE_PLAINPALAIS,GENEVE_PONT_D_ARVE,t0830,0.0
GENEVE_PLAINPALAIS,GENEVE_POTERIE,t0700,0.0
GENEVE_PLAINPALAIS,GENEVE_POTERIE,t0730,0.0
GENEVE_PLAINPALAIS,GENEVE_POTERIE,t0800,0.0
GENEVE_PLAINPALAIS,GENEVE_POTERIE,t0830,0.0
GENEVE_PLAINPALAIS,GENEVE_RIVE,t0700,0.0
GENEVE_PLAINPALAIS,GENEVE_RIVE,t0730,0.0
GENEVE_PLAINPALAIS,GENEVE_RIVE,t0800,0.0
GENEVE_PLAINPALAIS,GENEVE_RIVE,t0830,0.0
GENEVE_PLAINPALAIS,GENEVE_SERVETTE,t0700,0.0
GENEVE_PLAINPALAIS,GENEVE_SERVETTE,t0730,0.0
GENEVE_PLAINPALAIS,GENEVE_SERVETTE,t0800,0.0
GENEVE_PLAINPALAIS,GENEVE_SERVETTE,t0830,0.0
GENEVE_PLAINPALAIS,GENEVE_STAND,t0700,0.0
GENEVE_PLAINPALAIS,GENEVE_STAND,t0730,0.0
GENEVE_PLAINPALAIS,GENEVE_STAND,t0800,0.0
GENEVE_PLAINPALAIS,GENEVE_STAND,t0830,0.0
GENEVE_PLAINPALAIS,GENEVE_TERRASSIERE,t0700,0.0
GENEVE_PLAINPALAIS,GENEVE_TERRASSIERE,t0730,0.0
GENEVE_PLAINPALAIS,GENEVE_TERRASSIERE,t0800,0.0
GENEVE_PLAINPALAIS,GENEVE_TERRASSIERE,t0830,0.0
GENEVE_PLAINPALAIS,GENEVE_VIEUSSEUX,t0700,0.0
GENEVE_PLAINPALAIS,GENEVE_VIEUSSEUX,t0730,0.0
GENEVE_PLAINPALAIS,GENEVE_VIEUSSEUX,t0800,0.0
GENEVE_PLAINPALAIS,GENEVE_VIEUSSEUX,t0830,0.0
GENEVE_PLAINPALAIS,GENEVE_VILLEREUSE,t0700,0.0
GENEVE_PLAINPALAIS,GENEVE_VILLEREUSE,t0730,0.0
GENEVE_PLAINPALAIS,GENEVE_VILLEREUSE,t0800,0.0
GENEVE_PLAINPALAIS,GENEVE_VILLEREUSE,t0830,0.0
GENEVE_PLAINPALAIS,GRAND_LANCY_DE_STAEL,t0700,0.0
GENEVE_PLAINPALAIS,GRAND_LANCY_DE_STAEL,t0730,0.0
GENEVE_PLAINPALAIS,GRAND_LANCY_DE_STAEL,t0800,0.0
GENEVE_PLAINPALAIS,GRAND_LANCY_DE_STAEL,t0830,0.0
GENEVE_PLAINPALAIS,GRAND_LANCY_PALETTES,t0700,0.0
GENEVE_PLAINPALAIS,GRAND_LANCY_PALETTES,t0730,0.0
GENEVE_PLAINPALAIS,GRAND_LANCY_PALETTES,t0800,0.0
GENEVE_PLAINPALAIS,GRAND_LANCY_PALETTES,t0830,0.0
GENEVE_PLAINPALAIS,GRAND_LANCY_PONTETS,t0700,0.0
GENEVE_PLAINPALAIS,GRAND_LANCY_PONTETS,t0730,0.0
GENEVE_PLAINPALAIS,GRAND_LANCY_PONTETS,t0800,0.0
GENEVE_PLAINPALAIS,GRAND_LANCY_PONTETS,t0830,0.0
GENEVE_PLAINPALAIS,LANCY_BACHET_GARE,t0700,0.0
GENEVE_PLAINPALAIS,LANCY_BACHET_GARE,t0730,0.0
GENEVE_PLAINPALAIS,LANCY_BACHET_GARE,t0800,0.0
GENEVE_PLAINPALAIS,LANCY_BACHET_GARE,t0830,0.0
GENEVE_PLAINPALAIS,MEYRIN_BOIS_DU_LAN,t0700,0.0
GENEVE_PLAINPALAIS,MEYRIN_BOIS_DU_LAN,t0730,0.0
GENEVE_PLAINPALAIS,MEYRIN_BOIS_DU_LAN,t0800,0.0
GENEVE_PLAINPALAIS,MEYRIN_BOIS_DU_LAN,t0830,0.0
GENEVE_PLAINPALAIS,MEYRIN_CERN,t0700,0.0
GENEVE_PLAINPALAIS,MEYRIN_CERN,t0730,0.0
GENEVE_PLAINPALAIS,MEYRIN_CERN,t0800,0.0
GENEVE_PLAINPALAIS,MEYRIN_CERN,t0830,0.0
GENEVE_PLAINPALAIS,MEYRIN_FORUMEYRIN,t0700,0.0
GENEVE_PLAINPALAIS,MEYRIN_FORUMEYRIN,t0730,0.0
GENEVE_PLAINPALAIS,MEYRIN_FORUMEYRIN,t0800,0.0
GENEVE_PLAINPALAIS,MEYRIN_FORUMEYRIN,t0830,0.0
GENEVE_PLAINPALAIS,MEYRIN_GRAVIERE,t0700,0.0
GENEVE_PLAINPALAIS,MEYRIN_GRAVIERE,t0730,0.0
GENEVE_PLAINPALAIS,MEYRIN_GRAVIERE,t0800,0.0
GENEVE_PLAINPALAIS,MEYRIN_GRAVIERE,t0830,0.0
GENEVE_PLAINPALAIS,MEYRIN_HOPITAL_DE_LA_TOUR,t0700,0.0
GENEVE_PLAINPALAIS,MEYRIN_HOPITAL_DE_LA_TOUR,t0730,0.0
GENEVE_PLAINPALAIS,MEYRIN_HOPITAL_DE_LA_TOUR,t0800,0.0
GENEVE_PLAINPALAIS,MEYRIN_HOPITAL_DE_LA_TOUR,t0830,0.0
GENEVE_PLAINPALAIS,MEYRIN_JARDIN_ALPIN_VIVARIUM,t0700,0.0
GENEVE_PLAINPALAIS,MEYRIN_JARDIN_ALPIN_VIVARIUM,t0730,0.0
GENEVE_PLAINPALAIS,MEYRIN_JARDIN_ALPIN_VIVARIUM,t0800,0.0
GENEVE_PLAINPALAIS,MEYRIN_JARDIN_ALPIN_VIVARIUM,t0830,0.0
GENEVE_PLAINPALAIS,MEYRIN_MAISONNEX,t0700,0.0
GENEVE_PLAINPALAIS,MEYRIN_MAISONNEX,t0730,0.0
GENEVE_PLAINPALAIS,MEYRIN_MAISONNEX,t0800,0.0
GENEVE_PLAINPALAIS,MEYRIN_MAISONNEX,t0830,0.0
GENEVE_PLAINPALAIS,MEYRIN_VAUDAGNE,t0700,0.0
GENEVE_PLAINPALAIS,MEYRIN_VAUDAGNE,t0730,0.0
GENEVE_PLAINPALAIS,MEYRIN_VAUDAGNE,t0800,0.0
GENEVE_PLAINPALAIS,MEYRIN_VAUDAGNE,t0830,0.0
GENEVE_PLAINPALAIS,MEYRIN_VILLAGE,t0700,0.0
GENEVE_PLAINPALAIS,MEYRIN_VILLAGE,t0730,0.0
GENEVE_PLAINPALAIS,MEYRIN_VILLAGE,t0800,0.0
GENEVE_PLAINPALAIS,MEYRIN_VILLAGE,t0830,0.0
GENEVE_PLAINPALAIS,ONEX_BANDOL,t0700,0.0
GENEVE_PLAINPALAIS,ONEX_BANDOL,t0730,0.0
GENEVE_PLAINPALAIS,ONEX_BANDOL,t0800,0.0
GENEVE_PLAINPALAIS,ONEX_BANDOL,t0830,0.0
GENEVE_PLAINPALAIS,ONEX_SALLE_COMMUNALE,t0700,0.0
GENEVE_PLAINPALAIS,ONEX_SALLE_COMMUNALE,t0730,0.0
GENEVE_PLAINPALAIS,ONEX_SALLE_COMMUNALE,t0800,0.0
GENEVE_PLAINPALAIS,ONEX_SALLE_COMMUNALE,t0830,0.0
GENEVE_PLAINPALAIS,PETIT_LANCY_LES_ESSERTS,t0700,0.0
GENEVE_PLAINPALAIS,PETIT_LANCY_LES_ESSERTS,t0730,0.0
GENEVE_PLAINPALAIS,PETIT_LANCY_LES_ESSERTS,t0800,0.0
GENEVE_PLAINPALAIS,PETIT_LANCY_LES_ESSERTS,t0830,0.0
GENEVE_PLAINPALAIS,PETIT_LANCY_PLACE,t0700,0.0
GENEVE_PLAINPALAIS,PETIT_LANCY_PLACE,t0730,0.0
GENEVE_PLAINPALAIS,PETIT_LANCY_PLACE,t0800,0.0
GENEVE_PLAINPALAIS,PETIT_LANCY_PLACE,t0830,0.0
GENEVE_PLAINPALAIS,PETIT_LANCY_QUIDORT,t0700,0.0
GENEVE_PLAINPALAIS,PETIT_LANCY_QUIDORT,t0730,0.0
GENEVE_PLAINPALAIS,PETIT_LANCY_QUIDORT,t0800,0.0
GENEVE_PLAINPALAIS,PETIT_LANCY_QUIDORT,t0830,0.0
GENEVE_PLAINPALAIS,PLAN_LES_OUATES_TREFLE_BLANC,t0700,0.0
GENEVE_PLAINPALAIS,PLAN_LES_OUATES_TREFLE_BLANC,t0730,0.0
GENEVE_PLAINPALAIS,PLAN_LES_OUATES_TREFLE_BLANC,t0800,0.0
GENEVE_PLAINPALAIS,PLAN_LES_OUATES_TREFLE_BLANC,t0830,0.0
GENEVE_PLAINPALAIS,THONEX_GRAVESON,t0700,0.0
GENEVE_PLAINPALAIS,THONEX_GRAVESON,t0730,0.0
GENEVE_PLAINPALAIS,THONEX_GRAVESON,t0800,0.0
GENEVE_PLAINPALAIS,THONEX_GRAVESON,t0830,0.0
GENEVE_PLAINPALAIS,THONEX_MOILLESULAZ,t0700,0.0
GENEVE_PLAINPALAIS,THONEX_MOILLESULAZ,t0730,0.0
GENEVE_PLAINPALAIS,THONEX_MOILLESULAZ,t0800,0.0
GENEVE_PLAINPALAIS,THONEX_MOILLESULAZ,t0830,0.0
GENEVE_PLAINPALAIS,VERNIER_AVANCHETS_ETANG,t0700,0.0
GENEVE_PLAINPALAIS,VERNIER_AVANCHETS_ETANG,t0730,0.0
GENEVE_PLAINPALAIS,VERNIER_AVANCHETS_ETANG,t0800,0.0
GENEVE_PLAINPALAIS,VERNIER_AVANCHETS_ETANG,t0830,0.0
GENEVE_PLAINPALAIS,VERNIER_BALEXERT,t0700,0.0
GENEVE_PLAINPALAIS,VERNIER_BALEXERT,t0730,0.0
GENEVE_PLAINPALAIS,VERNIER_BALEXERT,t0800,0.0
GENEVE_PLAINPALAIS,VERNIER_BALEXERT,t0830,0.0
GENEVE_PLAINPALAIS,VERNIER_BLANDONNET,t0700,0.0
GENEVE_PLAINPALAIS,VERNIER_BLANDONNET,t0730,0.0
GENEVE_PLAINPALAIS,VERNIER_BLANDONNET,t0800,0.0
GENEVE_PLAINPALAIS,VERNIER_BLANDONNET,t0830,0.0
GENEVE_PLAINPALAIS,VERNIER_BOUCHET,t0700,0.0
GENEVE_PLAINPALAIS,VERNIER_BOUCHET,t0730,0.0
GENEVE_PLAINPALAIS,VERNIER_BOUCHET,t0800,0.0
GENEVE_PLAINPALAIS,VERNIER_BOUCHET,t0830,0.0
GENEVE_PONT_D_ARVE,BERNEX_HAINARD,t0700,0.0
GENEVE_PONT_D_ARVE,BERNEX_HAINARD,t0730,0.0
GENEVE_PONT_D_ARVE,BERNEX_HAINARD,t0800,0.0
GENEVE_PONT_D_ARVE,BERNEX_HAINARD,t0830,0.0
GENEVE_PONT_D_ARVE,BERNEX_LUCHEPELET,t0700,0.0
GENEVE_PONT_D_ARVE,BERNEX_LUCHEPELET,t0730,0.0
GENEVE_PONT_D_ARVE,BERNEX_LUCHEPELET,t0800,0.0
GENEVE_PONT_D_ARVE,BERNEX_LUCHEPELET,t0830,0.0
GENEVE_PONT_D_ARVE,BERNEX_PRE_MARAIS,t0700,0.0
GENEVE_PONT_D_ARVE,BERNEX_PRE_MARAIS,t0730,0.0
GENEVE_PONT_D_ARVE,BERNEX_PRE_MARAIS,t0800,0.0
GENEVE_PONT_D_ARVE,BERNEX_PRE_MARAIS,t0830,0.0
GENEVE_PONT_D_ARVE,BERNEX_P_R,t0700,0.0
GENEVE_PONT_D_ARVE,BERNEX_P_R,t0730,0.0
GENEVE_PONT_D_ARVE,BERNEX_P_R,t0800,0.0
GENEVE_PONT_D_ARVE,BERNEX_P_R,t0830,0.0
GENEVE_PONT_D_ARVE,BERNEX_VAILLY,t0700,0.0
GENEVE_PONT_D_ARVE,BERNEX_VAILLY,t0730,0.0
GENEVE_PONT_D_ARVE,BERNEX_VAILLY,t0800,0.0
GENEVE_PONT_D_ARVE,BERNEX_VAILLY,t0830,0.0
GENEVE_PONT_D_ARVE,CAROUGE_GE_ANCIENNE,t0700,0.0
GENEVE_PONT_D_ARVE,CAROUGE_GE_ANCIENNE,t0730,0.0
GENEVE_PONT_D_ARVE,CAROUGE_GE_ANCIENNE,t0800,0.0
GENEVE_PONT_D_ARVE,CAROUGE_GE_ANCIENNE,t0830,0.0
GENEVE_PONT_D_ARVE,CAROUGE_GE_ARMES,t0700,0.0
GENEVE_PONT_D_ARVE,CAROUGE_GE_ARMES,t0730,0.0
GENEVE_PONT_D_ARVE,CAROUGE_GE_ARMES,t0800,0.0
GENEVE_PONT_D_ARVE,CAROUGE_GE_ARMES,t0830,0.0
GENEVE_PONT_D_ARVE,CAROUGE_GE_MARCHE,t0700,0.0
GENEVE_PONT_D_ARVE,CAROUGE_GE_MARCHE,t0730,0.0
GENEVE_PONT_D_ARVE,CAROUGE_GE_MARCHE,t0800,0.0
GENEVE_PONT_D_ARVE,CAROUGE_GE_MARCHE,t0830,0.0
GENEVE_PONT_D_ARVE,CAROUGE_GE_RONDEAU,t0700,0.0
GENEVE_PONT_D_ARVE,CAROUGE_GE_RONDEAU,t0730,0.0
GENEVE_PONT_D_ARVE,CAROUGE_GE_RONDEAU,t0800,0.0
GENEVE_PONT_D_ARVE,CAROUGE_GE_RONDEAU,t0830,0.0
GENEVE_PONT_D_ARVE,CHENE_BOUGERIES_GRANGETTES,t0700,0.0
GENEVE_PONT_D_ARVE,CHENE_BOUGERIES_GRANGETTES,t0730,0.0
GENEVE_PONT_D_ARVE,CHENE_BOUGERIES_GRANGETTES,t0800,0.0
GENEVE_PONT_D_ARVE,CHENE_BOUGERIES_GRANGETTES,t0830,0.0
GENEVE_PONT_D_ARVE,CHENE_BOUGERIES_GRANGE_CANAL,t0700,0.0
GENEVE_PONT_D_ARVE,CHENE_BOUGERIES_GRANGE_CANAL,t0730,0.0
GENEVE_PONT_D_ARVE,CHENE_BOUGERIES_GRANGE_CANAL,t0800,0.0
GENEVE_PONT_D_ARVE,CHENE_BOUGERIES_GRANGE_CANAL,t0830,0.0
GENEVE_PONT_D_ARVE,CHENE_BOUGERIES_GRANGE_FALQUET,t0700,0.0
GENEVE_PONT_D_ARVE,CHENE_BOUGERIES_GRANGE_FALQUET,t0730,0.0
GENEVE_PONT_D_ARVE,CHENE_BOUGERIES_GRANGE_FALQUET,t0800,0.0
GENEVE_PONT_D_ARVE,CHENE_BOUGERIES_GRANGE_FALQUET,t0830,0.0
GENEVE_PONT_D_ARVE,CHENE_BOURG_PEILLONNEX,t0700,0.0
GENEVE_PONT_D_ARVE,CHENE_BOURG_PEILLONNEX,t0730,0.0
GENEVE_PONT_D_ARVE,CHENE_BOURG_PEILLONNEX,t0800,0.0
GENEVE_PONT_D_ARVE,CHENE_BOURG_PEILLONNEX,t0830,0.0
GENEVE_PONT_D_ARVE,CHENE_BOURG_PLACE_FAVRE,t0700,0.0
GENEVE_PONT_D_ARVE,CHENE_BOURG_PLACE_FAVRE,t0730,0.0
GENEVE_PONT_D_ARVE,CHENE_BOURG_PLACE_FAVRE,t0800,0.0
GENEVE_PONT_D_ARVE,CHENE_BOURG_PLACE_FAVRE,t0830,0.0
GENEVE_PONT_D_ARVE,CONFIGNON_CROISEE,t0700,0.0
GENEVE_PONT_D_ARVE,CONFIGNON_CROISEE,t0730,0.0
GENEVE_PONT_D_ARVE,CONFIGNON_CROISEE,t0800,0.0
GENEVE_PONT_D_ARVE,CONFIGNON_CROISEE,t0830,0.0
GENEVE_PONT_D_ARVE,CONFIGNON_LA_DODE,t0700,0.0
GENEVE_PONT_D_ARVE,CONFIGNON_LA_DODE,t0730,0.0
GENEVE_PONT_D_ARVE,CONFIGNON_LA_DODE,t0800,0.0
GENEVE_PONT_D_ARVE,CONFIGNON_LA_DODE,t0830,0.0
GENEVE_PONT_D_ARVE,GENEVE_AMANDOLIER,t0700,0.0
GENEVE_PONT_D_ARVE,GENEVE_AMANDOLIER,t0730,0.0
GENEVE_PONT_D_ARVE,GENEVE_AMANDOLIER,t0800,0.0
GENEVE_PONT_D_ARVE,GENEVE_AMANDOLIER,t0830,0.0
GENEVE_PONT_D_ARVE,GENEVE_AUGUSTINS,t0700,0.0
GENEVE_PONT_D_ARVE,GENEVE_AUGUSTINS,t0730,0.0
GENEVE_PONT_D_ARVE,GENEVE_AUGUSTINS,t0800,0.0
GENEVE_PONT_D_ARVE,GENEVE_AUGUSTINS,t0830,0.0
GENEVE_PONT_D_ARVE,GENEVE_BEL_AIR,t0700,0.0
GENEVE_PONT_D_ARVE,GENEVE_BEL_AIR,t0730,0.0
GENEVE_PONT_D_ARVE,GENEVE_BEL_AIR,t0800,0.0
GENEVE_PONT_D_ARVE,GENEVE_BEL_AIR,t0830,0.0
GENEVE_PONT_D_ARVE,GENEVE_BLANCHE,t0700,0.0
GENEVE_PONT_D_ARVE,GENEVE_BLANCHE,t0730,0.0
GENEVE_PONT_D_ARVE,GENEVE_BLANCHE,t0800,0.0
GENEVE_PONT_D_ARVE,GENEVE_BLANCHE,t0830,0.0
GENEVE_PONT_D_ARVE,GENEVE_COUTANCE,t0700,0.0
GENEVE_PONT_D_ARVE,GENEVE_COUTANCE,t0730,0.0
GENEVE_PONT_D_ARVE,GENEVE_COUTANCE,t0800,0.0
GENEVE_PONT_D_ARVE,GENEVE_COUTANCE,t0830,0.0
GENEVE_PONT_D_ARVE,GENEVE_EAUX_VIVES_GARE,t0700,0.0
GENEVE_PONT_D_ARVE,GENEVE_EAUX_VIVES_GARE,t0730,0.0
GENEVE_PONT_D_ARVE,GENEVE_EAUX_VIVES_GARE,t0800,0.0
GENEVE_PONT_D_ARVE,GENEVE_EAUX_VIVES_GARE,t0830,0.0
GENEVE_PONT_D_ARVE,GENEVE_GARE_CORNAVIN,t0700,0.0
GENEVE_PONT_D_ARVE,GENEVE_GARE_CORNAVIN,t0730,0.0
GENEVE_PONT_D_ARVE,GENEVE_GARE_CORNAVIN,t0800,0.0
GENEVE_PONT_D_ARVE,GENEVE_GARE_CORNAVIN,t0830,0.0
GENEVE_PONT_D_ARVE,GENEVE_JONCTION,t0700,0.0
GENEVE_PONT_D_ARVE,GENEVE_JONCTION,t0730,0.0
GENEVE_PONT_D_ARVE,GENEVE_JONCTION,t0800,0.0
GENEVE_PONT_D_ARVE,GENEVE_JONCTION,t0830,0.0
GENEVE_PONT_D_ARVE,GENEVE_LYON,t0700,0.0
GENEVE_PONT_D_ARVE,GENEVE_LYON,t0730,0.0
GENEVE_PONT_D_ARVE,GENEVE_LYON,t0800,0.0
GENEVE_PONT_D_ARVE,GENEVE_LYON,t0830,0.0
GENEVE_PONT_D_ARVE,GENEVE_MOLARD,t0700,0.0
GENEVE_PONT_D_ARVE,GENEVE_MOLARD,t0730,0.0
GENEVE_PONT_D_ARVE,GENEVE_MOLARD,t0800,0.0
GENEVE_PONT_D_ARVE,GENEVE_MOLARD,t0830,0.0
GENEVE_PONT_D_ARVE,GENEVE_PALLADIUM,t0700,0.0
GENEVE_PONT_D_ARVE,GENEVE_PALLADIUM,t0730,0.0
GENEVE_PONT_D_ARVE,GENEVE_PALLADIUM,t0800,0.0
GENEVE_PONT_D_ARVE,GENEVE_PALLADIUM,t0830,0.0
GENEVE_PONT_D_ARVE,GENEVE_PLACE_DE_NEUVE,t0700,0.0
GENEVE_PONT_D_ARVE,GENEVE_PLACE_DE_NEUVE,t0730,0.0
GENEVE_PONT_D_ARVE,GENEVE_PLACE_DE_NEUVE,t0800,0.0
GENEVE_PONT_D_ARVE,GENEVE_PLACE_DE_NEUVE,t0830,0.0
GENEVE_PONT_D_ARVE,GENEVE_PLAINPALAIS,t0700,0.0
GENEVE_PONT_D_ARVE,GENEVE_PLAINPALAIS,t0730,0.0
GENEVE_PONT_D_ARVE,GENEVE_PLAINPALAIS,t0800,0.0
GENEVE_PONT_D_ARVE,GENEVE_PLAINPALAIS,t0830,0.0
GENEVE_PONT_D_ARVE,GENEVE_POTERIE,t0700,0.0
GENEVE_PONT_D_ARVE,GENEVE_POTERIE,t0730,0.0
GENEVE_PONT_D_ARVE,GENEVE_POTERIE,t0800,0.0
GENEVE_PONT_D_ARVE,GENEVE_POTERIE,t0830,0.0
GENEVE_PONT_D_ARVE,GENEVE_RIVE,t0700,0.0
GENEVE_PONT_D_ARVE,GENEVE_RIVE,t0730,0.0
GENEVE_PONT_D_ARVE,GENEVE_RIVE,t0800,0.0
GENEVE_PONT_D_ARVE,GENEVE_RIVE,t0830,0.0
GENEVE_PONT_D_ARVE,GENEVE_SERVETTE,t0700,0.0
GENEVE_PONT_D_ARVE,GENEVE_SERVETTE,t0730,0.0
GENEVE_PONT_D_ARVE,GENEVE_SERVETTE,t0800,0.0
GENEVE_PONT_D_ARVE,GENEVE_SERVETTE,t0830,0.0
GENEVE_PONT_D_ARVE,GENEVE_STAND,t0700,0.0
GENEVE_PONT_D_ARVE,GENEVE_STAND,t0730,0.0
GENEVE_PONT_D_ARVE,GENEVE_STAND,t0800,0.0
GENEVE_PONT_D_ARVE,GENEVE_STAND,t0830,0.0
GENEVE_PONT_D_ARVE,GENEVE_TERRASSIERE,t0700,0.0
GENEVE_PONT_D_ARVE,GENEVE_TERRASSIERE,t0730,0.0
GENEVE_PONT_D_ARVE,GENEVE_TERRASSIERE,t0800,0.0
GENEVE_PONT_D_ARVE,GENEVE_TERRASSIERE,t0830,0.0
GENEVE_PONT_D_ARVE,GENEVE_VIEUSSEUX,t0700,0.0
GENEVE_PONT_D_ARVE,GENEVE_VIEUSSEUX,t0730,0.0
GENEVE_PONT_D_ARVE,GENEVE_VIEUSSEUX,t0800,0.0
GENEVE_PONT_D_ARVE,GENEVE_VIEUSSEUX,t0830,0.0
GENEVE_PONT_D_ARVE,GENEVE_VILLEREUSE,t0700,0.0
GENEVE_PONT_D_ARVE,GENEVE_VILLEREUSE,t0730,0.0
GENEVE_PONT_D_ARVE,GENEVE_VILLEREUSE,t0800,0.0
GENEVE_PONT_D_ARVE,GENEVE_VILLEREUSE,t0830,0.0
GENEVE_PONT_D_ARVE,GRAND_LANCY_DE_STAEL,t0700,0.0
GENEVE_PONT_D_ARVE,GRAND_LANCY_DE_STAEL,t0730,0.0
GENEVE_PONT_D_ARVE,GRAND_LANCY_DE_STAEL,t0800,0.0
GENEVE_PONT_D_ARVE,GRAND_LANCY_DE_STAEL,t0830,0.0
GENEVE_PONT_D_ARVE,GRAND_LANCY_PALETTES,t0700,0.0
GENEVE_PONT_D_ARVE,GRAND_LANCY_PALETTES,t0730,0.0
GENEVE_PONT_D_ARVE,GRAND_LANCY_PALETTES,t0800,0.0
GENEVE_PONT_D_ARVE,GRAND_LANCY_PALETTES,t0830,0.0
GENEVE_PONT_D_ARVE,GRAND_LANCY_PONTETS,t0700,0.0
GENEVE_PONT_D_ARVE,GRAND_LANCY_PONTETS,t0730,0.0
GENEVE_PONT_D_ARVE,GRAND_LANCY_PONTETS,t0800,0.0
GENEVE_PONT_D_ARVE,GRAND_LANCY_PONTETS,t0830,0.0
GENEVE_PONT_D_ARVE,LANCY_BACHET_GARE,t0700,0.0
GENEVE_PONT_D_ARVE,LANCY_BACHET_GARE,t0730,0.0
GENEVE_PONT_D_ARVE,LANCY_BACHET_GARE,t0800,0.0
GENEVE_PONT_D_ARVE,LANCY_BACHET_GARE,t0830,0.0
GENEVE_PONT_D_ARVE,MEYRIN_BOIS_DU_LAN,t0700,0.0
GENEVE_PONT_D_ARVE,MEYRIN_BOIS_DU_LAN,t0730,0.0
GENEVE_PONT_D_ARVE,MEYRIN_BOIS_DU_LAN,t0800,0.0
GENEVE_PONT_D_ARVE,MEYRIN_BOIS_DU_LAN,t0830,0.0
GENEVE_PONT_D_ARVE,MEYRIN_CERN,t0700,0.0
GENEVE_PONT_D_ARVE,MEYRIN_CERN,t0730,0.0
GENEVE_PONT_D_ARVE,MEYRIN_CERN,t0800,0.0
GENEVE_PONT_D_ARVE,MEYRIN_CERN,t0830,0.0
GENEVE_PONT_D_ARVE,MEYRIN_FORUMEYRIN,t0700,0.0
GENEVE_PONT_D_ARVE,MEYRIN_FORUMEYRIN,t0730,0.0
GENEVE_PONT_D_ARVE,MEYRIN_FORUMEYRIN,t0800,0.0
GENEVE_PONT_D_ARVE,MEYRIN_FORUMEYRIN,t0830,0.0
GENEVE_PONT_D_ARVE,MEYRIN_GRAVIERE,t0700,0.0
GENEVE_PONT_D_ARVE,MEYRIN_GRAVIERE,t0730,0.0
GENEVE_PONT_D_ARVE,MEYRIN_GRAVIERE,t0800,0.0
GENEVE_PONT_D_ARVE,MEYRIN_GRAVIERE,t0830,0.0
GENEVE_PONT_D_ARVE,MEYRIN_HOPITAL_DE_LA_TOUR,t0700,0.0
GENEVE_PONT_D_ARVE,MEYRIN_HOPITAL_DE_LA_TOUR,t0730,0.0
GENEVE_PONT_D_ARVE,MEYRIN_HOPITAL_DE_LA_TOUR,t0800,0.0
GENEVE_PONT_D_ARVE,MEYRIN_HOPITAL_DE_LA_TOUR,t0830,0.0
GENEVE_PONT_D_ARVE,MEYRIN_JARDIN_ALPIN_VIVARIUM,t0700,0.0
GENEVE_PONT_D_ARVE,MEYRIN_JARDIN_ALPIN_VIVARIUM,t0730,0.0
GENEVE_PONT_D_ARVE,MEYRIN_JARDIN_ALPIN_VIVARIUM,t0800,0.0
GENEVE_PONT_D_ARVE,MEYRIN_JARDIN_ALPIN_VIVARIUM,t0830,0.0
GENEVE_PONT_D_ARVE,MEYRIN_MAISONNEX,t0700,0.0
GENEVE_PONT_D_ARVE,MEYRIN_MAISONNEX,t0730,0.0
GENEVE_PONT_D_ARVE,MEYRIN_MAISONNEX,t0800,0.0
GENEVE_PONT_D_ARVE,MEYRIN_MAISONNEX,t0830,0.0
GENEVE_PONT_D_ARVE,MEYRIN_VAUDAGNE,t0700,0.0
GENEVE_PONT_D_ARVE,MEYRIN_VAUDAGNE,t0730,0.0
GENEVE_PONT_D_ARVE,MEYRIN_VAUDAGNE,t0800,0.0
GENEVE_PONT_D_ARVE,MEYRIN_VAUDAGNE,t0830,0.0
GENEVE_PONT_D_ARVE,MEYRIN_VILLAGE,t0700,0.0
GENEVE_PONT_D_ARVE,MEYRIN_VILLAGE,t0730,0.0
GENEVE_PONT_D_ARVE,MEYRIN_VILLAGE,t0800,0.0
GENEVE_PONT_D_ARVE,MEYRIN_VILLAGE,t0830,0.0
GENEVE_PONT_D_ARVE,ONEX_BANDOL,t0700,0.0
GENEVE_PONT_D_ARVE,ONEX_BANDOL,t0730,0.0
GENEVE_PONT_D_ARVE,ONEX_BANDOL,t0800,0.0
GENEVE_PONT_D_ARVE,ONEX_BANDOL,t0830,0.0
GENEVE_PONT_D_ARVE,ONEX_SALLE_COMMUNALE,t0700,0.0
GENEVE_PONT_D_ARVE,ONEX_SALLE_COMMUNALE,t0730,0.0
GENEVE_PONT_D_ARVE,ONEX_SALLE_COMMUNALE,t0800,0.0
GENEVE_PONT_D_ARVE,ONEX_SALLE_COMMUNALE,t0830,0.0
GENEVE_PONT_D_ARVE,PETIT_LANCY_LES_ESSERTS,t0700,0.0
GENEVE_PONT_D_ARVE,PETIT_LANCY_LES_ESSERTS,t0730,0.0
GENEVE_PONT_D_ARVE,PETIT_LANCY_LES_ESSERTS,t0800,0.0
GENEVE_PONT_D_ARVE,PETIT_LANCY_LES_ESSERTS,t0830,0.0
GENEVE_PONT_D_ARVE,PETIT_LANCY_PLACE,t0700,0.0
GENEVE_PONT_D_ARVE,PETIT_LANCY_PLACE,t0730,0.0
GENEVE_PONT_D_ARVE,PETIT_LANCY_PLACE,t0800,0.0
GENEVE_PONT_D_ARVE,PETIT_LANCY_PLACE,t0830,0.0
GENEVE_PONT_D_ARVE,PETIT_LANCY_QUIDORT,t0700,0.0
GENEVE_PONT_D_ARVE,PETIT_LANCY_QUIDORT,t0730,0.0
GENEVE_PONT_D_ARVE,PETIT_LANCY_QUIDORT,t0800,0.0
GENEVE_PONT_D_ARVE,PETIT_LANCY_QUIDORT,t0830,0.0
GENEVE_PONT_D_ARVE,PLAN_LES_OUATES_TREFLE_BLANC,t0700,0.0
GENEVE_PONT_D_ARVE,PLAN_LES_OUATES_TREFLE_BLANC,t0730,0.0
GENEVE_PONT_D_ARVE,PLAN_LES_OUATES_TREFLE_BLANC,t0800,0.0
GENEVE_PONT_D_ARVE,PLAN_LES_OUATES_TREFLE_BLANC,t0830,0.0
GENEVE_PONT_D_ARVE,THONEX_GRAVESON,t0700,0.0
GENEVE_PONT_D_ARVE,THONEX_GRAVESON,t0730,0.0
GENEVE_PONT_D_ARVE,THONEX_GRAVESON,t0800,0.0
GENEVE_PONT_D_ARVE,THONEX_GRAVESON,t0830,0.0
GENEVE_PONT_D_ARVE,THONEX_MOILLESULAZ,t0700,18.824
GENEVE_PONT_D_ARVE,THONEX_MOILLESULAZ,t0730,50.588
GENEVE_PONT_D_ARVE,THONEX_MOILLESULAZ,t0800,23.529
GENEVE_PONT_D_ARVE,THONEX_MOILLESULAZ,t0830,61.176
GENEVE_PONT_D_ARVE,VERNIER_AVANCHETS_ETANG,t0700,0.0
GENEVE_PONT_D_ARVE,VERNIER_AVANCHETS_ETANG,t0730,0.0
GENEVE_PONT_D_ARVE,VERNIER_AVANCHETS_ETANG,t0800,0.0
GENEVE_PONT_D_ARVE,VERNIER_AVANCHETS_ETANG,t0830,0.0
GENEVE_PONT_D_ARVE,VERNIER_BALEXERT,t0700,0.0
GENEVE_PONT_D_ARVE,VERNIER_BALEXERT,t0730,0.0
GENEVE_PONT_D_ARVE,VERNIER_BALEXERT,t0800,0.0
GENEVE_PONT_D_ARVE,VERNIER_BALEXERT,t0830,0.0
GENEVE_PONT_D_ARVE,VERNIER_BLANDONNET,t0700,0.0
GENEVE_PONT_D_ARVE,VERNIER_BLANDONNET,t0730,0.0
GENEVE_PONT_D_ARVE,VERNIER_BLANDONNET,t0800,0.0
GENEVE_PONT_D_ARVE,VERNIER_BLANDONNET,t0830,0.0
GENEVE_PONT_D_ARVE,VERNIER_BOUCHET,t0700,0.0
GENEVE_PONT_D_ARVE,VERNIER_BOUCHET,t0730,0.0
GENEVE_PONT_D_ARVE,VERNIER_BOUCHET,t0800,0.0
GENEVE_PONT_D_ARVE,VERNIER_BOUCHET,t0830,0.0
GENEVE_POTERIE,BERNEX_HAINARD,t0700,0.0
GENEVE_POTERIE,BERNEX_HAINARD,t0730,0.0
GENEVE_POTERIE,BERNEX_HAINARD,t0800,0.0
GENEVE_POTERIE,BERNEX_HAINARD,t0830,0.0
GENEVE_POTERIE,BERNEX_LUCHEPELET,t0700,0.0
GENEVE_POTERIE,BERNEX_LUCHEPELET,t0730,0.0
GENEVE_POTERIE,BERNEX_LUCHEPELET,t0800,0.0
GENEVE_POTERIE,BERNEX_LUCHEPELET,t0830,0.0
GENEVE_POTERIE,BERNEX_PRE_MARAIS,t0700,0.0
GENEVE_POTERIE,BERNEX_PRE_MARAIS,t0730,0.0
GENEVE_POTERIE,BERNEX_PRE_MARAIS,t0800,0.0
GENEVE_POTERIE,BERNEX_PRE_MARAIS,t0830,0.0
GENEVE_POTERIE,BERNEX_P_R,t0700,0.0
GENEVE_POTERIE,BERNEX_P_R,t0730,0.0
GENEVE_POTERIE,BERNEX_P_R,t0800,0.0
GENEVE_POTERIE,BERNEX_P_R,t0830,0.0
GENEVE_POTERIE,BERNEX_VAILLY,t0700,57.895
GENEVE_POTERIE,BERNEX_VAILLY,t0730,11.579
GENEVE_POTERIE,BERNEX_VAILLY,t0800,18.947
GENEVE_POTERIE,BERNEX_VAILLY,t0830,50.526
GENEVE_POTERIE,CAROUGE_GE_ANCIENNE,t0700,0.0
GENEVE_POTERIE,CAROUGE_GE_ANCIENNE,t0730,0.0
GENEVE_POTERIE,CAROUGE_GE_ANCIENNE,t0800,0.0
GENEVE_POTERIE,CAROUGE_GE_ANCIENNE,t0830,0.0
GENEVE_POTERIE,CAROUGE_GE_ARMES,t0700,0.0
GENEVE_POTERIE,CAROUGE_GE_ARMES,t0730,0.0
GENEVE_POTERIE,CAROUGE_GE_ARMES,t0800,0.0
GENEVE_POTERIE,CAROUGE_GE_ARMES,t0830,0.0
GENEVE_POTERIE,CAROUGE_GE_MARCHE,t0700,0.0
GENEVE_POTERIE,CAROUGE_GE_MARCHE,t0730,0.0
GENEVE_POTERIE,CAROUGE_GE_MARCHE,t0800,0.0
GENEVE_POTERIE,CAROUGE_GE_MARCHE,t0830,0.0
GENEVE_POTERIE,CAROUGE_GE_RONDEAU,t0700,0.0
GENEVE_POTERIE,CAROUGE_GE_RONDEAU,t0730,0.0
GENEVE_POTERIE,CAROUGE_GE_RONDEAU,t0800,0.0
GENEVE_POTERIE,CAROUGE_GE_RONDEAU,t0830,0.0
GENEVE_POTERIE,CHENE_BOUGERIES_GRANGETTES,t0700,0.0
GENEVE_POTERIE,CHENE_BOUGERIES_GRANGETTES,t0730,0.0
GENEVE_POTERIE,CHENE_BOUGERIES_GRANGETTES,t0800,0.0
GENEVE_POTERIE,CHENE_BOUGERIES_GRANGETTES,t0830,0.0
GENEVE_POTERIE,CHENE_BOUGERIES_GRANGE_CANAL,t0700,0.0
GENEVE_POTERIE,CHENE_BOUGERIES_GRANGE_CANAL,t0730,0.0
GENEVE_POTERIE,CHENE_BOUGERIES_GRANGE_CANAL,t0800,0.0
GENEVE_POTERIE,CHENE_BOUGERIES_GRANGE_CANAL,t0830,0.0
GENEVE_POTERIE,CHENE_BOUGERIES_GRANGE_FALQUET,t0700,0.0
GENEVE_POTERIE,CHENE_BOUGERIES_GRANGE_FALQUET,t0730,0.0
GENEVE_POTERIE,CHENE_BOUGERIES_GRANGE_FALQUET,t0800,0.0
GENEVE_POTERIE,CHENE_BOUGERIES_GRANGE_FALQUET,t0830,0.0
GENEVE_POTERIE,CHENE_BOURG_PEILLONNEX,t0700,0.0
GENEVE_POTERIE,CHENE_BOURG_PEILLONNEX,t0730,0.0
GENEVE_POTERIE,CHENE_BOURG_PEILLONNEX,t0800,0.0
GENEVE_POTERIE,CHENE_BOURG_PEILLONNEX,t0830,0.0
GENEVE_POTERIE,CHENE_BOURG_PLACE_FAVRE,t0700,0.0
GENEVE_POTERIE,CHENE_BOURG_PLACE_FAVRE,t0730,0.0
GENEVE_POTERIE,CHENE_BOURG_PLACE_FAVRE,t0800,0.0
GENEVE_POTERIE,CHENE_BOURG_PLACE_FAVRE,t0830,0.0
GENEVE_POTERIE,CONFIGNON_CROISEE,t0700,0.0
GENEVE_POTERIE,CONFIGNON_CROISEE,t0730,0.0
GENEVE_POTERIE,CONFIGNON_CROISEE,t0800,0.0
GENEVE_POTERIE,CONFIGNON_CROISEE,t0830,0.0
GENEVE_POTERIE,CONFIGNON_LA_DODE,t0700,0.0
GENEVE_POTERIE,CONFIGNON_LA_DODE,t0730,0.0
GENEVE_POTERIE,CONFIGNON_LA_DODE,t0800,0.0
GENEVE_POTERIE,CONFIGNON_LA_DODE,t0830,0.0
GENEVE_POTERIE,GENEVE_AMANDOLIER,t0700,0.0
GENEVE_POTERIE,GENEVE_AMANDOLIER,t0730,0.0
GENEVE_POTERIE,GENEVE_AMANDOLIER,t0800,0.0
GENEVE_POTERIE,GENEVE_AMANDOLIER,t0830,0.0
GENEVE_POTERIE,GENEVE_AUGUSTINS,t0700,0.0
GENEVE_POTERIE,GENEVE_AUGUSTINS,t0730,0.0
GENEVE_POTERIE,GENEVE_AUGUSTINS,t0800,0.0
GENEVE_POTERIE,GENEVE_AUGUSTINS,t0830,0.0
GENEVE_POTERIE,GENEVE_BEL_AIR,t0700,0.0
GENEVE_POTERIE,GENEVE_BEL_AIR,t0730,0.0
GENEVE_POTERIE,GENEVE_BEL_AIR,t0800,0.0
GENEVE_POTERIE,GENEVE_BEL_AIR,t0830,0.0
GENEVE_POTERIE,GENEVE_BLANCHE,t0700,0.0
GENEVE_POTERIE,GENEVE_BLANCHE,t0730,0.0
GENEVE_POTERIE,GENEVE_BLANCHE,t0800,0.0
GENEVE_POTERIE,GENEVE_BLANCHE,t0830,0.0
GENEVE_POTERIE,GENEVE_COUTANCE,t0700,0.0
GENEVE_POTERIE,GENEVE_COUTANCE,t0730,0.0
GENEVE_POTERIE,GENEVE_COUTANCE,t0800,0.0
GENEVE_POTERIE,GENEVE_COUTANCE,t0830,0.0
GENEVE_POTERIE,GENEVE_EAUX_VIVES_GARE,t0700,0.0
GENEVE_POTERIE,GENEVE_EAUX_VIVES_GARE,t0730,0.0
GENEVE_POTERIE,GENEVE_EAUX_VIVES_GARE,t0800,0.0
GENEVE_POTERIE,GENEVE_EAUX_VIVES_GARE,t0830,0.0
GENEVE_POTERIE,GENEVE_GARE_CORNAVIN,t0700,0.0
GENEVE_POTERIE,GENEVE_GARE_CORNAVIN,t0730,0.0
GENEVE_POTERIE,GENEVE_GARE_CORNAVIN,t0800,0.0
GENEVE_POTERIE,GENEVE_GARE_CORNAVIN,t0830,0.0
GENEVE_POTERIE,GENEVE_JONCTION,t0700,0.0
GENEVE_POTERIE,GENEVE_JONCTION,t0730,0.0
GENEVE_POTERIE,GENEVE_JONCTION,t0800,0.0
GENEVE_POTERIE,GENEVE_JONCTION,t0830,0.0
GENEVE_POTERIE,GENEVE_LYON,t0700,0.0
GENEVE_POTERIE,GENEVE_LYON,t0730,0.0
GENEVE_POTERIE,GENEVE_LYON,t0800,0.0
GENEVE_POTERIE,GENEVE_LYON,t0830,0.0
GENEVE_POTERIE,GENEVE_MOLARD,t0700,0.0
GENEVE_POTERIE,GENEVE_MOLARD,t0730,0.0
GENEVE_POTERIE,GENEVE_MOLARD,t0800,0.0
GENEVE_POTERIE,GENEVE_MOLARD,t0830,0.0
GENEVE_POTERIE,GENEVE_PALLADIUM,t0700,0.0
GENEVE_POTERIE,GENEVE_PALLADIUM,t0730,0.0
GENEVE_POTERIE,GENEVE_PALLADIUM,t0800,0.0
GENEVE_POTERIE,GENEVE_PALLADIUM,t0830,0.0
GENEVE_POTERIE,GENEVE_PLACE_DE_NEUVE,t0700,0.0
GENEVE_POTERIE,GENEVE_PLACE_DE_NEUVE,t0730,0.0
GENEVE_POTERIE,GENEVE_PLACE_DE_NEUVE,t0800,0.0
GENEVE_POTERIE,GENEVE_PLACE_DE_NEUVE,t0830,0.0
GENEVE_POTERIE,GENEVE_PLAINPALAIS,t0700,0.0
GENEVE_POTERIE,GENEVE_PLAINPALAIS,t0730,0.0
GENEVE_POTERIE,GENEVE_PLAINPALAIS,t0800,0.0
GENEVE_POTERIE,GENEVE_PLAINPALAIS,t0830,0.0
GENEVE_POTERIE,GENEVE_PONT_D_ARVE,t0700,0.0
GENEVE_POTERIE,GENEVE_PONT_D_ARVE,t0730,0.0
GENEVE_POTERIE,GENEVE_PONT_D_ARVE,t0800,0.0
GENEVE_POTERIE,GENEVE_PONT_D_ARVE,t0830,0.0
GENEVE_POTERIE,GENEVE_RIVE,t0700,0.0
GENEVE_POTERIE,GENEVE_RIVE,t0730,0.0
GENEVE_POTERIE,GENEVE_RIVE,t0800,0.0
GENEVE_POTERIE,GENEVE_RIVE,t0830,0.0
GENEVE_POTERIE,GENEVE_SERVETTE,t0700,0.0
GENEVE_POTERIE,GENEVE_SERVETTE,t0730,0.0
GENEVE_POTERIE,GENEVE_SERVETTE,t0800,0.0
GENEVE_POTERIE,GENEVE_SERVETTE,t0830,0.0
GENEVE_POTERIE,GENEVE_STAND,t0700,0.0
GENEVE_POTERIE,GENEVE_STAND,t0730,0.0
GENEVE_POTERIE,GENEVE_STAND,t0800,0.0
GENEVE_POTERIE,GENEVE_STAND,t0830,0.0
GENEVE_POTERIE,GENEVE_TERRASSIERE,t0700,0.0
GENEVE_POTERIE,GENEVE_TERRASSIERE,t0730,0.0
GENEVE_POTERIE,GENEVE_TERRASSIERE,t0800,0.0
GENEVE_POTERIE,GENEVE_TERRASSIERE,t0830,0.0
GENEVE_POTERIE,GENEVE_VIEUSSEUX,t0700,0.0
GENEVE_POTERIE,GENEVE_VIEUSSEUX,t0730,0.0
GENEVE_POTERIE,GENEVE_VIEUSSEUX,t0800,0.0
GENEVE_POTERIE,GENEVE_VIEUSSEUX,t0830,0.0
GENEVE_POTERIE,GENEVE_VILLEREUSE,t0700,0.0
GENEVE_POTERIE,GENEVE_VILLEREUSE,t0730,0.0
GENEVE_POTERIE,GENEVE_VILLEREUSE,t0800,0.0
GENEVE_POTERIE,GENEVE_VILLEREUSE,t0830,0.0
GENEVE_POTERIE,GRAND_LANCY_DE_STAEL,t0700,0.0
GENEVE_POTERIE,GRAND_LANCY_DE_STAEL,t0730,0.0
GENEVE_POTERIE,GRAND_LANCY_DE_STAEL,t0800,0.0
GENEVE_POTERIE,GRAND_LANCY_DE_STAEL,t0830,0.0
GENEVE_POTERIE,GRAND_LANCY_PALETTES,t0700,0.0
GENEVE_POTERIE,GRAND_LANCY_PALETTES,t0730,0.0
GENEVE_POTERIE,GRAND_LANCY_PALETTES,t0800,0.0
GENEVE_POTERIE,GRAND_LANCY_PALETTES,t0830,0.0
GENEVE_POTERIE,GRAND_LANCY_PONTETS,t0700,0.0
GENEVE_POTERIE,GRAND_LANCY_PONTETS,t0730,0.0
GENEVE_POTERIE,GRAND_LANCY_PONTETS,t0800,0.0
GENEVE_POTERIE,GRAND_LANCY_PONTETS,t0830,0.0
GENEVE_POTERIE,LANCY_BACHET_GARE,t0700,0.0
GENEVE_POTERIE,LANCY_BACHET_GARE,t0730,0.0
GENEVE_POTERIE,LANCY_BACHET_GARE,t0800,0.0
GENEVE_POTERIE,LANCY_BACHET_GARE,t0830,0.0
GENEVE_POTERIE,MEYRIN_BOIS_DU_LAN,t0700,0.0
GENEVE_POTERIE,MEYRIN_BOIS_DU_LAN,t0730,0.0
GENEVE_POTERIE,MEYRIN_BOIS_DU_LAN,t0800,0.0
GENEVE_POTERIE,MEYRIN_BOIS_DU_LAN,t0830,0.0
GENEVE_POTERIE,MEYRIN_CERN,t0700,0.0
GENEVE_POTERIE,MEYRIN_CERN,t0730,0.0
GENEVE_POTERIE,MEYRIN_CERN,t0800,0.0
GENEVE_POTERIE,MEYRIN_CERN,t0830,0.0
GENEVE_POTERIE,MEYRIN_FORUMEYRIN,t0700,0.0
GENEVE_POTERIE,MEYRIN_FORUMEYRIN,t0730,0.0
GENEVE_POTERIE,MEYRIN_FORUMEYRIN,t0800,0.0
GENEVE_POTERIE,MEYRIN_FORUMEYRIN,t0830,0.0
GENEVE_POTERIE,MEYRIN_GRAVIERE,t0700,0.0
GENEVE_POTERIE,MEYRIN_GRAVIERE,t0730,0.0
GENEVE_POTERIE,MEYRIN_GRAVIERE,t0800,0.0
GENEVE_POTERIE,MEYRIN_GRAVIERE,t0830,0.0
GENEVE_POTERIE,MEYRIN_HOPITAL_DE_LA_TOUR,t0700,0.0
GENEVE_POTERIE,MEYRIN_HOPITAL_DE_LA_TOUR,t0730,0.0
GENEVE_POTERIE,MEYRIN_HOPITAL_DE_LA_TOUR,t0800,0.0
GENEVE_POTERIE,MEYRIN_HOPITAL_DE_LA_TOUR,t0830,0.0
GENEVE_POTERIE,MEYRIN_JARDIN_ALPIN_VIVARIUM,t0700,0.0
GENEVE_POTERIE,MEYRIN_JARDIN_ALPIN_VIVARIUM,t0730,0.0
GENEVE_POTERIE,MEYRIN_JARDIN_ALPIN_VIVARIUM,t0800,0.0
GENEVE_POTERIE,MEYRIN_JARDIN_ALPIN_VIVARIUM,t0830,0.0
GENEVE_POTERIE,MEYRIN_MAISONNEX,t0700,0.0
GENEVE_POTERIE,MEYRIN_MAISONNEX,t0730,0.0
GENEVE_POTERIE,MEYRIN_MAISONNEX,t0800,0.0
GENEVE_POTERIE,MEYRIN_MAISONNEX,t0830,0.0
GENEVE_POTERIE,MEYRIN_VAUDAGNE,t0700,0.0
GENEVE_POTERIE,MEYRIN_VAUDAGNE,t0730,0.0
GENEVE_POTERIE,MEYRIN_VAUDAGNE,t0800,0.0
GENEVE_POTERIE,MEYRIN_VAUDAGNE,t0830,0.0
GENEVE_POTERIE,MEYRIN_VILLAGE,t0700,0.0
GENEVE_POTERIE,MEYRIN_VILLAGE,t0730,0.0
GENEVE_POTERIE,MEYRIN_VILLAGE,t0800,0.0
GENEVE_POTERIE,MEYRIN_VILLAGE,t0830,0.0
GENEVE_POTERIE,ONEX_BANDOL,t0700,0.0
GENEVE_POTERIE,ONEX_BANDOL,t0730,0.0
GENEVE_POTERIE,ONEX_BANDOL,t0800,0.0
GENEVE_POTERIE,ONEX_BANDOL,t0830,0.0
GENEVE_POTERIE,ONEX_SALLE_COMMUNALE,t0700,0.0
GENEVE_POTERIE,ONEX_SALLE_COMMUNALE,t0730,0.0
GENEVE_POTERIE,ONEX_SALLE_COMMUNALE,t0800,0.0
GENEVE_POTERIE,ONEX_SALLE_COMMUNALE,t0830,0.0
GENEVE_POTERIE,PETIT_LANCY_LES_ESSERTS,t0700,0.0
GENEVE_POTERIE,PETIT_LANCY_LES_ESSERTS,t0730,0.0
GENEVE_POTERIE,PETIT_LANCY_LES_ESSERTS,t0800,0.0
GENEVE_POTERIE,PETIT_LANCY_LES_ESSERTS,t0830,0.0
GENEVE_POTERIE,PETIT_LANCY_PLACE,t0700,0.0
GENEVE_POTERIE,PETIT_LANCY_PLACE,t0730,0.0
GENEVE_POTERIE,PETIT_LANCY_PLACE,t0800,0.0
GENEVE_POTERIE,PETIT_LANCY_PLACE,t0830,0.0
GENEVE_POTERIE,PETIT_LANCY_QUIDORT,t0700,0.0
GENEVE_POTERIE,PETIT_LANCY_QUIDORT,t0730,0.0
GENEVE_POTERIE,PETIT_LANCY_QUIDORT,t0800,0.0
GENEVE_POTERIE,PETIT_LANCY_QUIDORT,t0830,0.0
GENEVE_POTERIE,PLAN_LES_OUATES_TREFLE_BLANC,t0700,0.0
GENEVE_POTERIE,PLAN_LES_OUATES_TREFLE_BLANC,t0730,0.0
GENEVE_POTERIE,PLAN_LES_OUATES_TREFLE_BLANC,t0800,0.0
GENEVE_POTERIE,PLAN_LES_OUATES_TREFLE_BLANC,t0830,0.0
GENEVE_POTERIE,THONEX_GRAVESON,t0700,0.0
GENEVE_POTERIE,THONEX_GRAVESON,t0730,0.0
GENEVE_POTERIE,THONEX_GRAVESON,t0800,0.0
GENEVE_POTERIE,THONEX_GRAVESON,t0830,0.0
GENEVE_POTERIE,THONEX_MOILLESULAZ,t0700,0.0
GENEVE_POTERIE,THONEX_MOILLESULAZ,t0730,0.0
GENEVE_POTERIE,THONEX_MOILLESULAZ,t0800,0.0
GENEVE_POTERIE,THONEX_MOILLESULAZ,t0830,0.0
GENEVE_POTERIE,VERNIER_AVANCHETS_ETANG,t0700,0.0
GENEVE_POTERIE,VERNIER_AVANCHETS_ETANG,t0730,0.0
GENEVE_POTERIE,VERNIER_AVANCHETS_ETANG,t0800,0.0
GENEVE_POTERIE,VERNIER_AVANCHETS_ETANG,t0830,0.0
GENEVE_POTERIE,VERNIER_BALEXERT,t0700,0.0
GENEVE_POTERIE,VERNIER_BALEXERT,t0730,0.0
GENEVE_POTERIE,VERNIER_BALEXERT,t0800,0.0
GENEVE_POTERIE,VERNIER_BALEXERT,t0830,0.0
GENEVE_POTERIE,VERNIER_BLANDONNET,t0700,0.0
GENEVE_POTERIE,VERNIER_BLANDONNET,t0730,0.0
GENEVE_POTERIE,VERNIER_BLANDONNET,t0800,0.0
GENEVE_POTERIE,VERNIER_BLANDONNET,t0830,0.0
GENEVE_POTERIE,VERNIER_BOUCHET,t0700,0.0
GENEVE_POTERIE,VERNIER_BOUCHET,t0730,0.0
GENEVE_POTERIE,VERNIER_BOUCHET,t0800,0.0
GENEVE_POTERIE,VERNIER_BOUCHET,t0830,0.0
GENEVE_RIVE,BERNEX_HAINARD,t0700,0.0
GENEVE_RIVE,BERNEX_HAINARD,t0730,0.0
GENEVE_RIVE,BERNEX_HAINARD,t0800,0.0
GENEVE_RIVE,BERNEX_HAINARD,t0830,0.0
GENEVE_RIVE,BERNEX_LUCHEPELET,t0700,0.0
GENEVE_RIVE,BERNEX_LUCHEPELET,t0730,0.0
GENEVE_RIVE,BERNEX_LUCHEPELET,t0800,0.0
GENEVE_RIVE,BERNEX_LUCHEPELET,t0830,0.0
GENEVE_RIVE,BERNEX_PRE_MARAIS,t0700,0.0
GENEVE_RIVE,BERNEX_PRE_MARAIS,t0730,0.0
GENEVE_RIVE,BERNEX_PRE_MARAIS,t0800,0.0
GENEVE_RIVE,BERNEX_PRE_MARAIS,t0830,0.0
GENEVE_RIVE,BERNEX_P_R,t0700,0.0
GENEVE_RIVE,BERNEX_P_R,t0730,0.0
GENEVE_RIVE,BERNEX_P_R,t0800,0.0
GENEVE_RIVE,BERNEX_P_R,t0830,0.0
GENEVE_RIVE,BERNEX_VAILLY,t0700,0.0
GENEVE_RIVE,BERNEX_VAILLY,t0730,0.0
GENEVE_RIVE,BERNEX_VAILLY,t0800,0.0
GENEVE_RIVE,BERNEX_VAILLY,t0830,0.0
GENEVE_RIVE,CAROUGE_GE_ANCIENNE,t0700,0.0
GENEVE_RIVE,CAROUGE_GE_ANCIENNE,t0730,0.0
GENEVE_RIVE,CAROUGE_GE_ANCIENNE,t0800,0.0
GENEVE_RIVE,CAROUGE_GE_ANCIENNE,t0830,0.0
GENEVE_RIVE,CAROUGE_GE_ARMES,t0700,0.0
GENEVE_RIVE,CAROUGE_GE_ARMES,t0730,0.0
GENEVE_RIVE,CAROUGE_GE_ARMES,t0800,0.0
GENEVE_RIVE,CAROUGE_GE_ARMES,t0830,0.0
GENEVE_RIVE,CAROUGE_GE_MARCHE,t0700,0.0
GENEVE_RIVE,CAROUGE_GE_MARCHE,t0730,0.0
GENEVE_RIVE,CAROUGE_GE_MARCHE,t0800,0.0
GENEVE_RIVE,CAROUGE_GE_MARCHE,t0830,0.0
GENEVE_RIVE,CAROUGE_GE_RONDEAU,t0700,0.0
GENEVE_RIVE,CAROUGE_GE_RONDEAU,t0730,0.0
GENEVE_RIVE,CAROUGE_GE_RONDEAU,t0800,0.0
GENEVE_RIVE,CAROUGE_GE_RONDEAU,t0830,0.0
GENEVE_RIVE,CHENE_BOUGERIES_GRANGETTES,t0700,0.0
GENEVE_RIVE,CHENE_BOUGERIES_GRANGETTES,t0730,0.0
GENEVE_RIVE,CHENE_BOUGERIES_GRANGETTES,t0800,0.0
GENEVE_RIVE,CHENE_BOUGERIES_GRANGETTES,t0830,0.0
GENEVE_RIVE,CHENE_BOUGERIES_GRANGE_CANAL,t0700,0.0
GENEVE_RIVE,CHENE_BOUGERIES_GRANGE_CANAL,t0730,0.0
GENEVE_RIVE,CHENE_BOUGERIES_GRANGE_CANAL,t0800,0.0
GENEVE_RIVE,CHENE_BOUGERIES_GRANGE_CANAL,t0830,0.0
GENEVE_RIVE,CHENE_BOUGERIES_GRANGE_FALQUET,t0700,0.0
GENEVE_RIVE,CHENE_BOUGERIES_GRANGE_FALQUET,t0730,0.0
GENEVE_RIVE,CHENE_BOUGERIES_GRANGE_FALQUET,t0800,0.0
GENEVE_RIVE,CHENE_BOUGERIES_GRANGE_FALQUET,t0830,0.0
GENEVE_RIVE,CHENE_BOURG_PEILLONNEX,t0700,0.0
GENEVE_RIVE,CHENE_BOURG_PEILLONNEX,t0730,0.0
GENEVE_RIVE,CHENE_BOURG_PEILLONNEX,t0800,0.0
GENEVE_RIVE,CHENE_BOURG_PEILLONNEX,t0830,0.0
GENEVE_RIVE,CHENE_BOURG_PLACE_FAVRE,t0700,0.0
GENEVE_RIVE,CHENE_BOURG_PLACE_FAVRE,t0730,0.0
GENEVE_RIVE,CHENE_BOURG_PLACE_FAVRE,t0800,0.0
GENEVE_RIVE,CHENE_BOURG_PLACE_FAVRE,t0830,0.0
GENEVE_RIVE,CONFIGNON_CROISEE,t0700,0.0
GENEVE_RIVE,CONFIGNON_CROISEE,t0730,0.0
GENEVE_RIVE,CONFIGNON_CROISEE,t0800,0.0
GENEVE_RIVE,CONFIGNON_CROISEE,t0830,0.0
GENEVE_RIVE,CONFIGNON_LA_DODE,t0700,0.0
GENEVE_RIVE,CONFIGNON_LA_DODE,t0730,0.0
GENEVE_RIVE,CONFIGNON_LA_DODE,t0800,0.0
GENEVE_RIVE,CONFIGNON_LA_DODE,t0830,0.0
GENEVE_RIVE,GENEVE_AMANDOLIER,t0700,0.0
GENEVE_RIVE,GENEVE_AMANDOLIER,t0730,0.0
GENEVE_RIVE,GENEVE_AMANDOLIER,t0800,0.0
GENEVE_RIVE,GENEVE_AMANDOLIER,t0830,0.0
GENEVE_RIVE,GENEVE_AUGUSTINS,t0700,0.0
GENEVE_RIVE,GENEVE_AUGUSTINS,t0730,0.0
GENEVE_RIVE,GENEVE_AUGUSTINS,t0800,0.0
GENEVE_RIVE,GENEVE_AUGUSTINS,t0830,0.0
GENEVE_RIVE,GENEVE_BEL_AIR,t0700,0.0
GENEVE_RIVE,GENEVE_BEL_AIR,t0730,0.0
GENEVE_RIVE,GENEVE_BEL_AIR,t0800,0.0
GENEVE_RIVE,GENEVE_BEL_AIR,t0830,0.0
GENEVE_RIVE,GENEVE_BLANCHE,t0700,0.0
GENEVE_RIVE,GENEVE_BLANCHE,t0730,0.0
GENEVE_RIVE,GENEVE_BLANCHE,t0800,0.0
GENEVE_RIVE,GENEVE_BLANCHE,t0830,0.0
GENEVE_RIVE,GENEVE_COUTANCE,t0700,0.0
GENEVE_RIVE,GENEVE_COUTANCE,t0730,0.0
GENEVE_RIVE,GENEVE_COUTANCE,t0800,0.0
GENEVE_RIVE,GENEVE_COUTANCE,t0830,0.0
GENEVE_RIVE,GENEVE_EAUX_VIVES_GARE,t0700,0.0
GENEVE_RIVE,GENEVE_EAUX_VIVES_GARE,t0730,0.0
GENEVE_RIVE,GENEVE_EAUX_VIVES_GARE,t0800,0.0
GENEVE_RIVE,GENEVE_EAUX_VIVES_GARE,t0830,0.0
GENEVE_RIVE,GENEVE_GARE_CORNAVIN,t0700,0.0
GENEVE_RIVE,GENEVE_GARE_CORNAVIN,t0730,0.0
GENEVE_RIVE,GENEVE_GARE_CORNAVIN,t0800,0.0
GENEVE_RIVE,GENEVE_GARE_CORNAVIN,t0830,0.0
GENEVE_RIVE,GENEVE_JONCTION,t0700,0.0
GENEVE_RIVE,GENEVE_JONCTION,t0730,0.0
GENEVE_RIVE,GENEVE_JONCTION,t0800,0.0
GENEVE_RIVE,GENEVE_JONCTION,t0830,0.0
GENEVE_RIVE,GENEVE_LYON,t0700,0.0
GENEVE_RIVE,GENEVE_LYON,t0730,0.0
GENEVE_RIVE,GENEVE_LYON,t0800,0.0
GENEVE_RIVE,GENEVE_LYON,t0830,0.0
GENEVE_RIVE,GENEVE_MOLARD,t0700,0.0
GENEVE_RIVE,GENEVE_MOLARD,t0730,0.0
GENEVE_RIVE,GENEVE_MOLARD,t0800,0.0
GENEVE_RIVE,GENEVE_MOLARD,t0830,0.0
GENEVE_RIVE,GENEVE_PALLADIUM,t0700,0.0
GENEVE_RIVE,GENEVE_PALLADIUM,t0730,0.0
GENEVE_RIVE,GENEVE_PALLADIUM,t0800,0.0
GENEVE_RIVE,GENEVE_PALLADIUM,t0830,0.0
GENEVE_RIVE,GENEVE_PLACE_DE_NEUVE,t0700,0.0
GENEVE_RIVE,GENEVE_PLACE_DE_NEUVE,t0730,0.0
GENEVE_RIVE,GENEVE_PLACE_DE_NEUVE,t0800,0.0
GENEVE_RIVE,GENEVE_PLACE_DE_NEUVE,t0830,0.0
GENEVE_RIVE,GENEVE_PLAINPALAIS,t0700,0.0
GENEVE_RIVE,GENEVE_PLAINPALAIS,t0730,0.0
GENEVE_RIVE,GENEVE_PLAINPALAIS,t0800,0.0
GENEVE_RIVE,GENEVE_PLAINPALAIS,t0830,0.0
GENEVE_RIVE,GENEVE_PONT_D_ARVE,t0700,0.0
GENEVE_RIVE,GENEVE_PONT_D_ARVE,t0730,0.0
GENEVE_RIVE,GENEVE_PONT_D_ARVE,t0800,0.0
GENEVE_RIVE,GENEVE_PONT_D_ARVE,t0830,0.0
GENEVE_RIVE,GENEVE_POTERIE,t0700,0.0
GENEVE_RIVE,GENEVE_POTERIE,t0730,0.0
GENEVE_RIVE,GENEVE_POTERIE,t0800,0.0
GENEVE_RIVE,GENEVE_POTERIE,t0830,0.0
GENEVE_RIVE,GENEVE_SERVETTE,t0700,0.0
GENEVE_RIVE,GENEVE_SERVETTE,t0730,0.0
GENEVE_RIVE,GENEVE_SERVETTE,t0800,0.0
GENEVE_RIVE,GENEVE_SERVETTE,t0830,0.0
GENEVE_RIVE,GENEVE_STAND,t0700,0.0
GENEVE_RIVE,GENEVE_STAND,t0730,0.0
GENEVE_RIVE,GENEVE_STAND,t0800,0.0
GENEVE_RIVE,GENEVE_STAND,t0830,0.0
GENEVE_RIVE,GENEVE_TERRASSIERE,t0700,0.0
GENEVE_RIVE,GENEVE_TERRASSIERE,t0730,0.0
GENEVE_RIVE,GENEVE_TERRASSIERE,t0800,0.0
GENEVE_RIVE,GENEVE_TERRASSIERE,t0830,0.0
GENEVE_RIVE,GENEVE_VIEUSSEUX,t0700,0.0
GENEVE_RIVE,GENEVE_VIEUSSEUX,t0730,0.0
GENEVE_RIVE,GENEVE_VIEUSSEUX,t0800,0.0
GENEVE_RIVE,GENEVE_VIEUSSEUX,t0830,0.0
GENEVE_RIVE,GENEVE_VILLEREUSE,t0700,0.0
GENEVE_RIVE,GENEVE_VILLEREUSE,t0730,0.0
GENEVE_RIVE,GENEVE_VILLEREUSE,t0800,0.0
GENEVE_RIVE,GENEVE_VILLEREUSE,t0830,0.0
GENEVE_RIVE,GRAND_LANCY_DE_STAEL,t0700,0.0
GENEVE_RIVE,GRAND_LANCY_DE_STAEL,t0730,0.0
GENEVE_RIVE,GRAND_LANCY_DE_STAEL,t0800,0.0
GENEVE_RIVE,GRAND_LANCY_DE_STAEL,t0830,0.0
GENEVE_RIVE,GRAND_LANCY_PALETTES,t0700,0.0
GENEVE_RIVE,GRAND_LANCY_PALETTES,t0730,0.0
GENEVE_RIVE,GRAND_LANCY_PALETTES,t0800,0.0
GENEVE_RIVE,GRAND_LANCY_PALETTES,t0830,0.0
GENEVE_RIVE,GRAND_LANCY_PONTETS,t0700,0.0
GENEVE_RIVE,GRAND_LANCY_PONTETS,t0730,0.0
GENEVE_RIVE,GRAND_LANCY_PONTETS,t0800,0.0
GENEVE_RIVE,GRAND_LANCY_PONTETS,t0830,0.0
GENEVE_RIVE,LANCY_BACHET_GARE,t0700,0.0
GENEVE_RIVE,LANCY_BACHET_GARE,t0730,0.0
GENEVE_RIVE,LANCY_BACHET_GARE,t0800,0.0
GENEVE_RIVE,LANCY_BACHET_GARE,t0830,0.0
GENEVE_RIVE,MEYRIN_BOIS_DU_LAN,t0700,0.0
GENEVE_RIVE,MEYRIN_BOIS_DU_LAN,t0730,0.0
GENEVE_RIVE,MEYRIN_BOIS_DU_LAN,t0800,0.0
GENEVE_RIVE,MEYRIN_BOIS_DU_LAN,t0830,0.0
GENEVE_RIVE,MEYRIN_CERN,t0700,0.0
GENEVE_RIVE,MEYRIN_CERN,t0730,0.0
GENEVE_RIVE,MEYRIN_CERN,t0800,0.0
GENEVE_RIVE,MEYRIN_CERN,t0830,0.0
GENEVE_RIVE,MEYRIN_FORUMEYRIN,t0700,0.0
GENEVE_RIVE,MEYRIN_FORUMEYRIN,t0730,0.0
GENEVE_RIVE,MEYRIN_FORUMEYRIN,t0800,0.0
GENEVE_RIVE,MEYRIN_FORUMEYRIN,t0830,0.0
GENEVE_RIVE,MEYRIN_GRAVIERE,t0700,0.0
GENEVE_RIVE,MEYRIN_GRAVIERE,t0730,0.0
GENEVE_RIVE,MEYRIN_GRAVIERE,t0800,0.0
GENEVE_RIVE,MEYRIN_GRAVIERE,t0830,0.0
GENEVE_RIVE,MEYRIN_HOPITAL_DE_LA_TOUR,t0700,0.0
GENEVE_RIVE,MEYRIN_HOPITAL_DE_LA_TOUR,t0730,0.0
GENEVE_RIVE,MEYRIN_HOPITAL_DE_LA_TOUR,t0800,0.0
GENEVE_RIVE,MEYRIN_HOPITAL_DE_LA_TOUR,t0830,0.0
GENEVE_RIVE,MEYRIN_JARDIN_ALPIN_VIVARIUM,t0700,0.0
GENEVE_RIVE,MEYRIN_JARDIN_ALPIN_VIVARIUM,t0730,0.0
GENEVE_RIVE,MEYRIN_JARDIN_ALPIN_VIVARIUM,t0800,0.0
GENEVE_RIVE,MEYRIN_JARDIN_ALPIN_VIVARIUM,t0830,0.0
GENEVE_RIVE,MEYRIN_MAISONNEX,t0700,0.0
GENEVE_RIVE,MEYRIN_MAISONNEX,t0730,0.0
GENEVE_RIVE,MEYRIN_MAISONNEX,t0800,0.0
GENEVE_RIVE,MEYRIN_MAISONNEX,t0830,0.0
GENEVE_RIVE,MEYRIN_VAUDAGNE,t0700,0.0
GENEVE_RIVE,MEYRIN_VAUDAGNE,t0730,0.0
GENEVE_RIVE,MEYRIN_VAUDAGNE,t0800,0.0
GENEVE_RIVE,MEYRIN_VAUDAGNE,t0830,0.0
GENEVE_RIVE,MEYRIN_VILLAGE,t0700,0.0
GENEVE_RIVE,MEYRIN_VILLAGE,t0730,0.0
GENEVE_RIVE,MEYRIN_VILLAGE,t0800,0.0
GENEVE_RIVE,MEYRIN_VILLAGE,t0830,0.0
GENEVE_RIVE,ONEX_BANDOL,t0700,0.0
GENEVE_RIVE,ONEX_BANDOL,t0730,0.0
GENEVE_RIVE,ONEX_BANDOL,t0800,0.0
GENEVE_RIVE,ONEX_BANDOL,t0830,0.0
GENEVE_RIVE,ONEX_SALLE_COMMUNALE,t0700,0.0
GENEVE_RIVE,ONEX_SALLE_COMMUNALE,t0730,0.0
GENEVE_RIVE,ONEX_SALLE_COMMUNALE,t0800,0.0
GENEVE_RIVE,ONEX_SALLE_COMMUNALE,t0830,0.0
GENEVE_RIVE,PETIT_LANCY_LES_ESSERTS,t0700,0.0
GENEVE_RIVE,PETIT_LANCY_LES_ESSERTS,t0730,0.0
GENEVE_RIVE,PETIT_LANCY_LES_ESSERTS,t0800,0.0
GENEVE_RIVE,PETIT_LANCY_LES_ESSERTS,t0830,0.0
GENEVE_RIVE,PETIT_LANCY_PLACE,t0700,0.0
GENEVE_RIVE,PETIT_LANCY_PLACE,t0730,0.0
GENEVE_RIVE,PETIT_LANCY_PLACE,t0800,0.0
GENEVE_RIVE,PETIT_LANCY_PLACE,t0830,0.0
GENEVE_RIVE,PETIT_LANCY_QUIDORT,t0700,0.0
GENEVE_RIVE,PETIT_LANCY_QUIDORT,t0730,0.0
GENEVE_RIVE,PETIT_LANCY_QUIDORT,t0800,0.0
GENEVE_RIVE,PETIT_LANCY_QUIDORT,t0830,0.0
GENEVE_RIVE,PLAN_LES_OUATES_TREFLE_BLANC,t0700,0.0
GENEVE_RIVE,PLAN_LES_OUATES_TREFLE_BLANC,t0730,0.0
GENEVE_RIVE,PLAN_LES_OUATES_TREFLE_BLANC,t0800,0.0
GENEVE_RIVE,PLAN_LES_OUATES_TREFLE_BLANC,t0830,0.0
GENEVE_RIVE,THONEX_GRAVESON,t0700,0.0
GENEVE_RIVE,THONEX_GRAVESON,t0730,0.0
GENEVE_RIVE,THONEX_GRAVESON,t0800,0.0
GENEVE_RIVE,THONEX_GRAVESON,t0830,0.0
GENEVE_RIVE,THONEX_MOILLESULAZ,t0700,0.0
GENEVE_RIVE,THONEX_MOILLESULAZ,t0730,0.0
GENEVE_RIVE,THONEX_MOILLESULAZ,t0800,0.0
GENEVE_RIVE,THONEX_MOILLESULAZ,t0830,0.0
GENEVE_RIVE,VERNIER_AVANCHETS_ETANG,t0700,0.0
GENEVE_RIVE,VERNIER_AVANCHETS_ETANG,t0730,0.0
GENEVE_RIVE,VERNIER_AVANCHETS_ETANG,t0800,0.0
GENEVE_RIVE,VERNIER_AVANCHETS_ETANG,t0830,0.0
GENEVE_RIVE,VERNIER_BALEXERT,t0700,0.0
GENEVE_RIVE,VERNIER_BALEXERT,t0730,0.0
GENEVE_RIVE,VERNIER_BALEXERT,t0800,0.0
GENEVE_RIVE,VERNIER_BALEXERT,t0830,0.0
GENEVE_RIVE,VERNIER_BLANDONNET,t0700,0.0
GENEVE_RIVE,VERNIER_BLANDONNET,t0730,0.0
GENEVE_RIVE,VERNIER_BLANDONNET,t0800,0.0
GENEVE_RIVE,VERNIER_BLANDONNET,t0830,0.0
GENEVE_RIVE,VERNIER_BOUCHET,t0700,0.0
GENEVE_RIVE,VERNIER_BOUCHET,t0730,0.0
GENEVE_RIVE,VERNIER_BOUCHET,t0800,0.0
GENEVE_RIVE,VERNIER_BOUCHET,t0830,0.0
GENEVE_SERVETTE,BERNEX_HAINARD,t0700,0.0
GENEVE_SERVETTE,BERNEX_HAINARD,t0730,0.0
GENEVE_SERVETTE,BERNEX_HAINARD,t0800,0.0
GENEVE_SERVETTE,BERNEX_HAINARD,t0830,0.0
GENEVE_SERVETTE,BERNEX_LUCHEPELET,t0700,0.0
GENEVE_SERVETTE,BERNEX_LUCHEPELET,t0730,0.0
GENEVE_SERVETTE,BERNEX_LUCHEPELET,t0800,0.0
GENEVE_SERVETTE,BERNEX_LUCHEPELET,t0830,0.0
GENEVE_SERVETTE,BERNEX_PRE_MARAIS,t0700,0.0
GENEVE_SERVETTE,BERNEX_PRE_MARAIS,t0730,0.0
GENEVE_SERVETTE,BERNEX_PRE_MARAIS,t0800,0.0
GENEVE_SERVETTE,BERNEX_PRE_MARAIS,t0830,0.0
GENEVE_SERVETTE,BERNEX_P_R,t0700,0.0
GENEVE_SERVETTE,BERNEX_P_R,t0730,0.0
GENEVE_SERVETTE,BERNEX_P_R,t0800,0.0
GENEVE_SERVETTE,BERNEX_P_R,t0830,0.0
GENEVE_SERVETTE,BERNEX_VAILLY,t0700,0.0
GENEVE_SERVETTE,BERNEX_VAILLY,t0730,0.0
GENEVE_SERVETTE,BERNEX_VAILLY,t0800,0.0
GENEVE_SERVETTE,BERNEX_VAILLY,t0830,0.0
GENEVE_SERVETTE,CAROUGE_GE_ANCIENNE,t0700,0.0
GENEVE_SERVETTE,CAROUGE_GE_ANCIENNE,t0730,0.0
GENEVE_SERVETTE,CAROUGE_GE_ANCIENNE,t0800,0.0
GENEVE_SERVETTE,CAROUGE_GE_ANCIENNE,t0830,0.0
GENEVE_SERVETTE,CAROUGE_GE_ARMES,t0700,0.0
GENEVE_SERVETTE,CAROUGE_GE_ARMES,t0730,0.0
GENEVE_SERVETTE,CAROUGE_GE_ARMES,t0800,0.0
GENEVE_SERVETTE,CAROUGE_GE_ARMES,t0830,0.0
GENEVE_SERVETTE,CAROUGE_GE_MARCHE,t0700,0.0
GENEVE_SERVETTE,CAROUGE_GE_MARCHE,t0730,0.0
GENEVE_SERVETTE,CAROUGE_GE_MARCHE,t0800,0.0
GENEVE_SERVETTE,CAROUGE_GE_MARCHE,t0830,0.0
GENEVE_SERVETTE,CAROUGE_GE_RONDEAU,t0700,0.0
GENEVE_SERVETTE,CAROUGE_GE_RONDEAU,t0730,0.0
GENEVE_SERVETTE,CAROUGE_GE_RONDEAU,t0800,0.0
GENEVE_SERVETTE,CAROUGE_GE_RONDEAU,t0830,0.0
GENEVE_SERVETTE,CHENE_BOUGERIES_GRANGETTES,t0700,0.0
GENEVE_SERVETTE,CHENE_BOUGERIES_GRANGETTES,t0730,0.0
GENEVE_SERVETTE,CHENE_BOUGERIES_GRANGETTES,t0800,0.0
GENEVE_SERVETTE,CHENE_BOUGERIES_GRANGETTES,t0830,0.0
GENEVE_SERVETTE,CHENE_BOUGERIES_GRANGE_CANAL,t0700,0.0
GENEVE_SERVETTE,CHENE_BOUGERIES_GRANGE_CANAL,t0730,0.0
GENEVE_SERVETTE,CHENE_BOUGERIES_GRANGE_CANAL,t0800,0.0
GENEVE_SERVETTE,CHENE_BOUGERIES_GRANGE_CANAL,t0830,0.0
GENEVE_SERVETTE,CHENE_BOUGERIES_GRANGE_FALQUET,t0700,0.0
GENEVE_SERVETTE,CHENE_BOUGERIES_GRANGE_FALQUET,t0730,0.0
GENEVE_SERVETTE,CHENE_BOUGERIES_GRANGE_FALQUET,t0800,0.0
GENEVE_SERVETTE,CHENE_BOUGERIES_GRANGE_FALQUET,t0830,0.0
GENEVE_SERVETTE,CHENE_BOURG_PEILLONNEX,t0700,0.0
GENEVE_SERVETTE,CHENE_BOURG_PEILLONNEX,t0730,0.0
GENEVE_SERVETTE,CHENE_BOURG_PEILLONNEX,t0800,0.0
GENEVE_SERVETTE,CHENE_BOURG_PEILLONNEX,t0830,0.0
GENEVE_SERVETTE,CHENE_BOURG_PLACE_FAVRE,t0700,0.0
GENEVE_SERVETTE,CHENE_BOURG_PLACE_FAVRE,t0730,0.0
GENEVE_SERVETTE,CHENE_BOURG_PLACE_FAVRE,t0800,0.0
GENEVE_SERVETTE,CHENE_BOURG_PLACE_FAVRE,t0830,0.0
GENEVE_SERVETTE,CONFIGNON_CROISEE,t0700,0.0
GENEVE_SERVETTE,CONFIGNON_CROISEE,t0730,0.0
GENEVE_SERVETTE,CONFIGNON_CROISEE,t0800,0.0
GENEVE_SERVETTE,CONFIGNON_CROISEE,t0830,0.0
GENEVE_SERVETTE,CONFIGNON_LA_DODE,t0700,0.0
GENEVE_SERVETTE,CONFIGNON_LA_DODE,t0730,0.0
GENEVE_SERVETTE,CONFIGNON_LA_DODE,t0800,0.0
GENEVE_SERVETTE,CONFIGNON_LA_DODE,t0830,0.0
GENEVE_SERVETTE,GENEVE_AMANDOLIER,t0700,0.0
GENEVE_SERVETTE,GENEVE_AMANDOLIER,t0730,0.0
GENEVE_SERVETTE,GENEVE_AMANDOLIER,t0800,0.0
GENEVE_SERVETTE,GENEVE_AMANDOLIER,t0830,0.0
GENEVE_SERVETTE,GENEVE_AUGUSTINS,t0700,0.0
GENEVE_SERVETTE,GENEVE_AUGUSTINS,t0730,0.0
GENEVE_SERVETTE,GENEVE_AUGUSTINS,t0800,0.0
GENEVE_SERVETTE,GENEVE_AUGUSTINS,t0830,0.0
GENEVE_SERVETTE,GENEVE_BEL_AIR,t0700,0.0
GENEVE_SERVETTE,GENEVE_BEL_AIR,t0730,0.0
GENEVE_SERVETTE,GENEVE_BEL_AIR,t0800,0.0
GENEVE_SERVETTE,GENEVE_BEL_AIR,t0830,0.0
GENEVE_SERVETTE,GENEVE_BLANCHE,t0700,0.0
GENEVE_SERVETTE,GENEVE_BLANCHE,t0730,0.0
GENEVE_SERVETTE,GENEVE_BLANCHE,t0800,0.0
GENEVE_SERVETTE,GENEVE_BLANCHE,t0830,0.0
GENEVE_SERVETTE,GENEVE_COUTANCE,t0700,0.0
GENEVE_SERVETTE,GENEVE_COUTANCE,t0730,0.0
GENEVE_SERVETTE,GENEVE_COUTANCE,t0800,0.0
GENEVE_SERVETTE,GENEVE_COUTANCE,t0830,0.0
GENEVE_SERVETTE,GENEVE_EAUX_VIVES_GARE,t0700,0.0
GENEVE_SERVETTE,GENEVE_EAUX_VIVES_GARE,t0730,0.0
GENEVE_SERVETTE,GENEVE_EAUX_VIVES_GARE,t0800,0.0
GENEVE_SERVETTE,GENEVE_EAUX_VIVES_GARE,t0830,0.0
GENEVE_SERVETTE,GENEVE_GARE_CORNAVIN,t0700,0.0
GENEVE_SERVETTE,GENEVE_GARE_CORNAVIN,t0730,0.0
GENEVE_SERVETTE,GENEVE_GARE_CORNAVIN,t0800,0.0
GENEVE_SERVETTE,GENEVE_GARE_CORNAVIN,t0830,0.0
GENEVE_SERVETTE,GENEVE_JONCTION,t0700,0.0
GENEVE_SERVETTE,GENEVE_JONCTION,t0730,0.0
GENEVE_SERVETTE,GENEVE_JONCTION,t0800,0.0
GENEVE_SERVETTE,GENEVE_JONCTION,t0830,0.0
GENEVE_SERVETTE,GENEVE_LYON,t0700,0.0
GENEVE_SERVETTE,GENEVE_LYON,t0730,0.0
GENEVE_SERVETTE,GENEVE_LYON,t0800,0.0
GENEVE_SERVETTE,GENEVE_LYON,t0830,0.0
GENEVE_SERVETTE,GENEVE_MOLARD,t0700,0.0
GENEVE_SERVETTE,GENEVE_MOLARD,t0730,0.0
GENEVE_SERVETTE,GENEVE_MOLARD,t0800,0.0
GENEVE_SERVETTE,GENEVE_MOLARD,t0830,0.0
GENEVE_SERVETTE,GENEVE_PALLADIUM,t0700,0.0
GENEVE_SERVETTE,GENEVE_PALLADIUM,t0730,0.0
GENEVE_SERVETTE,GENEVE_PALLADIUM,t0800,0.0
GENEVE_SERVETTE,GENEVE_PALLADIUM,t0830,0.0
GENEVE_SERVETTE,GENEVE_PLACE_DE_NEUVE,t0700,0.0
GENEVE_SERVETTE,GENEVE_PLACE_DE_NEUVE,t0730,0.0
GENEVE_SERVETTE,GENEVE_PLACE_DE_NEUVE,t0800,0.0
GENEVE_SERVETTE,GENEVE_PLACE_DE_NEUVE,t0830,0.0
GENEVE_SERVETTE,GENEVE_PLAINPALAIS,t0700,0.0
GENEVE_SERVETTE,GENEVE_PLAINPALAIS,t0730,0.0
GENEVE_SERVETTE,GENEVE_PLAINPALAIS,t0800,0.0
GENEVE_SERVETTE,GENEVE_PLAINPALAIS,t0830,0.0
GENEVE_SERVETTE,GENEVE_PONT_D_ARVE,t0700,0.0
GENEVE_SERVETTE,GENEVE_PONT_D_ARVE,t0730,0.0
GENEVE_SERVETTE,GENEVE_PONT_D_ARVE,t0800,0.0
GENEVE_SERVETTE,GENEVE_PONT_D_ARVE,t0830,0.0
GENEVE_SERVETTE,GENEVE_POTERIE,t0700,0.0
GENEVE_SERVETTE,GENEVE_POTERIE,t0730,0.0
GENEVE_SERVETTE,GENEVE_POTERIE,t0800,0.0
GENEVE_SERVETTE,GENEVE_POTERIE,t0830,0.0
GENEVE_SERVETTE,GENEVE_RIVE,t0700,0.0
GENEVE_SERVETTE,GENEVE_RIVE,t0730,0.0
GENEVE_SERVETTE,GENEVE_RIVE,t0800,0.0
GENEVE_SERVETTE,GENEVE_RIVE,t0830,0.0
GENEVE_SERVETTE,GENEVE_STAND,t0700,0.0
GENEVE_SERVETTE,GENEVE_STAND,t0730,0.0
GENEVE_SERVETTE,GENEVE_STAND,t0800,0.0
GENEVE_SERVETTE,GENEVE_STAND,t0830,0.0
GENEVE_SERVETTE,GENEVE_TERRASSIERE,t0700,0.0
GENEVE_SERVETTE,GENEVE_TERRASSIERE,t0730,0.0
GENEVE_SERVETTE,GENEVE_TERRASSIERE,t0800,0.0
GENEVE_SERVETTE,GENEVE_TERRASSIERE,t0830,0.0
GENEVE_SERVETTE,GENEVE_VIEUSSEUX,t0700,0.0
GENEVE_SERVETTE,GENEVE_VIEUSSEUX,t0730,0.0
GENEVE_SERVETTE,GENEVE_VIEUSSEUX,t0800,0.0
GENEVE_SERVETTE,GENEVE_VIEUSSEUX,t0830,0.0
GENEVE_SERVETTE,GENEVE_VILLEREUSE,t0700,0.0
GENEVE_SERVETTE,GENEVE_VILLEREUSE,t0730,0.0
GENEVE_SERVETTE,GENEVE_VILLEREUSE,t0800,0.0
GENEVE_SERVETTE,GENEVE_VILLEREUSE,t0830,0.0
GENEVE_SERVETTE,GRAND_LANCY_DE_STAEL,t0700,0.0
GENEVE_SERVETTE,GRAND_LANCY_DE_STAEL,t0730,0.0
GENEVE_SERVETTE,GRAND_LANCY_DE_STAEL,t0800,0.0
GENEVE_SERVETTE,GRAND_LANCY_DE_STAEL,t0830,0.0
GENEVE_SERVETTE,GRAND_LANCY_PALETTES,t0700,0.0
GENEVE_SERVETTE,GRAND_LANCY_PALETTES,t0730,0.0
GENEVE_SERVETTE,GRAND_LANCY_PALETTES,t0800,0.0
GENEVE_SERVETTE,GRAND_LANCY_PALETTES,t0830,0.0
GENEVE_SERVETTE,GRAND_LANCY_PONTETS,t0700,0.0
GENEVE_SERVETTE,GRAND_LANCY_PONTETS,t0730,0.0
GENEVE_SERVETTE,GRAND_LANCY_PONTETS,t0800,0.0
GENEVE_SERVETTE,GRAND_LANCY_PONTETS,t0830,0.0
GENEVE_SERVETTE,LANCY_BACHET_GARE,t0700,0.0
GENEVE_SERVETTE,LANCY_BACHET_GARE,t0730,0.0
GENEVE_SERVETTE,LANCY_BACHET_GARE,t0800,0.0
GENEVE_SERVETTE,LANCY_BACHET_GARE,t0830,0.0
GENEVE_SERVETTE,MEYRIN_BOIS_DU_LAN,t0700,0.0
GENEVE_SERVETTE,MEYRIN_BOIS_DU_LAN,t0730,0.0
GENEVE_SERVETTE,MEYRIN_BOIS_DU_LAN,t0800,0.0
GENEVE_SERVETTE,MEYRIN_BOIS_DU_LAN,t0830,0.0
GENEVE_SERVETTE,MEYRIN_CERN,t0700,0.0
GENEVE_SERVETTE,MEYRIN_CERN,t0730,0.0
GENEVE_SERVETTE,MEYRIN_CERN,t0800,0.0
GENEVE_SERVETTE,MEYRIN_CERN,t0830,0.0
GENEVE_SERVETTE,MEYRIN_FORUMEYRIN,t0700,0.0
GENEVE_SERVETTE,MEYRIN_FORUMEYRIN,t0730,0.0
GENEVE_SERVETTE,MEYRIN_FORUMEYRIN,t0800,0.0
GENEVE_SERVETTE,MEYRIN_FORUMEYRIN,t0830,0.0
GENEVE_SERVETTE,MEYRIN_GRAVIERE,t0700,0.0
GENEVE_SERVETTE,MEYRIN_GRAVIERE,t0730,0.0
GENEVE_SERVETTE,MEYRIN_GRAVIERE,t0800,0.0
GENEVE_SERVETTE,MEYRIN_GRAVIERE,t0830,0.0
GENEVE_SERVETTE,MEYRIN_HOPITAL_DE_LA_TOUR,t0700,0.0
GENEVE_SERVETTE,MEYRIN_HOPITAL_DE_LA_TOUR,t0730,0.0
GENEVE_SERVETTE,MEYRIN_HOPITAL_DE_LA_TOUR,t0800,0.0
GENEVE_SERVETTE,MEYRIN_HOPITAL_DE_LA_TOUR,t0830,0.0
GENEVE_SERVETTE,MEYRIN_JARDIN_ALPIN_VIVARIUM,t0700,0.0
GENEVE_SERVETTE,MEYRIN_JARDIN_ALPIN_VIVARIUM,t0730,0.0
GENEVE_SERVETTE,MEYRIN_JARDIN_ALPIN_VIVARIUM,t0800,0.0
GENEVE_SERVETTE,MEYRIN_JARDIN_ALPIN_VIVARIUM,t0830,0.0
GENEVE_SERVETTE,MEYRIN_MAISONNEX,t0700,0.0
GENEVE_SERVETTE,MEYRIN_MAISONNEX,t0730,0.0
GENEVE_SERVETTE,MEYRIN_MAISONNEX,t0800,0.0
GENEVE_SERVETTE,MEYRIN_MAISONNEX,t0830,0.0
GENEVE_SERVETTE,MEYRIN_VAUDAGNE,t0700,0.0
GENEVE_SERVETTE,MEYRIN_VAUDAGNE,t0730,0.0
GENEVE_SERVETTE,MEYRIN_VAUDAGNE,t0800,0.0
GENEVE_SERVETTE,MEYRIN_VAUDAGNE,t0830,0.0
GENEVE_SERVETTE,MEYRIN_VILLAGE,t0700,0.0
GENEVE_SERVETTE,MEYRIN_VILLAGE,t0730,0.0
GENEVE_SERVETTE,MEYRIN_VILLAGE,t0800,0.0
GENEVE_SERVETTE,MEYRIN_VILLAGE,t0830,0.0
GENEVE_SERVETTE,ONEX_BANDOL,t0700,0.0
GENEVE_SERVETTE,ONEX_BANDOL,t0730,0.0
GENEVE_SERVETTE,ONEX_BANDOL,t0800,0.0
GENEVE_SERVETTE,ONEX_BANDOL,t0830,0.0
GENEVE_SERVETTE,ONEX_SALLE_COMMUNALE,t0700,0.0
GENEVE_SERVETTE,ONEX_SALLE_COMMUNALE,t0730,0.0
GENEVE_SERVETTE,ONEX_SALLE_COMMUNALE,t0800,0.0
GENEVE_SERVETTE,ONEX_SALLE_COMMUNALE,t0830,0.0
GENEVE_SERVETTE,PETIT_LANCY_LES_ESSERTS,t0700,0.0
GENEVE_SERVETTE,PETIT_LANCY_LES_ESSERTS,t0730,0.0
GENEVE_SERVETTE,PETIT_LANCY_LES_ESSERTS,t0800,0.0
GENEVE_SERVETTE,PETIT_LANCY_LES_ESSERTS,t0830,0.0
GENEVE_SERVETTE,PETIT_LANCY_PLACE,t0700,0.0
GENEVE_SERVETTE,PETIT_LANCY_PLACE,t0730,0.0
GENEVE_SERVETTE,PETIT_LANCY_PLACE,t0800,0.0
GENEVE_SERVETTE,PETIT_LANCY_PLACE,t0830,0.0
GENEVE_SERVETTE,PETIT_LANCY_QUIDORT,t0700,0.0
GENEVE_SERVETTE,PETIT_LANCY_QUIDORT,t0730,0.0
GENEVE_SERVETTE,PETIT_LANCY_QUIDORT,t0800,0.0
GENEVE_SERVETTE,PETIT_LANCY_QUIDORT,t0830,0.0
GENEVE_SERVETTE,PLAN_LES_OUATES_TREFLE_BLANC,t0700,0.0
GENEVE_SERVETTE,PLAN_LES_OUATES_TREFLE_BLANC,t0730,0.0
GENEVE_SERVETTE,PLAN_LES_OUATES_TREFLE_BLANC,t0800,0.0
GENEVE_SERVETTE,PLAN_LES_OUATES_TREFLE_BLANC,t0830,0.0
GENEVE_SERVETTE,THONEX_GRAVESON,t0700,0.0
GENEVE_SERVETTE,THONEX_GRAVESON,t0730,0.0
GENEVE_SERVETTE,THONEX_GRAVESON,t0800,0.0
GENEVE_SERVETTE,THONEX_GRAVESON,t0830,0.0
GENEVE_SERVETTE,THONEX_MOILLESULAZ,t0700,0.0
GENEVE_SERVETTE,THONEX_MOILLESULAZ,t0730,0.0
GENEVE_SERVETTE,THONEX_MOILLESULAZ,t0800,0.0
GENEVE_SERVETTE,THONEX_MOILLESULAZ,t0830,0.0
GENEVE_SERVETTE,VERNIER_AVANCHETS_ETANG,t0700,0.0
GENEVE_SERVETTE,VERNIER_AVANCHETS_ETANG,t0730,0.0
GENEVE_SERVETTE,VERNIER_AVANCHETS_ETANG,t0800,0.0
GENEVE_SERVETTE,VERNIER_AVANCHETS_ETANG,t0830,0.0
GENEVE_SERVETTE,VERNIER_BALEXERT,t0700,0.0
GENEVE_SERVETTE,VERNIER_BALEXERT,t0730,0.0
GENEVE_SERVETTE,VERNIER_BALEXERT,t0800,0.0
GENEVE_SERVETTE,VERNIER_BALEXERT,t0830,0.0
GENEVE_SERVETTE,VERNIER_BLANDONNET,t0700,0.0
GENEVE_SERVETTE,VERNIER_BLANDONNET,t0730,0.0
GENEVE_SERVETTE,VERNIER_BLANDONNET,t0800,0.0
GENEVE_SERVETTE,VERNIER_BLANDONNET,t0830,0.0
GENEVE_SERVETTE,VERNIER_BOUCHET,t0700,0.0
GENEVE_SERVETTE,VERNIER_BOUCHET,t0730,0.0
GENEVE_SERVETTE,VERNIER_BOUCHET,t0800,0.0
GENEVE_SERVETTE,VERNIER_BOUCHET,t0830,0.0
GENEVE_STAND,BERNEX_HAINARD,t0700,0.0
GENEVE_STAND,BERNEX_HAINARD,t0730,0.0
GENEVE_STAND,BERNEX_HAINARD,t0800,0.0
GENEVE_STAND,BERNEX_HAINARD,t0830,0.0
GENEVE_STAND,BERNEX_LUCHEPELET,t0700,0.0
GENEVE_STAND,BERNEX_LUCHEPELET,t0730,0.0
GENEVE_STAND,BERNEX_LUCHEPELET,t0800,0.0
GENEVE_STAND,BERNEX_LUCHEPELET,t0830,0.0
GENEVE_STAND,BERNEX_PRE_MARAIS,t0700,0.0
GENEVE_STAND,BERNEX_PRE_MARAIS,t0730,0.0
GENEVE_STAND,BERNEX_PRE_MARAIS,t0800,0.0
GENEVE_STAND,BERNEX_PRE_MARAIS,t0830,0.0
GENEVE_STAND,BERNEX_P_R,t0700,0.0
GENEVE_STAND,BERNEX_P_R,t0730,0.0
GENEVE_STAND,BERNEX_P_R,t0800,0.0
GENEVE_STAND,BERNEX_P_R,t0830,0.0
GENEVE_STAND,BERNEX_VAILLY,t0700,0.0
GENEVE_STAND,BERNEX_VAILLY,t0730,0.0
GENEVE_STAND,BERNEX_VAILLY,t0800,0.0
GENEVE_STAND,BERNEX_VAILLY,t0830,0.0
GENEVE_STAND,CAROUGE_GE_ANCIENNE,t0700,0.0
GENEVE_STAND,CAROUGE_GE_ANCIENNE,t0730,0.0
GENEVE_STAND,CAROUGE_GE_ANCIENNE,t0800,0.0
GENEVE_STAND,CAROUGE_GE_ANCIENNE,t0830,0.0
GENEVE_STAND,CAROUGE_GE_ARMES,t0700,0.0
GENEVE_STAND,CAROUGE_GE_ARMES,t0730,0.0
GENEVE_STAND,CAROUGE_GE_ARMES,t0800,0.0
GENEVE_STAND,CAROUGE_GE_ARMES,t0830,0.0
GENEVE_STAND,CAROUGE_GE_MARCHE,t0700,0.0
GENEVE_STAND,CAROUGE_GE_MARCHE,t0730,0.0
GENEVE_STAND,CAROUGE_GE_MARCHE,t0800,0.0
GENEVE_STAND,CAROUGE_GE_MARCHE,t0830,0.0
GENEVE_STAND,CAROUGE_GE_RONDEAU,t0700,0.0
GENEVE_STAND,CAROUGE_GE_RONDEAU,t0730,0.0
GENEVE_STAND,CAROUGE_GE_RONDEAU,t0800,0.0
GENEVE_STAND,CAROUGE_GE_RONDEAU,t0830,0.0
GENEVE_STAND,CHENE_BOUGERIES_GRANGETTES,t0700,0.0
GENEVE_STAND,CHENE_BOUGERIES_GRANGETTES,t0730,0.0
GENEVE_STAND,CHENE_BOUGERIES_GRANGETTES,t0800,0.0
GENEVE_STAND,CHENE_BOUGERIES_GRANGETTES,t0830,0.0
GENEVE_STAND,CHENE_BOUGERIES_GRANGE_CANAL,t0700,0.0
GENEVE_STAND,CHENE_BOUGERIES_GRANGE_CANAL,t0730,0.0
GENEVE_STAND,CHENE_BOUGERIES_GRANGE_CANAL,t0800,0.0
GENEVE_STAND,CHENE_BOUGERIES_GRANGE_CANAL,t0830,0.0
GENEVE_STAND,CHENE_BOUGERIES_GRANGE_FALQUET,t0700,0.0
GENEVE_STAND,CHENE_BOUGERIES_GRANGE_FALQUET,t0730,0.0
GENEVE_STAND,CHENE_BOUGERIES_GRANGE_FALQUET,t0800,0.0
GENEVE_STAND,CHENE_BOUGERIES_GRANGE_FALQUET,t0830,0.0
GENEVE_STAND,CHENE_BOURG_PEILLONNEX,t0700,0.0
GENEVE_STAND,CHENE_BOURG_PEILLONNEX,t0730,0.0
GENEVE_STAND,CHENE_BOURG_PEILLONNEX,t0800,0.0
GENEVE_STAND,CHENE_BOURG_PEILLONNEX,t0830,0.0
GENEVE_STAND,CHENE_BOURG_PLACE_FAVRE,t0700,0.0
GENEVE_STAND,CHENE_BOURG_PLACE_FAVRE,t0730,0.0
GENEVE_STAND,CHENE_BOURG_PLACE_FAVRE,t0800,0.0
GENEVE_STAND,CHENE_BOURG_PLACE_FAVRE,t0830,0.0
GENEVE_STAND,CONFIGNON_CROISEE,t0700,0.0
GENEVE_STAND,CONFIGNON_CROISEE,t0730,0.0
GENEVE_STAND,CONFIGNON_CROISEE,t0800,0.0
GENEVE_STAND,CONFIGNON_CROISEE,t0830,0.0
GENEVE_STAND,CONFIGNON_LA_DODE,t0700,0.0
GENEVE_STAND,CONFIGNON_LA_DODE,t0730,0.0
GENEVE_STAND,CONFIGNON_LA_DODE,t0800,0.0
GENEVE_STAND,CONFIGNON_LA_DODE,t0830,0.0
GENEVE_STAND,GENEVE_AMANDOLIER,t0700,0.0
GENEVE_STAND,GENEVE_AMANDOLIER,t0730,0.0
GENEVE_STAND,GENEVE_AMANDOLIER,t0800,0.0
GENEVE_STAND,GENEVE_AMANDOLIER,t0830,0.0
GENEVE_STAND,GENEVE_AUGUSTINS,t0700,0.0
GENEVE_STAND,GENEVE_AUGUSTINS,t0730,0.0
GENEVE_STAND,GENEVE_AUGUSTINS,t0800,0.0
GENEVE_STAND,GENEVE_AUGUSTINS,t0830,0.0
GENEVE_STAND,GENEVE_BEL_AIR,t0700,0.0
GENEVE_STAND,GENEVE_BEL_AIR,t0730,0.0
GENEVE_STAND,GENEVE_BEL_AIR,t0800,0.0
GENEVE_STAND,GENEVE_BEL_AIR,t0830,0.0
GENEVE_STAND,GENEVE_BLANCHE,t0700,0.0
GENEVE_STAND,GENEVE_BLANCHE,t0730,0.0
GENEVE_STAND,GENEVE_BLANCHE,t0800,0.0
GENEVE_STAND,GENEVE_BLANCHE,t0830,0.0
GENEVE_STAND,GENEVE_COUTANCE,t0700,0.0
GENEVE_STAND,GENEVE_COUTANCE,t0730,0.0
GENEVE_STAND,GENEVE_COUTANCE,t0800,0.0
GENEVE_STAND,GENEVE_COUTANCE,t0830,0.0
GENEVE_STAND,GENEVE_EAUX_VIVES_GARE,t0700,0.0
GENEVE_STAND,GENEVE_EAUX_VIVES_GARE,t0730,0.0
GENEVE_STAND,GENEVE_EAUX_VIVES_GARE,t0800,0.0
GENEVE_STAND,GENEVE_EAUX_VIVES_GARE,t0830,0.0
GENEVE_STAND,GENEVE_GARE_CORNAVIN,t0700,0.0
GENEVE_STAND,GENEVE_GARE_CORNAVIN,t0730,0.0
GENEVE_STAND,GENEVE_GARE_CORNAVIN,t0800,0.0
GENEVE_STAND,GENEVE_GARE_CORNAVIN,t0830,0.0
GENEVE_STAND,GENEVE_JONCTION,t0700,0.0
GENEVE_STAND,GENEVE_JONCTION,t0730,0.0
GENEVE_STAND,GENEVE_JONCTION,t0800,0.0
GENEVE_STAND,GENEVE_JONCTION,t0830,0.0
GENEVE_STAND,GENEVE_LYON,t0700,0.0
GENEVE_STAND,GENEVE_LYON,t0730,0.0
GENEVE_STAND,GENEVE_LYON,t0800,0.0
GENEVE_STAND,GENEVE_LYON,t0830,0.0
GENEVE_STAND,GENEVE_MOLARD,t0700,0.0
GENEVE_STAND,GENEVE_MOLARD,t0730,0.0
GENEVE_STAND,GENEVE_MOLARD,t0800,0.0
GENEVE_STAND,GENEVE_MOLARD,t0830,0.0
GENEVE_STAND,GENEVE_PALLADIUM,t0700,0.0
GENEVE_STAND,GENEVE_PALLADIUM,t0730,0.0
GENEVE_STAND,GENEVE_PALLADIUM,t0800,0.0
GENEVE_STAND,GENEVE_PALLADIUM,t0830,0.0
GENEVE_STAND,GENEVE_PLACE_DE_NEUVE,t0700,0.0
GENEVE_STAND,GENEVE_PLACE_DE_NEUVE,t0730,0.0
GENEVE_STAND,GENEVE_PLACE_DE_NEUVE,t0800,0.0
GENEVE_STAND,GENEVE_PLACE_DE_NEUVE,t0830,0.0
GENEVE_STAND,GENEVE_PLAINPALAIS,t0700,0.0
GENEVE_STAND,GENEVE_PLAINPALAIS,t0730,0.0
GENEVE_STAND,GENEVE_PLAINPALAIS,t0800,0.0
GENEVE_STAND,GENEVE_PLAINPALAIS,t0830,0.0
GENEVE_STAND,GENEVE_PONT_D_ARVE,t0700,0.0
GENEVE_STAND,GENEVE_PONT_D_ARVE,t0730,0.0
GENEVE_STAND,GENEVE_PONT_D_ARVE,t0800,0.0
GENEVE_STAND,GENEVE_PONT_D_ARVE,t0830,0.0
GENEVE_STAND,GENEVE_POTERIE,t0700,0.0
GENEVE_STAND,GENEVE_POTERIE,t0730,0.0
GENEVE_STAND,GENEVE_POTERIE,t0800,0.0
GENEVE_STAND,GENEVE_POTERIE,t0830,0.0
GENEVE_STAND,GENEVE_RIVE,t0700,0.0
GENEVE_STAND,GENEVE_RIVE,t0730,0.0
GENEVE_STAND,GENEVE_RIVE,t0800,0.0
GENEVE_STAND,GENEVE_RIVE,t0830,0.0
GENEVE_STAND,GENEVE_SERVETTE,t0700,0.0
GENEVE_STAND,GENEVE_SERVETTE,t0730,0.0
GENEVE_STAND,GENEVE_SERVETTE,t0800,0.0
GENEVE_STAND,GENEVE_SERVETTE,t0830,0.0
GENEVE_STAND,GENEVE_TERRASSIERE,t0700,0.0
GENEVE_STAND,GENEVE_TERRASSIERE,t0730,0.0
GENEVE_STAND,GENEVE_TERRASSIERE,t0800,0.0
GENEVE_STAND,GENEVE_TERRASSIERE,t0830,0.0
GENEVE_STAND,GENEVE_VIEUSSEUX,t0700,0.0
GENEVE_STAND,GENEVE_VIEUSSEUX,t0730,0.0
GENEVE_STAND,GENEVE_VIEUSSEUX,t0800,0.0
GENEVE_STAND,GENEVE_VIEUSSEUX,t0830,0.0
GENEVE_STAND,GENEVE_VILLEREUSE,t0700,0.0
GENEVE_STAND,GENEVE_VILLEREUSE,t0730,0.0
GENEVE_STAND,GENEVE_VILLEREUSE,t0800,0.0
GENEVE_STAND,GENEVE_VILLEREUSE,t0830,0.0
GENEVE_STAND,GRAND_LANCY_DE_STAEL,t0700,0.0
GENEVE_STAND,GRAND_LANCY_DE_STAEL,t0730,0.0
GENEVE_STAND,GRAND_LANCY_DE_STAEL,t0800,0.0
GENEVE_STAND,GRAND_LANCY_DE_STAEL,t0830,0.0
GENEVE_STAND,GRAND_LANCY_PALETTES,t0700,0.0
GENEVE_STAND,GRAND_LANCY_PALETTES,t0730,0.0
GENEVE_STAND,GRAND_LANCY_PALETTES,t0800,0.0
GENEVE_STAND,GRAND_LANCY_PALETTES,t0830,0.0
GENEVE_STAND,GRAND_LANCY_PONTETS,t0700,0.0
GENEVE_STAND,GRAND_LANCY_PONTETS,t0730,0.0
GENEVE_STAND,GRAND_LANCY_PONTETS,t0800,0.0
GENEVE_STAND,GRAND_LANCY_PONTETS,t0830,0.0
GENEVE_STAND,LANCY_BACHET_GARE,t0700,0.0
GENEVE_STAND,LANCY_BACHET_GARE,t0730,0.0
GENEVE_STAND,LANCY_BACHET_GARE,t0800,0.0
GENEVE_STAND,LANCY_BACHET_GARE,t0830,0.0
GENEVE_STAND,MEYRIN_BOIS_DU_LAN,t0700,0.0
GENEVE_STAND,MEYRIN_BOIS_DU_LAN,t0730,0.0
GENEVE_STAND,MEYRIN_BOIS_DU_LAN,t0800,0.0
GENEVE_STAND,MEYRIN_BOIS_DU_LAN,t0830,0.0
GENEVE_STAND,MEYRIN_CERN,t0700,0.0
GENEVE_STAND,MEYRIN_CERN,t0730,0.0
GENEVE_STAND,MEYRIN_CERN,t0800,0.0
GENEVE_STAND,MEYRIN_CERN,t0830,0.0
GENEVE_STAND,MEYRIN_FORUMEYRIN,t0700,0.0
GENEVE_STAND,MEYRIN_FORUMEYRIN,t0730,0.0
GENEVE_STAND,MEYRIN_FORUMEYRIN,t0800,0.0
GENEVE_STAND,MEYRIN_FORUMEYRIN,t0830,0.0
GENEVE_STAND,MEYRIN_GRAVIERE,t0700,0.0
GENEVE_STAND,MEYRIN_GRAVIERE,t0730,0.0
GENEVE_STAND,MEYRIN_GRAVIERE,t0800,0.0
GENEVE_STAND,MEYRIN_GRAVIERE,t0830,0.0
GENEVE_STAND,MEYRIN_HOPITAL_DE_LA_TOUR,t0700,0.0
GENEVE_STAND,MEYRIN_HOPITAL_DE_LA_TOUR,t0730,0.0
GENEVE_STAND,MEYRIN_HOPITAL_DE_LA_TOUR,t0800,0.0
GENEVE_STAND,MEYRIN_HOPITAL_DE_LA_TOUR,t0830,0.0
GENEVE_STAND,MEYRIN_JARDIN_ALPIN_VIVARIUM,t0700,0.0
GENEVE_STAND,MEYRIN_JARDIN_ALPIN_VIVARIUM,t0730,0.0
GENEVE_STAND,MEYRIN_JARDIN_ALPIN_VIVARIUM,t0800,0.0
GENEVE_STAND,MEYRIN_JARDIN_ALPIN_VIVARIUM,t0830,0.0
GENEVE_STAND,MEYRIN_MAISONNEX,t0700,0.0
GENEVE_STAND,MEYRIN_MAISONNEX,t0730,0.0
GENEVE_STAND,MEYRIN_MAISONNEX,t0800,0.0
GENEVE_STAND,MEYRIN_MAISONNEX,t0830,0.0
GENEVE_STAND,MEYRIN_VAUDAGNE,t0700,0.0
GENEVE_STAND,MEYRIN_VAUDAGNE,t0730,0.0
GENEVE_STAND,MEYRIN_VAUDAGNE,t0800,0.0
GENEVE_STAND,MEYRIN_VAUDAGNE,t0830,0.0
GENEVE_STAND,MEYRIN_VILLAGE,t0700,0.0
GENEVE_STAND,MEYRIN_VILLAGE,t0730,0.0
GENEVE_STAND,MEYRIN_VILLAGE,t0800,0.0
GENEVE_STAND,MEYRIN_VILLAGE,t0830,0.0
GENEVE_STAND,ONEX_BANDOL,t0700,0.0
GENEVE_STAND,ONEX_BANDOL,t0730,0.0
GENEVE_STAND,ONEX_BANDOL,t0800,0.0
GENEVE_STAND,ONEX_BANDOL,t0830,0.0
GENEVE_STAND,ONEX_SALLE_COMMUNALE,t0700,0.0
GENEVE_STAND,ONEX_SALLE_COMMUNALE,t0730,0.0
GENEVE_STAND,ONEX_SALLE_COMMUNALE,t0800,0.0
GENEVE_STAND,ONEX_SALLE_COMMUNALE,t0830,0.0
GENEVE_STAND,PETIT_LANCY_LES_ESSERTS,t0700,0.0
GENEVE_STAND,PETIT_LANCY_LES_ESSERTS,t0730,0.0
GENEVE_STAND,PETIT_LANCY_LES_ESSERTS,t0800,0.0
GENEVE_STAND,PETIT_LANCY_LES_ESSERTS,t0830,0.0
GENEVE_STAND,PETIT_LANCY_PLACE,t0700,0.0
GENEVE_STAND,PETIT_LANCY_PLACE,t0730,0.0
GENEVE_STAND,PETIT_LANCY_PLACE,t0800,0.0
GENEVE_STAND,PETIT_LANCY_PLACE,t0830,0.0
GENEVE_STAND,PETIT_LANCY_QUIDORT,t0700,0.0
GENEVE_STAND,PETIT_LANCY_QUIDORT,t0730,0.0
GENEVE_STAND,PETIT_LANCY_QUIDORT,t0800,0.0
GENEVE_STAND,PETIT_LANCY_QUIDORT,t0830,0.0
GENEVE_STAND,PLAN_LES_OUATES_TREFLE_BLANC,t0700,0.0
GENEVE_STAND,PLAN_LES_OUATES_TREFLE_BLANC,t0730,0.0
GENEVE_STAND,PLAN_LES_OUATES_TREFLE_BLANC,t0800,0.0
GENEVE_STAND,PLAN_LES_OUATES_TREFLE_BLANC,t0830,0.0
GENEVE_STAND,THONEX_GRAVESON,t0700,0.0
GENEVE_STAND,THONEX_GRAVESON,t0730,0.0
GENEVE_STAND,THONEX_GRAVESON,t0800,0.0
GENEVE_STAND,THONEX_GRAVESON,t0830,0.0
GENEVE_STAND,THONEX_MOILLESULAZ,t0700,0.0
GENEVE_STAND,THONEX_MOILLESULAZ,t0730,0.0
GENEVE_STAND,THONEX_MOILLESULAZ,t0800,0.0
GENEVE_STAND,THONEX_MOILLESULAZ,t0830,0.0
GENEVE_STAND,VERNIER_AVANCHETS_ETANG,t0700,0.0
GENEVE_STAND,VERNIER_AVANCHETS_ETANG,t0730,0.0
GENEVE_STAND,VERNIER_AVANCHETS_ETANG,t0800,0.0
GENEVE_STAND,VERNIER_AVANCHETS_ETANG,t0830,0.0
GENEVE_STAND,VERNIER_BALEXERT,t0700,0.0
GENEVE_STAND,VERNIER_BALEXERT,t0730,0.0
GENEVE_STAND,VERNIER_BALEXERT,t0800,0.0
GENEVE_STAND,VERNIER_BALEXERT,t0830,0.0
GENEVE_STAND,VERNIER_BLANDONNET,t0700,0.0
GENEVE_STAND,VERNIER_BLANDONNET,t0730,0.0
GENEVE_STAND,VERNIER_BLANDONNET,t0800,0.0
GENEVE_STAND,VERNIER_BLANDONNET,t0830,0.0
GENEVE_STAND,VERNIER_BOUCHET,t0700,0.0
GENEVE_STAND,VERNIER_BOUCHET,t0730,0.0
GENEVE_STAND,VERNIER_BOUCHET,t0800,0.0
GENEVE_STAND,VERNIER_BOUCHET,t0830,0.0
GENEVE_TERRASSIERE,BERNEX_HAINARD,t0700,0.0
GENEVE_TERRASSIERE,BERNEX_HAINARD,t0730,0.0
GENEVE_TERRASSIERE,BERNEX_HAINARD,t0800,0.0
GENEVE_TERRASSIERE,BERNEX_HAINARD,t0830,0.0
GENEVE_TERRASSIERE,BERNEX_LUCHEPELET,t0700,0.0
GENEVE_TERRASSIERE,BERNEX_LUCHEPELET,t0730,0.0
GENEVE_TERRASSIERE,BERNEX_LUCHEPELET,t0800,0.0
GENEVE_TERRASSIERE,BERNEX_LUCHEPELET,t0830,0.0
GENEVE_TERRASSIERE,BERNEX_PRE_MARAIS,t0700,0.0
GENEVE_TERRASSIERE,BERNEX_PRE_MARAIS,t0730,0.0
GENEVE_TERRASSIERE,BERNEX_PRE_MARAIS,t0800,0.0
GENEVE_TERRASSIERE,BERNEX_PRE_MARAIS,t0830,0.0
GENEVE_TERRASSIERE,BERNEX_P_R,t0700,0.0
GENEVE_TERRASSIERE,BERNEX_P_R,t0730,0.0
GENEVE_TERRASSIERE,BERNEX_P_R,t0800,0.0
GENEVE_TERRASSIERE,BERNEX_P_R,t0830,0.0
GENEVE_TERRASSIERE,BERNEX_VAILLY,t0700,0.0
GENEVE_TERRASSIERE,BERNEX_VAILLY,t0730,0.0
GENEVE_TERRASSIERE,BERNEX_VAILLY,t0800,0.0
GENEVE_TERRASSIERE,BERNEX_VAILLY,t0830,0.0
GENEVE_TERRASSIERE,CAROUGE_GE_ANCIENNE,t0700,0.0
GENEVE_TERRASSIERE,CAROUGE_GE_ANCIENNE,t0730,0.0
GENEVE_TERRASSIERE,CAROUGE_GE_ANCIENNE,t0800,0.0
GENEVE_TERRASSIERE,CAROUGE_GE_ANCIENNE,t0830,0.0
GENEVE_TERRASSIERE,CAROUGE_GE_ARMES,t0700,0.0
GENEVE_TERRASSIERE,CAROUGE_GE_ARMES,t0730,0.0
GENEVE_TERRASSIERE,CAROUGE_GE_ARMES,t0800,0.0
GENEVE_TERRASSIERE,CAROUGE_GE_ARMES,t0830,0.0
GENEVE_TERRASSIERE,CAROUGE_GE_MARCHE,t0700,0.0
GENEVE_TERRASSIERE,CAROUGE_GE_MARCHE,t0730,0.0
GENEVE_TERRASSIERE,CAROUGE_GE_MARCHE,t0800,0.0
GENEVE_TERRASSIERE,CAROUGE_GE_MARCHE,t0830,0.0
GENEVE_TERRASSIERE,CAROUGE_GE_RONDEAU,t0700,0.0
GENEVE_TERRASSIERE,CAROUGE_GE_RONDEAU,t0730,0.0
GENEVE_TERRASSIERE,CAROUGE_GE_RONDEAU,t0800,0.0
GENEVE_TERRASSIERE,CAROUGE_GE_RONDEAU,t0830,0.0
GENEVE_TERRASSIERE,CHENE_BOUGERIES_GRANGETTES,t0700,0.0
GENEVE_TERRASSIERE,CHENE_BOUGERIES_GRANGETTES,t0730,0.0
GENEVE_TERRASSIERE,CHENE_BOUGERIES_GRANGETTES,t0800,0.0
GENEVE_TERRASSIERE,CHENE_BOUGERIES_GRANGETTES,t0830,0.0
GENEVE_TERRASSIERE,CHENE_BOUGERIES_GRANGE_CANAL,t0700,0.0
GENEVE_TERRASSIERE,CHENE_BOUGERIES_GRANGE_CANAL,t0730,0.0
GENEVE_TERRASSIERE,CHENE_BOUGERIES_GRANGE_CANAL,t0800,0.0
GENEVE_TERRASSIERE,CHENE_BOUGERIES_GRANGE_CANAL,t0830,0.0
GENEVE_TERRASSIERE,CHENE_BOUGERIES_GRANGE_FALQUET,t0700,0.0
GENEVE_TERRASSIERE,CHENE_BOUGERIES_GRANGE_FALQUET,t0730,0.0
GENEVE_TERRASSIERE,CHENE_BOUGERIES_GRANGE_FALQUET,t0800,0.0
GENEVE_TERRASSIERE,CHENE_BOUGERIES_GRANGE_FALQUET,t0830,0.0
GENEVE_TERRASSIERE,CHENE_BOURG_PEILLONNEX,t0700,0.0
GENEVE_TERRASSIERE,CHENE_BOURG_PEILLONNEX,t0730,0.0
GENEVE_TERRASSIERE,CHENE_BOURG_PEILLONNEX,t0800,0.0
GENEVE_TERRASSIERE,CHENE_BOURG_PEILLONNEX,t0830,0.0
GENEVE_TERRASSIERE,CHENE_BOURG_PLACE_FAVRE,t0700,0.0
GENEVE_TERRASSIERE,CHENE_BOURG_PLACE_FAVRE,t0730,0.0
GENEVE_TERRASSIERE,CHENE_BOURG_PLACE_FAVRE,t0800,0.0
GENEVE_TERRASSIERE,CHENE_BOURG_PLACE_FAVRE,t0830,0.0
GENEVE_TERRASSIERE,CONFIGNON_CROISEE,t0700,0.0
GENEVE_TERRASSIERE,CONFIGNON_CROISEE,t0730,0.0
GENEVE_TERRASSIERE,CONFIGNON_CROISEE,t0800,0.0
GENEVE_TERRASSIERE,CONFIGNON_CROISEE,t0830,0.0
GENEVE_TERRASSIERE,CONFIGNON_LA_DODE,t0700,0.0
GENEVE_TERRASSIERE,CONFIGNON_LA_DODE,t0730,0.0
GENEVE_TERRASSIERE,CONFIGNON_LA_DODE,t0800,0.0
GENEVE_TERRASSIERE,CONFIGNON_LA_DODE,t0830,0.0
GENEVE_TERRASSIERE,GENEVE_AMANDOLIER,t0700,0.0
GENEVE_TERRASSIERE,GENEVE_AMANDOLIER,t0730,0.0
GENEVE_TERRASSIERE,GENEVE_AMANDOLIER,t0800,0.0
GENEVE_TERRASSIERE,GENEVE_AMANDOLIER,t0830,0.0
GENEVE_TERRASSIERE,GENEVE_AUGUSTINS,t0700,0.0
GENEVE_TERRASSIERE,GENEVE_AUGUSTINS,t0730,0.0
GENEVE_TERRASSIERE,GENEVE_AUGUSTINS,t0800,0.0
GENEVE_TERRASSIERE,GENEVE_AUGUSTINS,t0830,0.0
GENEVE_TERRASSIERE,GENEVE_BEL_AIR,t0700,0.0
GENEVE_TERRASSIERE,GENEVE_BEL_AIR,t0730,0.0
GENEVE_TERRASSIERE,GENEVE_BEL_AIR,t0800,0.0
GENEVE_TERRASSIERE,GENEVE_BEL_AIR,t0830,0.0
GENEVE_TERRASSIERE,GENEVE_BLANCHE,t0700,0.0
GENEVE_TERRASSIERE,GENEVE_BLANCHE,t0730,0.0
GENEVE_TERRASSIERE,GENEVE_BLANCHE,t0800,0.0
GENEVE_TERRASSIERE,GENEVE_BLANCHE,t0830,0.0
GENEVE_TERRASSIERE,GENEVE_COUTANCE,t0700,0.0
GENEVE_TERRASSIERE,GENEVE_COUTANCE,t0730,0.0
GENEVE_TERRASSIERE,GENEVE_COUTANCE,t0800,0.0
GENEVE_TERRASSIERE,GENEVE_COUTANCE,t0830,0.0
GENEVE_TERRASSIERE,GENEVE_EAUX_VIVES_GARE,t0700,0.0
GENEVE_TERRASSIERE,GENEVE_EAUX_VIVES_GARE,t0730,0.0
GENEVE_TERRASSIERE,GENEVE_EAUX_VIVES_GARE,t0800,0.0
GENEVE_TERRASSIERE,GENEVE_EAUX_VIVES_GARE,t0830,0.0
GENEVE_TERRASSIERE,GENEVE_GARE_CORNAVIN,t0700,0.0
GENEVE_TERRASSIERE,GENEVE_GARE_CORNAVIN,t0730,0.0
GENEVE_TERRASSIERE,GENEVE_GARE_CORNAVIN,t0800,0.0
GENEVE_TERRASSIERE,GENEVE_GARE_CORNAVIN,t0830,0.0
GENEVE_TERRASSIERE,GENEVE_JONCTION,t0700,0.0
GENEVE_TERRASSIERE,GENEVE_JONCTION,t0730,0.0
GENEVE_TERRASSIERE,GENEVE_JONCTION,t0800,0.0
GENEVE_TERRASSIERE,GENEVE_JONCTION,t0830,0.0
GENEVE_TERRASSIERE,GENEVE_LYON,t0700,0.0
GENEVE_TERRASSIERE,GENEVE_LYON,t0730,0.0
GENEVE_TERRASSIERE,GENEVE_LYON,t0800,0.0
GENEVE_TERRASSIERE,GENEVE_LYON,t0830,0.0
GENEVE_TERRASSIERE,GENEVE_MOLARD,t0700,0.0
GENEVE_TERRASSIERE,GENEVE_MOLARD,t0730,0.0
GENEVE_TERRASSIERE,GENEVE_MOLARD,t0800,0.0
GENEVE_TERRASSIERE,GENEVE_MOLARD,t0830,0.0
GENEVE_TERRASSIERE,GENEVE_PALLADIUM,t0700,0.0
GENEVE_TERRASSIERE,GENEVE_PALLADIUM,t0730,0.0
GENEVE_TERRASSIERE,GENEVE_PALLADIUM,t0800,0.0
GENEVE_TERRASSIERE,GENEVE_PALLADIUM,t0830,0.0
GENEVE_TERRASSIERE,GENEVE_PLACE_DE_NEUVE,t0700,0.0
GENEVE_TERRASSIERE,GENEVE_PLACE_DE_NEUVE,t0730,0.0
GENEVE_TERRASSIERE,GENEVE_PLACE_DE_NEUVE,t0800,0.0
GENEVE_TERRASSIERE,GENEVE_PLACE_DE_NEUVE,t0830,0.0
GENEVE_TERRASSIERE,GENEVE_PLAINPALAIS,t0700,0.0
GENEVE_TERRASSIERE,GENEVE_PLAINPALAIS,t0730,0.0
GENEVE_TERRASSIERE,GENEVE_PLAINPALAIS,t0800,0.0
GENEVE_TERRASSIERE,GENEVE_PLAINPALAIS,t0830,0.0
GENEVE_TERRASSIERE,GENEVE_PONT_D_ARVE,t0700,0.0
GENEVE_TERRASSIERE,GENEVE_PONT_D_ARVE,t0730,0.0
GENEVE_TERRASSIERE,GENEVE_PONT_D_ARVE,t0800,0.0
GENEVE_TERRASSIERE,GENEVE_PONT_D_ARVE,t0830,0.0
GENEVE_TERRASSIERE,GENEVE_POTERIE,t0700,0.0
GENEVE_TERRASSIERE,GENEVE_POTERIE,t0730,0.0
GENEVE_TERRASSIERE,GENEVE_POTERIE,t0800,0.0
GENEVE_TERRASSIERE,GENEVE_POTERIE,t0830,0.0
GENEVE_TERRASSIERE,GENEVE_RIVE,t0700,0.0
GENEVE_TERRASSIERE,GENEVE_RIVE,t0730,0.0
GENEVE_TERRASSIERE,GENEVE_RIVE,t0800,0.0
GENEVE_TERRASSIERE,GENEVE_RIVE,t0830,0.0
GENEVE_TERRASSIERE,GENEVE_SERVETTE,t0700,0.0
GENEVE_TERRASSIERE,GENEVE_SERVETTE,t0730,0.0
GENEVE_TERRASSIERE,GENEVE_SERVETTE,t0800,0.0
GENEVE_TERRASSIERE,GENEVE_SERVETTE,t0830,0.0
GENEVE_TERRASSIERE,GENEVE_STAND,t0700,0.0
GENEVE_TERRASSIERE,GENEVE_STAND,t0730,0.0
GENEVE_TERRASSIERE,GENEVE_STAND,t0800,0.0
GENEVE_TERRASSIERE,GENEVE_STAND,t0830,0.0
GENEVE_TERRASSIERE,GENEVE_VIEUSSEUX,t0700,0.0
GENEVE_TERRASSIERE,GENEVE_VIEUSSEUX,t0730,0.0
GENEVE_TERRASSIERE,GENEVE_VIEUSSEUX,t0800,0.0
GENEVE_TERRASSIERE,GENEVE_VIEUSSEUX,t0830,0.0
GENEVE_TERRASSIERE,GENEVE_VILLEREUSE,t0700,0.0
GENEVE_TERRASSIERE,GENEVE_VILLEREUSE,t0730,0.0
GENEVE_TERRASSIERE,GENEVE_VILLEREUSE,t0800,0.0
GENEVE_TERRASSIERE,GENEVE_VILLEREUSE,t0830,0.0
GENEVE_TERRASSIERE,GRAND_LANCY_DE_STAEL,t0700,0.0
GENEVE_TERRASSIERE,GRAND_LANCY_DE_STAEL,t0730,0.0
GENEVE_TERRASSIERE,GRAND_LANCY_DE_STAEL,t0800,0.0
GENEVE_TERRASSIERE,GRAND_LANCY_DE_STAEL,t0830,0.0
GENEVE_TERRASSIERE,GRAND_LANCY_PALETTES,t0700,0.0
GENEVE_TERRASSIERE,GRAND_LANCY_PALETTES,t0730,0.0
GENEVE_TERRASSIERE,GRAND_LANCY_PALETTES,t0800,0.0
GENEVE_TERRASSIERE,GRAND_LANCY_PALETTES,t0830,0.0
GENEVE_TERRASSIERE,GRAND_LANCY_PONTETS,t0700,0.0
GENEVE_TERRASSIERE,GRAND_LANCY_PONTETS,t0730,0.0
GENEVE_TERRASSIERE,GRAND_LANCY_PONTETS,t0800,0.0
GENEVE_TERRASSIERE,GRAND_LANCY_PONTETS,t0830,0.0
GENEVE_TERRASSIERE,LANCY_BACHET_GARE,t0700,0.0
GENEVE_TERRASSIERE,LANCY_BACHET_GARE,t0730,0.0
GENEVE_TERRASSIERE,LANCY_BACHET_GARE,t0800,0.0
GENEVE_TERRASSIERE,LANCY_BACHET_GARE,t0830,0.0
GENEVE_TERRASSIERE,MEYRIN_BOIS_DU_LAN,t0700,0.0
GENEVE_TERRASSIERE,MEYRIN_BOIS_DU_LAN,t0730,0.0
GENEVE_TERRASSIERE,MEYRIN_BOIS_DU_LAN,t0800,0.0
GENEVE_TERRASSIERE,MEYRIN_BOIS_DU_LAN,t0830,0.0
GENEVE_TERRASSIERE,MEYRIN_CERN,t0700,0.0
GENEVE_TERRASSIERE,MEYRIN_CERN,t0730,0.0
GENEVE_TERRASSIERE,MEYRIN_CERN,t0800,0.0
GENEVE_TERRASSIERE,MEYRIN_CERN,t0830,0.0
GENEVE_TERRASSIERE,MEYRIN_FORUMEYRIN,t0700,0.0
GENEVE_TERRASSIERE,MEYRIN_FORUMEYRIN,t0730,0.0
GENEVE_TERRASSIERE,MEYRIN_FORUMEYRIN,t0800,0.0
GENEVE_TERRASSIERE,MEYRIN_FORUMEYRIN,t0830,0.0
GENEVE_TERRASSIERE,MEYRIN_GRAVIERE,t0700,0.0
GENEVE_TERRASSIERE,MEYRIN_GRAVIERE,t0730,0.0
GENEVE_TERRASSIERE,MEYRIN_GRAVIERE,t0800,0.0
GENEVE_TERRASSIERE,MEYRIN_GRAVIERE,t0830,0.0
GENEVE_TERRASSIERE,MEYRIN_HOPITAL_DE_LA_TOUR,t0700,0.0
GENEVE_TERRASSIERE,MEYRIN_HOPITAL_DE_LA_TOUR,t0730,0.0
GENEVE_TERRASSIERE,MEYRIN_HOPITAL_DE_LA_TOUR,t0800,0.0
GENEVE_TERRASSIERE,MEYRIN_HOPITAL_DE_LA_TOUR,t0830,0.0
GENEVE_TERRASSIERE,MEYRIN_JARDIN_ALPIN_VIVARIUM,t0700,0.0
GENEVE_TERRASSIERE,MEYRIN_JARDIN_ALPIN_VIVARIUM,t0730,0.0
GENEVE_TERRASSIERE,MEYRIN_JARDIN_ALPIN_VIVARIUM,t0800,0.0
GENEVE_TERRASSIERE,MEYRIN_JARDIN_ALPIN_VIVARIUM,t0830,0.0
GENEVE_TERRASSIERE,MEYRIN_MAISONNEX,t0700,0.0
GENEVE_TERRASSIERE,MEYRIN_MAISONNEX,t0730,0.0
GENEVE_TERRASSIERE,MEYRIN_MAISONNEX,t0800,0.0
GENEVE_TERRASSIERE,MEYRIN_MAISONNEX,t0830,0.0
GENEVE_TERRASSIERE,MEYRIN_VAUDAGNE,t0700,0.0
GENEVE_TERRASSIERE,MEYRIN_VAUDAGNE,t0730,0.0
GENEVE_TERRASSIERE,MEYRIN_VAUDAGNE,t0800,0.0
GENEVE_TERRASSIERE,MEYRIN_VAUDAGNE,t0830,0.0
GENEVE_TERRASSIERE,MEYRIN_VILLAGE,t0700,0.0
GENEVE_TERRASSIERE,MEYRIN_VILLAGE,t0730,0.0
GENEVE_TERRASSIERE,MEYRIN_VILLAGE,t0800,0.0
GENEVE_TERRASSIERE,MEYRIN_VILLAGE,t0830,0.0
GENEVE_TERRASSIERE,ONEX_BANDOL,t0700,0.0
GENEVE_TERRASSIERE,ONEX_BANDOL,t0730,0.0
GENEVE_TERRASSIERE,ONEX_BANDOL,t0800,0.0
GENEVE_TERRASSIERE,ONEX_BANDOL,t0830,0.0
GENEVE_TERRASSIERE,ONEX_SALLE_COMMUNALE,t0700,0.0
GENEVE_TERRASSIERE,ONEX_SALLE_COMMUNALE,t0730,0.0
GENEVE_TERRASSIERE,ONEX_SALLE_COMMUNALE,t0800,0.0
GENEVE_TERRASSIERE,ONEX_SALLE_COMMUNALE,t0830,0.0
GENEVE_TERRASSIERE,PETIT_LANCY_LES_ESSERTS,t0700,0.0
GENEVE_TERRASSIERE,PETIT_LANCY_LES_ESSERTS,t0730,0.0
GENEVE_TERRASSIERE,PETIT_LANCY_LES_ESSERTS,t0800,0.0
GENEVE_TERRASSIERE,PETIT_LANCY_LES_ESSERTS,t0830,0.0
GENEVE_TERRASSIERE,PETIT_LANCY_PLACE,t0700,0.0
GENEVE_TERRASSIERE,PETIT_LANCY_PLACE,t0730,0.0
GENEVE_TERRASSIERE,PETIT_LANCY_PLACE,t0800,0.0
GENEVE_TERRASSIERE,PETIT_LANCY_PLACE,t0830,0.0
GENEVE_TERRASSIERE,PETIT_LANCY_QUIDORT,t0700,0.0
GENEVE_TERRASSIERE,PETIT_LANCY_QUIDORT,t0730,0.0
GENEVE_TERRASSIERE,PETIT_LANCY_QUIDORT,t0800,0.0
GENEVE_TERRASSIERE,PETIT_LANCY_QUIDORT,t0830,0.0
GENEVE_TERRASSIERE,PLAN_LES_OUATES_TREFLE_BLANC,t0700,0.0
GENEVE_TERRASSIERE,PLAN_LES_OUATES_TREFLE_BLANC,t0730,0.0
GENEVE_TERRASSIERE,PLAN_LES_OUATES_TREFLE_BLANC,t0800,0.0
GENEVE_TERRASSIERE,PLAN_LES_OUATES_TREFLE_BLANC,t0830,0.0
GENEVE_TERRASSIERE,THONEX_GRAVESON,t0700,0.0
GENEVE_TERRASSIERE,THONEX_GRAVESON,t0730,0.0
GENEVE_TERRASSIERE,THONEX_GRAVESON,t0800,0.0
GENEVE_TERRASSIERE,THONEX_GRAVESON,t0830,0.0
GENEVE_TERRASSIERE,THONEX_MOILLESULAZ,t0700,0.0
GENEVE_TERRASSIERE,THONEX_MOILLESULAZ,t0730,0.0
GENEVE_TERRASSIERE,THONEX_MOILLESULAZ,t0800,0.0
GENEVE_TERRASSIERE,THONEX_MOILLESULAZ,t0830,0.0
GENEVE_TERRASSIERE,VERNIER_AVANCHETS_ETANG,t0700,0.0
GENEVE_TERRASSIERE,VERNIER_AVANCHETS_ETANG,t0730,0.0
GENEVE_TERRASSIERE,VERNIER_AVANCHETS_ETANG,t0800,0.0
GENEVE_TERRASSIERE,VERNIER_AVANCHETS_ETANG,t0830,0.0
GENEVE_TERRASSIERE,VERNIER_BALEXERT,t0700,0.0
GENEVE_TERRASSIERE,VERNIER_BALEXERT,t0730,0.0
GENEVE_TERRASSIERE,VERNIER_BALEXERT,t0800,0.0
GENEVE_TERRASSIERE,VERNIER_BALEXERT,t0830,0.0
GENEVE_TERRASSIERE,VERNIER_BLANDONNET,t0700,0.0
GENEVE_TERRASSIERE,VERNIER_BLANDONNET,t0730,0.0
GENEVE_TERRASSIERE,VERNIER_BLANDONNET,t0800,0.0
GENEVE_TERRASSIERE,VERNIER_BLANDONNET,t0830,0.0
GENEVE_TERRASSIERE,VERNIER_BOUCHET,t0700,0.0
GENEVE_TERRASSIERE,VERNIER_BOUCHET,t0730,0.0
GENEVE_TERRASSIERE,VERNIER_BOUCHET,t0800,0.0
GENEVE_TERRASSIERE,VERNIER_BOUCHET,t0830,0.0
GENEVE_VIEUSSEUX,BERNEX_HAINARD,t0700,0.0
GENEVE_VIEUSSEUX,BERNEX_HAINARD,t0730,0.0
GENEVE_VIEUSSEUX,BERNEX_HAINARD,t0800,0.0
GENEVE_VIEUSSEUX,BERNEX_HAINARD,t0830,0.0
GENEVE_VIEUSSEUX,BERNEX_LUCHEPELET,t0700,0.0
GENEVE_VIEUSSEUX,BERNEX_LUCHEPELET,t0730,0.0
GENEVE_VIEUSSEUX,BERNEX_LUCHEPELET,t0800,0.0
GENEVE_VIEUSSEUX,BERNEX_LUCHEPELET,t0830,0.0
GENEVE_VIEUSSEUX,BERNEX_PRE_MARAIS,t0700,0.0
GENEVE_VIEUSSEUX,BERNEX_PRE_MARAIS,t0730,0.0
GENEVE_VIEUSSEUX,BERNEX_PRE_MARAIS,t0800,0.0
GENEVE_VIEUSSEUX,BERNEX_PRE_MARAIS,t0830,0.0
GENEVE_VIEUSSEUX,BERNEX_P_R,t0700,0.0
GENEVE_VIEUSSEUX,BERNEX_P_R,t0730,0.0
GENEVE_VIEUSSEUX,BERNEX_P_R,t0800,0.0
GENEVE_VIEUSSEUX,BERNEX_P_R,t0830,0.0
GENEVE_VIEUSSEUX,BERNEX_VAILLY,t0700,0.0
GENEVE_VIEUSSEUX,BERNEX_VAILLY,t0730,0.0
GENEVE_VIEUSSEUX,BERNEX_VAILLY,t0800,0.0
GENEVE_VIEUSSEUX,BERNEX_VAILLY,t0830,0.0
GENEVE_VIEUSSEUX,CAROUGE_GE_ANCIENNE,t0700,0.0
GENEVE_VIEUSSEUX,CAROUGE_GE_ANCIENNE,t0730,0.0
GENEVE_VIEUSSEUX,CAROUGE_GE_ANCIENNE,t0800,0.0
GENEVE_VIEUSSEUX,CAROUGE_GE_ANCIENNE,t0830,0.0
GENEVE_VIEUSSEUX,CAROUGE_GE_ARMES,t0700,0.0
GENEVE_VIEUSSEUX,CAROUGE_GE_ARMES,t0730,0.0
GENEVE_VIEUSSEUX,CAROUGE_GE_ARMES,t0800,0.0
GENEVE_VIEUSSEUX,CAROUGE_GE_ARMES,t0830,0.0
GENEVE_VIEUSSEUX,CAROUGE_GE_MARCHE,t0700,0.0
GENEVE_VIEUSSEUX,CAROUGE_GE_MARCHE,t0730,0.0
GENEVE_VIEUSSEUX,CAROUGE_GE_MARCHE,t0800,0.0
GENEVE_VIEUSSEUX,CAROUGE_GE_MARCHE,t0830,0.0
GENEVE_VIEUSSEUX,CAROUGE_GE_RONDEAU,t0700,0.0
GENEVE_VIEUSSEUX,CAROUGE_GE_RONDEAU,t0730,0.0
GENEVE_VIEUSSEUX,CAROUGE_GE_RONDEAU,t0800,0.0
GENEVE_VIEUSSEUX,CAROUGE_GE_RONDEAU,t0830,0.0
GENEVE_VIEUSSEUX,CHENE_BOUGERIES_GRANGETTES,t0700,0.0
GENEVE_VIEUSSEUX,CHENE_BOUGERIES_GRANGETTES,t0730,0.0
GENEVE_VIEUSSEUX,CHENE_BOUGERIES_GRANGETTES,t0800,0.0
GENEVE_VIEUSSEUX,CHENE_BOUGERIES_GRANGETTES,t0830,0.0
GENEVE_VIEUSSEUX,CHENE_BOUGERIES_GRANGE_CANAL,t0700,0.0
GENEVE_VIEUSSEUX,CHENE_BOUGERIES_GRANGE_CANAL,t0730,0.0
GENEVE_VIEUSSEUX,CHENE_BOUGERIES_GRANGE_CANAL,t0800,0.0
GENEVE_VIEUSSEUX,CHENE_BOUGERIES_GRANGE_CANAL,t0830,0.0
GENEVE_VIEUSSEUX,CHENE_BOUGERIES_GRANGE_FALQUET,t0700,0.0
GENEVE_VIEUSSEUX,CHENE_BOUGERIES_GRANGE_FALQUET,t0730,0.0
GENEVE_VIEUSSEUX,CHENE_BOUGERIES_GRANGE_FALQUET,t0800,0.0
GENEVE_VIEUSSEUX,CHENE_BOUGERIES_GRANGE_FALQUET,t0830,0.0
GENEVE_VIEUSSEUX,CHENE_BOURG_PEILLONNEX,t0700,0.0
GENEVE_VIEUSSEUX,CHENE_BOURG_PEILLONNEX,t0730,0.0
GENEVE_VIEUSSEUX,CHENE_BOURG_PEILLONNEX,t0800,0.0
GENEVE_VIEUSSEUX,CHENE_BOURG_PEILLONNEX,t0830,0.0
GENEVE_VIEUSSEUX,CHENE_BOURG_PLACE_FAVRE,t0700,0.0
GENEVE_VIEUSSEUX,CHENE_BOURG_PLACE_FAVRE,t0730,0.0
GENEVE_VIEUSSEUX,CHENE_BOURG_PLACE_FAVRE,t0800,0.0
GENEVE_VIEUSSEUX,CHENE_BOURG_PLACE_FAVRE,t0830,0.0
GENEVE_VIEUSSEUX,CONFIGNON_CROISEE,t0700,0.0
GENEVE_VIEUSSEUX,CONFIGNON_CROISEE,t0730,0.0
GENEVE_VIEUSSEUX,CONFIGNON_CROISEE,t0800,0.0
GENEVE_VIEUSSEUX,CONFIGNON_CROISEE,t0830,0.0
GENEVE_VIEUSSEUX,CONFIGNON_LA_DODE,t0700,0.0
GENEVE_VIEUSSEUX,CONFIGNON_LA_DODE,t0730,0.0
GENEVE_VIEUSSEUX,CONFIGNON_LA_DODE,t0800,0.0
GENEVE_VIEUSSEUX,CONFIGNON_LA_DODE,t0830,0.0
GENEVE_VIEUSSEUX,GENEVE_AMANDOLIER,t0700,0.0
GENEVE_VIEUSSEUX,GENEVE_AMANDOLIER,t0730,0.0
GENEVE_VIEUSSEUX,GENEVE_AMANDOLIER,t0800,0.0
GENEVE_VIEUSSEUX,GENEVE_AMANDOLIER,t0830,0.0
GENEVE_VIEUSSEUX,GENEVE_AUGUSTINS,t0700,0.0
GENEVE_VIEUSSEUX,GENEVE_AUGUSTINS,t0730,0.0
GENEVE_VIEUSSEUX,GENEVE_AUGUSTINS,t0800,0.0
GENEVE_VIEUSSEUX,GENEVE_AUGUSTINS,t0830,0.0
GENEVE_VIEUSSEUX,GENEVE_BEL_AIR,t0700,0.0
GENEVE_VIEUSSEUX,GENEVE_BEL_AIR,t0730,0.0
GENEVE_VIEUSSEUX,GENEVE_BEL_AIR,t0800,0.0
GENEVE_VIEUSSEUX,GENEVE_BEL_AIR,t0830,0.0
GENEVE_VIEUSSEUX,GENEVE_BLANCHE,t0700,0.0
GENEVE_VIEUSSEUX,GENEVE_BLANCHE,t0730,0.0
GENEVE_VIEUSSEUX,GENEVE_BLANCHE,t0800,0.0
GENEVE_VIEUSSEUX,GENEVE_BLANCHE,t0830,0.0
GENEVE_VIEUSSEUX,GENEVE_COUTANCE,t0700,0.0
GENEVE_VIEUSSEUX,GENEVE_COUTANCE,t0730,0.0
GENEVE_VIEUSSEUX,GENEVE_COUTANCE,t0800,0.0
GENEVE_VIEUSSEUX,GENEVE_COUTANCE,t0830,0.0
GENEVE_VIEUSSEUX,GENEVE_EAUX_VIVES_GARE,t0700,0.0
GENEVE_VIEUSSEUX,GENEVE_EAUX_VIVES_GARE,t0730,0.0
GENEVE_VIEUSSEUX,GENEVE_EAUX_VIVES_GARE,t0800,0.0
GENEVE_VIEUSSEUX,GENEVE_EAUX_VIVES_GARE,t0830,0.0
GENEVE_VIEUSSEUX,GENEVE_GARE_CORNAVIN,t0700,0.0
GENEVE_VIEUSSEUX,GENEVE_GARE_CORNAVIN,t0730,0.0
GENEVE_VIEUSSEUX,GENEVE_GARE_CORNAVIN,t0800,0.0
GENEVE_VIEUSSEUX,GENEVE_GARE_CORNAVIN,t0830,0.0
GENEVE_VIEUSSEUX,GENEVE_JONCTION,t0700,0.0
GENEVE_VIEUSSEUX,GENEVE_JONCTION,t0730,0.0
GENEVE_VIEUSSEUX,GENEVE_JONCTION,t0800,0.0
GENEVE_VIEUSSEUX,GENEVE_JONCTION,t0830,0.0
GENEVE_VIEUSSEUX,GENEVE_LYON,t0700,0.0
GENEVE_VIEUSSEUX,GENEVE_LYON,t0730,0.0
GENEVE_VIEUSSEUX,GENEVE_LYON,t0800,0.0
GENEVE_VIEUSSEUX,GENEVE_LYON,t0830,0.0
GENEVE_VIEUSSEUX,GENEVE_MOLARD,t0700,0.0
GENEVE_VIEUSSEUX,GENEVE_MOLARD,t0730,0.0
GENEVE_VIEUSSEUX,GENEVE_MOLARD,t0800,0.0
GENEVE_VIEUSSEUX,GENEVE_MOLARD,t0830,0.0
GENEVE_VIEUSSEUX,GENEVE_PALLADIUM,t0700,0.0
GENEVE_VIEUSSEUX,GENEVE_PALLADIUM,t0730,0.0
GENEVE_VIEUSSEUX,GENEVE_PALLADIUM,t0800,0.0
GENEVE_VIEUSSEUX,GENEVE_PALLADIUM,t0830,0.0
GENEVE_VIEUSSEUX,GENEVE_PLACE_DE_NEUVE,t0700,0.0
GENEVE_VIEUSSEUX,GENEVE_PLACE_DE_NEUVE,t0730,0.0
GENEVE_VIEUSSEUX,GENEVE_PLACE_DE_NEUVE,t0800,0.0
GENEVE_VIEUSSEUX,GENEVE_PLACE_DE_NEUVE,t0830,0.0
GENEVE_VIEUSSEUX,GENEVE_PLAINPALAIS,t0700,0.0
GENEVE_VIEUSSEUX,GENEVE_PLAINPALAIS,t0730,0.0
GENEVE_VIEUSSEUX,GENEVE_PLAINPALAIS,t0800,0.0
GENEVE_VIEUSSEUX,GENEVE_PLAINPALAIS,t0830,0.0
GENEVE_VIEUSSEUX,GENEVE_PONT_D_ARVE,t0700,0.0
GENEVE_VIEUSSEUX,GENEVE_PONT_D_ARVE,t0730,0.0
GENEVE_VIEUSSEUX,GENEVE_PONT_D_ARVE,t0800,0.0
GENEVE_VIEUSSEUX,GENEVE_PONT_D_ARVE,t0830,0.0
GENEVE_VIEUSSEUX,GENEVE_POTERIE,t0700,0.0
GENEVE_VIEUSSEUX,GENEVE_POTERIE,t0730,0.0
GENEVE_VIEUSSEUX,GENEVE_POTERIE,t0800,0.0
GENEVE_VIEUSSEUX,GENEVE_POTERIE,t0830,0.0
GENEVE_VIEUSSEUX,GENEVE_RIVE,t0700,0.0
GENEVE_VIEUSSEUX,GENEVE_RIVE,t0730,0.0
GENEVE_VIEUSSEUX,GENEVE_RIVE,t0800,0.0
GENEVE_VIEUSSEUX,GENEVE_RIVE,t0830,0.0
GENEVE_VIEUSSEUX,GENEVE_SERVETTE,t0700,0.0
GENEVE_VIEUSSEUX,GENEVE_SERVETTE,t0730,0.0
GENEVE_VIEUSSEUX,GENEVE_SERVETTE,t0800,0.0
GENEVE_VIEUSSEUX,GENEVE_SERVETTE,t0830,0.0
GENEVE_VIEUSSEUX,GENEVE_STAND,t0700,0.0
GENEVE_VIEUSSEUX,GENEVE_STAND,t0730,0.0
GENEVE_VIEUSSEUX,GENEVE_STAND,t0800,0.0
GENEVE_VIEUSSEUX,GENEVE_STAND,t0830,0.0
GENEVE_VIEUSSEUX,GENEVE_TERRASSIERE,t0700,0.0
GENEVE_VIEUSSEUX,GENEVE_TERRASSIERE,t0730,0.0
GENEVE_VIEUSSEUX,GENEVE_TERRASSIERE,t0800,0.0
GENEVE_VIEUSSEUX,GENEVE_TERRASSIERE,t0830,0.0
GENEVE_VIEUSSEUX,GENEVE_VILLEREUSE,t0700,0.0
GENEVE_VIEUSSEUX,GENEVE_VILLEREUSE,t0730,0.0
GENEVE_VIEUSSEUX,GENEVE_VILLEREUSE,t0800,0.0
GENEVE_VIEUSSEUX,GENEVE_VILLEREUSE,t0830,0.0
GENEVE_VIEUSSEUX,GRAND_LANCY_DE_STAEL,t0700,0.0
GENEVE_VIEUSSEUX,GRAND_LANCY_DE_STAEL,t0730,0.0
GENEVE_VIEUSSEUX,GRAND_LANCY_DE_STAEL,t0800,0.0
GENEVE_VIEUSSEUX,GRAND_LANCY_DE_STAEL,t0830,0.0
GENEVE_VIEUSSEUX,GRAND_LANCY_PALETTES,t0700,11.429
GENEVE_VIEUSSEUX,GRAND_LANCY_PALETTES,t0730,47.619
GENEVE_VIEUSSEUX,GRAND_LANCY_PALETTES,t0800,39.048
GENEVE_VIEUSSEUX,GRAND_LANCY_PALETTES,t0830,12.381
GENEVE_VIEUSSEUX,GRAND_LANCY_PONTETS,t0700,0.0
GENEVE_VIEUSSEUX,GRAND_LANCY_PONTETS,t0730,0.0
GENEVE_VIEUSSEUX,GRAND_LANCY_PONTETS,t0800,0.0
GENEVE_VIEUSSEUX,GRAND_LANCY_PONTETS,t0830,0.0
GENEVE_VIEUSSEUX,LANCY_BACHET_GARE,t0700,0.0
GENEVE_VIEUSSEUX,LANCY_BACHET_GARE,t0730,0.0
GENEVE_VIEUSSEUX,LANCY_BACHET_GARE,t0800,0.0
GENEVE_VIEUSSEUX,LANCY_BACHET_GARE,t0830,0.0
GENEVE_VIEUSSEUX,MEYRIN_BOIS_DU_LAN,t0700,0.0
GENEVE_VIEUSSEUX,MEYRIN_BOIS_DU_LAN,t0730,0.0
GENEVE_VIEUSSEUX,MEYRIN_BOIS_DU_LAN,t0800,0.0
GENEVE_VIEUSSEUX,MEYRIN_BOIS_DU_LAN,t0830,0.0
GENEVE_VIEUSSEUX,MEYRIN_CERN,t0700,0.0
GENEVE_VIEUSSEUX,MEYRIN_CERN,t0730,0.0
GENEVE_VIEUSSEUX,MEYRIN_CERN,t0800,0.0
GENEVE_VIEUSSEUX,MEYRIN_CERN,t0830,0.0
GENEVE_VIEUSSEUX,MEYRIN_FORUMEYRIN,t0700,0.0
GENEVE_VIEUSSEUX,MEYRIN_FORUMEYRIN,t0730,0.0
GENEVE_VIEUSSEUX,MEYRIN_FORUMEYRIN,t0800,0.0
GENEVE_VIEUSSEUX,MEYRIN_FORUMEYRIN,t0830,0.0
GENEVE_VIEUSSEUX,MEYRIN_GRAVIERE,t0700,0.0
GENEVE_VIEUSSEUX,MEYRIN_GRAVIERE,t0730,0.0
GENEVE_VIEUSSEUX,MEYRIN_GRAVIERE,t0800,0.0
GENEVE_VIEUSSEUX,MEYRIN_GRAVIERE,t0830,0.0
GENEVE_VIEUSSEUX,MEYRIN_HOPITAL_DE_LA_TOUR,t0700,0.0
GENEVE_VIEUSSEUX,MEYRIN_HOPITAL_DE_LA_TOUR,t0730,0.0
GENEVE_VIEUSSEUX,MEYRIN_HOPITAL_DE_LA_TOUR,t0800,0.0
GENEVE_VIEUSSEUX,MEYRIN_HOPITAL_DE_LA_TOUR,t0830,0.0
GENEVE_VIEUSSEUX,MEYRIN_JARDIN_ALPIN_VIVARIUM,t0700,0.0
GENEVE_VIEUSSEUX,MEYRIN_JARDIN_ALPIN_VIVARIUM,t0730,0.0
GENEVE_VIEUSSEUX,MEYRIN_JARDIN_ALPIN_VIVARIUM,t0800,0.0
GENEVE_VIEUSSEUX,MEYRIN_JARDIN_ALPIN_VIVARIUM,t0830,0.0
GENEVE_VIEUSSEUX,MEYRIN_MAISONNEX,t0700,0.0
GENEVE_VIEUSSEUX,MEYRIN_MAISONNEX,t0730,0.0
GENEVE_VIEUSSEUX,MEYRIN_MAISONNEX,t0800,0.0
GENEVE_VIEUSSEUX,MEYRIN_MAISONNEX,t0830,0.0
GENEVE_VIEUSSEUX,MEYRIN_VAUDAGNE,t0700,0.0
GENEVE_VIEUSSEUX,MEYRIN_VAUDAGNE,t0730,0.0
GENEVE_VIEUSSEUX,MEYRIN_VAUDAGNE,t0800,0.0
GENEVE_VIEUSSEUX,MEYRIN_VAUDAGNE,t0830,0.0
GENEVE_VIEUSSEUX,MEYRIN_VILLAGE,t0700,0.0
GENEVE_VIEUSSEUX,MEYRIN_VILLAGE,t0730,0.0
GENEVE_VIEUSSEUX,MEYRIN_VILLAGE,t0800,0.0
GENEVE_VIEUSSEUX,MEYRIN_VILLAGE,t0830,0.0
GENEVE_VIEUSSEUX,ONEX_BANDOL,t0700,0.0
GENEVE_VIEUSSEUX,ONEX_BANDOL,t0730,0.0
GENEVE_VIEUSSEUX,ONEX_BANDOL,t0800,0.0
GENEVE_VIEUSSEUX,ONEX_BANDOL,t0830,0.0
GENEVE_VIEUSSEUX,ONEX_SALLE_COMMUNALE,t0700,0.0
GENEVE_VIEUSSEUX,ONEX_SALLE_COMMUNALE,t0730,0.0
GENEVE_VIEUSSEUX,ONEX_SALLE_COMMUNALE,t0800,0.0
GENEVE_VIEUSSEUX,ONEX_SALLE_COMMUNALE,t0830,0.0
GENEVE_VIEUSSEUX,PETIT_LANCY_LES_ESSERTS,t0700,0.0
GENEVE_VIEUSSEUX,PETIT_LANCY_LES_ESSERTS,t0730,0.0
GENEVE_VIEUSSEUX,PETIT_LANCY_LES_ESSERTS,t0800,0.0
GENEVE_VIEUSSEUX,PETIT_LANCY_LES_ESSERTS,t0830,0.0
GENEVE_VIEUSSEUX,PETIT_LANCY_PLACE,t0700,0.0
GENEVE_VIEUSSEUX,PETIT_LANCY_PLACE,t0730,0.0
GENEVE_VIEUSSEUX,PETIT_LANCY_PLACE,t0800,0.0
GENEVE_VIEUSSEUX,PETIT_LANCY_PLACE,t0830,0.0
GENEVE_VIEUSSEUX,PETIT_LANCY_QUIDORT,t0700,0.0
GENEVE_VIEUSSEUX,PETIT_LANCY_QUIDORT,t0730,0.0
GENEVE_VIEUSSEUX,PETIT_LANCY_QUIDORT,t0800,0.0
GENEVE_VIEUSSEUX,PETIT_LANCY_QUIDORT,t0830,0.0
GENEVE_VIEUSSEUX,PLAN_LES_OUATES_TREFLE_BLANC,t0700,0.0
GENEVE_VIEUSSEUX,PLAN_LES_OUATES_TREFLE_BLANC,t0730,0.0
GENEVE_VIEUSSEUX,PLAN_LES_OUATES_TREFLE_BLANC,t0800,0.0
GENEVE_VIEUSSEUX,PLAN_LES_OUATES_TREFLE_BLANC,t0830,0.0
GENEVE_VIEUSSEUX,THONEX_GRAVESON,t0700,0.0
GENEVE_VIEUSSEUX,THONEX_GRAVESON,t0730,0.0
GENEVE_VIEUSSEUX,THONEX_GRAVESON,t0800,0.0
GENEVE_VIEUSSEUX,THONEX_GRAVESON,t0830,0.0
GENEVE_VIEUSSEUX,THONEX_MOILLESULAZ,t0700,0.0
GENEVE_VIEUSSEUX,THONEX_MOILLESULAZ,t0730,0.0
GENEVE_VIEUSSEUX,THONEX_MOILLESULAZ,t0800,0.0
GENEVE_VIEUSSEUX,THONEX_MOILLESULAZ,t0830,0.0
GENEVE_VIEUSSEUX,VERNIER_AVANCHETS_ETANG,t0700,0.0
GENEVE_VIEUSSEUX,VERNIER_AVANCHETS_ETANG,t0730,0.0
GENEVE_VIEUSSEUX,VERNIER_AVANCHETS_ETANG,t0800,0.0
GENEVE_VIEUSSEUX,VERNIER_AVANCHETS_ETANG,t0830,0.0
GENEVE_VIEUSSEUX,VERNIER_BALEXERT,t0700,0.0
GENEVE_VIEUSSEUX,VERNIER_BALEXERT,t0730,0.0
GENEVE_VIEUSSEUX,VERNIER_BALEXERT,t0800,0.0
GENEVE_VIEUSSEUX,VERNIER_BALEXERT,t0830,0.0
GENEVE_VIEUSSEUX,VERNIER_BLANDONNET,t0700,0.0
GENEVE_VIEUSSEUX,VERNIER_BLANDONNET,t0730,0.0
GENEVE_VIEUSSEUX,VERNIER_BLANDONNET,t0800,0.0
GENEVE_VIEUSSEUX,VERNIER_BLANDONNET,t0830,0.0
GENEVE_VIEUSSEUX,VERNIER_BOUCHET,t0700,0.0
GENEVE_VIEUSSEUX,VERNIER_BOUCHET,t0730,0.0
GENEVE_VIEUSSEUX,VERNIER_BOUCHET,t0800,0.0
GENEVE_VIEUSSEUX,VERNIER_BOUCHET,t0830,0.0
GENEVE_VILLEREUSE,BERNEX_HAINARD,t0700,0.0
GENEVE_VILLEREUSE,BERNEX_HAINARD,t0730,0.0
GENEVE_VILLEREUSE,BERNEX_HAINARD,t0800,0.0
GENEVE_VILLEREUSE,BERNEX_HAINARD,t0830,0.0
GENEVE_VILLEREUSE,BERNEX_LUCHEPELET,t0700,0.0
GENEVE_VILLEREUSE,BERNEX_LUCHEPELET,t0730,0.0
GENEVE_VILLEREUSE,BERNEX_LUCHEPELET,t0800,0.0
GENEVE_VILLEREUSE,BERNEX_LUCHEPELET,t0830,0.0
GENEVE_VILLEREUSE,BERNEX_PRE_MARAIS,t0700,0.0
GENEVE_VILLEREUSE,BERNEX_PRE_MARAIS,t0730,0.0
GENEVE_VILLEREUSE,BERNEX_PRE_MARAIS,t0800,0.0
GENEVE_VILLEREUSE,BERNEX_PRE_MARAIS,t0830,0.0
GENEVE_VILLEREUSE,BERNEX_P_R,t0700,0.0
GENEVE_VILLEREUSE,BERNEX_P_R,t0730,0.0
GENEVE_VILLEREUSE,BERNEX_P_R,t0800,0.0
GENEVE_VILLEREUSE,BERNEX_P_R,t0830,0.0
GENEVE_VILLEREUSE,BERNEX_VAILLY,t0700,0.0
GENEVE_VILLEREUSE,BERNEX_VAILLY,t0730,0.0
GENEVE_VILLEREUSE,BERNEX_VAILLY,t0800,0.0
GENEVE_VILLEREUSE,BERNEX_VAILLY,t0830,0.0
GENEVE_VILLEREUSE,CAROUGE_GE_ANCIENNE,t0700,0.0
GENEVE_VILLEREUSE,CAROUGE_GE_ANCIENNE,t0730,0.0
GENEVE_VILLEREUSE,CAROUGE_GE_ANCIENNE,t0800,0.0
GENEVE_VILLEREUSE,CAROUGE_GE_ANCIENNE,t0830,0.0
GENEVE_VILLEREUSE,CAROUGE_GE_ARMES,t0700,0.0
GENEVE_VILLEREUSE,CAROUGE_GE_ARMES,t0730,0.0
GENEVE_VILLEREUSE,CAROUGE_GE_ARMES,t0800,0.0
GENEVE_VILLEREUSE,CAROUGE_GE_ARMES,t0830,0.0
GENEVE_VILLEREUSE,CAROUGE_GE_MARCHE,t0700,0.0
GENEVE_VILLEREUSE,CAROUGE_GE_MARCHE,t0730,0.0
GENEVE_VILLEREUSE,CAROUGE_GE_MARCHE,t0800,0.0
GENEVE_VILLEREUSE,CAROUGE_GE_MARCHE,t0830,0.0
GENEVE_VILLEREUSE,CAROUGE_GE_RONDEAU,t0700,0.0
GENEVE_VILLEREUSE,CAROUGE_GE_RONDEAU,t0730,0.0
GENEVE_VILLEREUSE,CAROUGE_GE_RONDEAU,t0800,0.0
GENEVE_VILLEREUSE,CAROUGE_GE_RONDEAU,t0830,0.0
GENEVE_VILLEREUSE,CHENE_BOUGERIES_GRANGETTES,t0700,0.0
GENEVE_VILLEREUSE,CHENE_BOUGERIES_GRANGETTES,t0730,0.0
GENEVE_VILLEREUSE,CHENE_BOUGERIES_GRANGETTES,t0800,0.0
GENEVE_VILLEREUSE,CHENE_BOUGERIES_GRANGETTES,t0830,0.0
GENEVE_VILLEREUSE,CHENE_BOUGERIES_GRANGE_CANAL,t0700,0.0
GENEVE_VILLEREUSE,CHENE_BOUGERIES_GRANGE_CANAL,t0730,0.0
GENEVE_VILLEREUSE,CHENE_BOUGERIES_GRANGE_CANAL,t0800,0.0
GENEVE_VILLEREUSE,CHENE_BOUGERIES_GRANGE_CANAL,t0830,0.0
GENEVE_VILLEREUSE,CHENE_BOUGERIES_GRANGE_FALQUET,t0700,0.0
GENEVE_VILLEREUSE,CHENE_BOUGERIES_GRANGE_FALQUET,t0730,0.0
GENEVE_VILLEREUSE,CHENE_BOUGERIES_GRANGE_FALQUET,t0800,0.0
GENEVE_VILLEREUSE,CHENE_BOUGERIES_GRANGE_FALQUET,t0830,0.0
GENEVE_VILLEREUSE,CHENE_BOURG_PEILLONNEX,t0700,0.0
GENEVE_VILLEREUSE,CHENE_BOURG_PEILLONNEX,t0730,0.0
GENEVE_VILLEREUSE,CHENE_BOURG_PEILLONNEX,t0800,0.0
GENEVE_VILLEREUSE,CHENE_BOURG_PEILLONNEX,t0830,0.0
GENEVE_VILLEREUSE,CHENE_BOURG_PLACE_FAVRE,t0700,0.0
GENEVE_VILLEREUSE,CHENE_BOURG_PLACE_FAVRE,t0730,0.0
GENEVE_VILLEREUSE,CHENE_BOURG_PLACE_FAVRE,t0800,0.0
GENEVE_VILLEREUSE,CHENE_BOURG_PLACE_FAVRE,t0830,0.0
GENEVE_VILLEREUSE,CONFIGNON_CROISEE,t0700,0.0
GENEVE_VILLEREUSE,CONFIGNON_CROISEE,t0730,0.0
GENEVE_VILLEREUSE,CONFIGNON_CROISEE,t0800,0.0
GENEVE_VILLEREUSE,CONFIGNON_CROISEE,t0830,0.0
GENEVE_VILLEREUSE,CONFIGNON_LA_DODE,t0700,0.0
GENEVE_VILLEREUSE,CONFIGNON_LA_DODE,t0730,0.0
GENEVE_VILLEREUSE,CONFIGNON_LA_DODE,t0800,0.0
GENEVE_VILLEREUSE,CONFIGNON_LA_DODE,t0830,0.0
GENEVE_VILLEREUSE,GENEVE_AMANDOLIER,t0700,0.0
GENEVE_VILLEREUSE,GENEVE_AMANDOLIER,t0730,0.0
GENEVE_VILLEREUSE,GENEVE_AMANDOLIER,t0800,0.0
GENEVE_VILLEREUSE,GENEVE_AMANDOLIER,t0830,0.0
GENEVE_VILLEREUSE,GENEVE_AUGUSTINS,t0700,0.0
GENEVE_VILLEREUSE,GENEVE_AUGUSTINS,t0730,0.0
GENEVE_VILLEREUSE,GENEVE_AUGUSTINS,t0800,0.0
GENEVE_VILLEREUSE,GENEVE_AUGUSTINS,t0830,0.0
GENEVE_VILLEREUSE,GENEVE_BEL_AIR,t0700,0.0
GENEVE_VILLEREUSE,GENEVE_BEL_AIR,t0730,0.0
GENEVE_VILLEREUSE,GENEVE_BEL_AIR,t0800,0.0
GENEVE_VILLEREUSE,GENEVE_BEL_AIR,t0830,0.0
GENEVE_VILLEREUSE,GENEVE_BLANCHE,t0700,0.0
GENEVE_VILLEREUSE,GENEVE_BLANCHE,t0730,0.0
GENEVE_VILLEREUSE,GENEVE_BLANCHE,t0800,0.0
GENEVE_VILLEREUSE,GENEVE_BLANCHE,t0830,0.0
GENEVE_VILLEREUSE,GENEVE_COUTANCE,t0700,0.0
GENEVE_VILLEREUSE,GENEVE_COUTANCE,t0730,0.0
GENEVE_VILLEREUSE,GENEVE_COUTANCE,t0800,0.0
GENEVE_VILLEREUSE,GENEVE_COUTANCE,t0830,0.0
GENEVE_VILLEREUSE,GENEVE_EAUX_VIVES_GARE,t0700,0.0
GENEVE_VILLEREUSE,GENEVE_EAUX_VIVES_GARE,t0730,0.0
GENEVE_VILLEREUSE,GENEVE_EAUX_VIVES_GARE,t0800,0.0
GENEVE_VILLEREUSE,GENEVE_EAUX_VIVES_GARE,t0830,0.0
GENEVE_VILLEREUSE,GENEVE_GARE_CORNAVIN,t0700,0.0
GENEVE_VILLEREUSE,GENEVE_GARE_CORNAVIN,t0730,0.0
GENEVE_VILLEREUSE,GENEVE_GARE_CORNAVIN,t0800,0.0
GENEVE_VILLEREUSE,GENEVE_GARE_CORNAVIN,t0830,0.0
GENEVE_VILLEREUSE,GENEVE_JONCTION,t0700,0.0
GENEVE_VILLEREUSE,GENEVE_JONCTION,t0730,0.0
GENEVE_VILLEREUSE,GENEVE_JONCTION,t0800,0.0
GENEVE_VILLEREUSE,GENEVE_JONCTION,t0830,0.0
GENEVE_VILLEREUSE,GENEVE_LYON,t0700,0.0
GENEVE_VILLEREUSE,GENEVE_LYON,t0730,0.0
GENEVE_VILLEREUSE,GENEVE_LYON,t0800,0.0
GENEVE_VILLEREUSE,GENEVE_LYON,t0830,0.0
GENEVE_VILLEREUSE,GENEVE_MOLARD,t0700,0.0
GENEVE_VILLEREUSE,GENEVE_MOLARD,t0730,0.0
GENEVE_VILLEREUSE,GENEVE_MOLARD,t0800,0.0
GENEVE_VILLEREUSE,GENEVE_MOLARD,t0830,0.0
GENEVE_VILLEREUSE,GENEVE_PALLADIUM,t0700,0.0
GENEVE_VILLEREUSE,GENEVE_PALLADIUM,t0730,0.0
GENEVE_VILLEREUSE,GENEVE_PALLADIUM,t0800,0.0
GENEVE_VILLEREUSE,GENEVE_PALLADIUM,t0830,0.0
GENEVE_VILLEREUSE,GENEVE_PLACE_DE_NEUVE,t0700,0.0
GENEVE_VILLEREUSE,GENEVE_PLACE_DE_NEUVE,t0730,0.0
GENEVE_VILLEREUSE,GENEVE_PLACE_DE_NEUVE,t0800,0.0
GENEVE_VILLEREUSE,GENEVE_PLACE_DE_NEUVE,t0830,0.0
GENEVE_VILLEREUSE,GENEVE_PLAINPALAIS,t0700,0.0
GENEVE_VILLEREUSE,GENEVE_PLAINPALAIS,t0730,0.0
GENEVE_VILLEREUSE,GENEVE_PLAINPALAIS,t0800,0.0
GENEVE_VILLEREUSE,GENEVE_PLAINPALAIS,t0830,0.0
GENEVE_VILLEREUSE,GENEVE_PONT_D_ARVE,t0700,0.0
GENEVE_VILLEREUSE,GENEVE_PONT_D_ARVE,t0730,0.0
GENEVE_VILLEREUSE,GENEVE_PONT_D_ARVE,t0800,0.0
GENEVE_VILLEREUSE,GENEVE_PONT_D_ARVE,t0830,0.0
GENEVE_VILLEREUSE,GENEVE_POTERIE,t0700,0.0
GENEVE_VILLEREUSE,GENEVE_POTERIE,t0730,0.0
GENEVE_VILLEREUSE,GENEVE_POTERIE,t0800,0.0
GENEVE_VILLEREUSE,GENEVE_POTERIE,t0830,0.0
GENEVE_VILLEREUSE,GENEVE_RIVE,t0700,0.0
GENEVE_VILLEREUSE,GENEVE_RIVE,t0730,0.0
GENEVE_VILLEREUSE,GENEVE_RIVE,t0800,0.0
GENEVE_VILLEREUSE,GENEVE_RIVE,t0830,0.0
GENEVE_VILLEREUSE,GENEVE_SERVETTE,t0700,0.0
GENEVE_VILLEREUSE,GENEVE_SERVETTE,t0730,0.0
GENEVE_VILLEREUSE,GENEVE_SERVETTE,t0800,0.0
GENEVE_VILLEREUSE,GENEVE_SERVETTE,t0830,0.0
GENEVE_VILLEREUSE,GENEVE_STAND,t0700,0.0
GENEVE_VILLEREUSE,GENEVE_STAND,t0730,0.0
GENEVE_VILLEREUSE,GENEVE_STAND,t0800,0.0
GENEVE_VILLEREUSE,GENEVE_STAND,t0830,0.0
GENEVE_VILLEREUSE,GENEVE_TERRASSIERE,t0700,0.0
GENEVE_VILLEREUSE,GENEVE_TERRASSIERE,t0730,0.0
GENEVE_VILLEREUSE,GENEVE_TERRASSIERE,t0800,0.0
GENEVE_VILLEREUSE,GENEVE_TERRASSIERE,t0830,0.0
GENEVE_VILLEREUSE,GENEVE_VIEUSSEUX,t0700,0.0
GENEVE_VILLEREUSE,GENEVE_VIEUSSEUX,t0730,0.0
GENEVE_VILLEREUSE,GENEVE_VIEUSSEUX,t0800,0.0
GENEVE_VILLEREUSE,GENEVE_VIEUSSEUX,t0830,0.0
GENEVE_VILLEREUSE,GRAND_LANCY_DE_STAEL,t0700,0.0
GENEVE_VILLEREUSE,GRAND_LANCY_DE_STAEL,t0730,0.0
GENEVE_VILLEREUSE,GRAND_LANCY_DE_STAEL,t0800,0.0
GENEVE_VILLEREUSE,GRAND_LANCY_DE_STAEL,t0830,0.0
GENEVE_VILLEREUSE,GRAND_LANCY_PALETTES,t0700,0.0
GENEVE_VILLEREUSE,GRAND_LANCY_PALETTES,t0730,0.0
GENEVE_VILLEREUSE,GRAND_LANCY_PALETTES,t0800,0.0
GENEVE_VILLEREUSE,GRAND_LANCY_PALETTES,t0830,0.0
GENEVE_VILLEREUSE,GRAND_LANCY_PONTETS,t0700,0.0
GENEVE_VILLEREUSE,GRAND_LANCY_PONTETS,t0730,0.0
GENEVE_VILLEREUSE,GRAND_LANCY_PONTETS,t0800,0.0
GENEVE_VILLEREUSE,GRAND_LANCY_PONTETS,t0830,0.0
GENEVE_VILLEREUSE,LANCY_BACHET_GARE,t0700,0.0
GENEVE_VILLEREUSE,LANCY_BACHET_GARE,t0730,0.0
GENEVE_VILLEREUSE,LANCY_BACHET_GARE,t0800,0.0
GENEVE_VILLEREUSE,LANCY_BACHET_GARE,t0830,0.0
GENEVE_VILLEREUSE,MEYRIN_BOIS_DU_LAN,t0700,0.0
GENEVE_VILLEREUSE,MEYRIN_BOIS_DU_LAN,t0730,0.0
GENEVE_VILLEREUSE,MEYRIN_BOIS_DU_LAN,t0800,0.0
GENEVE_VILLEREUSE,MEYRIN_BOIS_DU_LAN,t0830,0.0
GENEVE_VILLEREUSE,MEYRIN_CERN,t0700,0.0
GENEVE_VILLEREUSE,MEYRIN_CERN,t0730,0.0
GENEVE_VILLEREUSE,MEYRIN_CERN,t0800,0.0
GENEVE_VILLEREUSE,MEYRIN_CERN,t0830,0.0
GENEVE_VILLEREUSE,MEYRIN_FORUMEYRIN,t0700,0.0
GENEVE_VILLEREUSE,MEYRIN_FORUMEYRIN,t0730,0.0
GENEVE_VILLEREUSE,MEYRIN_FORUMEYRIN,t0800,0.0
GENEVE_VILLEREUSE,MEYRIN_FORUMEYRIN,t0830,0.0
GENEVE_VILLEREUSE,MEYRIN_GRAVIERE,t0700,0.0
GENEVE_VILLEREUSE,MEYRIN_GRAVIERE,t0730,0.0
GENEVE_VILLEREUSE,MEYRIN_GRAVIERE,t0800,0.0
GENEVE_VILLEREUSE,MEYRIN_GRAVIERE,t0830,0.0
GENEVE_VILLEREUSE,MEYRIN_HOPITAL_DE_LA_TOUR,t0700,0.0
GENEVE_VILLEREUSE,MEYRIN_HOPITAL_DE_LA_TOUR,t0730,0.0
GENEVE_VILLEREUSE,MEYRIN_HOPITAL_DE_LA_TOUR,t0800,0.0
GENEVE_VILLEREUSE,MEYRIN_HOPITAL_DE_LA_TOUR,t0830,0.0
GENEVE_VILLEREUSE,MEYRIN_JARDIN_ALPIN_VIVARIUM,t0700,0.0
GENEVE_VILLEREUSE,MEYRIN_JARDIN_ALPIN_VIVARIUM,t0730,0.0
GENEVE_VILLEREUSE,MEYRIN_JARDIN_ALPIN_VIVARIUM,t0800,0.0
GENEVE_VILLEREUSE,MEYRIN_JARDIN_ALPIN_VIVARIUM,t0830,0.0
GENEVE_VILLEREUSE,MEYRIN_MAISONNEX,t0700,0.0
GENEVE_VILLEREUSE,MEYRIN_MAISONNEX,t0730,0.0
GENEVE_VILLEREUSE,MEYRIN_MAISONNEX,t0800,0.0
GENEVE_VILLEREUSE,MEYRIN_MAISONNEX,t0830,0.0
GENEVE_VILLEREUSE,MEYRIN_VAUDAGNE,t0700,0.0
GENEVE_VILLEREUSE,MEYRIN_VAUDAGNE,t0730,0.0
GENEVE_VILLEREUSE,MEYRIN_VAUDAGNE,t0800,0.0
GENEVE_VILLEREUSE,MEYRIN_VAUDAGNE,t0830,0.0
GENEVE_VILLEREUSE,MEYRIN_VILLAGE,t0700,0.0
GENEVE_VILLEREUSE,MEYRIN_VILLAGE,t0730,0.0
GENEVE_VILLEREUSE,MEYRIN_VILLAGE,t0800,0.0
GENEVE_VILLEREUSE,MEYRIN_VILLAGE,t0830,0.0
GENEVE_VILLEREUSE,ONEX_BANDOL,t0700,0.0
GENEVE_VILLEREUSE,ONEX_BANDOL,t0730,0.0
GENEVE_VILLEREUSE,ONEX_BANDOL,t0800,0.0
GENEVE_VILLEREUSE,ONEX_BANDOL,t0830,0.0
GENEVE_VILLEREUSE,ONEX_SALLE_COMMUNALE,t0700,0.0
GENEVE_VILLEREUSE,ONEX_SALLE_COMMUNALE,t0730,0.0
GENEVE_VILLEREUSE,ONEX_SALLE_COMMUNALE,t0800,0.0
GENEVE_VILLEREUSE,ONEX_SALLE_COMMUNALE,t0830,0.0
GENEVE_VILLEREUSE,PETIT_LANCY_LES_ESSERTS,t0700,0.0
GENEVE_VILLEREUSE,PETIT_LANCY_LES_ESSERTS,t0730,0.0
GENEVE_VILLEREUSE,PETIT_LANCY_LES_ESSERTS,t0800,0.0
GENEVE_VILLEREUSE,PETIT_LANCY_LES_ESSERTS,t0830,0.0
GENEVE_VILLEREUSE,PETIT_LANCY_PLACE,t0700,0.0
GENEVE_VILLEREUSE,PETIT_LANCY_PLACE,t0730,0.0
GENEVE_VILLEREUSE,PETIT_LANCY_PLACE,t0800,0.0
GENEVE_VILLEREUSE,PETIT_LANCY_PLACE,t0830,0.0
GENEVE_VILLEREUSE,PETIT_LANCY_QUIDORT,t0700,0.0
GENEVE_VILLEREUSE,PETIT_LANCY_QUIDORT,t0730,0.0
GENEVE_VILLEREUSE,PETIT_LANCY_QUIDORT,t0800,0.0
GENEVE_VILLEREUSE,PETIT_LANCY_QUIDORT,t0830,0.0
GENEVE_VILLEREUSE,PLAN_LES_OUATES_TREFLE_BLANC,t0700,0.0
GENEVE_VILLEREUSE,PLAN_LES_OUATES_TREFLE_BLANC,t0730,0.0
GENEVE_VILLEREUSE,PLAN_LES_OUATES_TREFLE_BLANC,t0800,0.0
GENEVE_VILLEREUSE,PLAN_LES_OUATES_TREFLE_BLANC,t0830,0.0
GENEVE_VILLEREUSE,THONEX_GRAVESON,t0700,0.0
GENEVE_VILLEREUSE,THONEX_GRAVESON,t0730,0.0
GENEVE_VILLEREUSE,THONEX_GRAVESON,t0800,0.0
GENEVE_VILLEREUSE,THONEX_GRAVESON,t0830,0.0
GENEVE_VILLEREUSE,THONEX_MOILLESULAZ,t0700,0.0
GENEVE_VILLEREUSE,THONEX_MOILLESULAZ,t0730,0.0
GENEVE_VILLEREUSE,THONEX_MOILLESULAZ,t0800,0.0
GENEVE_VILLEREUSE,THONEX_MOILLESULAZ,t0830,0.0
GENEVE_VILLEREUSE,VERNIER_AVANCHETS_ETANG,t0700,0.0
GENEVE_VILLEREUSE,VERNIER_AVANCHETS_ETANG,t0730,0.0
GENEVE_VILLEREUSE,VERNIER_AVANCHETS_ETANG,t0800,0.0
GENEVE_VILLEREUSE,VERNIER_AVANCHETS_ETANG,t0830,0.0
GENEVE_VILLEREUSE,VERNIER_BALEXERT,t0700,0.0
GENEVE_VILLEREUSE,VERNIER_BALEXERT,t0730,0.0
GENEVE_VILLEREUSE,VERNIER_BALEXERT,t0800,0.0
GENEVE_VILLEREUSE,VERNIER_BALEXERT,t0830,0.0
GENEVE_VILLEREUSE,VERNIER_BLANDONNET,t0700,0.0
GENEVE_VILLEREUSE,VERNIER_BLANDONNET,t0730,0.0
GENEVE_VILLEREUSE,VERNIER_BLANDONNET,t0800,0.0
GENEVE_VILLEREUSE,VERNIER_BLANDONNET,t0830,0.0
GENEVE_VILLEREUSE,VERNIER_BOUCHET,t0700,0.0
GENEVE_VILLEREUSE,VERNIER_BOUCHET,t0730,0.0
GENEVE_VILLEREUSE,VERNIER_BOUCHET,t0800,0.0
GENEVE_VILLEREUSE,VERNIER_BOUCHET,t0830,0.0
GRAND_LANCY_DE_STAEL,BERNEX_HAINARD,t0700,0.0
GRAND_LANCY_DE_STAEL,BERNEX_HAINARD,t0730,0.0
GRAND_LANCY_DE_STAEL,BERNEX_HAINARD,t0800,0.0
GRAND_LANCY_DE_STAEL,BERNEX_HAINARD,t0830,0.0
GRAND_LANCY_DE_STAEL,BERNEX_LUCHEPELET,t0700,0.0
GRAND_LANCY_DE_STAEL,BERNEX_LUCHEPELET,t0730,0.0
GRAND_LANCY_DE_STAEL,BERNEX_LUCHEPELET,t0800,0.0
GRAND_LANCY_DE_STAEL,BERNEX_LUCHEPELET,t0830,0.0
GRAND_LANCY_DE_STAEL,BERNEX_PRE_MARAIS,t0700,0.0
GRAND_LANCY_DE_STAEL,BERNEX_PRE_MARAIS,t0730,0.0
GRAND_LANCY_DE_STAEL,BERNEX_PRE_MARAIS,t0800,0.0
GRAND_LANCY_DE_STAEL,BERNEX_PRE_MARAIS,t0830,0.0
GRAND_LANCY_DE_STAEL,BERNEX_P_R,t0700,0.0
GRAND_LANCY_DE_STAEL,BERNEX_P_R,t0730,0.0
GRAND_LANCY_DE_STAEL,BERNEX_P_R,t0800,0.0
GRAND_LANCY_DE_STAEL,BERNEX_P_R,t0830,0.0
GRAND_LANCY_DE_STAEL,BERNEX_VAILLY,t0700,0.0
GRAND_LANCY_DE_STAEL,BERNEX_VAILLY,t0730,0.0
GRAND_LANCY_DE_STAEL,BERNEX_VAILLY,t0800,0.0
GRAND_LANCY_DE_STAEL,BERNEX_VAILLY,t0830,0.0
GRAND_LANCY_DE_STAEL,CAROUGE_GE_ANCIENNE,t0700,0.0
GRAND_LANCY_DE_STAEL,CAROUGE_GE_ANCIENNE,t0730,0.0
GRAND_LANCY_DE_STAEL,CAROUGE_GE_ANCIENNE,t0800,0.0
GRAND_LANCY_DE_STAEL,CAROUGE_GE_ANCIENNE,t0830,0.0
GRAND_LANCY_DE_STAEL,CAROUGE_GE_ARMES,t0700,0.0
GRAND_LANCY_DE_STAEL,CAROUGE_GE_ARMES,t0730,0.0
GRAND_LANCY_DE_STAEL,CAROUGE_GE_ARMES,t0800,0.0
GRAND_LANCY_DE_STAEL,CAROUGE_GE_ARMES,t0830,0.0
GRAND_LANCY_DE_STAEL,CAROUGE_GE_MARCHE,t0700,0.0
GRAND_LANCY_DE_STAEL,CAROUGE_GE_MARCHE,t0730,0.0
GRAND_LANCY_DE_STAEL,CAROUGE_GE_MARCHE,t0800,0.0
GRAND_LANCY_DE_STAEL,CAROUGE_GE_MARCHE,t0830,0.0
GRAND_LANCY_DE_STAEL,CAROUGE_GE_RONDEAU,t0700,0.0
GRAND_LANCY_DE_STAEL,CAROUGE_GE_RONDEAU,t0730,0.0
GRAND_LANCY_DE_STAEL,CAROUGE_GE_RONDEAU,t0800,0.0
GRAND_LANCY_DE_STAEL,CAROUGE_GE_RONDEAU,t0830,0.0
GRAND_LANCY_DE_STAEL,CHENE_BOUGERIES_GRANGETTES,t0700,0.0
GRAND_LANCY_DE_STAEL,CHENE_BOUGERIES_GRANGETTES,t0730,0.0
GRAND_LANCY_DE_STAEL,CHENE_BOUGERIES_GRANGETTES,t0800,0.0
GRAND_LANCY_DE_STAEL,CHENE_BOUGERIES_GRANGETTES,t0830,0.0
GRAND_LANCY_DE_STAEL,CHENE_BOUGERIES_GRANGE_CANAL,t0700,0.0
GRAND_LANCY_DE_STAEL,CHENE_BOUGERIES_GRANGE_CANAL,t0730,0.0
GRAND_LANCY_DE_STAEL,CHENE_BOUGERIES_GRANGE_CANAL,t0800,0.0
GRAND_LANCY_DE_STAEL,CHENE_BOUGERIES_GRANGE_CANAL,t0830,0.0
GRAND_LANCY_DE_STAEL,CHENE_BOUGERIES_GRANGE_FALQUET,t0700,0.0
GRAND_LANCY_DE_STAEL,CHENE_BOUGERIES_GRANGE_FALQUET,t0730,0.0
GRAND_LANCY_DE_STAEL,CHENE_BOUGERIES_GRANGE_FALQUET,t0800,0.0
GRAND_LANCY_DE_STAEL,CHENE_BOUGERIES_GRANGE_FALQUET,t0830,0.0
GRAND_LANCY_DE_STAEL,CHENE_BOURG_PEILLONNEX,t0700,0.0
GRAND_LANCY_DE_STAEL,CHENE_BOURG_PEILLONNEX,t0730,0.0
GRAND_LANCY_DE_STAEL,CHENE_BOURG_PEILLONNEX,t0800,0.0
GRAND_LANCY_DE_STAEL,CHENE_BOURG_PEILLONNEX,t0830,0.0
GRAND_LANCY_DE_STAEL,CHENE_BOURG_PLACE_FAVRE,t0700,0.0
GRAND_LANCY_DE_STAEL,CHENE_BOURG_PLACE_FAVRE,t0730,0.0
GRAND_LANCY_DE_STAEL,CHENE_BOURG_PLACE_FAVRE,t0800,0.0
GRAND_LANCY_DE_STAEL,CHENE_BOURG_PLACE_FAVRE,t0830,0.0
GRAND_LANCY_DE_STAEL,CONFIGNON_CROISEE,t0700,0.0
GRAND_LANCY_DE_STAEL,CONFIGNON_CROISEE,t0730,0.0
GRAND_LANCY_DE_STAEL,CONFIGNON_CROISEE,t0800,0.0
GRAND_LANCY_DE_STAEL,CONFIGNON_CROISEE,t0830,0.0
GRAND_LANCY_DE_STAEL,CONFIGNON_LA_DODE,t0700,0.0
GRAND_LANCY_DE_STAEL,CONFIGNON_LA_DODE,t0730,0.0
GRAND_LANCY_DE_STAEL,CONFIGNON_LA_DODE,t0800,0.0
GRAND_LANCY_DE_STAEL,CONFIGNON_LA_DODE,t0830,0.0
GRAND_LANCY_DE_STAEL,GENEVE_AMANDOLIER,t0700,0.0
GRAND_LANCY_DE_STAEL,GENEVE_AMANDOLIER,t0730,0.0
GRAND_LANCY_DE_STAEL,GENEVE_AMANDOLIER,t0800,0.0
GRAND_LANCY_DE_STAEL,GENEVE_AMANDOLIER,t0830,0.0
GRAND_LANCY_DE_STAEL,GENEVE_AUGUSTINS,t0700,0.0
GRAND_LANCY_DE_STAEL,GENEVE_AUGUSTINS,t0730,0.0
GRAND_LANCY_DE_STAEL,GENEVE_AUGUSTINS,t0800,0.0
GRAND_LANCY_DE_STAEL,GENEVE_AUGUSTINS,t0830,0.0
GRAND_LANCY_DE_STAEL,GENEVE_BEL_AIR,t0700,0.0
GRAND_LANCY_DE_STAEL,GENEVE_BEL_AIR,t0730,0.0
GRAND_LANCY_DE_STAEL,GENEVE_BEL_AIR,t0800,0.0
GRAND_LANCY_DE_STAEL,GENEVE_BEL_AIR,t0830,0.0
GRAND_LANCY_DE_STAEL,GENEVE_BLANCHE,t0700,0.0
GRAND_LANCY_DE_STAEL,GENEVE_BLANCHE,t0730,0.0
GRAND_LANCY_DE_STAEL,GENEVE_BLANCHE,t0800,0.0
GRAND_LANCY_DE_STAEL,GENEVE_BLANCHE,t0830,0.0
GRAND_LANCY_DE_STAEL,GENEVE_COUTANCE,t0700,0.0
GRAND_LANCY_DE_STAEL,GENEVE_COUTANCE,t0730,0.0
GRAND_LANCY_DE_STAEL,GENEVE_COUTANCE,t0800,0.0
GRAND_LANCY_DE_STAEL,GENEVE_COUTANCE,t0830,0.0
GRAND_LANCY_DE_STAEL,GENEVE_EAUX_VIVES_GARE,t0700,0.0
GRAND_LANCY_DE_STAEL,GENEVE_EAUX_VIVES_GARE,t0730,0.0
GRAND_LANCY_DE_STAEL,GENEVE_EAUX_VIVES_GARE,t0800,0.0
GRAND_LANCY_DE_STAEL,GENEVE_EAUX_VIVES_GARE,t0830,0.0
GRAND_LANCY_DE_STAEL,GENEVE_GARE_CORNAVIN,t0700,0.0
GRAND_LANCY_DE_STAEL,GENEVE_GARE_CORNAVIN,t0730,0.0
GRAND_LANCY_DE_STAEL,GENEVE_GARE_CORNAVIN,t0800,0.0
GRAND_LANCY_DE_STAEL,GENEVE_GARE_CORNAVIN,t0830,0.0
GRAND_LANCY_DE_STAEL,GENEVE_JONCTION,t0700,0.0
GRAND_LANCY_DE_STAEL,GENEVE_JONCTION,t0730,0.0
GRAND_LANCY_DE_STAEL,GENEVE_JONCTION,t0800,0.0
GRAND_LANCY_DE_STAEL,GENEVE_JONCTION,t0830,0.0
GRAND_LANCY_DE_STAEL,GENEVE_LYON,t0700,0.0
GRAND_LANCY_DE_STAEL,GENEVE_LYON,t0730,0.0
GRAND_LANCY_DE_STAEL,GENEVE_LYON,t0800,0.0
GRAND_LANCY_DE_STAEL,GENEVE_LYON,t0830,0.0
GRAND_LANCY_DE_STAEL,GENEVE_MOLARD,t0700,0.0
GRAND_LANCY_DE_STAEL,GENEVE_MOLARD,t0730,0.0
GRAND_LANCY_DE_STAEL,GENEVE_MOLARD,t0800,0.0
GRAND_LANCY_DE_STAEL,GENEVE_MOLARD,t0830,0.0
GRAND_LANCY_DE_STAEL,GENEVE_PALLADIUM,t0700,0.0
GRAND_LANCY_DE_STAEL,GENEVE_PALLADIUM,t0730,0.0
GRAND_LANCY_DE_STAEL,GENEVE_PALLADIUM,t0800,0.0
GRAND_LANCY_DE_STAEL,GENEVE_PALLADIUM,t0830,0.0
GRAND_LANCY_DE_STAEL,GENEVE_PLACE_DE_NEUVE,t0700,0.0
GRAND_LANCY_DE_STAEL,GENEVE_PLACE_DE_NEUVE,t0730,0.0
GRAND_LANCY_DE_STAEL,GENEVE_PLACE_DE_NEUVE,t0800,0.0
GRAND_LANCY_DE_STAEL,GENEVE_PLACE_DE_NEUVE,t0830,0.0
GRAND_LANCY_DE_STAEL,GENEVE_PLAINPALAIS,t0700,0.0
GRAND_LANCY_DE_STAEL,GENEVE_PLAINPALAIS,t0730,0.0
GRAND_LANCY_DE_STAEL,GENEVE_PLAINPALAIS,t0800,0.0
GRAND_LANCY_DE_STAEL,GENEVE_PLAINPALAIS,t0830,0.0
GRAND_LANCY_DE_STAEL,GENEVE_PONT_D_ARVE,t0700,0.0
GRAND_LANCY_DE_STAEL,GENEVE_PONT_D_ARVE,t0730,0.0
GRAND_LANCY_DE_STAEL,GENEVE_PONT_D_ARVE,t0800,0.0
GRAND_LANCY_DE_STAEL,GENEVE_PONT_D_ARVE,t0830,0.0
GRAND_LANCY_DE_STAEL,GENEVE_POTERIE,t0700,0.0
GRAND_LANCY_DE_STAEL,GENEVE_POTERIE,t0730,0.0
GRAND_LANCY_DE_STAEL,GENEVE_POTERIE,t0800,0.0
GRAND_LANCY_DE_STAEL,GENEVE_POTERIE,t0830,0.0
GRAND_LANCY_DE_STAEL,GENEVE_RIVE,t0700,0.0
GRAND_LANCY_DE_STAEL,GENEVE_RIVE,t0730,0.0
GRAND_LANCY_DE_STAEL,GENEVE_RIVE,t0800,0.0
GRAND_LANCY_DE_STAEL,GENEVE_RIVE,t0830,0.0
GRAND_LANCY_DE_STAEL,GENEVE_SERVETTE,t0700,0.0
GRAND_LANCY_DE_STAEL,GENEVE_SERVETTE,t0730,0.0
GRAND_LANCY_DE_STAEL,GENEVE_SERVETTE,t0800,0.0
GRAND_LANCY_DE_STAEL,GENEVE_SERVETTE,t0830,0.0
GRAND_LANCY_DE_STAEL,GENEVE_STAND,t0700,0.0
GRAND_LANCY_DE_STAEL,GENEVE_STAND,t0730,0.0
GRAND_LANCY_DE_STAEL,GENEVE_STAND,t0800,0.0
GRAND_LANCY_DE_STAEL,GENEVE_STAND,t0830,0.0
GRAND_LANCY_DE_STAEL,GENEVE_TERRASSIERE,t0700,0.0
GRAND_LANCY_DE_STAEL,GENEVE_TERRASSIERE,t0730,0.0
GRAND_LANCY_DE_STAEL,GENEVE_TERRASSIERE,t0800,0.0
GRAND_LANCY_DE_STAEL,GENEVE_TERRASSIERE,t0830,0.0
GRAND_LANCY_DE_STAEL,GENEVE_VIEUSSEUX,t0700,0.0
GRAND_LANCY_DE_STAEL,GENEVE_VIEUSSEUX,t0730,0.0
GRAND_LANCY_DE_STAEL,GENEVE_VIEUSSEUX,t0800,0.0
GRAND_LANCY_DE_STAEL,GENEVE_VIEUSSEUX,t0830,0.0
GRAND_LANCY_DE_STAEL,GENEVE_VILLEREUSE,t0700,0.0
GRAND_LANCY_DE_STAEL,GENEVE_VILLEREUSE,t0730,0.0
GRAND_LANCY_DE_STAEL,GENEVE_VILLEREUSE,t0800,0.0
GRAND_LANCY_DE_STAEL,GENEVE_VILLEREUSE,t0830,0.0
GRAND_LANCY_DE_STAEL,GRAND_LANCY_PALETTES,t0700,0.0
GRAND_LANCY_DE_STAEL,GRAND_LANCY_PALETTES,t0730,0.0
GRAND_LANCY_DE_STAEL,GRAND_LANCY_PALETTES,t0800,0.0
GRAND_LANCY_DE_STAEL,GRAND_LANCY_PALETTES,t0830,0.0
GRAND_LANCY_DE_STAEL,GRAND_LANCY_PONTETS,t0700,0.0
GRAND_LANCY_DE_STAEL,GRAND_LANCY_PONTETS,t0730,0.0
GRAND_LANCY_DE_STAEL,GRAND_LANCY_PONTETS,t0800,0.0
GRAND_LANCY_DE_STAEL,GRAND_LANCY_PONTETS,t0830,0.0
GRAND_LANCY_DE_STAEL,LANCY_BACHET_GARE,t0700,0.0
GRAND_LANCY_DE_STAEL,LANCY_BACHET_GARE,t0730,0.0
GRAND_LANCY_DE_STAEL,LANCY_BACHET_GARE,t0800,0.0
GRAND_LANCY_DE_STAEL,LANCY_BACHET_GARE,t0830,0.0
GRAND_LANCY_DE_STAEL,MEYRIN_BOIS_DU_LAN,t0700,0.0
GRAND_LANCY_DE_STAEL,MEYRIN_BOIS_DU_LAN,t0730,0.0
GRAND_LANCY_DE_STAEL,MEYRIN_BOIS_DU_LAN,t0800,0.0
GRAND_LANCY_DE_STAEL,MEYRIN_BOIS_DU_LAN,t0830,0.0
GRAND_LANCY_DE_STAEL,MEYRIN_CERN,t0700,0.0
GRAND_LANCY_DE_STAEL,MEYRIN_CERN,t0730,0.0
GRAND_LANCY_DE_STAEL,MEYRIN_CERN,t0800,0.0
GRAND_LANCY_DE_STAEL,MEYRIN_CERN,t0830,0.0
GRAND_LANCY_DE_STAEL,MEYRIN_FORUMEYRIN,t0700,0.0
GRAND_LANCY_DE_STAEL,MEYRIN_FORUMEYRIN,t0730,0.0
GRAND_LANCY_DE_STAEL,MEYRIN_FORUMEYRIN,t0800,0.0
GRAND_LANCY_DE_STAEL,MEYRIN_FORUMEYRIN,t0830,0.0
GRAND_LANCY_DE_STAEL,MEYRIN_GRAVIERE,t0700,0.0
GRAND_LANCY_DE_STAEL,MEYRIN_GRAVIERE,t0730,0.0
GRAND_LANCY_DE_STAEL,MEYRIN_GRAVIERE,t0800,0.0
GRAND_LANCY_DE_STAEL,MEYRIN_GRAVIERE,t0830,0.0
GRAND_LANCY_DE_STAEL,MEYRIN_HOPITAL_DE_LA_TOUR,t0700,0.0
GRAND_LANCY_DE_STAEL,MEYRIN_HOPITAL_DE_LA_TOUR,t0730,0.0
GRAND_LANCY_DE_STAEL,MEYRIN_HOPITAL_DE_LA_TOUR,t0800,0.0
GRAND_LANCY_DE_STAEL,MEYRIN_HOPITAL_DE_LA_TOUR,t0830,0.0
GRAND_LANCY_DE_STAEL,MEYRIN_JARDIN_ALPIN_VIVARIUM,t0700,0.0
GRAND_LANCY_DE_STAEL,MEYRIN_JARDIN_ALPIN_VIVARIUM,t0730,0.0
GRAND_LANCY_DE_STAEL,MEYRIN_JARDIN_ALPIN_VIVARIUM,t0800,0.0
GRAND_LANCY_DE_STAEL,MEYRIN_JARDIN_ALPIN_VIVARIUM,t0830,0.0
GRAND_LANCY_DE_STAEL,MEYRIN_MAISONNEX,t0700,0.0
GRAND_LANCY_DE_STAEL,MEYRIN_MAISONNEX,t0730,0.0
GRAND_LANCY_DE_STAEL,MEYRIN_MAISONNEX,t0800,0.0
GRAND_LANCY_DE_STAEL,MEYRIN_MAISONNEX,t0830,0.0
GRAND_LANCY_DE_STAEL,MEYRIN_VAUDAGNE,t0700,0.0
GRAND_LANCY_DE_STAEL,MEYRIN_VAUDAGNE,t0730,0.0
GRAND_LANCY_DE_STAEL,MEYRIN_VAUDAGNE,t0800,0.0
GRAND_LANCY_DE_STAEL,MEYRIN_VAUDAGNE,t0830,0.0
GRAND_LANCY_DE_STAEL,MEYRIN_VILLAGE,t0700,0.0
GRAND_LANCY_DE_STAEL,MEYRIN_VILLAGE,t0730,0.0
GRAND_LANCY_DE_STAEL,MEYRIN_VILLAGE,t0800,0.0
GRAND_LANCY_DE_STAEL,MEYRIN_VILLAGE,t0830,0.0
GRAND_LANCY_DE_STAEL,ONEX_BANDOL,t0700,0.0
GRAND_LANCY_DE_STAEL,ONEX_BANDOL,t0730,0.0
GRAND_LANCY_DE_STAEL,ONEX_BANDOL,t0800,0.0
GRAND_LANCY_DE_STAEL,ONEX_BANDOL,t0830,0.0
GRAND_LANCY_DE_STAEL,ONEX_SALLE_COMMUNALE,t0700,0.0
GRAND_LANCY_DE_STAEL,ONEX_SALLE_COMMUNALE,t0730,0.0
GRAND_LANCY_DE_STAEL,ONEX_SALLE_COMMUNALE,t0800,0.0
GRAND_LANCY_DE_STAEL,ONEX_SALLE_COMMUNALE,t0830,0.0
GRAND_LANCY_DE_STAEL,PETIT_LANCY_LES_ESSERTS,t0700,0.0
GRAND_LANCY_DE_STAEL,PETIT_LANCY_LES_ESSERTS,t0730,0.0
GRAND_LANCY_DE_STAEL,PETIT_LANCY_LES_ESSERTS,t0800,0.0
GRAND_LANCY_DE_STAEL,PETIT_LANCY_LES_ESSERTS,t0830,0.0
GRAND_LANCY_DE_STAEL,PETIT_LANCY_PLACE,t0700,0.0
GRAND_LANCY_DE_STAEL,PETIT_LANCY_PLACE,t0730,0.0
GRAND_LANCY_DE_STAEL,PETIT_LANCY_PLACE,t0800,0.0
GRAND_LANCY_DE_STAEL,PETIT_LANCY_PLACE,t0830,0.0
GRAND_LANCY_DE_STAEL,PETIT_LANCY_QUIDORT,t0700,0.0
GRAND_LANCY_DE_STAEL,PETIT_LANCY_QUIDORT,t0730,0.0
GRAND_LANCY_DE_STAEL,PETIT_LANCY_QUIDORT,t0800,0.0
GRAND_LANCY_DE_STAEL,PETIT_LANCY_QUIDORT,t0830,0.0
GRAND_LANCY_DE_STAEL,PLAN_LES_OUATES_TREFLE_BLANC,t0700,0.0
GRAND_LANCY_DE_STAEL,PLAN_LES_OUATES_TREFLE_BLANC,t0730,0.0
GRAND_LANCY_DE_STAEL,PLAN_LES_OUATES_TREFLE_BLANC,t0800,0.0
GRAND_LANCY_DE_STAEL,PLAN_LES_OUATES_TREFLE_BLANC,t0830,0.0
GRAND_LANCY_DE_STAEL,THONEX_GRAVESON,t0700,0.0
GRAND_LANCY_DE_STAEL,THONEX_GRAVESON,t0730,0.0
GRAND_LANCY_DE_STAEL,THONEX_GRAVESON,t0800,0.0
GRAND_LANCY_DE_STAEL,THONEX_GRAVESON,t0830,0.0
GRAND_LANCY_DE_STAEL,THONEX_MOILLESULAZ,t0700,0.0
GRAND_LANCY_DE_STAEL,THONEX_MOILLESULAZ,t0730,0.0
GRAND_LANCY_DE_STAEL,THONEX_MOILLESULAZ,t0800,0.0
GRAND_LANCY_DE_STAEL,THONEX_MOILLESULAZ,t0830,0.0
GRAND_LANCY_DE_STAEL,VERNIER_AVANCHETS_ETANG,t0700,0.0
GRAND_LANCY_DE_STAEL,VERNIER_AVANCHETS_ETANG,t0730,0.0
GRAND_LANCY_DE_STAEL,VERNIER_AVANCHETS_ETANG,t0800,0.0
GRAND_LANCY_DE_STAEL,VERNIER_AVANCHETS_ETANG,t0830,0.0
GRAND_LANCY_DE_STAEL,VERNIER_BALEXERT,t0700,0.0
GRAND_LANCY_DE_STAEL,VERNIER_BALEXERT,t0730,0.0
GRAND_LANCY_DE_STAEL,VERNIER_BALEXERT,t0800,0.0
GRAND_LANCY_DE_STAEL,VERNIER_BALEXERT,t0830,0.0
GRAND_LANCY_DE_STAEL,VERNIER_BLANDONNET,t0700,0.0
GRAND_LANCY_DE_STAEL,VERNIER_BLANDONNET,t0730,0.0
GRAND_LANCY_DE_STAEL,VERNIER_BLANDONNET,t0800,0.0
GRAND_LANCY_DE_STAEL,VERNIER_BLANDONNET,t0830,0.0
GRAND_LANCY_DE_STAEL,VERNIER_BOUCHET,t0700,0.0
GRAND_LANCY_DE_STAEL,VERNIER_BOUCHET,t0730,0.0
GRAND_LANCY_DE_STAEL,VERNIER_BOUCHET,t0800,0.0
GRAND_LANCY_DE_STAEL,VERNIER_BOUCHET,t0830,0.0
GRAND_LANCY_PALETTES,BERNEX_HAINARD,t0700,0.0
GRAND_LANCY_PALETTES,BERNEX_HAINARD,t0730,0.0
GRAND_LANCY_PALETTES,BERNEX_HAINARD,t0800,0.0
GRAND_LANCY_PALETTES,BERNEX_HAINARD,t0830,0.0
GRAND_LANCY_PALETTES,BERNEX_LUCHEPELET,t0700,0.0
GRAND_LANCY_PALETTES,BERNEX_LUCHEPELET,t0730,0.0
GRAND_LANCY_PALETTES,BERNEX_LUCHEPELET,t0800,0.0
GRAND_LANCY_PALETTES,BERNEX_LUCHEPELET,t0830,0.0
GRAND_LANCY_PALETTES,BERNEX_PRE_MARAIS,t0700,0.0
GRAND_LANCY_PALETTES,BERNEX_PRE_MARAIS,t0730,0.0
GRAND_LANCY_PALETTES,BERNEX_PRE_MARAIS,t0800,0.0
GRAND_LANCY_PALETTES,BERNEX_PRE_MARAIS,t0830,0.0
GRAND_LANCY_PALETTES,BERNEX_P_R,t0700,0.0
GRAND_LANCY_PALETTES,BERNEX_P_R,t0730,0.0
GRAND_LANCY_PALETTES,BERNEX_P_R,t0800,0.0
GRAND_LANCY_PALETTES,BERNEX_P_R,t0830,0.0
GRAND_LANCY_PALETTES,BERNEX_VAILLY,t0700,0.0
GRAND_LANCY_PALETTES,BERNEX_VAILLY,t0730,0.0
GRAND_LANCY_PALETTES,BERNEX_VAILLY,t0800,0.0
GRAND_LANCY_PALETTES,BERNEX_VAILLY,t0830,0.0
GRAND_LANCY_PALETTES,CAROUGE_GE_ANCIENNE,t0700,0.0
GRAND_LANCY_PALETTES,CAROUGE_GE_ANCIENNE,t0730,0.0
GRAND_LANCY_PALETTES,CAROUGE_GE_ANCIENNE,t0800,0.0
GRAND_LANCY_PALETTES,CAROUGE_GE_ANCIENNE,t0830,0.0
GRAND_LANCY_PALETTES,CAROUGE_GE_ARMES,t0700,0.0
GRAND_LANCY_PALETTES,CAROUGE_GE_ARMES,t0730,0.0
GRAND_LANCY_PALETTES,CAROUGE_GE_ARMES,t0800,0.0
GRAND_LANCY_PALETTES,CAROUGE_GE_ARMES,t0830,0.0
GRAND_LANCY_PALETTES,CAROUGE_GE_MARCHE,t0700,0.0
GRAND_LANCY_PALETTES,CAROUGE_GE_MARCHE,t0730,0.0
GRAND_LANCY_PALETTES,CAROUGE_GE_MARCHE,t0800,0.0
GRAND_LANCY_PALETTES,CAROUGE_GE_MARCHE,t0830,0.0
GRAND_LANCY_PALETTES,CAROUGE_GE_RONDEAU,t0700,0.0
GRAND_LANCY_PALETTES,CAROUGE_GE_RONDEAU,t0730,0.0
GRAND_LANCY_PALETTES,CAROUGE_GE_RONDEAU,t0800,0.0
GRAND_LANCY_PALETTES,CAROUGE_GE_RONDEAU,t0830,0.0
GRAND_LANCY_PALETTES,CHENE_BOUGERIES_GRANGETTES,t0700,0.0
GRAND_LANCY_PALETTES,CHENE_BOUGERIES_GRANGETTES,t0730,0.0
GRAND_LANCY_PALETTES,CHENE_BOUGERIES_GRANGETTES,t0800,0.0
GRAND_LANCY_PALETTES,CHENE_BOUGERIES_GRANGETTES,t0830,0.0
GRAND_LANCY_PALETTES,CHENE_BOUGERIES_GRANGE_CANAL,t0700,0.0
GRAND_LANCY_PALETTES,CHENE_BOUGERIES_GRANGE_CANAL,t0730,0.0
GRAND_LANCY_PALETTES,CHENE_BOUGERIES_GRANGE_CANAL,t0800,0.0
GRAND_LANCY_PALETTES,CHENE_BOUGERIES_GRANGE_CANAL,t0830,0.0
GRAND_LANCY_PALETTES,CHENE_BOUGERIES_GRANGE_FALQUET,t0700,0.0
GRAND_LANCY_PALETTES,CHENE_BOUGERIES_GRANGE_FALQUET,t0730,0.0
GRAND_LANCY_PALETTES,CHENE_BOUGERIES_GRANGE_FALQUET,t0800,0.0
GRAND_LANCY_PALETTES,CHENE_BOUGERIES_GRANGE_FALQUET,t0830,0.0
GRAND_LANCY_PALETTES,CHENE_BOURG_PEILLONNEX,t0700,0.0
GRAND_LANCY_PALETTES,CHENE_BOURG_PEILLONNEX,t0730,0.0
GRAND_LANCY_PALETTES,CHENE_BOURG_PEILLONNEX,t0800,0.0
GRAND_LANCY_PALETTES,CHENE_BOURG_PEILLONNEX,t0830,0.0
GRAND_LANCY_PALETTES,CHENE_BOURG_PLACE_FAVRE,t0700,0.0
GRAND_LANCY_PALETTES,CHENE_BOURG_PLACE_FAVRE,t0730,0.0
GRAND_LANCY_PALETTES,CHENE_BOURG_PLACE_FAVRE,t0800,0.0
GRAND_LANCY_PALETTES,CHENE_BOURG_PLACE_FAVRE,t0830,0.0
GRAND_LANCY_PALETTES,CONFIGNON_CROISEE,t0700,0.0
GRAND_LANCY_PALETTES,CONFIGNON_CROISEE,t0730,0.0
GRAND_LANCY_PALETTES,CONFIGNON_CROISEE,t0800,0.0
GRAND_LANCY_PALETTES,CONFIGNON_CROISEE,t0830,0.0
GRAND_LANCY_PALETTES,CONFIGNON_LA_DODE,t0700,0.0
GRAND_LANCY_PALETTES,CONFIGNON_LA_DODE,t0730,0.0
GRAND_LANCY_PALETTES,CONFIGNON_LA_DODE,t0800,0.0
GRAND_LANCY_PALETTES,CONFIGNON_LA_DODE,t0830,0.0
GRAND_LANCY_PALETTES,GENEVE_AMANDOLIER,t0700,0.0
GRAND_LANCY_PALETTES,GENEVE_AMANDOLIER,t0730,0.0
GRAND_LANCY_PALETTES,GENEVE_AMANDOLIER,t0800,0.0
GRAND_LANCY_PALETTES,GENEVE_AMANDOLIER,t0830,0.0
GRAND_LANCY_PALETTES,GENEVE_AUGUSTINS,t0700,0.0
GRAND_LANCY_PALETTES,GENEVE_AUGUSTINS,t0730,0.0
GRAND_LANCY_PALETTES,GENEVE_AUGUSTINS,t0800,0.0
GRAND_LANCY_PALETTES,GENEVE_AUGUSTINS,t0830,0.0
GRAND_LANCY_PALETTES,GENEVE_BEL_AIR,t0700,0.0
GRAND_LANCY_PALETTES,GENEVE_BEL_AIR,t0730,0.0
GRAND_LANCY_PALETTES,GENEVE_BEL_AIR,t0800,0.0
GRAND_LANCY_PALETTES,GENEVE_BEL_AIR,t0830,0.0
GRAND_LANCY_PALETTES,GENEVE_BLANCHE,t0700,0.0
GRAND_LANCY_PALETTES,GENEVE_BLANCHE,t0730,0.0
GRAND_LANCY_PALETTES,GENEVE_BLANCHE,t0800,0.0
GRAND_LANCY_PALETTES,GENEVE_BLANCHE,t0830,0.0
GRAND_LANCY_PALETTES,GENEVE_COUTANCE,t0700,0.0
GRAND_LANCY_PALETTES,GENEVE_COUTANCE,t0730,0.0
GRAND_LANCY_PALETTES,GENEVE_COUTANCE,t0800,0.0
GRAND_LANCY_PALETTES,GENEVE_COUTANCE,t0830,0.0
GRAND_LANCY_PALETTES,GENEVE_EAUX_VIVES_GARE,t0700,0.0
GRAND_LANCY_PALETTES,GENEVE_EAUX_VIVES_GARE,t0730,0.0
GRAND_LANCY_PALETTES,GENEVE_EAUX_VIVES_GARE,t0800,0.0
GRAND_LANCY_PALETTES,GENEVE_EAUX_VIVES_GARE,t0830,0.0
GRAND_LANCY_PALETTES,GENEVE_GARE_CORNAVIN,t0700,0.0
GRAND_LANCY_PALETTES,GENEVE_GARE_CORNAVIN,t0730,0.0
GRAND_LANCY_PALETTES,GENEVE_GARE_CORNAVIN,t0800,0.0
GRAND_LANCY_PALETTES,GENEVE_GARE_CORNAVIN,t0830,0.0
GRAND_LANCY_PALETTES,GENEVE_JONCTION,t0700,0.0
GRAND_LANCY_PALETTES,GENEVE_JONCTION,t0730,0.0
GRAND_LANCY_PALETTES,GENEVE_JONCTION,t0800,0.0
GRAND_LANCY_PALETTES,GENEVE_JONCTION,t0830,0.0
GRAND_LANCY_PALETTES,GENEVE_LYON,t0700,0.0
GRAND_LANCY_PALETTES,GENEVE_LYON,t0730,0.0
GRAND_LANCY_PALETTES,GENEVE_LYON,t0800,0.0
GRAND_LANCY_PALETTES,GENEVE_LYON,t0830,0.0
GRAND_LANCY_PALETTES,GENEVE_MOLARD,t0700,0.0
GRAND_LANCY_PALETTES,GENEVE_MOLARD,t0730,0.0
GRAND_LANCY_PALETTES,GENEVE_MOLARD,t0800,0.0
GRAND_LANCY_PALETTES,GENEVE_MOLARD,t0830,0.0
GRAND_LANCY_PALETTES,GENEVE_PALLADIUM,t0700,0.0
GRAND_LANCY_PALETTES,GENEVE_PALLADIUM,t0730,0.0
GRAND_LANCY_PALETTES,GENEVE_PALLADIUM,t0800,0.0
GRAND_LANCY_PALETTES,GENEVE_PALLADIUM,t0830,0.0
GRAND_LANCY_PALETTES,GENEVE_PLACE_DE_NEUVE,t0700,0.0
GRAND_LANCY_PALETTES,GENEVE_PLACE_DE_NEUVE,t0730,0.0
GRAND_LANCY_PALETTES,GENEVE_PLACE_DE_NEUVE,t0800,0.0
GRAND_LANCY_PALETTES,GENEVE_PLACE_DE_NEUVE,t0830,0.0
GRAND_LANCY_PALETTES,GENEVE_PLAINPALAIS,t0700,0.0
GRAND_LANCY_PALETTES,GENEVE_PLAINPALAIS,t0730,0.0
GRAND_LANCY_PALETTES,GENEVE_PLAINPALAIS,t0800,0.0
GRAND_LANCY_PALETTES,GENEVE_PLAINPALAIS,t0830,0.0
GRAND_LANCY_PALETTES,GENEVE_PONT_D_ARVE,t0700,0.0
GRAND_LANCY_PALETTES,GENEVE_PONT_D_ARVE,t0730,0.0
GRAND_LANCY_PALETTES,GENEVE_PONT_D_ARVE,t0800,0.0
GRAND_LANCY_PALETTES,GENEVE_PONT_D_ARVE,t0830,0.0
GRAND_LANCY_PALETTES,GENEVE_POTERIE,t0700,0.0
GRAND_LANCY_PALETTES,GENEVE_POTERIE,t0730,0.0
GRAND_LANCY_PALETTES,GENEVE_POTERIE,t0800,0.0
GRAND_LANCY_PALETTES,GENEVE_POTERIE,t0830,0.0
GRAND_LANCY_PALETTES,GENEVE_RIVE,t0700,0.0
GRAND_LANCY_PALETTES,GENEVE_RIVE,t0730,0.0
GRAND_LANCY_PALETTES,GENEVE_RIVE,t0800,0.0
GRAND_LANCY_PALETTES,GENEVE_RIVE,t0830,0.0
GRAND_LANCY_PALETTES,GENEVE_SERVETTE,t0700,0.0
GRAND_LANCY_PALETTES,GENEVE_SERVETTE,t0730,0.0
GRAND_LANCY_PALETTES,GENEVE_SERVETTE,t0800,0.0
GRAND_LANCY_PALETTES,GENEVE_SERVETTE,t0830,0.0
GRAND_LANCY_PALETTES,GENEVE_STAND,t0700,0.0
GRAND_LANCY_PALETTES,GENEVE_STAND,t0730,0.0
GRAND_LANCY_PALETTES,GENEVE_STAND,t0800,0.0
GRAND_LANCY_PALETTES,GENEVE_STAND,t0830,0.0
GRAND_LANCY_PALETTES,GENEVE_TERRASSIERE,t0700,0.0
GRAND_LANCY_PALETTES,GENEVE_TERRASSIERE,t0730,0.0
GRAND_LANCY_PALETTES,GENEVE_TERRASSIERE,t0800,0.0
GRAND_LANCY_PALETTES,GENEVE_TERRASSIERE,t0830,0.0
GRAND_LANCY_PALETTES,GENEVE_VIEUSSEUX,t0700,40.87
GRAND_LANCY_PALETTES,GENEVE_VIEUSSEUX,t0730,13.043
GRAND_LANCY_PALETTES,GENEVE_VIEUSSEUX,t0800,10.435
GRAND_LANCY_PALETTES,GENEVE_VIEUSSEUX,t0830,38.261
GRAND_LANCY_PALETTES,GENEVE_VILLEREUSE,t0700,0.0
GRAND_LANCY_PALETTES,GENEVE_VILLEREUSE,t0730,0.0
GRAND_LANCY_PALETTES,GENEVE_VILLEREUSE,t0800,0.0
GRAND_LANCY_PALETTES,GENEVE_VILLEREUSE,t0830,0.0
GRAND_LANCY_PALETTES,GRAND_LANCY_DE_STAEL,t0700,0.0
GRAND_LANCY_PALETTES,GRAND_LANCY_DE_STAEL,t0730,0.0
GRAND_LANCY_PALETTES,GRAND_LANCY_DE_STAEL,t0800,0.0
GRAND_LANCY_PALETTES,GRAND_LANCY_DE_STAEL,t0830,0.0
GRAND_LANCY_PALETTES,GRAND_LANCY_PONTETS,t0700,0.0
GRAND_LANCY_PALETTES,GRAND_LANCY_PONTETS,t0730,0.0
GRAND_LANCY_PALETTES,GRAND_LANCY_PONTETS,t0800,0.0
GRAND_LANCY_PALETTES,GRAND_LANCY_PONTETS,t0830,0.0
GRAND_LANCY_PALETTES,LANCY_BACHET_GARE,t0700,0.0
GRAND_LANCY_PALETTES,LANCY_BACHET_GARE,t0730,0.0
GRAND_LANCY_PALETTES,LANCY_BACHET_GARE,t0800,0.0
GRAND_LANCY_PALETTES,LANCY_BACHET_GARE,t0830,0.0
GRAND_LANCY_PALETTES,MEYRIN_BOIS_DU_LAN,t0700,0.0
GRAND_LANCY_PALETTES,MEYRIN_BOIS_DU_LAN,t0730,0.0
GRAND_LANCY_PALETTES,MEYRIN_BOIS_DU_LAN,t0800,0.0
GRAND_LANCY_PALETTES,MEYRIN_BOIS_DU_LAN,t0830,0.0
GRAND_LANCY_PALETTES,MEYRIN_CERN,t0700,12.8
GRAND_LANCY_PALETTES,MEYRIN_CERN,t0730,34.4
GRAND_LANCY_PALETTES,MEYRIN_CERN,t0800,16.0
GRAND_LANCY_PALETTES,MEYRIN_CERN,t0830,41.6
GRAND_LANCY_PALETTES,MEYRIN_FORUMEYRIN,t0700,0.0
GRAND_LANCY_PALETTES,MEYRIN_FORUMEYRIN,t0730,0.0
GRAND_LANCY_PALETTES,MEYRIN_FORUMEYRIN,t0800,0.0
GRAND_LANCY_PALETTES,MEYRIN_FORUMEYRIN,t0830,0.0
GRAND_LANCY_PALETTES,MEYRIN_GRAVIERE,t0700,0.0
GRAND_LANCY_PALETTES,MEYRIN_GRAVIERE,t0730,0.0
GRAND_LANCY_PALETTES,MEYRIN_GRAVIERE,t0800,0.0
GRAND_LANCY_PALETTES,MEYRIN_GRAVIERE,t0830,0.0
GRAND_LANCY_PALETTES,MEYRIN_HOPITAL_DE_LA_TOUR,t0700,0.0
GRAND_LANCY_PALETTES,MEYRIN_HOPITAL_DE_LA_TOUR,t0730,0.0
GRAND_LANCY_PALETTES,MEYRIN_HOPITAL_DE_LA_TOUR,t0800,0.0
GRAND_LANCY_PALETTES,MEYRIN_HOPITAL_DE_LA_TOUR,t0830,0.0
GRAND_LANCY_PALETTES,MEYRIN_JARDIN_ALPIN_VIVARIUM,t0700,0.0
GRAND_LANCY_PALETTES,MEYRIN_JARDIN_ALPIN_VIVARIUM,t0730,0.0
GRAND_LANCY_PALETTES,MEYRIN_JARDIN_ALPIN_VIVARIUM,t0800,0.0
GRAND_LANCY_PALETTES,MEYRIN_JARDIN_ALPIN_VIVARIUM,t0830,0.0
GRAND_LANCY_PALETTES,MEYRIN_MAISONNEX,t0700,0.0
GRAND_LANCY_PALETTES,MEYRIN_MAISONNEX,t0730,0.0
GRAND_LANCY_PALETTES,MEYRIN_MAISONNEX,t0800,0.0
GRAND_LANCY_PALETTES,MEYRIN_MAISONNEX,t0830,0.0
GRAND_LANCY_PALETTES,MEYRIN_VAUDAGNE,t0700,0.0
GRAND_LANCY_PALETTES,MEYRIN_VAUDAGNE,t0730,0.0
GRAND_LANCY_PALETTES,MEYRIN_VAUDAGNE,t0800,0.0
GRAND_LANCY_PALETTES,MEYRIN_VAUDAGNE,t0830,0.0
GRAND_LANCY_PALETTES,MEYRIN_VILLAGE,t0700,0.0
GRAND_LANCY_PALETTES,MEYRIN_VILLAGE,t0730,0.0
GRAND_LANCY_PALETTES,MEYRIN_VILLAGE,t0800,0.0
GRAND_LANCY_PALETTES,MEYRIN_VILLAGE,t0830,0.0
GRAND_LANCY_PALETTES,ONEX_BANDOL,t0700,0.0
GRAND_LANCY_PALETTES,ONEX_BANDOL,t0730,0.0
GRAND_LANCY_PALETTES,ONEX_BANDOL,t0800,0.0
GRAND_LANCY_PALETTES,ONEX_BANDOL,t0830,0.0
GRAND_LANCY_PALETTES,ONEX_SALLE_COMMUNALE,t0700,0.0
GRAND_LANCY_PALETTES,ONEX_SALLE_COMMUNALE,t0730,0.0
GRAND_LANCY_PALETTES,ONEX_SALLE_COMMUNALE,t0800,0.0
GRAND_LANCY_PALETTES,ONEX_SALLE_COMMUNALE,t0830,0.0
GRAND_LANCY_PALETTES,PETIT_LANCY_LES_ESSERTS,t0700,0.0
GRAND_LANCY_PALETTES,PETIT_LANCY_LES_ESSERTS,t0730,0.0
GRAND_LANCY_PALETTES,PETIT_LANCY_LES_ESSERTS,t0800,0.0
GRAND_LANCY_PALETTES,PETIT_LANCY_LES_ESSERTS,t0830,0.0
GRAND_LANCY_PALETTES,PETIT_LANCY_PLACE,t0700,0.0
GRAND_LANCY_PALETTES,PETIT_LANCY_PLACE,t0730,0.0
GRAND_LANCY_PALETTES,PETIT_LANCY_PLACE,t0800,0.0
GRAND_LANCY_PALETTES,PETIT_LANCY_PLACE,t0830,0.0
GRAND_LANCY_PALETTES,PETIT_LANCY_QUIDORT,t0700,0.0
GRAND_LANCY_PALETTES,PETIT_LANCY_QUIDORT,t0730,0.0
GRAND_LANCY_PALETTES,PETIT_LANCY_QUIDORT,t0800,0.0
GRAND_LANCY_PALETTES,PETIT_LANCY_QUIDORT,t0830,0.0
GRAND_LANCY_PALETTES,PLAN_LES_OUATES_TREFLE_BLANC,t0700,0.0
GRAND_LANCY_PALETTES,PLAN_LES_OUATES_TREFLE_BLANC,t0730,0.0
GRAND_LANCY_PALETTES,PLAN_LES_OUATES_TREFLE_BLANC,t0800,0.0
GRAND_LANCY_PALETTES,PLAN_LES_OUATES_TREFLE_BLANC,t0830,0.0
GRAND_LANCY_PALETTES,THONEX_GRAVESON,t0700,0.0
GRAND_LANCY_PALETTES,THONEX_GRAVESON,t0730,0.0
GRAND_LANCY_PALETTES,THONEX_GRAVESON,t0800,0.0
GRAND_LANCY_PALETTES,THONEX_GRAVESON,t0830,0.0
GRAND_LANCY_PALETTES,THONEX_MOILLESULAZ,t0700,0.0
GRAND_LANCY_PALETTES,THONEX_MOILLESULAZ,t0730,0.0
GRAND_LANCY_PALETTES,THONEX_MOILLESULAZ,t0800,0.0
GRAND_LANCY_PALETTES,THONEX_MOILLESULAZ,t0830,0.0
GRAND_LANCY_PALETTES,VERNIER_AVANCHETS_ETANG,t0700,0.0
GRAND_LANCY_PALETTES,VERNIER_AVANCHETS_ETANG,t0730,0.0
GRAND_LANCY_PALETTES,VERNIER_AVANCHETS_ETANG,t0800,0.0
GRAND_LANCY_PALETTES,VERNIER_AVANCHETS_ETANG,t0830,0.0
GRAND_LANCY_PALETTES,VERNIER_BALEXERT,t0700,0.0
GRAND_LANCY_PALETTES,VERNIER_BALEXERT,t0730,0.0
GRAND_LANCY_PALETTES,VERNIER_BALEXERT,t0800,0.0
GRAND_LANCY_PALETTES,VERNIER_BALEXERT,t0830,0.0
GRAND_LANCY_PALETTES,VERNIER_BLANDONNET,t0700,0.0
GRAND_LANCY_PALETTES,VERNIER_BLANDONNET,t0730,0.0
GRAND_LANCY_PALETTES,VERNIER_BLANDONNET,t0800,0.0
GRAND_LANCY_PALETTES,VERNIER_BLANDONNET,t0830,0.0
GRAND_LANCY_PALETTES,VERNIER_BOUCHET,t0700,0.0
GRAND_LANCY_PALETTES,VERNIER_BOUCHET,t0730,0.0
GRAND_LANCY_PALETTES,VERNIER_BOUCHET,t0800,0.0
GRAND_LANCY_PALETTES,VERNIER_BOUCHET,t0830,0.0
GRAND_LANCY_PONTETS,BERNEX_HAINARD,t0700,0.0
GRAND_LANCY_PONTETS,BERNEX_HAINARD,t0730,0.0
GRAND_LANCY_PONTETS,BERNEX_HAINARD,t0800,0.0
GRAND_LANCY_PONTETS,BERNEX_HAINARD,t0830,0.0
GRAND_LANCY_PONTETS,BERNEX_LUCHEPELET,t0700,0.0
GRAND_LANCY_PONTETS,BERNEX_LUCHEPELET,t0730,0.0
GRAND_LANCY_PONTETS,BERNEX_LUCHEPELET,t0800,0.0
GRAND_LANCY_PONTETS,BERNEX_LUCHEPELET,t0830,0.0
GRAND_LANCY_PONTETS,BERNEX_PRE_MARAIS,t0700,0.0
GRAND_LANCY_PONTETS,BERNEX_PRE_MARAIS,t0730,0.0
GRAND_LANCY_PONTETS,BERNEX_PRE_MARAIS,t0800,0.0
GRAND_LANCY_PONTETS,BERNEX_PRE_MARAIS,t0830,0.0
GRAND_LANCY_PONTETS,BERNEX_P_R,t0700,0.0
GRAND_LANCY_PONTETS,BERNEX_P_R,t0730,0.0
GRAND_LANCY_PONTETS,BERNEX_P_R,t0800,0.0
GRAND_LANCY_PONTETS,BERNEX_P_R,t0830,0.0
GRAND_LANCY_PONTETS,BERNEX_VAILLY,t0700,0.0
GRAND_LANCY_PONTETS,BERNEX_VAILLY,t0730,0.0
GRAND_LANCY_PONTETS,BERNEX_VAILLY,t0800,0.0
GRAND_LANCY_PONTETS,BERNEX_VAILLY,t0830,0.0
GRAND_LANCY_PONTETS,CAROUGE_GE_ANCIENNE,t0700,0.0
GRAND_LANCY_PONTETS,CAROUGE_GE_ANCIENNE,t0730,0.0
GRAND_LANCY_PONTETS,CAROUGE_GE_ANCIENNE,t0800,0.0
GRAND_LANCY_PONTETS,CAROUGE_GE_ANCIENNE,t0830,0.0
GRAND_LANCY_PONTETS,CAROUGE_GE_ARMES,t0700,0.0
GRAND_LANCY_PONTETS,CAROUGE_GE_ARMES,t0730,0.0
GRAND_LANCY_PONTETS,CAROUGE_GE_ARMES,t0800,0.0
GRAND_LANCY_PONTETS,CAROUGE_GE_ARMES,t0830,0.0
GRAND_LANCY_PONTETS,CAROUGE_GE_MARCHE,t0700,0.0
GRAND_LANCY_PONTETS,CAROUGE_GE_MARCHE,t0730,0.0
GRAND_LANCY_PONTETS,CAROUGE_GE_MARCHE,t0800,0.0
GRAND_LANCY_PONTETS,CAROUGE_GE_MARCHE,t0830,0.0
GRAND_LANCY_PONTETS,CAROUGE_GE_RONDEAU,t0700,0.0
GRAND_LANCY_PONTETS,CAROUGE_GE_RONDEAU,t0730,0.0
GRAND_LANCY_PONTETS,CAROUGE_GE_RONDEAU,t0800,0.0
GRAND_LANCY_PONTETS,CAROUGE_GE_RONDEAU,t0830,0.0
GRAND_LANCY_PONTETS,CHENE_BOUGERIES_GRANGETTES,t0700,0.0
GRAND_LANCY_PONTETS,CHENE_BOUGERIES_GRANGETTES,t0730,0.0
GRAND_LANCY_PONTETS,CHENE_BOUGERIES_GRANGETTES,t0800,0.0
GRAND_LANCY_PONTETS,CHENE_BOUGERIES_GRANGETTES,t0830,0.0
GRAND_LANCY_PONTETS,CHENE_BOUGERIES_GRANGE_CANAL,t0700,0.0
GRAND_LANCY_PONTETS,CHENE_BOUGERIES_GRANGE_CANAL,t0730,0.0
GRAND_LANCY_PONTETS,CHENE_BOUGERIES_GRANGE_CANAL,t0800,0.0
GRAND_LANCY_PONTETS,CHENE_BOUGERIES_GRANGE_CANAL,t0830,0.0
GRAND_LANCY_PONTETS,CHENE_BOUGERIES_GRANGE_FALQUET,t0700,0.0
GRAND_LANCY_PONTETS,CHENE_BOUGERIES_GRANGE_FALQUET,t0730,0.0
GRAND_LANCY_PONTETS,CHENE_BOUGERIES_GRANGE_FALQUET,t0800,0.0
GRAND_LANCY_PONTETS,CHENE_BOUGERIES_GRANGE_FALQUET,t0830,0.0
GRAND_LANCY_PONTETS,CHENE_BOURG_PEILLONNEX,t0700,0.0
GRAND_LANCY_PONTETS,CHENE_BOURG_PEILLONNEX,t0730,0.0
GRAND_LANCY_PONTETS,CHENE_BOURG_PEILLONNEX,t0800,0.0
GRAND_LANCY_PONTETS,CHENE_BOURG_PEILLONNEX,t0830,0.0
GRAND_LANCY_PONTETS,CHENE_BOURG_PLACE_FAVRE,t0700,0.0
GRAND_LANCY_PONTETS,CHENE_BOURG_PLACE_FAVRE,t0730,0.0
GRAND_LANCY_PONTETS,CHENE_BOURG_PLACE_FAVRE,t0800,0.0
GRAND_LANCY_PONTETS,CHENE_BOURG_PLACE_FAVRE,t0830,0.0
GRAND_LANCY_PONTETS,CONFIGNON_CROISEE,t0700,0.0
GRAND_LANCY_PONTETS,CONFIGNON_CROISEE,t0730,0.0
GRAND_LANCY_PONTETS,CONFIGNON_CROISEE,t0800,0.0
GRAND_LANCY_PONTETS,CONFIGNON_CROISEE,t0830,0.0
GRAND_LANCY_PONTETS,CONFIGNON_LA_DODE,t0700,0.0
GRAND_LANCY_PONTETS,CONFIGNON_LA_DODE,t0730,0.0
GRAND_LANCY_PONTETS,CONFIGNON_LA_DODE,t0800,0.0
GRAND_LANCY_PONTETS,CONFIGNON_LA_DODE,t0830,0.0
GRAND_LANCY_PONTETS,GENEVE_AMANDOLIER,t0700,0.0
GRAND_LANCY_PONTETS,GENEVE_AMANDOLIER,t0730,0.0
GRAND_LANCY_PONTETS,GENEVE_AMANDOLIER,t0800,0.0
GRAND_LANCY_PONTETS,GENEVE_AMANDOLIER,t0830,0.0
GRAND_LANCY_PONTETS,GENEVE_AUGUSTINS,t0700,0.0
GRAND_LANCY_PONTETS,GENEVE_AUGUSTINS,t0730,0.0
GRAND_LANCY_PONTETS,GENEVE_AUGUSTINS,t0800,0.0
GRAND_LANCY_PONTETS,GENEVE_AUGUSTINS,t0830,0.0
GRAND_LANCY_PONTETS,GENEVE_BEL_AIR,t0700,0.0
GRAND_LANCY_PONTETS,GENEVE_BEL_AIR,t0730,0.0
GRAND_LANCY_PONTETS,GENEVE_BEL_AIR,t0800,0.0
GRAND_LANCY_PONTETS,GENEVE_BEL_AIR,t0830,0.0
GRAND_LANCY_PONTETS,GENEVE_BLANCHE,t0700,0.0
GRAND_LANCY_PONTETS,GENEVE_BLANCHE,t0730,0.0
GRAND_LANCY_PONTETS,GENEVE_BLANCHE,t0800,0.0
GRAND_LANCY_PONTETS,GENEVE_BLANCHE,t0830,0.0
GRAND_LANCY_PONTETS,GENEVE_COUTANCE,t0700,0.0
GRAND_LANCY_PONTETS,GENEVE_COUTANCE,t0730,0.0
GRAND_LANCY_PONTETS,GENEVE_COUTANCE,t0800,0.0
GRAND_LANCY_PONTETS,GENEVE_COUTANCE,t0830,0.0
GRAND_LANCY_PONTETS,GENEVE_EAUX_VIVES_GARE,t0700,0.0
GRAND_LANCY_PONTETS,GENEVE_EAUX_VIVES_GARE,t0730,0.0
GRAND_LANCY_PONTETS,GENEVE_EAUX_VIVES_GARE,t0800,0.0
GRAND_LANCY_PONTETS,GENEVE_EAUX_VIVES_GARE,t0830,0.0
GRAND_LANCY_PONTETS,GENEVE_GARE_CORNAVIN,t0700,0.0
GRAND_LANCY_PONTETS,GENEVE_GARE_CORNAVIN,t0730,0.0
GRAND_LANCY_PONTETS,GENEVE_GARE_CORNAVIN,t0800,0.0
GRAND_LANCY_PONTETS,GENEVE_GARE_CORNAVIN,t0830,0.0
GRAND_LANCY_PONTETS,GENEVE_JONCTION,t0700,0.0
GRAND_LANCY_PONTETS,GENEVE_JONCTION,t0730,0.0
GRAND_LANCY_PONTETS,GENEVE_JONCTION,t0800,0.0
GRAND_LANCY_PONTETS,GENEVE_JONCTION,t0830,0.0
GRAND_LANCY_PONTETS,GENEVE_LYON,t0700,0.0
GRAND_LANCY_PONTETS,GENEVE_LYON,t0730,0.0
GRAND_LANCY_PONTETS,GENEVE_LYON,t0800,0.0
GRAND_LANCY_PONTETS,GENEVE_LYON,t0830,0.0
GRAND_LANCY_PONTETS,GENEVE_MOLARD,t0700,0.0
GRAND_LANCY_PONTETS,GENEVE_MOLARD,t0730,0.0
GRAND_LANCY_PONTETS,GENEVE_MOLARD,t0800,0.0
GRAND_LANCY_PONTETS,GENEVE_MOLARD,t0830,0.0
GRAND_LANCY_PONTETS,GENEVE_PALLADIUM,t0700,0.0
GRAND_LANCY_PONTETS,GENEVE_PALLADIUM,t0730,0.0
GRAND_LANCY_PONTETS,GENEVE_PALLADIUM,t0800,0.0
GRAND_LANCY_PONTETS,GENEVE_PALLADIUM,t0830,0.0
GRAND_LANCY_PONTETS,GENEVE_PLACE_DE_NEUVE,t0700,0.0
GRAND_LANCY_PONTETS,GENEVE_PLACE_DE_NEUVE,t0730,0.0
GRAND_LANCY_PONTETS,GENEVE_PLACE_DE_NEUVE,t0800,0.0
GRAND_LANCY_PONTETS,GENEVE_PLACE_DE_NEUVE,t0830,0.0
GRAND_LANCY_PONTETS,GENEVE_PLAINPALAIS,t0700,0.0
GRAND_LANCY_PONTETS,GENEVE_PLAINPALAIS,t0730,0.0
GRAND_LANCY_PONTETS,GENEVE_PLAINPALAIS,t0800,0.0
GRAND_LANCY_PONTETS,GENEVE_PLAINPALAIS,t0830,0.0
GRAND_LANCY_PONTETS,GENEVE_PONT_D_ARVE,t0700,0.0
GRAND_LANCY_PONTETS,GENEVE_PONT_D_ARVE,t0730,0.0
GRAND_LANCY_PONTETS,GENEVE_PONT_D_ARVE,t0800,0.0
GRAND_LANCY_PONTETS,GENEVE_PONT_D_ARVE,t0830,0.0
GRAND_LANCY_PONTETS,GENEVE_POTERIE,t0700,0.0
GRAND_LANCY_PONTETS,GENEVE_POTERIE,t0730,0.0
GRAND_LANCY_PONTETS,GENEVE_POTERIE,t0800,0.0
GRAND_LANCY_PONTETS,GENEVE_POTERIE,t0830,0.0
GRAND_LANCY_PONTETS,GENEVE_RIVE,t0700,0.0
GRAND_LANCY_PONTETS,GENEVE_RIVE,t0730,0.0
GRAND_LANCY_PONTETS,GENEVE_RIVE,t0800,0.0
GRAND_LANCY_PONTETS,GENEVE_RIVE,t0830,0.0
GRAND_LANCY_PONTETS,GENEVE_SERVETTE,t0700,0.0
GRAND_LANCY_PONTETS,GENEVE_SERVETTE,t0730,0.0
GRAND_LANCY_PONTETS,GENEVE_SERVETTE,t0800,0.0
GRAND_LANCY_PONTETS,GENEVE_SERVETTE,t0830,0.0
GRAND_LANCY_PONTETS,GENEVE_STAND,t0700,0.0
GRAND_LANCY_PONTETS,GENEVE_STAND,t0730,0.0
GRAND_LANCY_PONTETS,GENEVE_STAND,t0800,0.0
GRAND_LANCY_PONTETS,GENEVE_STAND,t0830,0.0
GRAND_LANCY_PONTETS,GENEVE_TERRASSIERE,t0700,0.0
GRAND_LANCY_PONTETS,GENEVE_TERRASSIERE,t0730,0.0
GRAND_LANCY_PONTETS,GENEVE_TERRASSIERE,t0800,0.0
GRAND_LANCY_PONTETS,GENEVE_TERRASSIERE,t0830,0.0
GRAND_LANCY_PONTETS,GENEVE_VIEUSSEUX,t0700,0.0
GRAND_LANCY_PONTETS,GENEVE_VIEUSSEUX,t0730,0.0
GRAND_LANCY_PONTETS,GENEVE_VIEUSSEUX,t0800,0.0
GRAND_LANCY_PONTETS,GENEVE_VIEUSSEUX,t0830,0.0
GRAND_LANCY_PONTETS,GENEVE_VILLEREUSE,t0700,0.0
GRAND_LANCY_PONTETS,GENEVE_VILLEREUSE,t0730,0.0
GRAND_LANCY_PONTETS,GENEVE_VILLEREUSE,t0800,0.0
GRAND_LANCY_PONTETS,GENEVE_VILLEREUSE,t0830,0.0
GRAND_LANCY_PONTETS,GRAND_LANCY_DE_STAEL,t0700,0.0
GRAND_LANCY_PONTETS,GRAND_LANCY_DE_STAEL,t0730,0.0
GRAND_LANCY_PONTETS,GRAND_LANCY_DE_STAEL,t0800,0.0
GRAND_LANCY_PONTETS,GRAND_LANCY_DE_STAEL,t0830,0.0
GRAND_LANCY_PONTETS,GRAND_LANCY_PALETTES,t0700,0.0
GRAND_LANCY_PONTETS,GRAND_LANCY_PALETTES,t0730,0.0
GRAND_LANCY_PONTETS,GRAND_LANCY_PALETTES,t0800,0.0
GRAND_LANCY_PONTETS,GRAND_LANCY_PALETTES,t0830,0.0
GRAND_LANCY_PONTETS,LANCY_BACHET_GARE,t0700,0.0
GRAND_LANCY_PONTETS,LANCY_BACHET_GARE,t0730,0.0
GRAND_LANCY_PONTETS,LANCY_BACHET_GARE,t0800,0.0
GRAND_LANCY_PONTETS,LANCY_BACHET_GARE,t0830,0.0
GRAND_LANCY_PONTETS,MEYRIN_BOIS_DU_LAN,t0700,0.0
GRAND_LANCY_PONTETS,MEYRIN_BOIS_DU_LAN,t0730,0.0
GRAND_LANCY_PONTETS,MEYRIN_BOIS_DU_LAN,t0800,0.0
GRAND_LANCY_PONTETS,MEYRIN_BOIS_DU_LAN,t0830,0.0
GRAND_LANCY_PONTETS,MEYRIN_CERN,t0700,0.0
GRAND_LANCY_PONTETS,MEYRIN_CERN,t0730,0.0
GRAND_LANCY_PONTETS,MEYRIN_CERN,t0800,0.0
GRAND_LANCY_PONTETS,MEYRIN_CERN,t0830,0.0
GRAND_LANCY_PONTETS,MEYRIN_FORUMEYRIN,t0700,0.0
GRAND_LANCY_PONTETS,MEYRIN_FORUMEYRIN,t0730,0.0
GRAND_LANCY_PONTETS,MEYRIN_FORUMEYRIN,t0800,0.0
GRAND_LANCY_PONTETS,MEYRIN_FORUMEYRIN,t0830,0.0
GRAND_LANCY_PONTETS,MEYRIN_GRAVIERE,t0700,0.0
GRAND_LANCY_PONTETS,MEYRIN_GRAVIERE,t0730,0.0
GRAND_LANCY_PONTETS,MEYRIN_GRAVIERE,t0800,0.0
GRAND_LANCY_PONTETS,MEYRIN_GRAVIERE,t0830,0.0
GRAND_LANCY_PONTETS,MEYRIN_HOPITAL_DE_LA_TOUR,t0700,0.0
GRAND_LANCY_PONTETS,MEYRIN_HOPITAL_DE_LA_TOUR,t0730,0.0
GRAND_LANCY_PONTETS,MEYRIN_HOPITAL_DE_LA_TOUR,t0800,0.0
GRAND_LANCY_PONTETS,MEYRIN_HOPITAL_DE_LA_TOUR,t0830,0.0
GRAND_LANCY_PONTETS,MEYRIN_JARDIN_ALPIN_VIVARIUM,t0700,0.0
GRAND_LANCY_PONTETS,MEYRIN_JARDIN_ALPIN_VIVARIUM,t0730,0.0
GRAND_LANCY_PONTETS,MEYRIN_JARDIN_ALPIN_VIVARIUM,t0800,0.0
GRAND_LANCY_PONTETS,MEYRIN_JARDIN_ALPIN_VIVARIUM,t0830,0.0
GRAND_LANCY_PONTETS,MEYRIN_MAISONNEX,t0700,0.0
GRAND_LANCY_PONTETS,MEYRIN_MAISONNEX,t0730,0.0
GRAND_LANCY_PONTETS,MEYRIN_MAISONNEX,t0800,0.0
GRAND_LANCY_PONTETS,MEYRIN_MAISONNEX,t0830,0.0
GRAND_LANCY_PONTETS,MEYRIN_VAUDAGNE,t0700,0.0
GRAND_LANCY_PONTETS,MEYRIN_VAUDAGNE,t0730,0.0
GRAND_LANCY_PONTETS,MEYRIN_VAUDAGNE,t0800,0.0
GRAND_LANCY_PONTETS,MEYRIN_VAUDAGNE,t0830,0.0
GRAND_LANCY_PONTETS,MEYRIN_VILLAGE,t0700,0.0
GRAND_LANCY_PONTETS,MEYRIN_VILLAGE,t0730,0.0
GRAND_LANCY_PONTETS,MEYRIN_VILLAGE,t0800,0.0
GRAND_LANCY_PONTETS,MEYRIN_VILLAGE,t0830,0.0
GRAND_LANCY_PONTETS,ONEX_BANDOL,t0700,0.0
GRAND_LANCY_PONTETS,ONEX_BANDOL,t0730,0.0
GRAND_LANCY_PONTETS,ONEX_BANDOL,t0800,0.0
GRAND_LANCY_PONTETS,ONEX_BANDOL,t0830,0.0
GRAND_LANCY_PONTETS,ONEX_SALLE_COMMUNALE,t0700,0.0
GRAND_LANCY_PONTETS,ONEX_SALLE_COMMUNALE,t0730,0.0
GRAND_LANCY_PONTETS,ONEX_SALLE_COMMUNALE,t0800,0.0
GRAND_LANCY_PONTETS,ONEX_SALLE_COMMUNALE,t0830,0.0
GRAND_LANCY_PONTETS,PETIT_LANCY_LES_ESSERTS,t0700,0.0
GRAND_LANCY_PONTETS,PETIT_LANCY_LES_ESSERTS,t0730,0.0
GRAND_LANCY_PONTETS,PETIT_LANCY_LES_ESSERTS,t0800,0.0
GRAND_LANCY_PONTETS,PETIT_LANCY_LES_ESSERTS,t0830,0.0
GRAND_LANCY_PONTETS,PETIT_LANCY_PLACE,t0700,0.0
GRAND_LANCY_PONTETS,PETIT_LANCY_PLACE,t0730,0.0
GRAND_LANCY_PONTETS,PETIT_LANCY_PLACE,t0800,0.0
GRAND_LANCY_PONTETS,PETIT_LANCY_PLACE,t0830,0.0
GRAND_LANCY_PONTETS,PETIT_LANCY_QUIDORT,t0700,0.0
GRAND_LANCY_PONTETS,PETIT_LANCY_QUIDORT,t0730,0.0
GRAND_LANCY_PONTETS,PETIT_LANCY_QUIDORT,t0800,0.0
GRAND_LANCY_PONTETS,PETIT_LANCY_QUIDORT,t0830,0.0
GRAND_LANCY_PONTETS,PLAN_LES_OUATES_TREFLE_BLANC,t0700,0.0
GRAND_LANCY_PONTETS,PLAN_LES_OUATES_TREFLE_BLANC,t0730,0.0
GRAND_LANCY_PONTETS,PLAN_LES_OUATES_TREFLE_BLANC,t0800,0.0
GRAND_LANCY_PONTETS,PLAN_LES_OUATES_TREFLE_BLANC,t0830,0.0
GRAND_LANCY_PONTETS,THONEX_GRAVESON,t0700,0.0
GRAND_LANCY_PONTETS,THONEX_GRAVESON,t0730,0.0
GRAND_LANCY_PONTETS,THONEX_GRAVESON,t0800,0.0
GRAND_LANCY_PONTETS,THONEX_GRAVESON,t0830,0.0
GRAND_LANCY_PONTETS,THONEX_MOILLESULAZ,t0700,0.0
GRAND_LANCY_PONTETS,THONEX_MOILLESULAZ,t0730,0.0
GRAND_LANCY_PONTETS,THONEX_MOILLESULAZ,t0800,0.0
GRAND_LANCY_PONTETS,THONEX_MOILLESULAZ,t0830,0.0
GRAND_LANCY_PONTETS,VERNIER_AVANCHETS_ETANG,t0700,0.0
GRAND_LANCY_PONTETS,VERNIER_AVANCHETS_ETANG,t0730,0.0
GRAND_LANCY_PONTETS,VERNIER_AVANCHETS_ETANG,t0800,0.0
GRAND_LANCY_PONTETS,VERNIER_AVANCHETS_ETANG,t0830,0.0
GRAND_LANCY_PONTETS,VERNIER_BALEXERT,t0700,0.0
GRAND_LANCY_PONTETS,VERNIER_BALEXERT,t0730,0.0
GRAND_LANCY_PONTETS,VERNIER_BALEXERT,t0800,0.0
GRAND_LANCY_PONTETS,VERNIER_BALEXERT,t0830,0.0
GRAND_LANCY_PONTETS,VERNIER_BLANDONNET,t0700,0.0
GRAND_LANCY_PONTETS,VERNIER_BLANDONNET,t0730,0.0
GRAND_LANCY_PONTETS,VERNIER_BLANDONNET,t0800,0.0
GRAND_LANCY_PONTETS,VERNIER_BLANDONNET,t0830,0.0
GRAND_LANCY_PONTETS,VERNIER_BOUCHET,t0700,0.0
GRAND_LANCY_PONTETS,VERNIER_BOUCHET,t0730,0.0
GRAND_LANCY_PONTETS,VERNIER_BOUCHET,t0800,0.0
GRAND_LANCY_PONTETS,VERNIER_BOUCHET,t0830,0.0
LANCY_BACHET_GARE,BERNEX_HAINARD,t0700,0.0
LANCY_BACHET_GARE,BERNEX_HAINARD,t0730,0.0
LANCY_BACHET_GARE,BERNEX_HAINARD,t0800,0.0
LANCY_BACHET_GARE,BERNEX_HAINARD,t0830,0.0
LANCY_BACHET_GARE,BERNEX_LUCHEPELET,t0700,0.0
LANCY_BACHET_GARE,BERNEX_LUCHEPELET,t0730,0.0
LANCY_BACHET_GARE,BERNEX_LUCHEPELET,t0800,0.0
LANCY_BACHET_GARE,BERNEX_LUCHEPELET,t0830,0.0
LANCY_BACHET_GARE,BERNEX_PRE_MARAIS,t0700,0.0
LANCY_BACHET_GARE,BERNEX_PRE_MARAIS,t0730,0.0
LANCY_BACHET_GARE,BERNEX_PRE_MARAIS,t0800,0.0
LANCY_BACHET_GARE,BERNEX_PRE_MARAIS,t0830,0.0
LANCY_BACHET_GARE,BERNEX_P_R,t0700,0.0
LANCY_BACHET_GARE,BERNEX_P_R,t0730,0.0
LANCY_BACHET_GARE,BERNEX_P_R,t0800,0.0
LANCY_BACHET_GARE,BERNEX_P_R,t0830,0.0
LANCY_BACHET_GARE,BERNEX_VAILLY,t0700,0.0
LANCY_BACHET_GARE,BERNEX_VAILLY,t0730,0.0
LANCY_BACHET_GARE,BERNEX_VAILLY,t0800,0.0
LANCY_BACHET_GARE,BERNEX_VAILLY,t0830,0.0
LANCY_BACHET_GARE,CAROUGE_GE_ANCIENNE,t0700,0.0
LANCY_BACHET_GARE,CAROUGE_GE_ANCIENNE,t0730,0.0
LANCY_BACHET_GARE,CAROUGE_GE_ANCIENNE,t0800,0.0
LANCY_BACHET_GARE,CAROUGE_GE_ANCIENNE,t0830,0.0
LANCY_BACHET_GARE,CAROUGE_GE_ARMES,t0700,0.0
LANCY_BACHET_GARE,CAROUGE_GE_ARMES,t0730,0.0
LANCY_BACHET_GARE,CAROUGE_GE_ARMES,t0800,0.0
LANCY_BACHET_GARE,CAROUGE_GE_ARMES,t0830,0.0
LANCY_BACHET_GARE,CAROUGE_GE_MARCHE,t0700,0.0
LANCY_BACHET_GARE,CAROUGE_GE_MARCHE,t0730,0.0
LANCY_BACHET_GARE,CAROUGE_GE_MARCHE,t0800,0.0
LANCY_BACHET_GARE,CAROUGE_GE_MARCHE,t0830,0.0
LANCY_BACHET_GARE,CAROUGE_GE_RONDEAU,t0700,0.0
LANCY_BACHET_GARE,CAROUGE_GE_RONDEAU,t0730,0.0
LANCY_BACHET_GARE,CAROUGE_GE_RONDEAU,t0800,0.0
LANCY_BACHET_GARE,CAROUGE_GE_RONDEAU,t0830,0.0
LANCY_BACHET_GARE,CHENE_BOUGERIES_GRANGETTES,t0700,0.0
LANCY_BACHET_GARE,CHENE_BOUGERIES_GRANGETTES,t0730,0.0
LANCY_BACHET_GARE,CHENE_BOUGERIES_GRANGETTES,t0800,0.0
LANCY_BACHET_GARE,CHENE_BOUGERIES_GRANGETTES,t0830,0.0
LANCY_BACHET_GARE,CHENE_BOUGERIES_GRANGE_CANAL,t0700,0.0
LANCY_BACHET_GARE,CHENE_BOUGERIES_GRANGE_CANAL,t0730,0.0
LANCY_BACHET_GARE,CHENE_BOUGERIES_GRANGE_CANAL,t0800,0.0
LANCY_BACHET_GARE,CHENE_BOUGERIES_GRANGE_CANAL,t0830,0.0
LANCY_BACHET_GARE,CHENE_BOUGERIES_GRANGE_FALQUET,t0700,0.0
LANCY_BACHET_GARE,CHENE_BOUGERIES_GRANGE_FALQUET,t0730,0.0
LANCY_BACHET_GARE,CHENE_BOUGERIES_GRANGE_FALQUET,t0800,0.0
LANCY_BACHET_GARE,CHENE_BOUGERIES_GRANGE_FALQUET,t0830,0.0
LANCY_BACHET_GARE,CHENE_BOURG_PEILLONNEX,t0700,0.0
LANCY_BACHET_GARE,CHENE_BOURG_PEILLONNEX,t0730,0.0
LANCY_BACHET_GARE,CHENE_BOURG_PEILLONNEX,t0800,0.0
LANCY_BACHET_GARE,CHENE_BOURG_PEILLONNEX,t0830,0.0
LANCY_BACHET_GARE,CHENE_BOURG_PLACE_FAVRE,t0700,0.0
LANCY_BACHET_GARE,CHENE_BOURG_PLACE_FAVRE,t0730,0.0
LANCY_BACHET_GARE,CHENE_BOURG_PLACE_FAVRE,t0800,0.0
LANCY_BACHET_GARE,CHENE_BOURG_PLACE_FAVRE,t0830,0.0
LANCY_BACHET_GARE,CONFIGNON_CROISEE,t0700,0.0
LANCY_BACHET_GARE,CONFIGNON_CROISEE,t0730,0.0
LANCY_BACHET_GARE,CONFIGNON_CROISEE,t0800,0.0
LANCY_BACHET_GARE,CONFIGNON_CROISEE,t0830,0.0
LANCY_BACHET_GARE,CONFIGNON_LA_DODE,t0700,0.0
LANCY_BACHET_GARE,CONFIGNON_LA_DODE,t0730,0.0
LANCY_BACHET_GARE,CONFIGNON_LA_DODE,t0800,0.0
LANCY_BACHET_GARE,CONFIGNON_LA_DODE,t0830,0.0
LANCY_BACHET_GARE,GENEVE_AMANDOLIER,t0700,0.0
LANCY_BACHET_GARE,GENEVE_AMANDOLIER,t0730,0.0
LANCY_BACHET_GARE,GENEVE_AMANDOLIER,t0800,0.0
LANCY_BACHET_GARE,GENEVE_AMANDOLIER,t0830,0.0
LANCY_BACHET_GARE,GENEVE_AUGUSTINS,t0700,0.0
LANCY_BACHET_GARE,GENEVE_AUGUSTINS,t0730,0.0
LANCY_BACHET_GARE,GENEVE_AUGUSTINS,t0800,0.0
LANCY_BACHET_GARE,GENEVE_AUGUSTINS,t0830,0.0
LANCY_BACHET_GARE,GENEVE_BEL_AIR,t0700,0.0
LANCY_BACHET_GARE,GENEVE_BEL_AIR,t0730,0.0
LANCY_BACHET_GARE,GENEVE_BEL_AIR,t0800,0.0
LANCY_BACHET_GARE,GENEVE_BEL_AIR,t0830,0.0
LANCY_BACHET_GARE,GENEVE_BLANCHE,t0700,0.0
LANCY_BACHET_GARE,GENEVE_BLANCHE,t0730,0.0
LANCY_BACHET_GARE,GENEVE_BLANCHE,t0800,0.0
LANCY_BACHET_GARE,GENEVE_BLANCHE,t0830,0.0
LANCY_BACHET_GARE,GENEVE_COUTANCE,t0700,0.0
LANCY_BACHET_GARE,GENEVE_COUTANCE,t0730,0.0
LANCY_BACHET_GARE,GENEVE_COUTANCE,t0800,0.0
LANCY_BACHET_GARE,GENEVE_COUTANCE,t0830,0.0
LANCY_BACHET_GARE,GENEVE_EAUX_VIVES_GARE,t0700,73.333
LANCY_BACHET_GARE,GENEVE_EAUX_VIVES_GARE,t0730,14.667
LANCY_BACHET_GARE,GENEVE_EAUX_VIVES_GARE,t0800,24.0
LANCY_BACHET_GARE,GENEVE_EAUX_VIVES_GARE,t0830,64.0
LANCY_BACHET_GARE,GENEVE_GARE_CORNAVIN,t0700,0.0
LANCY_BACHET_GARE,GENEVE_GARE_CORNAVIN,t0730,0.0
LANCY_BACHET_GARE,GENEVE_GARE_CORNAVIN,t0800,0.0
LANCY_BACHET_GARE,GENEVE_GARE_CORNAVIN,t0830,0.0
LANCY_BACHET_GARE,GENEVE_JONCTION,t0700,0.0
LANCY_BACHET_GARE,GENEVE_JONCTION,t0730,0.0
LANCY_BACHET_GARE,GENEVE_JONCTION,t0800,0.0
LANCY_BACHET_GARE,GENEVE_JONCTION,t0830,0.0
LANCY_BACHET_GARE,GENEVE_LYON,t0700,0.0
LANCY_BACHET_GARE,GENEVE_LYON,t0730,0.0
LANCY_BACHET_GARE,GENEVE_LYON,t0800,0.0
LANCY_BACHET_GARE,GENEVE_LYON,t0830,0.0
LANCY_BACHET_GARE,GENEVE_MOLARD,t0700,0.0
LANCY_BACHET_GARE,GENEVE_MOLARD,t0730,0.0
LANCY_BACHET_GARE,GENEVE_MOLARD,t0800,0.0
LANCY_BACHET_GARE,GENEVE_MOLARD,t0830,0.0
LANCY_BACHET_GARE,GENEVE_PALLADIUM,t0700,0.0
LANCY_BACHET_GARE,GENEVE_PALLADIUM,t0730,0.0
LANCY_BACHET_GARE,GENEVE_PALLADIUM,t0800,0.0
LANCY_BACHET_GARE,GENEVE_PALLADIUM,t0830,0.0
LANCY_BACHET_GARE,GENEVE_PLACE_DE_NEUVE,t0700,0.0
LANCY_BACHET_GARE,GENEVE_PLACE_DE_NEUVE,t0730,0.0
LANCY_BACHET_GARE,GENEVE_PLACE_DE_NEUVE,t0800,0.0
LANCY_BACHET_GARE,GENEVE_PLACE_DE_NEUVE,t0830,0.0
LANCY_BACHET_GARE,GENEVE_PLAINPALAIS,t0700,0.0
LANCY_BACHET_GARE,GENEVE_PLAINPALAIS,t0730,0.0
LANCY_BACHET_GARE,GENEVE_PLAINPALAIS,t0800,0.0
LANCY_BACHET_GARE,GENEVE_PLAINPALAIS,t0830,0.0
LANCY_BACHET_GARE,GENEVE_PONT_D_ARVE,t0700,0.0
LANCY_BACHET_GARE,GENEVE_PONT_D_ARVE,t0730,0.0
LANCY_BACHET_GARE,GENEVE_PONT_D_ARVE,t0800,0.0
LANCY_BACHET_GARE,GENEVE_PONT_D_ARVE,t0830,0.0
LANCY_BACHET_GARE,GENEVE_POTERIE,t0700,0.0
LANCY_BACHET_GARE,GENEVE_POTERIE,t0730,0.0
LANCY_BACHET_GARE,GENEVE_POTERIE,t0800,0.0
LANCY_BACHET_GARE,GENEVE_POTERIE,t0830,0.0
LANCY_BACHET_GARE,GENEVE_RIVE,t0700,0.0
LANCY_BACHET_GARE,GENEVE_RIVE,t0730,0.0
LANCY_BACHET_GARE,GENEVE_RIVE,t0800,0.0
LANCY_BACHET_GARE,GENEVE_RIVE,t0830,0.0
LANCY_BACHET_GARE,GENEVE_SERVETTE,t0700,0.0
LANCY_BACHET_GARE,GENEVE_SERVETTE,t0730,0.0
LANCY_BACHET_GARE,GENEVE_SERVETTE,t0800,0.0
LANCY_BACHET_GARE,GENEVE_SERVETTE,t0830,0.0
LANCY_BACHET_GARE,GENEVE_STAND,t0700,0.0
LANCY_BACHET_GARE,GENEVE_STAND,t0730,0.0
LANCY_BACHET_GARE,GENEVE_STAND,t0800,0.0
LANCY_BACHET_GARE,GENEVE_STAND,t0830,0.0
LANCY_BACHET_GARE,GENEVE_TERRASSIERE,t0700,0.0
LANCY_BACHET_GARE,GENEVE_TERRASSIERE,t0730,0.0
LANCY_BACHET_GARE,GENEVE_TERRASSIERE,t0800,0.0
LANCY_BACHET_GARE,GENEVE_TERRASSIERE,t0830,0.0
LANCY_BACHET_GARE,GENEVE_VIEUSSEUX,t0700,0.0
LANCY_BACHET_GARE,GENEVE_VIEUSSEUX,t0730,0.0
LANCY_BACHET_GARE,GENEVE_VIEUSSEUX,t0800,0.0
LANCY_BACHET_GARE,GENEVE_VIEUSSEUX,t0830,0.0
LANCY_BACHET_GARE,GENEVE_VILLEREUSE,t0700,0.0
LANCY_BACHET_GARE,GENEVE_VILLEREUSE,t0730,0.0
LANCY_BACHET_GARE,GENEVE_VILLEREUSE,t0800,0.0
LANCY_BACHET_GARE,GENEVE_VILLEREUSE,t0830,0.0
LANCY_BACHET_GARE,GRAND_LANCY_DE_STAEL,t0700,0.0
LANCY_BACHET_GARE,GRAND_LANCY_DE_STAEL,t0730,0.0
LANCY_BACHET_GARE,GRAND_LANCY_DE_STAEL,t0800,0.0
LANCY_BACHET_GARE,GRAND_LANCY_DE_STAEL,t0830,0.0
LANCY_BACHET_GARE,GRAND_LANCY_PALETTES,t0700,0.0
LANCY_BACHET_GARE,GRAND_LANCY_PALETTES,t0730,0.0
LANCY_BACHET_GARE,GRAND_LANCY_PALETTES,t0800,0.0
LANCY_BACHET_GARE,GRAND_LANCY_PALETTES,t0830,0.0
LANCY_BACHET_GARE,GRAND_LANCY_PONTETS,t0700,0.0
LANCY_BACHET_GARE,GRAND_LANCY_PONTETS,t0730,0.0
LANCY_BACHET_GARE,GRAND_LANCY_PONTETS,t0800,0.0
LANCY_BACHET_GARE,GRAND_LANCY_PONTETS,t0830,0.0
LANCY_BACHET_GARE,MEYRIN_BOIS_DU_LAN,t0700,0.0
LANCY_BACHET_GARE,MEYRIN_BOIS_DU_LAN,t0730,0.0
LANCY_BACHET_GARE,MEYRIN_BOIS_DU_LAN,t0800,0.0
LANCY_BACHET_GARE,MEYRIN_BOIS_DU_LAN,t0830,0.0
LANCY_BACHET_GARE,MEYRIN_CERN,t0700,0.0
LANCY_BACHET_GARE,MEYRIN_CERN,t0730,0.0
LANCY_BACHET_GARE,MEYRIN_CERN,t0800,0.0
LANCY_BACHET_GARE,MEYRIN_CERN,t0830,0.0
LANCY_BACHET_GARE,MEYRIN_FORUMEYRIN,t0700,0.0
LANCY_BACHET_GARE,MEYRIN_FORUMEYRIN,t0730,0.0
LANCY_BACHET_GARE,MEYRIN_FORUMEYRIN,t0800,0.0
LANCY_BACHET_GARE,MEYRIN_FORUMEYRIN,t0830,0.0
LANCY_BACHET_GARE,MEYRIN_GRAVIERE,t0700,0.0
LANCY_BACHET_GARE,MEYRIN_GRAVIERE,t0730,0.0
LANCY_BACHET_GARE,MEYRIN_GRAVIERE,t0800,0.0
LANCY_BACHET_GARE,MEYRIN_GRAVIERE,t0830,0.0
LANCY_BACHET_GARE,MEYRIN_HOPITAL_DE_LA_TOUR,t0700,0.0
LANCY_BACHET_GARE,MEYRIN_HOPITAL_DE_LA_TOUR,t0730,0.0
LANCY_BACHET_GARE,MEYRIN_HOPITAL_DE_LA_TOUR,t0800,0.0
LANCY_BACHET_GARE,MEYRIN_HOPITAL_DE_LA_TOUR,t0830,0.0
LANCY_BACHET_GARE,MEYRIN_JARDIN_ALPIN_VIVARIUM,t0700,0.0
LANCY_BACHET_GARE,MEYRIN_JARDIN_ALPIN_VIVARIUM,t0730,0.0
LANCY_BACHET_GARE,MEYRIN_JARDIN_ALPIN_VIVARIUM,t0800,0.0
LANCY_BACHET_GARE,MEYRIN_JARDIN_ALPIN_VIVARIUM,t0830,0.0
LANCY_BACHET_GARE,MEYRIN_MAISONNEX,t0700,0.0
LANCY_BACHET_GARE,MEYRIN_MAISONNEX,t0730,0.0
LANCY_BACHET_GARE,MEYRIN_MAISONNEX,t0800,0.0
LANCY_BACHET_GARE,MEYRIN_MAISONNEX,t0830,0.0
LANCY_BACHET_GARE,MEYRIN_VAUDAGNE,t0700,0.0
LANCY_BACHET_GARE,MEYRIN_VAUDAGNE,t0730,0.0
LANCY_BACHET_GARE,MEYRIN_VAUDAGNE,t0800,0.0
LANCY_BACHET_GARE,MEYRIN_VAUDAGNE,t0830,0.0
LANCY_BACHET_GARE,MEYRIN_VILLAGE,t0700,0.0
LANCY_BACHET_GARE,MEYRIN_VILLAGE,t0730,0.0
LANCY_BACHET_GARE,MEYRIN_VILLAGE,t0800,0.0
LANCY_BACHET_GARE,MEYRIN_VILLAGE,t0830,0.0
LANCY_BACHET_GARE,ONEX_BANDOL,t0700,0.0
LANCY_BACHET_GARE,ONEX_BANDOL,t0730,0.0
LANCY_BACHET_GARE,ONEX_BANDOL,t0800,0.0
LANCY_BACHET_GARE,ONEX_BANDOL,t0830,0.0
LANCY_BACHET_GARE,ONEX_SALLE_COMMUNALE,t0700,0.0
LANCY_BACHET_GARE,ONEX_SALLE_COMMUNALE,t0730,0.0
LANCY_BACHET_GARE,ONEX_SALLE_COMMUNALE,t0800,0.0
LANCY_BACHET_GARE,ONEX_SALLE_COMMUNALE,t0830,0.0
LANCY_BACHET_GARE,PETIT_LANCY_LES_ESSERTS,t0700,0.0
LANCY_BACHET_GARE,PETIT_LANCY_LES_ESSERTS,t0730,0.0
LANCY_BACHET_GARE,PETIT_LANCY_LES_ESSERTS,t0800,0.0
LANCY_BACHET_GARE,PETIT_LANCY_LES_ESSERTS,t0830,0.0
LANCY_BACHET_GARE,PETIT_LANCY_PLACE,t0700,0.0
LANCY_BACHET_GARE,PETIT_LANCY_PLACE,t0730,0.0
LANCY_BACHET_GARE,PETIT_LANCY_PLACE,t0800,0.0
LANCY_BACHET_GARE,PETIT_LANCY_PLACE,t0830,0.0
LANCY_BACHET_GARE,PETIT_LANCY_QUIDORT,t0700,0.0
LANCY_BACHET_GARE,PETIT_LANCY_QUIDORT,t0730,0.0
LANCY_BACHET_GARE,PETIT_LANCY_QUIDORT,t0800,0.0
LANCY_BACHET_GARE,PETIT_LANCY_QUIDORT,t0830,0.0
LANCY_BACHET_GARE,PLAN_LES_OUATES_TREFLE_BLANC,t0700,0.0
LANCY_BACHET_GARE,PLAN_LES_OUATES_TREFLE_BLANC,t0730,0.0
LANCY_BACHET_GARE,PLAN_LES_OUATES_TREFLE_BLANC,t0800,0.0
LANCY_BACHET_GARE,PLAN_LES_OUATES_TREFLE_BLANC,t0830,0.0
LANCY_BACHET_GARE,THONEX_GRAVESON,t0700,0.0
LANCY_BACHET_GARE,THONEX_GRAVESON,t0730,0.0
LANCY_BACHET_GARE,THONEX_GRAVESON,t0800,0.0
LANCY_BACHET_GARE,THONEX_GRAVESON,t0830,0.0
LANCY_BACHET_GARE,THONEX_MOILLESULAZ,t0700,14.118
LANCY_BACHET_GARE,THONEX_MOILLESULAZ,t0730,58.824
LANCY_BACHET_GARE,THONEX_MOILLESULAZ,t0800,48.235
LANCY_BACHET_GARE,THONEX_MOILLESULAZ,t0830,15.294
LANCY_BACHET_GARE,VERNIER_AVANCHETS_ETANG,t0700,0.0
LANCY_BACHET_GARE,VERNIER_AVANCHETS_ETANG,t0730,0.0
LANCY_BACHET_GARE,VERNIER_AVANCHETS_ETANG,t0800,0.0
LANCY_BACHET_GARE,VERNIER_AVANCHETS_ETANG,t0830,0.0
LANCY_BACHET_GARE,VERNIER_BALEXERT,t0700,0.0
LANCY_BACHET_GARE,VERNIER_BALEXERT,t0730,0.0
LANCY_BACHET_GARE,VERNIER_BALEXERT,t0800,0.0
LANCY_BACHET_GARE,VERNIER_BALEXERT,t0830,0.0
LANCY_BACHET_GARE,VERNIER_BLANDONNET,t0700,0.0
LANCY_BACHET_GARE,VERNIER_BLANDONNET,t0730,0.0
LANCY_BACHET_GARE,VERNIER_BLANDONNET,t0800,0.0
LANCY_BACHET_GARE,VERNIER_BLANDONNET,t0830,0.0
LANCY_BACHET_GARE,VERNIER_BOUCHET,t0700,0.0
LANCY_BACHET_GARE,VERNIER_BOUCHET,t0730,0.0
LANCY_BACHET_GARE,VERNIER_BOUCHET,t0800,0.0
LANCY_BACHET_GARE,VERNIER_BOUCHET,t0830,0.0
MEYRIN_BOIS_DU_LAN,BERNEX_HAINARD,t0700,0.0
MEYRIN_BOIS_DU_LAN,BERNEX_HAINARD,t0730,0.0
MEYRIN_BOIS_DU_LAN,BERNEX_HAINARD,t0800,0.0
MEYRIN_BOIS_DU_LAN,BERNEX_HAINARD,t0830,0.0
MEYRIN_BOIS_DU_LAN,BERNEX_LUCHEPELET,t0700,0.0
MEYRIN_BOIS_DU_LAN,BERNEX_LUCHEPELET,t0730,0.0
MEYRIN_BOIS_DU_LAN,BERNEX_LUCHEPELET,t0800,0.0
MEYRIN_BOIS_DU_LAN,BERNEX_LUCHEPELET,t0830,0.0
MEYRIN_BOIS_DU_LAN,BERNEX_PRE_MARAIS,t0700,0.0
MEYRIN_BOIS_DU_LAN,BERNEX_PRE_MARAIS,t0730,0.0
MEYRIN_BOIS_DU_LAN,BERNEX_PRE_MARAIS,t0800,0.0
MEYRIN_BOIS_DU_LAN,BERNEX_PRE_MARAIS,t0830,0.0
MEYRIN_BOIS_DU_LAN,BERNEX_P_R,t0700,0.0
MEYRIN_BOIS_DU_LAN,BERNEX_P_R,t0730,0.0
MEYRIN_BOIS_DU_LAN,BERNEX_P_R,t0800,0.0
MEYRIN_BOIS_DU_LAN,BERNEX_P_R,t0830,0.0
MEYRIN_BOIS_DU_LAN,BERNEX_VAILLY,t0700,0.0
MEYRIN_BOIS_DU_LAN,BERNEX_VAILLY,t0730,0.0
MEYRIN_BOIS_DU_LAN,BERNEX_VAILLY,t0800,0.0
MEYRIN_BOIS_DU_LAN,BERNEX_VAILLY,t0830,0.0
MEYRIN_BOIS_DU_LAN,CAROUGE_GE_ANCIENNE,t0700,0.0
MEYRIN_BOIS_DU_LAN,CAROUGE_GE_ANCIENNE,t0730,0.0
MEYRIN_BOIS_DU_LAN,CAROUGE_GE_ANCIENNE,t0800,0.0
MEYRIN_BOIS_DU_LAN,CAROUGE_GE_ANCIENNE,t0830,0.0
MEYRIN_BOIS_DU_LAN,CAROUGE_GE_ARMES,t0700,0.0
MEYRIN_BOIS_DU_LAN,CAROUGE_GE_ARMES,t0730,0.0
MEYRIN_BOIS_DU_LAN,CAROUGE_GE_ARMES,t0800,0.0
MEYRIN_BOIS_DU_LAN,CAROUGE_GE_ARMES,t0830,0.0
MEYRIN_BOIS_DU_LAN,CAROUGE_GE_MARCHE,t0700,0.0
MEYRIN_BOIS_DU_LAN,CAROUGE_GE_MARCHE,t0730,0.0
MEYRIN_BOIS_DU_LAN,CAROUGE_GE_MARCHE,t0800,0.0
MEYRIN_BOIS_DU_LAN,CAROUGE_GE_MARCHE,t0830,0.0
MEYRIN_BOIS_DU_LAN,CAROUGE_GE_RONDEAU,t0700,0.0
MEYRIN_BOIS_DU_LAN,CAROUGE_GE_RONDEAU,t0730,0.0
MEYRIN_BOIS_DU_LAN,CAROUGE_GE_RONDEAU,t0800,0.0
MEYRIN_BOIS_DU_LAN,CAROUGE_GE_RONDEAU,t0830,0.0
MEYRIN_BOIS_DU_LAN,CHENE_BOUGERIES_GRANGETTES,t0700,0.0
MEYRIN_BOIS_DU_LAN,CHENE_BOUGERIES_GRANGETTES,t0730,0.0
MEYRIN_BOIS_DU_LAN,CHENE_BOUGERIES_GRANGETTES,t0800,0.0
MEYRIN_BOIS_DU_LAN,CHENE_BOUGERIES_GRANGETTES,t0830,0.0
MEYRIN_BOIS_DU_LAN,CHENE_BOUGERIES_GRANGE_CANAL,t0700,0.0
MEYRIN_BOIS_DU_LAN,CHENE_BOUGERIES_GRANGE_CANAL,t0730,0.0
MEYRIN_BOIS_DU_LAN,CHENE_BOUGERIES_GRANGE_CANAL,t0800,0.0
MEYRIN_BOIS_DU_LAN,CHENE_BOUGERIES_GRANGE_CANAL,t0830,0.0
MEYRIN_BOIS_DU_LAN,CHENE_BOUGERIES_GRANGE_FALQUET,t0700,0.0
MEYRIN_BOIS_DU_LAN,CHENE_BOUGERIES_GRANGE_FALQUET,t0730,0.0
MEYRIN_BOIS_DU_LAN,CHENE_BOUGERIES_GRANGE_FALQUET,t0800,0.0
MEYRIN_BOIS_DU_LAN,CHENE_BOUGERIES_GRANGE_FALQUET,t0830,0.0
MEYRIN_BOIS_DU_LAN,CHENE_BOURG_PEILLONNEX,t0700,0.0
MEYRIN_BOIS_DU_LAN,CHENE_BOURG_PEILLONNEX,t0730,0.0
MEYRIN_BOIS_DU_LAN,CHENE_BOURG_PEILLONNEX,t0800,0.0
MEYRIN_BOIS_DU_LAN,CHENE_BOURG_PEILLONNEX,t0830,0.0
MEYRIN_BOIS_DU_LAN,CHENE_BOURG_PLACE_FAVRE,t0700,0.0
MEYRIN_BOIS_DU_LAN,CHENE_BOURG_PLACE_FAVRE,t0730,0.0
MEYRIN_BOIS_DU_LAN,CHENE_BOURG_PLACE_FAVRE,t0800,0.0
MEYRIN_BOIS_DU_LAN,CHENE_BOURG_PLACE_FAVRE,t0830,0.0
MEYRIN_BOIS_DU_LAN,CONFIGNON_CROISEE,t0700,0.0
MEYRIN_BOIS_DU_LAN,CONFIGNON_CROISEE,t0730,0.0
MEYRIN_BOIS_DU_LAN,CONFIGNON_CROISEE,t0800,0.0
MEYRIN_BOIS_DU_LAN,CONFIGNON_CROISEE,t0830,0.0
MEYRIN_BOIS_DU_LAN,CONFIGNON_LA_DODE,t0700,0.0
MEYRIN_BOIS_DU_LAN,CONFIGNON_LA_DODE,t0730,0.0
MEYRIN_BOIS_DU_LAN,CONFIGNON_LA_DODE,t0800,0.0
MEYRIN_BOIS_DU_LAN,CONFIGNON_LA_DODE,t0830,0.0
MEYRIN_BOIS_DU_LAN,GENEVE_AMANDOLIER,t0700,0.0
MEYRIN_BOIS_DU_LAN,GENEVE_AMANDOLIER,t0730,0.0
MEYRIN_BOIS_DU_LAN,GENEVE_AMANDOLIER,t0800,0.0
MEYRIN_BOIS_DU_LAN,GENEVE_AMANDOLIER,t0830,0.0
MEYRIN_BOIS_DU_LAN,GENEVE_AUGUSTINS,t0700,0.0
MEYRIN_BOIS_DU_LAN,GENEVE_AUGUSTINS,t0730,0.0
MEYRIN_BOIS_DU_LAN,GENEVE_AUGUSTINS,t0800,0.0
MEYRIN_BOIS_DU_LAN,GENEVE_AUGUSTINS,t0830,0.0
MEYRIN_BOIS_DU_LAN,GENEVE_BEL_AIR,t0700,0.0
MEYRIN_BOIS_DU_LAN,GENEVE_BEL_AIR,t0730,0.0
MEYRIN_BOIS_DU_LAN,GENEVE_BEL_AIR,t0800,0.0
MEYRIN_BOIS_DU_LAN,GENEVE_BEL_AIR,t0830,0.0
MEYRIN_BOIS_DU_LAN,GENEVE_BLANCHE,t0700,0.0
MEYRIN_BOIS_DU_LAN,GENEVE_BLANCHE,t0730,0.0
MEYRIN_BOIS_DU_LAN,GENEVE_BLANCHE,t0800,0.0
MEYRIN_BOIS_DU_LAN,GENEVE_BLANCHE,t0830,0.0
MEYRIN_BOIS_DU_LAN,GENEVE_COUTANCE,t0700,0.0
MEYRIN_BOIS_DU_LAN,GENEVE_COUTANCE,t0730,0.0
MEYRIN_BOIS_DU_LAN,GENEVE_COUTANCE,t0800,0.0
MEYRIN_BOIS_DU_LAN,GENEVE_COUTANCE,t0830,0.0
MEYRIN_BOIS_DU_LAN,GENEVE_EAUX_VIVES_GARE,t0700,0.0
MEYRIN_BOIS_DU_LAN,GENEVE_EAUX_VIVES_GARE,t0730,0.0
MEYRIN_BOIS_DU_LAN,GENEVE_EAUX_VIVES_GARE,t0800,0.0
MEYRIN_BOIS_DU_LAN,GENEVE_EAUX_VIVES_GARE,t0830,0.0
MEYRIN_BOIS_DU_LAN,GENEVE_GARE_CORNAVIN,t0700,0.0
MEYRIN_BOIS_DU_LAN,GENEVE_GARE_CORNAVIN,t0730,0.0
MEYRIN_BOIS_DU_LAN,GENEVE_GARE_CORNAVIN,t0800,0.0
MEYRIN_BOIS_DU_LAN,GENEVE_GARE_CORNAVIN,t0830,0.0
MEYRIN_BOIS_DU_LAN,GENEVE_JONCTION,t0700,0.0
MEYRIN_BOIS_DU_LAN,GENEVE_JONCTION,t0730,0.0
MEYRIN_BOIS_DU_LAN,GENEVE_JONCTION,t0800,0.0
MEYRIN_BOIS_DU_LAN,GENEVE_JONCTION,t0830,0.0
MEYRIN_BOIS_DU_LAN,GENEVE_LYON,t0700,0.0
MEYRIN_BOIS_DU_LAN,GENEVE_LYON,t0730,0.0
MEYRIN_BOIS_DU_LAN,GENEVE_LYON,t0800,0.0
MEYRIN_BOIS_DU_LAN,GENEVE_LYON,t0830,0.0
MEYRIN_BOIS_DU_LAN,GENEVE_MOLARD,t0700,0.0
MEYRIN_BOIS_DU_LAN,GENEVE_MOLARD,t0730,0.0
MEYRIN_BOIS_DU_LAN,GENEVE_MOLARD,t0800,0.0
MEYRIN_BOIS_DU_LAN,GENEVE_MOLARD,t0830,0.0
MEYRIN_BOIS_DU_LAN,GENEVE_PALLADIUM,t0700,0.0
MEYRIN_BOIS_DU_LAN,GENEVE_PALLADIUM,t0730,0.0
MEYRIN_BOIS_DU_LAN,GENEVE_PALLADIUM,t0800,0.0
MEYRIN_BOIS_DU_LAN,GENEVE_PALLADIUM,t0830,0.0
MEYRIN_BOIS_DU_LAN,GENEVE_PLACE_DE_NEUVE,t0700,0.0
MEYRIN_BOIS_DU_LAN,GENEVE_PLACE_DE_NEUVE,t0730,0.0
MEYRIN_BOIS_DU_LAN,GENEVE_PLACE_DE_NEUVE,t0800,0.0
MEYRIN_BOIS_DU_LAN,GENEVE_PLACE_DE_NEUVE,t0830,0.0
MEYRIN_BOIS_DU_LAN,GENEVE_PLAINPALAIS,t0700,0.0
MEYRIN_BOIS_DU_LAN,GENEVE_PLAINPALAIS,t0730,0.0
MEYRIN_BOIS_DU_LAN,GENEVE_PLAINPALAIS,t0800,0.0
MEYRIN_BOIS_DU_LAN,GENEVE_PLAINPALAIS,t0830,0.0
MEYRIN_BOIS_DU_LAN,GENEVE_PONT_D_ARVE,t0700,0.0
MEYRIN_BOIS_DU_LAN,GENEVE_PONT_D_ARVE,t0730,0.0
MEYRIN_BOIS_DU_LAN,GENEVE_PONT_D_ARVE,t0800,0.0
MEYRIN_BOIS_DU_LAN,GENEVE_PONT_D_ARVE,t0830,0.0
MEYRIN_BOIS_DU_LAN,GENEVE_POTERIE,t0700,0.0
MEYRIN_BOIS_DU_LAN,GENEVE_POTERIE,t0730,0.0
MEYRIN_BOIS_DU_LAN,GENEVE_POTERIE,t0800,0.0
MEYRIN_BOIS_DU_LAN,GENEVE_POTERIE,t0830,0.0
MEYRIN_BOIS_DU_LAN,GENEVE_RIVE,t0700,0.0
MEYRIN_BOIS_DU_LAN,GENEVE_RIVE,t0730,0.0
MEYRIN_BOIS_DU_LAN,GENEVE_RIVE,t0800,0.0
MEYRIN_BOIS_DU_LAN,GENEVE_RIVE,t0830,0.0
MEYRIN_BOIS_DU_LAN,GENEVE_SERVETTE,t0700,0.0
MEYRIN_BOIS_DU_LAN,GENEVE_SERVETTE,t0730,0.0
MEYRIN_BOIS_DU_LAN,GENEVE_SERVETTE,t0800,0.0
MEYRIN_BOIS_DU_LAN,GENEVE_SERVETTE,t0830,0.0
MEYRIN_BOIS_DU_LAN,GENEVE_STAND,t0700,0.0
MEYRIN_BOIS_DU_LAN,GENEVE_STAND,t0730,0.0
MEYRIN_BOIS_DU_LAN,GENEVE_STAND,t0800,0.0
MEYRIN_BOIS_DU_LAN,GENEVE_STAND,t0830,0.0
MEYRIN_BOIS_DU_LAN,GENEVE_TERRASSIERE,t0700,0.0
MEYRIN_BOIS_DU_LAN,GENEVE_TERRASSIERE,t0730,0.0
MEYRIN_BOIS_DU_LAN,GENEVE_TERRASSIERE,t0800,0.0
MEYRIN_BOIS_DU_LAN,GENEVE_TERRASSIERE,t0830,0.0
MEYRIN_BOIS_DU_LAN,GENEVE_VIEUSSEUX,t0700,0.0
MEYRIN_BOIS_DU_LAN,GENEVE_VIEUSSEUX,t0730,0.0
MEYRIN_BOIS_DU_LAN,GENEVE_VIEUSSEUX,t0800,0.0
MEYRIN_BOIS_DU_LAN,GENEVE_VIEUSSEUX,t0830,0.0
MEYRIN_BOIS_DU_LAN,GENEVE_VILLEREUSE,t0700,0.0
MEYRIN_BOIS_DU_LAN,GENEVE_VILLEREUSE,t0730,0.0
MEYRIN_BOIS_DU_LAN,GENEVE_VILLEREUSE,t0800,0.0
MEYRIN_BOIS_DU_LAN,GENEVE_VILLEREUSE,t0830,0.0
MEYRIN_BOIS_DU_LAN,GRAND_LANCY_DE_STAEL,t0700,0.0
MEYRIN_BOIS_DU_LAN,GRAND_LANCY_DE_STAEL,t0730,0.0
MEYRIN_BOIS_DU_LAN,GRAND_LANCY_DE_STAEL,t0800,0.0
MEYRIN_BOIS_DU_LAN,GRAND_LANCY_DE_STAEL,t0830,0.0
MEYRIN_BOIS_DU_LAN,GRAND_LANCY_PALETTES,t0700,0.0
MEYRIN_BOIS_DU_LAN,GRAND_LANCY_PALETTES,t0730,0.0
MEYRIN_BOIS_DU_LAN,GRAND_LANCY_PALETTES,t0800,0.0
MEYRIN_BOIS_DU_LAN,GRAND_LANCY_PALETTES,t0830,0.0
MEYRIN_BOIS_DU_LAN,GRAND_LANCY_PONTETS,t0700,0.0
MEYRIN_BOIS_DU_LAN,GRAND_LANCY_PONTETS,t0730,0.0
MEYRIN_BOIS_DU_LAN,GRAND_LANCY_PONTETS,t0800,0.0
MEYRIN_BOIS_DU_LAN,GRAND_LANCY_PONTETS,t0830,0.0
MEYRIN_BOIS_DU_LAN,LANCY_BACHET_GARE,t0700,0.0
MEYRIN_BOIS_DU_LAN,LANCY_BACHET_GARE,t0730,0.0
MEYRIN_BOIS_DU_LAN,LANCY_BACHET_GARE,t0800,0.0
MEYRIN_BOIS_DU_LAN,LANCY_BACHET_GARE,t0830,0.0
MEYRIN_BOIS_DU_LAN,MEYRIN_CERN,t0700,0.0
MEYRIN_BOIS_DU_LAN,MEYRIN_CERN,t0730,0.0
MEYRIN_BOIS_DU_LAN,MEYRIN_CERN,t0800,0.0
MEYRIN_BOIS_DU_LAN,MEYRIN_CERN,t0830,0.0
MEYRIN_BOIS_DU_LAN,MEYRIN_FORUMEYRIN,t0700,0.0
MEYRIN_BOIS_DU_LAN,MEYRIN_FORUMEYRIN,t0730,0.0
MEYRIN_BOIS_DU_LAN,MEYRIN_FORUMEYRIN,t0800,0.0
MEYRIN_BOIS_DU_LAN,MEYRIN_FORUMEYRIN,t0830,0.0
MEYRIN_BOIS_DU_LAN,MEYRIN_GRAVIERE,t0700,0.0
MEYRIN_BOIS_DU_LAN,MEYRIN_GRAVIERE,t0730,0.0
MEYRIN_BOIS_DU_LAN,MEYRIN_GRAVIERE,t0800,0.0
MEYRIN_BOIS_DU_LAN,MEYRIN_GRAVIERE,t0830,0.0
MEYRIN_BOIS_DU_LAN,MEYRIN_HOPITAL_DE_LA_TOUR,t0700,0.0
MEYRIN_BOIS_DU_LAN,MEYRIN_HOPITAL_DE_LA_TOUR,t0730,0.0
MEYRIN_BOIS_DU_LAN,MEYRIN_HOPITAL_DE_LA_TOUR,t0800,0.0
MEYRIN_BOIS_DU_LAN,MEYRIN_HOPITAL_DE_LA_TOUR,t0830,0.0
MEYRIN_BOIS_DU_LAN,MEYRIN_JARDIN_ALPIN_VIVARIUM,t0700,0.0
MEYRIN_BOIS_DU_LAN,MEYRIN_JARDIN_ALPIN_VIVARIUM,t0730,0.0
MEYRIN_BOIS_DU_LAN,MEYRIN_JARDIN_ALPIN_VIVARIUM,t0800,0.0
MEYRIN_BOIS_DU_LAN,MEYRIN_JARDIN_ALPIN_VIVARIUM,t0830,0.0
MEYRIN_BOIS_DU_LAN,MEYRIN_MAISONNEX,t0700,0.0
MEYRIN_BOIS_DU_LAN,MEYRIN_MAISONNEX,t0730,0.0
MEYRIN_BOIS_DU_LAN,MEYRIN_MAISONNEX,t0800,0.0
MEYRIN_BOIS_DU_LAN,MEYRIN_MAISONNEX,t0830,0.0
MEYRIN_BOIS_DU_LAN,MEYRIN_VAUDAGNE,t0700,0.0
MEYRIN_BOIS_DU_LAN,MEYRIN_VAUDAGNE,t0730,0.0
MEYRIN_BOIS_DU_LAN,MEYRIN_VAUDAGNE,t0800,0.0
MEYRIN_BOIS_DU_LAN,MEYRIN_VAUDAGNE,t0830,0.0
MEYRIN_BOIS_DU_LAN,MEYRIN_VILLAGE,t0700,0.0
MEYRIN_BOIS_DU_LAN,MEYRIN_VILLAGE,t0730,0.0
MEYRIN_BOIS_DU_LAN,MEYRIN_VILLAGE,t0800,0.0
MEYRIN_BOIS_DU_LAN,MEYRIN_VILLAGE,t0830,0.0
MEYRIN_BOIS_DU_LAN,ONEX_BANDOL,t0700,0.0
MEYRIN_BOIS_DU_LAN,ONEX_BANDOL,t0730,0.0
MEYRIN_BOIS_DU_LAN,ONEX_BANDOL,t0800,0.0
MEYRIN_BOIS_DU_LAN,ONEX_BANDOL,t0830,0.0
MEYRIN_BOIS_DU_LAN,ONEX_SALLE_COMMUNALE,t0700,0.0
MEYRIN_BOIS_DU_LAN,ONEX_SALLE_COMMUNALE,t0730,0.0
MEYRIN_BOIS_DU_LAN,ONEX_SALLE_COMMUNALE,t0800,0.0
MEYRIN_BOIS_DU_LAN,ONEX_SALLE_COMMUNALE,t0830,0.0
MEYRIN_BOIS_DU_LAN,PETIT_LANCY_LES_ESSERTS,t0700,0.0
MEYRIN_BOIS_DU_LAN,PETIT_LANCY_LES_ESSERTS,t0730,0.0
MEYRIN_BOIS_DU_LAN,PETIT_LANCY_LES_ESSERTS,t0800,0.0
MEYRIN_BOIS_DU_LAN,PETIT_LANCY_LES_ESSERTS,t0830,0.0
MEYRIN_BOIS_DU_LAN,PETIT_LANCY_PLACE,t0700,0.0
MEYRIN_BOIS_DU_LAN,PETIT_LANCY_PLACE,t0730,0.0
MEYRIN_BOIS_DU_LAN,PETIT_LANCY_PLACE,t0800,0.0
MEYRIN_BOIS_DU_LAN,PETIT_LANCY_PLACE,t0830,0.0
MEYRIN_BOIS_DU_LAN,PETIT_LANCY_QUIDORT,t0700,0.0
MEYRIN_BOIS_DU_LAN,PETIT_LANCY_QUIDORT,t0730,0.0
MEYRIN_BOIS_DU_LAN,PETIT_LANCY_QUIDORT,t0800,0.0
MEYRIN_BOIS_DU_LAN,PETIT_LANCY_QUIDORT,t0830,0.0
MEYRIN_BOIS_DU_LAN,PLAN_LES_OUATES_TREFLE_BLANC,t0700,0.0
MEYRIN_BOIS_DU_LAN,PLAN_LES_OUATES_TREFLE_BLANC,t0730,0.0
MEYRIN_BOIS_DU_LAN,PLAN_LES_OUATES_TREFLE_BLANC,t0800,0.0
MEYRIN_BOIS_DU_LAN,PLAN_LES_OUATES_TREFLE_BLANC,t0830,0.0
MEYRIN_BOIS_DU_LAN,THONEX_GRAVESON,t0700,0.0
MEYRIN_BOIS_DU_LAN,THONEX_GRAVESON,t0730,0.0
MEYRIN_BOIS_DU_LAN,THONEX_GRAVESON,t0800,0.0
MEYRIN_BOIS_DU_LAN,THONEX_GRAVESON,t0830,0.0
MEYRIN_BOIS_DU_LAN,THONEX_MOILLESULAZ,t0700,0.0
MEYRIN_BOIS_DU_LAN,THONEX_MOILLESULAZ,t0730,0.0
MEYRIN_BOIS_DU_LAN,THONEX_MOILLESULAZ,t0800,0.0
MEYRIN_BOIS_DU_LAN,THONEX_MOILLESULAZ,t0830,0.0
MEYRIN_BOIS_DU_LAN,VERNIER_AVANCHETS_ETANG,t0700,0.0
MEYRIN_BOIS_DU_LAN,VERNIER_AVANCHETS_ETANG,t0730,0.0
MEYRIN_BOIS_DU_LAN,VERNIER_AVANCHETS_ETANG,t0800,0.0
MEYRIN_BOIS_DU_LAN,VERNIER_AVANCHETS_ETANG,t0830,0.0
MEYRIN_BOIS_DU_LAN,VERNIER_BALEXERT,t0700,0.0
MEYRIN_BOIS_DU_LAN,VERNIER_BALEXERT,t0730,0.0
MEYRIN_BOIS_DU_LAN,VERNIER_BALEXERT,t0800,0.0
MEYRIN_BOIS_DU_LAN,VERNIER_BALEXERT,t0830,0.0
MEYRIN_BOIS_DU_LAN,VERNIER_BLANDONNET,t0700,0.0
MEYRIN_BOIS_DU_LAN,VERNIER_BLANDONNET,t0730,0.0
MEYRIN_BOIS_DU_LAN,VERNIER_BLANDONNET,t0800,0.0
MEYRIN_BOIS_DU_LAN,VERNIER_BLANDONNET,t0830,0.0
MEYRIN_BOIS_DU_LAN,VERNIER_BOUCHET,t0700,0.0
MEYRIN_BOIS_DU_LAN,VERNIER_BOUCHET,t0730,0.0
MEYRIN_BOIS_DU_LAN,VERNIER_BOUCHET,t0800,0.0
MEYRIN_BOIS_DU_LAN,VERNIER_BOUCHET,t0830,0.0
MEYRIN_CERN,BERNEX_HAINARD,t0700,0.0
MEYRIN_CERN,BERNEX_HAINARD,t0730,0.0
MEYRIN_CERN,BERNEX_HAINARD,t0800,0.0
MEYRIN_CERN,BERNEX_HAINARD,t0830,0.0
MEYRIN_CERN,BERNEX_LUCHEPELET,t0700,0.0
MEYRIN_CERN,BERNEX_LUCHEPELET,t0730,0.0
MEYRIN_CERN,BERNEX_LUCHEPELET,t0800,0.0
MEYRIN_CERN,BERNEX_LUCHEPELET,t0830,0.0
MEYRIN_CERN,BERNEX_PRE_MARAIS,t0700,0.0
MEYRIN_CERN,BERNEX_PRE_MARAIS,t0730,0.0
MEYRIN_CERN,BERNEX_PRE_MARAIS,t0800,0.0
MEYRIN_CERN,BERNEX_PRE_MARAIS,t0830,0.0
MEYRIN_CERN,BERNEX_P_R,t0700,0.0
MEYRIN_CERN,BERNEX_P_R,t0730,0.0
MEYRIN_CERN,BERNEX_P_R,t0800,0.0
MEYRIN_CERN,BERNEX_P_R,t0830,0.0
MEYRIN_CERN,BERNEX_VAILLY,t0700,0.0
MEYRIN_CERN,BERNEX_VAILLY,t0730,0.0
MEYRIN_CERN,BERNEX_VAILLY,t0800,0.0
MEYRIN_CERN,BERNEX_VAILLY,t0830,0.0
MEYRIN_CERN,CAROUGE_GE_ANCIENNE,t0700,0.0
MEYRIN_CERN,CAROUGE_GE_ANCIENNE,t0730,0.0
MEYRIN_CERN,CAROUGE_GE_ANCIENNE,t0800,0.0
MEYRIN_CERN,CAROUGE_GE_ANCIENNE,t0830,0.0
MEYRIN_CERN,CAROUGE_GE_ARMES,t0700,0.0
MEYRIN_CERN,CAROUGE_GE_ARMES,t0730,0.0
MEYRIN_CERN,CAROUGE_GE_ARMES,t0800,0.0
MEYRIN_CERN,CAROUGE_GE_ARMES,t0830,0.0
MEYRIN_CERN,CAROUGE_GE_MARCHE,t0700,0.0
MEYRIN_CERN,CAROUGE_GE_MARCHE,t0730,0.0
MEYRIN_CERN,CAROUGE_GE_MARCHE,t0800,0.0
MEYRIN_CERN,CAROUGE_GE_MARCHE,t0830,0.0
MEYRIN_CERN,CAROUGE_GE_RONDEAU,t0700,0.0
MEYRIN_CERN,CAROUGE_GE_RONDEAU,t0730,0.0
MEYRIN_CERN,CAROUGE_GE_RONDEAU,t0800,0.0
MEYRIN_CERN,CAROUGE_GE_RONDEAU,t0830,0.0
MEYRIN_CERN,CHENE_BOUGERIES_GRANGETTES,t0700,0.0
MEYRIN_CERN,CHENE_BOUGERIES_GRANGETTES,t0730,0.0
MEYRIN_CERN,CHENE_BOUGERIES_GRANGETTES,t0800,0.0
MEYRIN_CERN,CHENE_BOUGERIES_GRANGETTES,t0830,0.0
MEYRIN_CERN,CHENE_BOUGERIES_GRANGE_CANAL,t0700,0.0
MEYRIN_CERN,CHENE_BOUGERIES_GRANGE_CANAL,t0730,0.0
MEYRIN_CERN,CHENE_BOUGERIES_GRANGE_CANAL,t0800,0.0
MEYRIN_CERN,CHENE_BOUGERIES_GRANGE_CANAL,t0830,0.0
MEYRIN_CERN,CHENE_BOUGERIES_GRANGE_FALQUET,t0700,0.0
MEYRIN_CERN,CHENE_BOUGERIES_GRANGE_FALQUET,t0730,0.0
MEYRIN_CERN,CHENE_BOUGERIES_GRANGE_FALQUET,t0800,0.0
MEYRIN_CERN,CHENE_BOUGERIES_GRANGE_FALQUET,t0830,0.0
MEYRIN_CERN,CHENE_BOURG_PEILLONNEX,t0700,0.0
MEYRIN_CERN,CHENE_BOURG_PEILLONNEX,t0730,0.0
MEYRIN_CERN,CHENE_BOURG_PEILLONNEX,t0800,0.0
MEYRIN_CERN,CHENE_BOURG_PEILLONNEX,t0830,0.0
MEYRIN_CERN,CHENE_BOURG_PLACE_FAVRE,t0700,0.0
MEYRIN_CERN,CHENE_BOURG_PLACE_FAVRE,t0730,0.0
MEYRIN_CERN,CHENE_BOURG_PLACE_FAVRE,t0800,0.0
MEYRIN_CERN,CHENE_BOURG_PLACE_FAVRE,t0830,0.0
MEYRIN_CERN,CONFIGNON_CROISEE,t0700,0.0
MEYRIN_CERN,CONFIGNON_CROISEE,t0730,0.0
MEYRIN_CERN,CONFIGNON_CROISEE,t0800,0.0
MEYRIN_CERN,CONFIGNON_CROISEE,t0830,0.0
MEYRIN_CERN,CONFIGNON_LA_DODE,t0700,0.0
MEYRIN_CERN,CONFIGNON_LA_DODE,t0730,0.0
MEYRIN_CERN,CONFIGNON_LA_DODE,t0800,0.0
MEYRIN_CERN,CONFIGNON_LA_DODE,t0830,0.0
MEYRIN_CERN,GENEVE_AMANDOLIER,t0700,0.0
MEYRIN_CERN,GENEVE_AMANDOLIER,t0730,0.0
MEYRIN_CERN,GENEVE_AMANDOLIER,t0800,0.0
MEYRIN_CERN,GENEVE_AMANDOLIER,t0830,0.0
MEYRIN_CERN,GENEVE_AUGUSTINS,t0700,49.474
MEYRIN_CERN,GENEVE_AUGUSTINS,t0730,15.789
MEYRIN_CERN,GENEVE_AUGUSTINS,t0800,12.632
MEYRIN_CERN,GENEVE_AUGUSTINS,t0830,46.316
MEYRIN_CERN,GENEVE_BEL_AIR,t0700,0.0
MEYRIN_CERN,GENEVE_BEL_AIR,t0730,0.0
MEYRIN_CERN,GENEVE_BEL_AIR,t0800,0.0
MEYRIN_CERN,GENEVE_BEL_AIR,t0830,0.0
MEYRIN_CERN,GENEVE_BLANCHE,t0700,0.0
MEYRIN_CERN,GENEVE_BLANCHE,t0730,0.0
MEYRIN_CERN,GENEVE_BLANCHE,t0800,0.0
MEYRIN_CERN,GENEVE_BLANCHE,t0830,0.0
MEYRIN_CERN,GENEVE_COUTANCE,t0700,0.0
MEYRIN_CERN,GENEVE_COUTANCE,t0730,0.0
MEYRIN_CERN,GENEVE_COUTANCE,t0800,0.0
MEYRIN_CERN,GENEVE_COUTANCE,t0830,0.0
MEYRIN_CERN,GENEVE_EAUX_VIVES_GARE,t0700,0.0
MEYRIN_CERN,GENEVE_EAUX_VIVES_GARE,t0730,0.0
MEYRIN_CERN,GENEVE_EAUX_VIVES_GARE,t0800,0.0
MEYRIN_CERN,GENEVE_EAUX_VIVES_GARE,t0830,0.0
MEYRIN_CERN,GENEVE_GARE_CORNAVIN,t0700,0.0
MEYRIN_CERN,GENEVE_GARE_CORNAVIN,t0730,0.0
MEYRIN_CERN,GENEVE_GARE_CORNAVIN,t0800,0.0
MEYRIN_CERN,GENEVE_GARE_CORNAVIN,t0830,0.0
MEYRIN_CERN,GENEVE_JONCTION,t0700,0.0
MEYRIN_CERN,GENEVE_JONCTION,t0730,0.0
MEYRIN_CERN,GENEVE_JONCTION,t0800,0.0
MEYRIN_CERN,GENEVE_JONCTION,t0830,0.0
MEYRIN_CERN,GENEVE_LYON,t0700,0.0
MEYRIN_CERN,GENEVE_LYON,t0730,0.0
MEYRIN_CERN,GENEVE_LYON,t0800,0.0
MEYRIN_CERN,GENEVE_LYON,t0830,0.0
MEYRIN_CERN,GENEVE_MOLARD,t0700,0.0
MEYRIN_CERN,GENEVE_MOLARD,t0730,0.0
MEYRIN_CERN,GENEVE_MOLARD,t0800,0.0
MEYRIN_CERN,GENEVE_MOLARD,t0830,0.0
MEYRIN_CERN,GENEVE_PALLADIUM,t0700,0.0
MEYRIN_CERN,GENEVE_PALLADIUM,t0730,0.0
MEYRIN_CERN,GENEVE_PALLADIUM,t0800,0.0
MEYRIN_CERN,GENEVE_PALLADIUM,t0830,0.0
MEYRIN_CERN,GENEVE_PLACE_DE_NEUVE,t0700,0.0
MEYRIN_CERN,GENEVE_PLACE_DE_NEUVE,t0730,0.0
MEYRIN_CERN,GENEVE_PLACE_DE_NEUVE,t0800,0.0
MEYRIN_CERN,GENEVE_PLACE_DE_NEUVE,t0830,0.0
MEYRIN_CERN,GENEVE_PLAINPALAIS,t0700,0.0
MEYRIN_CERN,GENEVE_PLAINPALAIS,t0730,0.0
MEYRIN_CERN,GENEVE_PLAINPALAIS,t0800,0.0
MEYRIN_CERN,GENEVE_PLAINPALAIS,t0830,0.0
MEYRIN_CERN,GENEVE_PONT_D_ARVE,t0700,0.0
MEYRIN_CERN,GENEVE_PONT_D_ARVE,t0730,0.0
MEYRIN_CERN,GENEVE_PONT_D_ARVE,t0800,0.0
MEYRIN_CERN,GENEVE_PONT_D_ARVE,t0830,0.0
MEYRIN_CERN,GENEVE_POTERIE,t0700,0.0
MEYRIN_CERN,GENEVE_POTERIE,t0730,0.0
MEYRIN_CERN,GENEVE_POTERIE,t0800,0.0
MEYRIN_CERN,GENEVE_POTERIE,t0830,0.0
MEYRIN_CERN,GENEVE_RIVE,t0700,0.0
MEYRIN_CERN,GENEVE_RIVE,t0730,0.0
MEYRIN_CERN,GENEVE_RIVE,t0800,0.0
MEYRIN_CERN,GENEVE_RIVE,t0830,0.0
MEYRIN_CERN,GENEVE_SERVETTE,t0700,0.0
MEYRIN_CERN,GENEVE_SERVETTE,t0730,0.0
MEYRIN_CERN,GENEVE_SERVETTE,t0800,0.0
MEYRIN_CERN,GENEVE_SERVETTE,t0830,0.0
MEYRIN_CERN,GENEVE_STAND,t0700,0.0
MEYRIN_CERN,GENEVE_STAND,t0730,0.0
MEYRIN_CERN,GENEVE_STAND,t0800,0.0
MEYRIN_CERN,GENEVE_STAND,t0830,0.0
MEYRIN_CERN,GENEVE_TERRASSIERE,t0700,0.0
MEYRIN_CERN,GENEVE_TERRASSIERE,t0730,0.0
MEYRIN_CERN,GENEVE_TERRASSIERE,t0800,0.0
MEYRIN_CERN,GENEVE_TERRASSIERE,t0830,0.0
MEYRIN_CERN,GENEVE_VIEUSSEUX,t0700,0.0
MEYRIN_CERN,GENEVE_VIEUSSEUX,t0730,0.0
MEYRIN_CERN,GENEVE_VIEUSSEUX,t0800,0.0
MEYRIN_CERN,GENEVE_VIEUSSEUX,t0830,0.0
MEYRIN_CERN,GENEVE_VILLEREUSE,t0700,0.0
MEYRIN_CERN,GENEVE_VILLEREUSE,t0730,0.0
MEYRIN_CERN,GENEVE_VILLEREUSE,t0800,0.0
MEYRIN_CERN,GENEVE_VILLEREUSE,t0830,0.0
MEYRIN_CERN,GRAND_LANCY_DE_STAEL,t0700,0.0
MEYRIN_CERN,GRAND_LANCY_DE_STAEL,t0730,0.0
MEYRIN_CERN,GRAND_LANCY_DE_STAEL,t0800,0.0
MEYRIN_CERN,GRAND_LANCY_DE_STAEL,t0830,0.0
MEYRIN_CERN,GRAND_LANCY_PALETTES,t0700,15.238
MEYRIN_CERN,GRAND_LANCY_PALETTES,t0730,40.952
MEYRIN_CERN,GRAND_LANCY_PALETTES,t0800,19.048
MEYRIN_CERN,GRAND_LANCY_PALETTES,t0830,49.524
MEYRIN_CERN,GRAND_LANCY_PONTETS,t0700,0.0
MEYRIN_CERN,GRAND_LANCY_PONTETS,t0730,0.0
MEYRIN_CERN,GRAND_LANCY_PONTETS,t0800,0.0
MEYRIN_CERN,GRAND_LANCY_PONTETS,t0830,0.0
MEYRIN_CERN,LANCY_BACHET_GARE,t0700,0.0
MEYRIN_CERN,LANCY_BACHET_GARE,t0730,0.0
MEYRIN_CERN,LANCY_BACHET_GARE,t0800,0.0
MEYRIN_CERN,LANCY_BACHET_GARE,t0830,0.0
MEYRIN_CERN,MEYRIN_BOIS_DU_LAN,t0700,0.0
MEYRIN_CERN,MEYRIN_BOIS_DU_LAN,t0730,0.0
MEYRIN_CERN,MEYRIN_BOIS_DU_LAN,t0800,0.0
MEYRIN_CERN,MEYRIN_BOIS_DU_LAN,t0830,0.0
MEYRIN_CERN,MEYRIN_FORUMEYRIN,t0700,0.0
MEYRIN_CERN,MEYRIN_FORUMEYRIN,t0730,0.0
MEYRIN_CERN,MEYRIN_FORUMEYRIN,t0800,0.0
MEYRIN_CERN,MEYRIN_FORUMEYRIN,t0830,0.0
MEYRIN_CERN,MEYRIN_GRAVIERE,t0700,0.0
MEYRIN_CERN,MEYRIN_GRAVIERE,t0730,0.0
MEYRIN_CERN,MEYRIN_GRAVIERE,t0800,0.0
MEYRIN_CERN,MEYRIN_GRAVIERE,t0830,0.0
MEYRIN_CERN,MEYRIN_HOPITAL_DE_LA_TOUR,t0700,0.0
MEYRIN_CERN,MEYRIN_HOPITAL_DE_LA_TOUR,t0730,0.0
MEYRIN_CERN,MEYRIN_HOPITAL_DE_LA_TOUR,t0800,0.0
MEYRIN_CERN,MEYRIN_HOPITAL_DE_LA_TOUR,t0830,0.0
MEYRIN_CERN,MEYRIN_JARDIN_ALPIN_VIVARIUM,t0700,0.0
MEYRIN_CERN,MEYRIN_JARDIN_ALPIN_VIVARIUM,t0730,0.0
MEYRIN_CERN,MEYRIN_JARDIN_ALPIN_VIVARIUM,t0800,0.0
MEYRIN_CERN,MEYRIN_JARDIN_ALPIN_VIVARIUM,t0830,0.0
MEYRIN_CERN,MEYRIN_MAISONNEX,t0700,0.0
MEYRIN_CERN,MEYRIN_MAISONNEX,t0730,0.0
MEYRIN_CERN,MEYRIN_MAISONNEX,t0800,0.0
MEYRIN_CERN,MEYRIN_MAISONNEX,t0830,0.0
MEYRIN_CERN,MEYRIN_VAUDAGNE,t0700,0.0
MEYRIN_CERN,MEYRIN_VAUDAGNE,t0730,0.0
MEYRIN_CERN,MEYRIN_VAUDAGNE,t0800,0.0
MEYRIN_CERN,MEYRIN_VAUDAGNE,t0830,0.0
MEYRIN_CERN,MEYRIN_VILLAGE,t0700,0.0
MEYRIN_CERN,MEYRIN_VILLAGE,t0730,0.0
MEYRIN_CERN,MEYRIN_VILLAGE,t0800,0.0
MEYRIN_CERN,MEYRIN_VILLAGE,t0830,0.0
MEYRIN_CERN,ONEX_BANDOL,t0700,0.0
MEYRIN_CERN,ONEX_BANDOL,t0730,0.0
MEYRIN_CERN,ONEX_BANDOL,t0800,0.0
MEYRIN_CERN,ONEX_BANDOL,t0830,0.0
MEYRIN_CERN,ONEX_SALLE_COMMUNALE,t0700,0.0
MEYRIN_CERN,ONEX_SALLE_COMMUNALE,t0730,0.0
MEYRIN_CERN,ONEX_SALLE_COMMUNALE,t0800,0.0
MEYRIN_CERN,ONEX_SALLE_COMMUNALE,t0830,0.0
MEYRIN_CERN,PETIT_LANCY_LES_ESSERTS,t0700,0.0
MEYRIN_CERN,PETIT_LANCY_LES_ESSERTS,t0730,0.0
MEYRIN_CERN,PETIT_LANCY_LES_ESSERTS,t0800,0.0
MEYRIN_CERN,PETIT_LANCY_LES_ESSERTS,t0830,0.0
MEYRIN_CERN,PETIT_LANCY_PLACE,t0700,0.0
MEYRIN_CERN,PETIT_LANCY_PLACE,t0730,0.0
MEYRIN_CERN,PETIT_LANCY_PLACE,t0800,0.0
MEYRIN_CERN,PETIT_LANCY_PLACE,t0830,0.0
MEYRIN_CERN,PETIT_LANCY_QUIDORT,t0700,0.0
MEYRIN_CERN,PETIT_LANCY_QUIDORT,t0730,0.0
MEYRIN_CERN,PETIT_LANCY_QUIDORT,t0800,0.0
MEYRIN_CERN,PETIT_LANCY_QUIDORT,t0830,0.0
MEYRIN_CERN,PLAN_LES_OUATES_TREFLE_BLANC,t0700,0.0
MEYRIN_CERN,PLAN_LES_OUATES_TREFLE_BLANC,t0730,0.0
MEYRIN_CERN,PLAN_LES_OUATES_TREFLE_BLANC,t0800,0.0
MEYRIN_CERN,PLAN_LES_OUATES_TREFLE_BLANC,t0830,0.0
MEYRIN_CERN,THONEX_GRAVESON,t0700,0.0
MEYRIN_CERN,THONEX_GRAVESON,t0730,0.0
MEYRIN_CERN,THONEX_GRAVESON,t0800,0.0
MEYRIN_CERN,THONEX_GRAVESON,t0830,0.0
MEYRIN_CERN,THONEX_MOILLESULAZ,t0700,0.0
MEYRIN_CERN,THONEX_MOILLESULAZ,t0730,0.0
MEYRIN_CERN,THONEX_MOILLESULAZ,t0800,0.0
MEYRIN_CERN,THONEX_MOILLESULAZ,t0830,0.0
MEYRIN_CERN,VERNIER_AVANCHETS_ETANG,t0700,0.0
MEYRIN_CERN,VERNIER_AVANCHETS_ETANG,t0730,0.0
MEYRIN_CERN,VERNIER_AVANCHETS_ETANG,t0800,0.0
MEYRIN_CERN,VERNIER_AVANCHETS_ETANG,t0830,0.0
MEYRIN_CERN,VERNIER_BALEXERT,t0700,0.0
MEYRIN_CERN,VERNIER_BALEXERT,t0730,0.0
MEYRIN_CERN,VERNIER_BALEXERT,t0800,0.0
MEYRIN_CERN,VERNIER_BALEXERT,t0830,0.0
MEYRIN_CERN,VERNIER_BLANDONNET,t0700,0.0
MEYRIN_CERN,VERNIER_BLANDONNET,t0730,0.0
MEYRIN_CERN,VERNIER_BLANDONNET,t0800,0.0
MEYRIN_CERN,VERNIER_BLANDONNET,t0830,0.0
MEYRIN_CERN,VERNIER_BOUCHET,t0700,0.0
MEYRIN_CERN,VERNIER_BOUCHET,t0730,0.0
MEYRIN_CERN,VERNIER_BOUCHET,t0800,0.0
MEYRIN_CERN,VERNIER_BOUCHET,t0830,0.0
MEYRIN_FORUMEYRIN,BERNEX_HAINARD,t0700,0.0
MEYRIN_FORUMEYRIN,BERNEX_HAINARD,t0730,0.0
MEYRIN_FORUMEYRIN,BERNEX_HAINARD,t0800,0.0
MEYRIN_FORUMEYRIN,BERNEX_HAINARD,t0830,0.0
MEYRIN_FORUMEYRIN,BERNEX_LUCHEPELET,t0700,0.0
MEYRIN_FORUMEYRIN,BERNEX_LUCHEPELET,t0730,0.0
MEYRIN_FORUMEYRIN,BERNEX_LUCHEPELET,t0800,0.0
MEYRIN_FORUMEYRIN,BERNEX_LUCHEPELET,t0830,0.0
MEYRIN_FORUMEYRIN,BERNEX_PRE_MARAIS,t0700,0.0
MEYRIN_FORUMEYRIN,BERNEX_PRE_MARAIS,t0730,0.0
MEYRIN_FORUMEYRIN,BERNEX_PRE_MARAIS,t0800,0.0
MEYRIN_FORUMEYRIN,BERNEX_PRE_MARAIS,t0830,0.0
MEYRIN_FORUMEYRIN,BERNEX_P_R,t0700,0.0
MEYRIN_FORUMEYRIN,BERNEX_P_R,t0730,0.0
MEYRIN_FORUMEYRIN,BERNEX_P_R,t0800,0.0
MEYRIN_FORUMEYRIN,BERNEX_P_R,t0830,0.0
MEYRIN_FORUMEYRIN,BERNEX_VAILLY,t0700,0.0
MEYRIN_FORUMEYRIN,BERNEX_VAILLY,t0730,0.0
MEYRIN_FORUMEYRIN,BERNEX_VAILLY,t0800,0.0
MEYRIN_FORUMEYRIN,BERNEX_VAILLY,t0830,0.0
MEYRIN_FORUMEYRIN,CAROUGE_GE_ANCIENNE,t0700,0.0
MEYRIN_FORUMEYRIN,CAROUGE_GE_ANCIENNE,t0730,0.0
MEYRIN_FORUMEYRIN,CAROUGE_GE_ANCIENNE,t0800,0.0
MEYRIN_FORUMEYRIN,CAROUGE_GE_ANCIENNE,t0830,0.0
MEYRIN_FORUMEYRIN,CAROUGE_GE_ARMES,t0700,0.0
MEYRIN_FORUMEYRIN,CAROUGE_GE_ARMES,t0730,0.0
MEYRIN_FORUMEYRIN,CAROUGE_GE_ARMES,t0800,0.0
MEYRIN_FORUMEYRIN,CAROUGE_GE_ARMES,t0830,0.0
MEYRIN_FORUMEYRIN,CAROUGE_GE_MARCHE,t0700,0.0
MEYRIN_FORUMEYRIN,CAROUGE_GE_MARCHE,t0730,0.0
MEYRIN_FORUMEYRIN,CAROUGE_GE_MARCHE,t0800,0.0
MEYRIN_FORUMEYRIN,CAROUGE_GE_MARCHE,t0830,0.0
MEYRIN_FORUMEYRIN,CAROUGE_GE_RONDEAU,t0700,0.0
MEYRIN_FORUMEYRIN,CAROUGE_GE_RONDEAU,t0730,0.0
MEYRIN_FORUMEYRIN,CAROUGE_GE_RONDEAU,t0800,0.0
MEYRIN_FORUMEYRIN,CAROUGE_GE_RONDEAU,t0830,0.0
MEYRIN_FORUMEYRIN,CHENE_BOUGERIES_GRANGETTES,t0700,0.0
MEYRIN_FORUMEYRIN,CHENE_BOUGERIES_GRANGETTES,t0730,0.0
MEYRIN_FORUMEYRIN,CHENE_BOUGERIES_GRANGETTES,t0800,0.0
MEYRIN_FORUMEYRIN,CHENE_BOUGERIES_GRANGETTES,t0830,0.0
MEYRIN_FORUMEYRIN,CHENE_BOUGERIES_GRANGE_CANAL,t0700,0.0
MEYRIN_FORUMEYRIN,CHENE_BOUGERIES_GRANGE_CANAL,t0730,0.0
MEYRIN_FORUMEYRIN,CHENE_BOUGERIES_GRANGE_CANAL,t0800,0.0
MEYRIN_FORUMEYRIN,CHENE_BOUGERIES_GRANGE_CANAL,t0830,0.0
MEYRIN_FORUMEYRIN,CHENE_BOUGERIES_GRANGE_FALQUET,t0700,0.0
MEYRIN_FORUMEYRIN,CHENE_BOUGERIES_GRANGE_FALQUET,t0730,0.0
MEYRIN_FORUMEYRIN,CHENE_BOUGERIES_GRANGE_FALQUET,t0800,0.0
MEYRIN_FORUMEYRIN,CHENE_BOUGERIES_GRANGE_FALQUET,t0830,0.0
MEYRIN_FORUMEYRIN,CHENE_BOURG_PEILLONNEX,t0700,0.0
MEYRIN_FORUMEYRIN,CHENE_BOURG_PEILLONNEX,t0730,0.0
MEYRIN_FORUMEYRIN,CHENE_BOURG_PEILLONNEX,t0800,0.0
MEYRIN_FORUMEYRIN,CHENE_BOURG_PEILLONNEX,t0830,0.0
MEYRIN_FORUMEYRIN,CHENE_BOURG_PLACE_FAVRE,t0700,0.0
MEYRIN_FORUMEYRIN,CHENE_BOURG_PLACE_FAVRE,t0730,0.0
MEYRIN_FORUMEYRIN,CHENE_BOURG_PLACE_FAVRE,t0800,0.0
MEYRIN_FORUMEYRIN,CHENE_BOURG_PLACE_FAVRE,t0830,0.0
MEYRIN_FORUMEYRIN,CONFIGNON_CROISEE,t0700,0.0
MEYRIN_FORUMEYRIN,CONFIGNON_CROISEE,t0730,0.0
MEYRIN_FORUMEYRIN,CONFIGNON_CROISEE,t0800,0.0
MEYRIN_FORUMEYRIN,CONFIGNON_CROISEE,t0830,0.0
MEYRIN_FORUMEYRIN,CONFIGNON_LA_DODE,t0700,0.0
MEYRIN_FORUMEYRIN,CONFIGNON_LA_DODE,t0730,0.0
MEYRIN_FORUMEYRIN,CONFIGNON_LA_DODE,t0800,0.0
MEYRIN_FORUMEYRIN,CONFIGNON_LA_DODE,t0830,0.0
MEYRIN_FORUMEYRIN,GENEVE_AMANDOLIER,t0700,0.0
MEYRIN_FORUMEYRIN,GENEVE_AMANDOLIER,t0730,0.0
MEYRIN_FORUMEYRIN,GENEVE_AMANDOLIER,t0800,0.0
MEYRIN_FORUMEYRIN,GENEVE_AMANDOLIER,t0830,0.0
MEYRIN_FORUMEYRIN,GENEVE_AUGUSTINS,t0700,0.0
MEYRIN_FORUMEYRIN,GENEVE_AUGUSTINS,t0730,0.0
MEYRIN_FORUMEYRIN,GENEVE_AUGUSTINS,t0800,0.0
MEYRIN_FORUMEYRIN,GENEVE_AUGUSTINS,t0830,0.0
MEYRIN_FORUMEYRIN,GENEVE_BEL_AIR,t0700,0.0
MEYRIN_FORUMEYRIN,GENEVE_BEL_AIR,t0730,0.0
MEYRIN_FORUMEYRIN,GENEVE_BEL_AIR,t0800,0.0
MEYRIN_FORUMEYRIN,GENEVE_BEL_AIR,t0830,0.0
MEYRIN_FORUMEYRIN,GENEVE_BLANCHE,t0700,0.0
MEYRIN_FORUMEYRIN,GENEVE_BLANCHE,t0730,0.0
MEYRIN_FORUMEYRIN,GENEVE_BLANCHE,t0800,0.0
MEYRIN_FORUMEYRIN,GENEVE_BLANCHE,t0830,0.0
MEYRIN_FORUMEYRIN,GENEVE_COUTANCE,t0700,0.0
MEYRIN_FORUMEYRIN,GENEVE_COUTANCE,t0730,0.0
MEYRIN_FORUMEYRIN,GENEVE_COUTANCE,t0800,0.0
MEYRIN_FORUMEYRIN,GENEVE_COUTANCE,t0830,0.0
MEYRIN_FORUMEYRIN,GENEVE_EAUX_VIVES_GARE,t0700,0.0
MEYRIN_FORUMEYRIN,GENEVE_EAUX_VIVES_GARE,t0730,0.0
MEYRIN_FORUMEYRIN,GENEVE_EAUX_VIVES_GARE,t0800,0.0
MEYRIN_FORUMEYRIN,GENEVE_EAUX_VIVES_GARE,t0830,0.0
MEYRIN_FORUMEYRIN,GENEVE_GARE_CORNAVIN,t0700,0.0
MEYRIN_FORUMEYRIN,GENEVE_GARE_CORNAVIN,t0730,0.0
MEYRIN_FORUMEYRIN,GENEVE_GARE_CORNAVIN,t0800,0.0
MEYRIN_FORUMEYRIN,GENEVE_GARE_CORNAVIN,t0830,0.0
MEYRIN_FORUMEYRIN,GENEVE_JONCTION,t0700,0.0
MEYRIN_FORUMEYRIN,GENEVE_JONCTION,t0730,0.0
MEYRIN_FORUMEYRIN,GENEVE_JONCTION,t0800,0.0
MEYRIN_FORUMEYRIN,GENEVE_JONCTION,t0830,0.0
MEYRIN_FORUMEYRIN,GENEVE_LYON,t0700,0.0
MEYRIN_FORUMEYRIN,GENEVE_LYON,t0730,0.0
MEYRIN_FORUMEYRIN,GENEVE_LYON,t0800,0.0
MEYRIN_FORUMEYRIN,GENEVE_LYON,t0830,0.0
MEYRIN_FORUMEYRIN,GENEVE_MOLARD,t0700,0.0
MEYRIN_FORUMEYRIN,GENEVE_MOLARD,t0730,0.0
MEYRIN_FORUMEYRIN,GENEVE_MOLARD,t0800,0.0
MEYRIN_FORUMEYRIN,GENEVE_MOLARD,t0830,0.0
MEYRIN_FORUMEYRIN,GENEVE_PALLADIUM,t0700,0.0
MEYRIN_FORUMEYRIN,GENEVE_PALLADIUM,t0730,0.0
MEYRIN_FORUMEYRIN,GENEVE_PALLADIUM,t0800,0.0
MEYRIN_FORUMEYRIN,GENEVE_PALLADIUM,t0830,0.0
MEYRIN_FORUMEYRIN,GENEVE_PLACE_DE_NEUVE,t0700,0.0
MEYRIN_FORUMEYRIN,GENEVE_PLACE_DE_NEUVE,t0730,0.0
MEYRIN_FORUMEYRIN,GENEVE_PLACE_DE_NEUVE,t0800,0.0
MEYRIN_FORUMEYRIN,GENEVE_PLACE_DE_NEUVE,t0830,0.0
MEYRIN_FORUMEYRIN,GENEVE_PLAINPALAIS,t0700,0.0
MEYRIN_FORUMEYRIN,GENEVE_PLAINPALAIS,t0730,0.0
MEYRIN_FORUMEYRIN,GENEVE_PLAINPALAIS,t0800,0.0
MEYRIN_FORUMEYRIN,GENEVE_PLAINPALAIS,t0830,0.0
MEYRIN_FORUMEYRIN,GENEVE_PONT_D_ARVE,t0700,0.0
MEYRIN_FORUMEYRIN,GENEVE_PONT_D_ARVE,t0730,0.0
MEYRIN_FORUMEYRIN,GENEVE_PONT_D_ARVE,t0800,0.0
MEYRIN_FORUMEYRIN,GENEVE_PONT_D_ARVE,t0830,0.0
MEYRIN_FORUMEYRIN,GENEVE_POTERIE,t0700,0.0
MEYRIN_FORUMEYRIN,GENEVE_POTERIE,t0730,0.0
MEYRIN_FORUMEYRIN,GENEVE_POTERIE,t0800,0.0
MEYRIN_FORUMEYRIN,GENEVE_POTERIE,t0830,0.0
MEYRIN_FORUMEYRIN,GENEVE_RIVE,t0700,0.0
MEYRIN_FORUMEYRIN,GENEVE_RIVE,t0730,0.0
MEYRIN_FORUMEYRIN,GENEVE_RIVE,t0800,0.0
MEYRIN_FORUMEYRIN,GENEVE_RIVE,t0830,0.0
MEYRIN_FORUMEYRIN,GENEVE_SERVETTE,t0700,0.0
MEYRIN_FORUMEYRIN,GENEVE_SERVETTE,t0730,0.0
MEYRIN_FORUMEYRIN,GENEVE_SERVETTE,t0800,0.0
MEYRIN_FORUMEYRIN,GENEVE_SERVETTE,t0830,0.0
MEYRIN_FORUMEYRIN,GENEVE_STAND,t0700,0.0
MEYRIN_FORUMEYRIN,GENEVE_STAND,t0730,0.0
MEYRIN_FORUMEYRIN,GENEVE_STAND,t0800,0.0
MEYRIN_FORUMEYRIN,GENEVE_STAND,t0830,0.0
MEYRIN_FORUMEYRIN,GENEVE_TERRASSIERE,t0700,0.0
MEYRIN_FORUMEYRIN,GENEVE_TERRASSIERE,t0730,0.0
MEYRIN_FORUMEYRIN,GENEVE_TERRASSIERE,t0800,0.0
MEYRIN_FORUMEYRIN,GENEVE_TERRASSIERE,t0830,0.0
MEYRIN_FORUMEYRIN,GENEVE_VIEUSSEUX,t0700,0.0
MEYRIN_FORUMEYRIN,GENEVE_VIEUSSEUX,t0730,0.0
MEYRIN_FORUMEYRIN,GENEVE_VIEUSSEUX,t0800,0.0
MEYRIN_FORUMEYRIN,GENEVE_VIEUSSEUX,t0830,0.0
MEYRIN_FORUMEYRIN,GENEVE_VILLEREUSE,t0700,0.0
MEYRIN_FORUMEYRIN,GENEVE_VILLEREUSE,t0730,0.0
MEYRIN_FORUMEYRIN,GENEVE_VILLEREUSE,t0800,0.0
MEYRIN_FORUMEYRIN,GENEVE_VILLEREUSE,t0830,0.0
MEYRIN_FORUMEYRIN,GRAND_LANCY_DE_STAEL,t0700,0.0
MEYRIN_FORUMEYRIN,GRAND_LANCY_DE_STAEL,t0730,0.0
MEYRIN_FORUMEYRIN,GRAND_LANCY_DE_STAEL,t0800,0.0
MEYRIN_FORUMEYRIN,GRAND_LANCY_DE_STAEL,t0830,0.0
MEYRIN_FORUMEYRIN,GRAND_LANCY_PALETTES,t0700,0.0
MEYRIN_FORUMEYRIN,GRAND_LANCY_PALETTES,t0730,0.0
MEYRIN_FORUMEYRIN,GRAND_LANCY_PALETTES,t0800,0.0
MEYRIN_FORUMEYRIN,GRAND_LANCY_PALETTES,t0830,0.0
MEYRIN_FORUMEYRIN,GRAND_LANCY_PONTETS,t0700,0.0
MEYRIN_FORUMEYRIN,GRAND_LANCY_PONTETS,t0730,0.0
MEYRIN_FORUMEYRIN,GRAND_LANCY_PONTETS,t0800,0.0
MEYRIN_FORUMEYRIN,GRAND_LANCY_PONTETS,t0830,0.0
MEYRIN_FORUMEYRIN,LANCY_BACHET_GARE,t0700,0.0
MEYRIN_FORUMEYRIN,LANCY_BACHET_GARE,t0730,0.0
MEYRIN_FORUMEYRIN,LANCY_BACHET_GARE,t0800,0.0
MEYRIN_FORUMEYRIN,LANCY_BACHET_GARE,t0830,0.0
MEYRIN_FORUMEYRIN,MEYRIN_BOIS_DU_LAN,t0700,0.0
MEYRIN_FORUMEYRIN,MEYRIN_BOIS_DU_LAN,t0730,0.0
MEYRIN_FORUMEYRIN,MEYRIN_BOIS_DU_LAN,t0800,0.0
MEYRIN_FORUMEYRIN,MEYRIN_BOIS_DU_LAN,t0830,0.0
MEYRIN_FORUMEYRIN,MEYRIN_CERN,t0700,0.0
MEYRIN_FORUMEYRIN,MEYRIN_CERN,t0730,0.0
MEYRIN_FORUMEYRIN,MEYRIN_CERN,t0800,0.0
MEYRIN_FORUMEYRIN,MEYRIN_CERN,t0830,0.0
MEYRIN_FORUMEYRIN,MEYRIN_GRAVIERE,t0700,0.0
MEYRIN_FORUMEYRIN,MEYRIN_GRAVIERE,t0730,0.0
MEYRIN_FORUMEYRIN,MEYRIN_GRAVIERE,t0800,0.0
MEYRIN_FORUMEYRIN,MEYRIN_GRAVIERE,t0830,0.0
MEYRIN_FORUMEYRIN,MEYRIN_HOPITAL_DE_LA_TOUR,t0700,0.0
MEYRIN_FORUMEYRIN,MEYRIN_HOPITAL_DE_LA_TOUR,t0730,0.0
MEYRIN_FORUMEYRIN,MEYRIN_HOPITAL_DE_LA_TOUR,t0800,0.0
MEYRIN_FORUMEYRIN,MEYRIN_HOPITAL_DE_LA_TOUR,t0830,0.0
MEYRIN_FORUMEYRIN,MEYRIN_JARDIN_ALPIN_VIVARIUM,t0700,0.0
MEYRIN_FORUMEYRIN,MEYRIN_JARDIN_ALPIN_VIVARIUM,t0730,0.0
MEYRIN_FORUMEYRIN,MEYRIN_JARDIN_ALPIN_VIVARIUM,t0800,0.0
MEYRIN_FORUMEYRIN,MEYRIN_JARDIN_ALPIN_VIVARIUM,t0830,0.0
MEYRIN_FORUMEYRIN,MEYRIN_MAISONNEX,t0700,0.0
MEYRIN_FORUMEYRIN,MEYRIN_MAISONNEX,t0730,0.0
MEYRIN_FORUMEYRIN,MEYRIN_MAISONNEX,t0800,0.0
MEYRIN_FORUMEYRIN,MEYRIN_MAISONNEX,t0830,0.0
MEYRIN_FORUMEYRIN,MEYRIN_VAUDAGNE,t0700,0.0
MEYRIN_FORUMEYRIN,MEYRIN_VAUDAGNE,t0730,0.0
MEYRIN_FORUMEYRIN,MEYRIN_VAUDAGNE,t0800,0.0
MEYRIN_FORUMEYRIN,MEYRIN_VAUDAGNE,t0830,0.0
MEYRIN_FORUMEYRIN,MEYRIN_VILLAGE,t0700,0.0
MEYRIN_FORUMEYRIN,MEYRIN_VILLAGE,t0730,0.0
MEYRIN_FORUMEYRIN,MEYRIN_VILLAGE,t0800,0.0
MEYRIN_FORUMEYRIN,MEYRIN_VILLAGE,t0830,0.0
MEYRIN_FORUMEYRIN,ONEX_BANDOL,t0700,0.0
MEYRIN_FORUMEYRIN,ONEX_BANDOL,t0730,0.0
MEYRIN_FORUMEYRIN,ONEX_BANDOL,t0800,0.0
MEYRIN_FORUMEYRIN,ONEX_BANDOL,t0830,0.0
MEYRIN_FORUMEYRIN,ONEX_SALLE_COMMUNALE,t0700,0.0
MEYRIN_FORUMEYRIN,ONEX_SALLE_COMMUNALE,t0730,0.0
MEYRIN_FORUMEYRIN,ONEX_SALLE_COMMUNALE,t0800,0.0
MEYRIN_FORUMEYRIN,ONEX_SALLE_COMMUNALE,t0830,0.0
MEYRIN_FORUMEYRIN,PETIT_LANCY_LES_ESSERTS,t0700,0.0
MEYRIN_FORUMEYRIN,PETIT_LANCY_LES_ESSERTS,t0730,0.0
MEYRIN_FORUMEYRIN,PETIT_LANCY_LES_ESSERTS,t0800,0.0
MEYRIN_FORUMEYRIN,PETIT_LANCY_LES_ESSERTS,t0830,0.0
MEYRIN_FORUMEYRIN,PETIT_LANCY_PLACE,t0700,0.0
MEYRIN_FORUMEYRIN,PETIT_LANCY_PLACE,t0730,0.0
MEYRIN_FORUMEYRIN,PETIT_LANCY_PLACE,t0800,0.0
MEYRIN_FORUMEYRIN,PETIT_LANCY_PLACE,t0830,0.0
MEYRIN_FORUMEYRIN,PETIT_LANCY_QUIDORT,t0700,0.0
MEYRIN_FORUMEYRIN,PETIT_LANCY_QUIDORT,t0730,0.0
MEYRIN_FORUMEYRIN,PETIT_LANCY_QUIDORT,t0800,0.0
MEYRIN_FORUMEYRIN,PETIT_LANCY_QUIDORT,t0830,0.0
MEYRIN_FORUMEYRIN,PLAN_LES_OUATES_TREFLE_BLANC,t0700,0.0
MEYRIN_FORUMEYRIN,PLAN_LES_OUATES_TREFLE_BLANC,t0730,0.0
MEYRIN_FORUMEYRIN,PLAN_LES_OUATES_TREFLE_BLANC,t0800,0.0
MEYRIN_FORUMEYRIN,PLAN_LES_OUATES_TREFLE_BLANC,t0830,0.0
MEYRIN_FORUMEYRIN,THONEX_GRAVESON,t0700,0.0
MEYRIN_FORUMEYRIN,THONEX_GRAVESON,t0730,0.0
MEYRIN_FORUMEYRIN,THONEX_GRAVESON,t0800,0.0
MEYRIN_FORUMEYRIN,THONEX_GRAVESON,t0830,0.0
MEYRIN_FORUMEYRIN,THONEX_MOILLESULAZ,t0700,0.0
MEYRIN_FORUMEYRIN,THONEX_MOILLESULAZ,t0730,0.0
MEYRIN_FORUMEYRIN,THONEX_MOILLESULAZ,t0800,0.0
MEYRIN_FORUMEYRIN,THONEX_MOILLESULAZ,t0830,0.0
MEYRIN_FORUMEYRIN,VERNIER_AVANCHETS_ETANG,t0700,0.0
MEYRIN_FORUMEYRIN,VERNIER_AVANCHETS_ETANG,t0730,0.0
MEYRIN_FORUMEYRIN,VERNIER_AVANCHETS_ETANG,t0800,0.0
MEYRIN_FORUMEYRIN,VERNIER_AVANCHETS_ETANG,t0830,0.0
MEYRIN_FORUMEYRIN,VERNIER_BALEXERT,t0700,0.0
MEYRIN_FORUMEYRIN,VERNIER_BALEXERT,t0730,0.0
MEYRIN_FORUMEYRIN,VERNIER_BALEXERT,t0800,0.0
MEYRIN_FORUMEYRIN,VERNIER_BALEXERT,t0830,0.0
MEYRIN_FORUMEYRIN,VERNIER_BLANDONNET,t0700,0.0
MEYRIN_FORUMEYRIN,VERNIER_BLANDONNET,t0730,0.0
MEYRIN_FORUMEYRIN,VERNIER_BLANDONNET,t0800,0.0
MEYRIN_FORUMEYRIN,VERNIER_BLANDONNET,t0830,0.0
MEYRIN_FORUMEYRIN,VERNIER_BOUCHET,t0700,0.0
MEYRIN_FORUMEYRIN,VERNIER_BOUCHET,t0730,0.0
MEYRIN_FORUMEYRIN,VERNIER_BOUCHET,t0800,0.0
MEYRIN_FORUMEYRIN,VERNIER_BOUCHET,t0830,0.0
MEYRIN_GRAVIERE,BERNEX_HAINARD,t0700,0.0
MEYRIN_GRAVIERE,BERNEX_HAINARD,t0730,0.0
MEYRIN_GRAVIERE,BERNEX_HAINARD,t0800,0.0
MEYRIN_GRAVIERE,BERNEX_HAINARD,t0830,0.0
MEYRIN_GRAVIERE,BERNEX_LUCHEPELET,t0700,0.0
MEYRIN_GRAVIERE,BERNEX_LUCHEPELET,t0730,0.0
MEYRIN_GRAVIERE,BERNEX_LUCHEPELET,t0800,0.0
MEYRIN_GRAVIERE,BERNEX_LUCHEPELET,t0830,0.0
MEYRIN_GRAVIERE,BERNEX_PRE_MARAIS,t0700,0.0
MEYRIN_GRAVIERE,BERNEX_PRE_MARAIS,t0730,0.0
MEYRIN_GRAVIERE,BERNEX_PRE_MARAIS,t0800,0.0
MEYRIN_GRAVIERE,BERNEX_PRE_MARAIS,t0830,0.0
MEYRIN_GRAVIERE,BERNEX_P_R,t0700,0.0
MEYRIN_GRAVIERE,BERNEX_P_R,t0730,0.0
MEYRIN_GRAVIERE,BERNEX_P_R,t0800,0.0
MEYRIN_GRAVIERE,BERNEX_P_R,t0830,0.0
MEYRIN_GRAVIERE,BERNEX_VAILLY,t0700,47.826
MEYRIN_GRAVIERE,BERNEX_VAILLY,t0730,9.565
MEYRIN_GRAVIERE,BERNEX_VAILLY,t0800,15.652
MEYRIN_GRAVIERE,BERNEX_VAILLY,t0830,41.739
MEYRIN_GRAVIERE,CAROUGE_GE_ANCIENNE,t0700,0.0
MEYRIN_GRAVIERE,CAROUGE_GE_ANCIENNE,t0730,0.0
MEYRIN_GRAVIERE,CAROUGE_GE_ANCIENNE,t0800,0.0
MEYRIN_GRAVIERE,CAROUGE_GE_ANCIENNE,t0830,0.0
MEYRIN_GRAVIERE,CAROUGE_GE_ARMES,t0700,0.0
MEYRIN_GRAVIERE,CAROUGE_GE_ARMES,t0730,0.0
MEYRIN_GRAVIERE,CAROUGE_GE_ARMES,t0800,0.0
MEYRIN_GRAVIERE,CAROUGE_GE_ARMES,t0830,0.0
MEYRIN_GRAVIERE,CAROUGE_GE_MARCHE,t0700,0.0
MEYRIN_GRAVIERE,CAROUGE_GE_MARCHE,t0730,0.0
MEYRIN_GRAVIERE,CAROUGE_GE_MARCHE,t0800,0.0
MEYRIN_GRAVIERE,CAROUGE_GE_MARCHE,t0830,0.0
MEYRIN_GRAVIERE,CAROUGE_GE_RONDEAU,t0700,0.0
MEYRIN_GRAVIERE,CAROUGE_GE_RONDEAU,t0730,0.0
MEYRIN_GRAVIERE,CAROUGE_GE_RONDEAU,t0800,0.0
MEYRIN_GRAVIERE,CAROUGE_GE_RONDEAU,t0830,0.0
MEYRIN_GRAVIERE,CHENE_BOUGERIES_GRANGETTES,t0700,0.0
MEYRIN_GRAVIERE,CHENE_BOUGERIES_GRANGETTES,t0730,0.0
MEYRIN_GRAVIERE,CHENE_BOUGERIES_GRANGETTES,t0800,0.0
MEYRIN_GRAVIERE,CHENE_BOUGERIES_GRANGETTES,t0830,0.0
MEYRIN_GRAVIERE,CHENE_BOUGERIES_GRANGE_CANAL,t0700,0.0
MEYRIN_GRAVIERE,CHENE_BOUGERIES_GRANGE_CANAL,t0730,0.0
MEYRIN_GRAVIERE,CHENE_BOUGERIES_GRANGE_CANAL,t0800,0.0
MEYRIN_GRAVIERE,CHENE_BOUGERIES_GRANGE_CANAL,t0830,0.0
MEYRIN_GRAVIERE,CHENE_BOUGERIES_GRANGE_FALQUET,t0700,0.0
MEYRIN_GRAVIERE,CHENE_BOUGERIES_GRANGE_FALQUET,t0730,0.0
MEYRIN_GRAVIERE,CHENE_BOUGERIES_GRANGE_FALQUET,t0800,0.0
MEYRIN_GRAVIERE,CHENE_BOUGERIES_GRANGE_FALQUET,t0830,0.0
MEYRIN_GRAVIERE,CHENE_BOURG_PEILLONNEX,t0700,0.0
MEYRIN_GRAVIERE,CHENE_BOURG_PEILLONNEX,t0730,0.0
MEYRIN_GRAVIERE,CHENE_BOURG_PEILLONNEX,t0800,0.0
MEYRIN_GRAVIERE,CHENE_BOURG_PEILLONNEX,t0830,0.0
MEYRIN_GRAVIERE,CHENE_BOURG_PLACE_FAVRE,t0700,0.0
MEYRIN_GRAVIERE,CHENE_BOURG_PLACE_FAVRE,t0730,0.0
MEYRIN_GRAVIERE,CHENE_BOURG_PLACE_FAVRE,t0800,0.0
MEYRIN_GRAVIERE,CHENE_BOURG_PLACE_FAVRE,t0830,0.0
MEYRIN_GRAVIERE,CONFIGNON_CROISEE,t0700,0.0
MEYRIN_GRAVIERE,CONFIGNON_CROISEE,t0730,0.0
MEYRIN_GRAVIERE,CONFIGNON_CROISEE,t0800,0.0
MEYRIN_GRAVIERE,CONFIGNON_CROISEE,t0830,0.0
MEYRIN_GRAVIERE,CONFIGNON_LA_DODE,t0700,0.0
MEYRIN_GRAVIERE,CONFIGNON_LA_DODE,t0730,0.0
MEYRIN_GRAVIERE,CONFIGNON_LA_DODE,t0800,0.0
MEYRIN_GRAVIERE,CONFIGNON_LA_DODE,t0830,0.0
MEYRIN_GRAVIERE,GENEVE_AMANDOLIER,t0700,0.0
MEYRIN_GRAVIERE,GENEVE_AMANDOLIER,t0730,0.0
MEYRIN_GRAVIERE,GENEVE_AMANDOLIER,t0800,0.0
MEYRIN_GRAVIERE,GENEVE_AMANDOLIER,t0830,0.0
MEYRIN_GRAVIERE,GENEVE_AUGUSTINS,t0700,0.0
MEYRIN_GRAVIERE,GENEVE_AUGUSTINS,t0730,0.0
MEYRIN_GRAVIERE,GENEVE_AUGUSTINS,t0800,0.0
MEYRIN_GRAVIERE,GENEVE_AUGUSTINS,t0830,0.0
MEYRIN_GRAVIERE,GENEVE_BEL_AIR,t0700,0.0
MEYRIN_GRAVIERE,GENEVE_BEL_AIR,t0730,0.0
MEYRIN_GRAVIERE,GENEVE_BEL_AIR,t0800,0.0
MEYRIN_GRAVIERE,GENEVE_BEL_AIR,t0830,0.0
MEYRIN_GRAVIERE,GENEVE_BLANCHE,t0700,0.0
MEYRIN_GRAVIERE,GENEVE_BLANCHE,t0730,0.0
MEYRIN_GRAVIERE,GENEVE_BLANCHE,t0800,0.0
MEYRIN_GRAVIERE,GENEVE_BLANCHE,t0830,0.0
MEYRIN_GRAVIERE,GENEVE_COUTANCE,t0700,0.0
MEYRIN_GRAVIERE,GENEVE_COUTANCE,t0730,0.0
MEYRIN_GRAVIERE,GENEVE_COUTANCE,t0800,0.0
MEYRIN_GRAVIERE,GENEVE_COUTANCE,t0830,0.0
MEYRIN_GRAVIERE,GENEVE_EAUX_VIVES_GARE,t0700,0.0
MEYRIN_GRAVIERE,GENEVE_EAUX_VIVES_GARE,t0730,0.0
MEYRIN_GRAVIERE,GENEVE_EAUX_VIVES_GARE,t0800,0.0
MEYRIN_GRAVIERE,GENEVE_EAUX_VIVES_GARE,t0830,0.0
MEYRIN_GRAVIERE,GENEVE_GARE_CORNAVIN,t0700,0.0
MEYRIN_GRAVIERE,GENEVE_GARE_CORNAVIN,t0730,0.0
MEYRIN_GRAVIERE,GENEVE_GARE_CORNAVIN,t0800,0.0
MEYRIN_GRAVIERE,GENEVE_GARE_CORNAVIN,t0830,0.0
MEYRIN_GRAVIERE,GENEVE_JONCTION,t0700,0.0
MEYRIN_GRAVIERE,GENEVE_JONCTION,t0730,0.0
MEYRIN_GRAVIERE,GENEVE_JONCTION,t0800,0.0
MEYRIN_GRAVIERE,GENEVE_JONCTION,t0830,0.0
MEYRIN_GRAVIERE,GENEVE_LYON,t0700,0.0
MEYRIN_GRAVIERE,GENEVE_LYON,t0730,0.0
MEYRIN_GRAVIERE,GENEVE_LYON,t0800,0.0
MEYRIN_GRAVIERE,GENEVE_LYON,t0830,0.0
MEYRIN_GRAVIERE,GENEVE_MOLARD,t0700,0.0
MEYRIN_GRAVIERE,GENEVE_MOLARD,t0730,0.0
MEYRIN_GRAVIERE,GENEVE_MOLARD,t0800,0.0
MEYRIN_GRAVIERE,GENEVE_MOLARD,t0830,0.0
MEYRIN_GRAVIERE,GENEVE_PALLADIUM,t0700,0.0
MEYRIN_GRAVIERE,GENEVE_PALLADIUM,t0730,0.0
MEYRIN_GRAVIERE,GENEVE_PALLADIUM,t0800,0.0
MEYRIN_GRAVIERE,GENEVE_PALLADIUM,t0830,0.0
MEYRIN_GRAVIERE,GENEVE_PLACE_DE_NEUVE,t0700,0.0
MEYRIN_GRAVIERE,GENEVE_PLACE_DE_NEUVE,t0730,0.0
MEYRIN_GRAVIERE,GENEVE_PLACE_DE_NEUVE,t0800,0.0
MEYRIN_GRAVIERE,GENEVE_PLACE_DE_NEUVE,t0830,0.0
MEYRIN_GRAVIERE,GENEVE_PLAINPALAIS,t0700,0.0
MEYRIN_GRAVIERE,GENEVE_PLAINPALAIS,t0730,0.0
MEYRIN_GRAVIERE,GENEVE_PLAINPALAIS,t0800,0.0
MEYRIN_GRAVIERE,GENEVE_PLAINPALAIS,t0830,0.0
MEYRIN_GRAVIERE,GENEVE_PONT_D_ARVE,t0700,0.0
MEYRIN_GRAVIERE,GENEVE_PONT_D_ARVE,t0730,0.0
MEYRIN_GRAVIERE,GENEVE_PONT_D_ARVE,t0800,0.0
MEYRIN_GRAVIERE,GENEVE_PONT_D_ARVE,t0830,0.0
MEYRIN_GRAVIERE,GENEVE_POTERIE,t0700,0.0
MEYRIN_GRAVIERE,GENEVE_POTERIE,t0730,0.0
MEYRIN_GRAVIERE,GENEVE_POTERIE,t0800,0.0
MEYRIN_GRAVIERE,GENEVE_POTERIE,t0830,0.0
MEYRIN_GRAVIERE,GENEVE_RIVE,t0700,0.0
MEYRIN_GRAVIERE,GENEVE_RIVE,t0730,0.0
MEYRIN_GRAVIERE,GENEVE_RIVE,t0800,0.0
MEYRIN_GRAVIERE,GENEVE_RIVE,t0830,0.0
MEYRIN_GRAVIERE,GENEVE_SERVETTE,t0700,0.0
MEYRIN_GRAVIERE,GENEVE_SERVETTE,t0730,0.0
MEYRIN_GRAVIERE,GENEVE_SERVETTE,t0800,0.0
MEYRIN_GRAVIERE,GENEVE_SERVETTE,t0830,0.0
MEYRIN_GRAVIERE,GENEVE_STAND,t0700,0.0
MEYRIN_GRAVIERE,GENEVE_STAND,t0730,0.0
MEYRIN_GRAVIERE,GENEVE_STAND,t0800,0.0
MEYRIN_GRAVIERE,GENEVE_STAND,t0830,0.0
MEYRIN_GRAVIERE,GENEVE_TERRASSIERE,t0700,0.0
MEYRIN_GRAVIERE,GENEVE_TERRASSIERE,t0730,0.0
MEYRIN_GRAVIERE,GENEVE_TERRASSIERE,t0800,0.0
MEYRIN_GRAVIERE,GENEVE_TERRASSIERE,t0830,0.0
MEYRIN_GRAVIERE,GENEVE_VIEUSSEUX,t0700,0.0
MEYRIN_GRAVIERE,GENEVE_VIEUSSEUX,t0730,0.0
MEYRIN_GRAVIERE,GENEVE_VIEUSSEUX,t0800,0.0
MEYRIN_GRAVIERE,GENEVE_VIEUSSEUX,t0830,0.0
MEYRIN_GRAVIERE,GENEVE_VILLEREUSE,t0700,0.0
MEYRIN_GRAVIERE,GENEVE_VILLEREUSE,t0730,0.0
MEYRIN_GRAVIERE,GENEVE_VILLEREUSE,t0800,0.0
MEYRIN_GRAVIERE,GENEVE_VILLEREUSE,t0830,0.0
MEYRIN_GRAVIERE,GRAND_LANCY_DE_STAEL,t0700,0.0
MEYRIN_GRAVIERE,GRAND_LANCY_DE_STAEL,t0730,0.0
MEYRIN_GRAVIERE,GRAND_LANCY_DE_STAEL,t0800,0.0
MEYRIN_GRAVIERE,GRAND_LANCY_DE_STAEL,t0830,0.0
MEYRIN_GRAVIERE,GRAND_LANCY_PALETTES,t0700,0.0
MEYRIN_GRAVIERE,GRAND_LANCY_PALETTES,t0730,0.0
MEYRIN_GRAVIERE,GRAND_LANCY_PALETTES,t0800,0.0
MEYRIN_GRAVIERE,GRAND_LANCY_PALETTES,t0830,0.0
MEYRIN_GRAVIERE,GRAND_LANCY_PONTETS,t0700,0.0
MEYRIN_GRAVIERE,GRAND_LANCY_PONTETS,t0730,0.0
MEYRIN_GRAVIERE,GRAND_LANCY_PONTETS,t0800,0.0
MEYRIN_GRAVIERE,GRAND_LANCY_PONTETS,t0830,0.0
MEYRIN_GRAVIERE,LANCY_BACHET_GARE,t0700,0.0
MEYRIN_GRAVIERE,LANCY_BACHET_GARE,t0730,0.0
MEYRIN_GRAVIERE,LANCY_BACHET_GARE,t0800,0.0
MEYRIN_GRAVIERE,LANCY_BACHET_GARE,t0830,0.0
MEYRIN_GRAVIERE,MEYRIN_BOIS_DU_LAN,t0700,0.0
MEYRIN_GRAVIERE,MEYRIN_BOIS_DU_LAN,t0730,0.0
MEYRIN_GRAVIERE,MEYRIN_BOIS_DU_LAN,t0800,0.0
MEYRIN_GRAVIERE,MEYRIN_BOIS_DU_LAN,t0830,0.0
MEYRIN_GRAVIERE,MEYRIN_CERN,t0700,0.0
MEYRIN_GRAVIERE,MEYRIN_CERN,t0730,0.0
MEYRIN_GRAVIERE,MEYRIN_CERN,t0800,0.0
MEYRIN_GRAVIERE,MEYRIN_CERN,t0830,0.0
MEYRIN_GRAVIERE,MEYRIN_FORUMEYRIN,t0700,0.0
MEYRIN_GRAVIERE,MEYRIN_FORUMEYRIN,t0730,0.0
MEYRIN_GRAVIERE,MEYRIN_FORUMEYRIN,t0800,0.0
MEYRIN_GRAVIERE,MEYRIN_FORUMEYRIN,t0830,0.0
MEYRIN_GRAVIERE,MEYRIN_HOPITAL_DE_LA_TOUR,t0700,0.0
MEYRIN_GRAVIERE,MEYRIN_HOPITAL_DE_LA_TOUR,t0730,0.0
MEYRIN_GRAVIERE,MEYRIN_HOPITAL_DE_LA_TOUR,t0800,0.0
MEYRIN_GRAVIERE,MEYRIN_HOPITAL_DE_LA_TOUR,t0830,0.0
MEYRIN_GRAVIERE,MEYRIN_JARDIN_ALPIN_VIVARIUM,t0700,0.0
MEYRIN_GRAVIERE,MEYRIN_JARDIN_ALPIN_VIVARIUM,t0730,0.0
MEYRIN_GRAVIERE,MEYRIN_JARDIN_ALPIN_VIVARIUM,t0800,0.0
MEYRIN_GRAVIERE,MEYRIN_JARDIN_ALPIN_VIVARIUM,t0830,0.0
MEYRIN_GRAVIERE,MEYRIN_MAISONNEX,t0700,0.0
MEYRIN_GRAVIERE,MEYRIN_MAISONNEX,t0730,0.0
MEYRIN_GRAVIERE,MEYRIN_MAISONNEX,t0800,0.0
MEYRIN_GRAVIERE,MEYRIN_MAISONNEX,t0830,0.0
MEYRIN_GRAVIERE,MEYRIN_VAUDAGNE,t0700,0.0
MEYRIN_GRAVIERE,MEYRIN_VAUDAGNE,t0730,0.0
MEYRIN_GRAVIERE,MEYRIN_VAUDAGNE,t0800,0.0
MEYRIN_GRAVIERE,MEYRIN_VAUDAGNE,t0830,0.0
MEYRIN_GRAVIERE,MEYRIN_VILLAGE,t0700,0.0
MEYRIN_GRAVIERE,MEYRIN_VILLAGE,t0730,0.0
MEYRIN_GRAVIERE,MEYRIN_VILLAGE,t0800,0.0
MEYRIN_GRAVIERE,MEYRIN_VILLAGE,t0830,0.0
MEYRIN_GRAVIERE,ONEX_BANDOL,t0700,0.0
MEYRIN_GRAVIERE,ONEX_BANDOL,t0730,0.0
MEYRIN_GRAVIERE,ONEX_BANDOL,t0800,0.0
MEYRIN_GRAVIERE,ONEX_BANDOL,t0830,0.0
MEYRIN_GRAVIERE,ONEX_SALLE_COMMUNALE,t0700,0.0
MEYRIN_GRAVIERE,ONEX_SALLE_COMMUNALE,t0730,0.0
MEYRIN_GRAVIERE,ONEX_SALLE_COMMUNALE,t0800,0.0
MEYRIN_GRAVIERE,ONEX_SALLE_COMMUNALE,t0830,0.0
MEYRIN_GRAVIERE,PETIT_LANCY_LES_ESSERTS,t0700,9.6
MEYRIN_GRAVIERE,PETIT_LANCY_LES_ESSERTS,t0730,40.0
MEYRIN_GRAVIERE,PETIT_LANCY_LES_ESSERTS,t0800,32.8
MEYRIN_GRAVIERE,PETIT_LANCY_LES_ESSERTS,t0830,10.4
MEYRIN_GRAVIERE,PETIT_LANCY_PLACE,t0700,0.0
MEYRIN_GRAVIERE,PETIT_LANCY_PLACE,t0730,0.0
MEYRIN_GRAVIERE,PETIT_LANCY_PLACE,t0800,0.0
MEYRIN_GRAVIERE,PETIT_LANCY_PLACE,t0830,0.0
MEYRIN_GRAVIERE,PETIT_LANCY_QUIDORT,t0700,0.0
MEYRIN_GRAVIERE,PETIT_LANCY_QUIDORT,t0730,0.0
MEYRIN_GRAVIERE,PETIT_LANCY_QUIDORT,t0800,0.0
MEYRIN_GRAVIERE,PETIT_LANCY_QUIDORT,t0830,0.0
MEYRIN_GRAVIERE,PLAN_LES_OUATES_TREFLE_BLANC,t0700,0.0
MEYRIN_GRAVIERE,PLAN_LES_OUATES_TREFLE_BLANC,t0730,0.0
MEYRIN_GRAVIERE,PLAN_LES_OUATES_TREFLE_BLANC,t0800,0.0
MEYRIN_GRAVIERE,PLAN_LES_OUATES_TREFLE_BLANC,t0830,0.0
MEYRIN_GRAVIERE,THONEX_GRAVESON,t0700,0.0
MEYRIN_GRAVIERE,THONEX_GRAVESON,t0730,0.0
MEYRIN_GRAVIERE,THONEX_GRAVESON,t0800,0.0
MEYRIN_GRAVIERE,THONEX_GRAVESON,t0830,0.0
MEYRIN_GRAVIERE,THONEX_MOILLESULAZ,t0700,0.0
MEYRIN_GRAVIERE,THONEX_MOILLESULAZ,t0730,0.0
MEYRIN_GRAVIERE,THONEX_MOILLESULAZ,t0800,0.0
MEYRIN_GRAVIERE,THONEX_MOILLESULAZ,t0830,0.0
MEYRIN_GRAVIERE,VERNIER_AVANCHETS_ETANG,t0700,0.0
MEYRIN_GRAVIERE,VERNIER_AVANCHETS_ETANG,t0730,0.0
MEYRIN_GRAVIERE,VERNIER_AVANCHETS_ETANG,t0800,0.0
MEYRIN_GRAVIERE,VERNIER_AVANCHETS_ETANG,t0830,0.0
MEYRIN_GRAVIERE,VERNIER_BALEXERT,t0700,0.0
MEYRIN_GRAVIERE,VERNIER_BALEXERT,t0730,0.0
MEYRIN_GRAVIERE,VERNIER_BALEXERT,t0800,0.0
MEYRIN_GRAVIERE,VERNIER_BALEXERT,t0830,0.0
MEYRIN_GRAVIERE,VERNIER_BLANDONNET,t0700,0.0
MEYRIN_GRAVIERE,VERNIER_BLANDONNET,t0730,0.0
MEYRIN_GRAVIERE,VERNIER_BLANDONNET,t0800,0.0
MEYRIN_GRAVIERE,VERNIER_BLANDONNET,t0830,0.0
MEYRIN_GRAVIERE,VERNIER_BOUCHET,t0700,0.0
MEYRIN_GRAVIERE,VERNIER_BOUCHET,t0730,0.0
MEYRIN_GRAVIERE,VERNIER_BOUCHET,t0800,0.0
MEYRIN_GRAVIERE,VERNIER_BOUCHET,t0830,0.0
MEYRIN_HOPITAL_DE_LA_TOUR,BERNEX_HAINARD,t0700,0.0
MEYRIN_HOPITAL_DE_LA_TOUR,BERNEX_HAINARD,t0730,0.0
MEYRIN_HOPITAL_DE_LA_TOUR,BERNEX_HAINARD,t0800,0.0
MEYRIN_HOPITAL_DE_LA_TOUR,BERNEX_HAINARD,t0830,0.0
MEYRIN_HOPITAL_DE_LA_TOUR,BERNEX_LUCHEPELET,t0700,0.0
MEYRIN_HOPITAL_DE_LA_TOUR,BERNEX_LUCHEPELET,t0730,0.0
MEYRIN_HOPITAL_DE_LA_TOUR,BERNEX_LUCHEPELET,t0800,0.0
MEYRIN_HOPITAL_DE_LA_TOUR,BERNEX_LUCHEPELET,t0830,0.0
MEYRIN_HOPITAL_DE_LA_TOUR,BERNEX_PRE_MARAIS,t0700,0.0
MEYRIN_HOPITAL_DE_LA_TOUR,BERNEX_PRE_MARAIS,t0730,0.0
MEYRIN_HOPITAL_DE_LA_TOUR,BERNEX_PRE_MARAIS,t0800,0.0
MEYRIN_HOPITAL_DE_LA_TOUR,BERNEX_PRE_MARAIS,t0830,0.0
MEYRIN_HOPITAL_DE_LA_TOUR,BERNEX_P_R,t0700,0.0
MEYRIN_HOPITAL_DE_LA_TOUR,BERNEX_P_R,t0730,0.0
MEYRIN_HOPITAL_DE_LA_TOUR,BERNEX_P_R,t0800,0.0
MEYRIN_HOPITAL_DE_LA_TOUR,BERNEX_P_R,t0830,0.0
MEYRIN_HOPITAL_DE_LA_TOUR,BERNEX_VAILLY,t0700,0.0
MEYRIN_HOPITAL_DE_LA_TOUR,BERNEX_VAILLY,t0730,0.0
MEYRIN_HOPITAL_DE_LA_TOUR,BERNEX_VAILLY,t0800,0.0
MEYRIN_HOPITAL_DE_LA_TOUR,BERNEX_VAILLY,t0830,0.0
MEYRIN_HOPITAL_DE_LA_TOUR,CAROUGE_GE_ANCIENNE,t0700,0.0
MEYRIN_HOPITAL_DE_LA_TOUR,CAROUGE_GE_ANCIENNE,t0730,0.0
MEYRIN_HOPITAL_DE_LA_TOUR,CAROUGE_GE_ANCIENNE,t0800,0.0
MEYRIN_HOPITAL_DE_LA_TOUR,CAROUGE_GE_ANCIENNE,t0830,0.0
MEYRIN_HOPITAL_DE_LA_TOUR,CAROUGE_GE_ARMES,t0700,0.0
MEYRIN_HOPITAL_DE_LA_TOUR,CAROUGE_GE_ARMES,t0730,0.0
MEYRIN_HOPITAL_DE_LA_TOUR,CAROUGE_GE_ARMES,t0800,0.0
MEYRIN_HOPITAL_DE_LA_TOUR,CAROUGE_GE_ARMES,t0830,0.0
MEYRIN_HOPITAL_DE_LA_TOUR,CAROUGE_GE_MARCHE,t0700,0.0
MEYRIN_HOPITAL_DE_LA_TOUR,CAROUGE_GE_MARCHE,t0730,0.0
MEYRIN_HOPITAL_DE_LA_TOUR,CAROUGE_GE_MARCHE,t0800,0.0
MEYRIN_HOPITAL_DE_LA_TOUR,CAROUGE_GE_MARCHE,t0830,0.0
MEYRIN_HOPITAL_DE_LA_TOUR,CAROUGE_GE_RONDEAU,t0700,0.0
MEYRIN_HOPITAL_DE_LA_TOUR,CAROUGE_GE_RONDEAU,t0730,0.0
MEYRIN_HOPITAL_DE_LA_TOUR,CAROUGE_GE_RONDEAU,t0800,0.0
MEYRIN_HOPITAL_DE_LA_TOUR,CAROUGE_GE_RONDEAU,t0830,0.0
MEYRIN_HOPITAL_DE_LA_TOUR,CHENE_BOUGERIES_GRANGETTES,t0700,0.0
MEYRIN_HOPITAL_DE_LA_TOUR,CHENE_BOUGERIES_GRANGETTES,t0730,0.0
MEYRIN_HOPITAL_DE_LA_TOUR,CHENE_BOUGERIES_GRANGETTES,t0800,0.0
MEYRIN_HOPITAL_DE_LA_TOUR,CHENE_BOUGERIES_GRANGETTES,t0830,0.0
MEYRIN_HOPITAL_DE_LA_TOUR,CHENE_BOUGERIES_GRANGE_CANAL,t0700,0.0
MEYRIN_HOPITAL_DE_LA_TOUR,CHENE_BOUGERIES_GRANGE_CANAL,t0730,0.0
MEYRIN_HOPITAL_DE_LA_TOUR,CHENE_BOUGERIES_GRANGE_CANAL,t0800,0.0
MEYRIN_HOPITAL_DE_LA_TOUR,CHENE_BOUGERIES_GRANGE_CANAL,t0830,0.0
MEYRIN_HOPITAL_DE_LA_TOUR,CHENE_BOUGERIES_GRANGE_FALQUET,t0700,0.0
MEYRIN_HOPITAL_DE_LA_TOUR,CHENE_BOUGERIES_GRANGE_FALQUET,t0730,0.0
MEYRIN_HOPITAL_DE_LA_TOUR,CHENE_BOUGERIES_GRANGE_FALQUET,t0800,0.0
MEYRIN_HOPITAL_DE_LA_TOUR,CHENE_BOUGERIES_GRANGE_FALQUET,t0830,0.0
MEYRIN_HOPITAL_DE_LA_TOUR,CHENE_BOURG_PEILLONNEX,t0700,0.0
MEYRIN_HOPITAL_DE_LA_TOUR,CHENE_BOURG_PEILLONNEX,t0730,0.0
MEYRIN_HOPITAL_DE_LA_TOUR,CHENE_BOURG_PEILLONNEX,t0800,0.0
MEYRIN_HOPITAL_DE_LA_TOUR,CHENE_BOURG_PEILLONNEX,t0830,0.0
MEYRIN_HOPITAL_DE_LA_TOUR,CHENE_BOURG_PLACE_FAVRE,t0700,0.0
MEYRIN_HOPITAL_DE_LA_TOUR,CHENE_BOURG_PLACE_FAVRE,t0730,0.0
MEYRIN_HOPITAL_DE_LA_TOUR,CHENE_BOURG_PLACE_FAVRE,t0800,0.0
MEYRIN_HOPITAL_DE_LA_TOUR,CHENE_BOURG_PLACE_FAVRE,t0830,0.0
MEYRIN_HOPITAL_DE_LA_TOUR,CONFIGNON_CROISEE,t0700,0.0
MEYRIN_HOPITAL_DE_LA_TOUR,CONFIGNON_CROISEE,t0730,0.0
MEYRIN_HOPITAL_DE_LA_TOUR,CONFIGNON_CROISEE,t0800,0.0
MEYRIN_HOPITAL_DE_LA_TOUR,CONFIGNON_CROISEE,t0830,0.0
MEYRIN_HOPITAL_DE_LA_TOUR,CONFIGNON_LA_DODE,t0700,0.0
MEYRIN_HOPITAL_DE_LA_TOUR,CONFIGNON_LA_DODE,t0730,0.0
MEYRIN_HOPITAL_DE_LA_TOUR,CONFIGNON_LA_DODE,t0800,0.0
MEYRIN_HOPITAL_DE_LA_TOUR,CONFIGNON_LA_DODE,t0830,0.0
MEYRIN_HOPITAL_DE_LA_TOUR,GENEVE_AMANDOLIER,t0700,0.0
MEYRIN_HOPITAL_DE_LA_TOUR,GENEVE_AMANDOLIER,t0730,0.0
MEYRIN_HOPITAL_DE_LA_TOUR,GENEVE_AMANDOLIER,t0800,0.0
MEYRIN_HOPITAL_DE_LA_TOUR,GENEVE_AMANDOLIER,t0830,0.0
MEYRIN_HOPITAL_DE_LA_TOUR,GENEVE_AUGUSTINS,t0700,0.0
MEYRIN_HOPITAL_DE_LA_TOUR,GENEVE_AUGUSTINS,t0730,0.0
MEYRIN_HOPITAL_DE_LA_TOUR,GENEVE_AUGUSTINS,t0800,0.0
MEYRIN_HOPITAL_DE_LA_TOUR,GENEVE_AUGUSTINS,t0830,0.0
MEYRIN_HOPITAL_DE_LA_TOUR,GENEVE_BEL_AIR,t0700,0.0
MEYRIN_HOPITAL_DE_LA_TOUR,GENEVE_BEL_AIR,t0730,0.0
MEYRIN_HOPITAL_DE_LA_TOUR,GENEVE_BEL_AIR,t0800,0.0
MEYRIN_HOPITAL_DE_LA_TOUR,GENEVE_BEL_AIR,t0830,0.0
MEYRIN_HOPITAL_DE_LA_TOUR,GENEVE_BLANCHE,t0700,0.0
MEYRIN_HOPITAL_DE_LA_TOUR,GENEVE_BLANCHE,t0730,0.0
MEYRIN_HOPITAL_DE_LA_TOUR,GENEVE_BLANCHE,t0800,0.0
MEYRIN_HOPITAL_DE_LA_TOUR,GENEVE_BLANCHE,t0830,0.0
MEYRIN_HOPITAL_DE_LA_TOUR,GENEVE_COUTANCE,t0700,0.0
MEYRIN_HOPITAL_DE_LA_TOUR,GENEVE_COUTANCE,t0730,0.0
MEYRIN_HOPITAL_DE_LA_TOUR,GENEVE_COUTANCE,t0800,0.0
MEYRIN_HOPITAL_DE_LA_TOUR,GENEVE_COUTANCE,t0830,0.0
MEYRIN_HOPITAL_DE_LA_TOUR,GENEVE_EAUX_VIVES_GARE,t0700,0.0
MEYRIN_HOPITAL_DE_LA_TOUR,GENEVE_EAUX_VIVES_GARE,t0730,0.0
MEYRIN_HOPITAL_DE_LA_TOUR,GENEVE_EAUX_VIVES_GARE,t0800,0.0
MEYRIN_HOPITAL_DE_LA_TOUR,GENEVE_EAUX_VIVES_GARE,t0830,0.0
MEYRIN_HOPITAL_DE_LA_TOUR,GENEVE_GARE_CORNAVIN,t0700,0.0
MEYRIN_HOPITAL_DE_LA_TOUR,GENEVE_GARE_CORNAVIN,t0730,0.0
MEYRIN_HOPITAL_DE_LA_TOUR,GENEVE_GARE_CORNAVIN,t0800,0.0
MEYRIN_HOPITAL_DE_LA_TOUR,GENEVE_GARE_CORNAVIN,t0830,0.0
MEYRIN_HOPITAL_DE_LA_TOUR,GENEVE_JONCTION,t0700,0.0
MEYRIN_HOPITAL_DE_LA_TOUR,GENEVE_JONCTION,t0730,0.0
MEYRIN_HOPITAL_DE_LA_TOUR,GENEVE_JONCTION,t0800,0.0
MEYRIN_HOPITAL_DE_LA_TOUR,GENEVE_JONCTION,t0830,0.0
MEYRIN_HOPITAL_DE_LA_TOUR,GENEVE_LYON,t0700,0.0
MEYRIN_HOPITAL_DE_LA_TOUR,GENEVE_LYON,t0730,0.0
MEYRIN_HOPITAL_DE_LA_TOUR,GENEVE_LYON,t0800,0.0
MEYRIN_HOPITAL_DE_LA_TOUR,GENEVE_LYON,t0830,0.0
MEYRIN_HOPITAL_DE_LA_TOUR,GENEVE_MOLARD,t0700,0.0
MEYRIN_HOPITAL_DE_LA_TOUR,GENEVE_MOLARD,t0730,0.0
MEYRIN_HOPITAL_DE_LA_TOUR,GENEVE_MOLARD,t0800,0.0
MEYRIN_HOPITAL_DE_LA_TOUR,GENEVE_MOLARD,t0830,0.0
MEYRIN_HOPITAL_DE_LA_TOUR,GENEVE_PALLADIUM,t0700,0.0
MEYRIN_HOPITAL_DE_LA_TOUR,GENEVE_PALLADIUM,t0730,0.0
MEYRIN_HOPITAL_DE_LA_TOUR,GENEVE_PALLADIUM,t0800,0.0
MEYRIN_HOPITAL_DE_LA_TOUR,GENEVE_PALLADIUM,t0830,0.0
MEYRIN_HOPITAL_DE_LA_TOUR,GENEVE_PLACE_DE_NEUVE,t0700,0.0
MEYRIN_HOPITAL_DE_LA_TOUR,GENEVE_PLACE_DE_NEUVE,t0730,0.0
MEYRIN_HOPITAL_DE_LA_TOUR,GENEVE_PLACE_DE_NEUVE,t0800,0.0
MEYRIN_HOPITAL_DE_LA_TOUR,GENEVE_PLACE_DE_NEUVE,t0830,0.0
MEYRIN_HOPITAL_DE_LA_TOUR,GENEVE_PLAINPALAIS,t0700,0.0
MEYRIN_HOPITAL_DE_LA_TOUR,GENEVE_PLAINPALAIS,t0730,0.0
MEYRIN_HOPITAL_DE_LA_TOUR,GENEVE_PLAINPALAIS,t0800,0.0
MEYRIN_HOPITAL_DE_LA_TOUR,GENEVE_PLAINPALAIS,t0830,0.0
MEYRIN_HOPITAL_DE_LA_TOUR,GENEVE_PONT_D_ARVE,t0700,0.0
MEYRIN_HOPITAL_DE_LA_TOUR,GENEVE_PONT_D_ARVE,t0730,0.0
MEYRIN_HOPITAL_DE_LA_TOUR,GENEVE_PONT_D_ARVE,t0800,0.0
MEYRIN_HOPITAL_DE_LA_TOUR,GENEVE_PONT_D_ARVE,t0830,0.0
MEYRIN_HOPITAL_DE_LA_TOUR,GENEVE_POTERIE,t0700,0.0
MEYRIN_HOPITAL_DE_LA_TOUR,GENEVE_POTERIE,t0730,0.0
MEYRIN_HOPITAL_DE_LA_TOUR,GENEVE_POTERIE,t0800,0.0
MEYRIN_HOPITAL_DE_LA_TOUR,GENEVE_POTERIE,t0830,0.0
MEYRIN_HOPITAL_DE_LA_TOUR,GENEVE_RIVE,t0700,0.0
MEYRIN_HOPITAL_DE_LA_TOUR,GENEVE_RIVE,t0730,0.0
MEYRIN_HOPITAL_DE_LA_TOUR,GENEVE_RIVE,t0800,0.0
MEYRIN_HOPITAL_DE_LA_TOUR,GENEVE_RIVE,t0830,0.0
MEYRIN_HOPITAL_DE_LA_TOUR,GENEVE_SERVETTE,t0700,0.0
MEYRIN_HOPITAL_DE_LA_TOUR,GENEVE_SERVETTE,t0730,0.0
MEYRIN_HOPITAL_DE_LA_TOUR,GENEVE_SERVETTE,t0800,0.0
MEYRIN_HOPITAL_DE_LA_TOUR,GENEVE_SERVETTE,t0830,0.0
MEYRIN_HOPITAL_DE_LA_TOUR,GENEVE_STAND,t0700,0.0
MEYRIN_HOPITAL_DE_LA_TOUR,GENEVE_STAND,t0730,0.0
MEYRIN_HOPITAL_DE_LA_TOUR,GENEVE_STAND,t0800,0.0
MEYRIN_HOPITAL_DE_LA_TOUR,GENEVE_STAND,t0830,0.0
MEYRIN_HOPITAL_DE_LA_TOUR,GENEVE_TERRASSIERE,t0700,0.0
MEYRIN_HOPITAL_DE_LA_TOUR,GENEVE_TERRASSIERE,t0730,0.0
MEYRIN_HOPITAL_DE_LA_TOUR,GENEVE_TERRASSIERE,t0800,0.0
MEYRIN_HOPITAL_DE_LA_TOUR,GENEVE_TERRASSIERE,t0830,0.0
MEYRIN_HOPITAL_DE_LA_TOUR,GENEVE_VIEUSSEUX,t0700,0.0
MEYRIN_HOPITAL_DE_LA_TOUR,GENEVE_VIEUSSEUX,t0730,0.0
MEYRIN_HOPITAL_DE_LA_TOUR,GENEVE_VIEUSSEUX,t0800,0.0
MEYRIN_HOPITAL_DE_LA_TOUR,GENEVE_VIEUSSEUX,t0830,0.0
MEYRIN_HOPITAL_DE_LA_TOUR,GENEVE_VILLEREUSE,t0700,0.0
MEYRIN_HOPITAL_DE_LA_TOUR,GENEVE_VILLEREUSE,t0730,0.0
MEYRIN_HOPITAL_DE_LA_TOUR,GENEVE_VILLEREUSE,t0800,0.0
MEYRIN_HOPITAL_DE_LA_TOUR,GENEVE_VILLEREUSE,t0830,0.0
MEYRIN_HOPITAL_DE_LA_TOUR,GRAND_LANCY_DE_STAEL,t0700,0.0
MEYRIN_HOPITAL_DE_LA_TOUR,GRAND_LANCY_DE_STAEL,t0730,0.0
MEYRIN_HOPITAL_DE_LA_TOUR,GRAND_LANCY_DE_STAEL,t0800,0.0
MEYRIN_HOPITAL_DE_LA_TOUR,GRAND_LANCY_DE_STAEL,t0830,0.0
MEYRIN_HOPITAL_DE_LA_TOUR,GRAND_LANCY_PALETTES,t0700,0.0
MEYRIN_HOPITAL_DE_LA_TOUR,GRAND_LANCY_PALETTES,t0730,0.0
MEYRIN_HOPITAL_DE_LA_TOUR,GRAND_LANCY_PALETTES,t0800,0.0
MEYRIN_HOPITAL_DE_LA_TOUR,GRAND_LANCY_PALETTES,t0830,0.0
MEYRIN_HOPITAL_DE_LA_TOUR,GRAND_LANCY_PONTETS,t0700,0.0
MEYRIN_HOPITAL_DE_LA_TOUR,GRAND_LANCY_PONTETS,t0730,0.0
MEYRIN_HOPITAL_DE_LA_TOUR,GRAND_LANCY_PONTETS,t0800,0.0
MEYRIN_HOPITAL_DE_LA_TOUR,GRAND_LANCY_PONTETS,t0830,0.0
MEYRIN_HOPITAL_DE_LA_TOUR,LANCY_BACHET_GARE,t0700,0.0
MEYRIN_HOPITAL_DE_LA_TOUR,LANCY_BACHET_GARE,t0730,0.0
MEYRIN_HOPITAL_DE_LA_TOUR,LANCY_BACHET_GARE,t0800,0.0
MEYRIN_HOPITAL_DE_LA_TOUR,LANCY_BACHET_GARE,t0830,0.0
MEYRIN_HOPITAL_DE_LA_TOUR,MEYRIN_BOIS_DU_LAN,t0700,0.0
MEYRIN_HOPITAL_DE_LA_TOUR,MEYRIN_BOIS_DU_LAN,t0730,0.0
MEYRIN_HOPITAL_DE_LA_TOUR,MEYRIN_BOIS_DU_LAN,t0800,0.0
MEYRIN_HOPITAL_DE_LA_TOUR,MEYRIN_BOIS_DU_LAN,t0830,0.0
MEYRIN_HOPITAL_DE_LA_TOUR,MEYRIN_CERN,t0700,0.0
MEYRIN_HOPITAL_DE_LA_TOUR,MEYRIN_CERN,t0730,0.0
MEYRIN_HOPITAL_DE_LA_TOUR,MEYRIN_CERN,t0800,0.0
MEYRIN_HOPITAL_DE_LA_TOUR,MEYRIN_CERN,t0830,0.0
MEYRIN_HOPITAL_DE_LA_TOUR,MEYRIN_FORUMEYRIN,t0700,0.0
MEYRIN_HOPITAL_DE_LA_TOUR,MEYRIN_FORUMEYRIN,t0730,0.0
MEYRIN_HOPITAL_DE_LA_TOUR,MEYRIN_FORUMEYRIN,t0800,0.0
MEYRIN_HOPITAL_DE_LA_TOUR,MEYRIN_FORUMEYRIN,t0830,0.0
MEYRIN_HOPITAL_DE_LA_TOUR,MEYRIN_GRAVIERE,t0700,0.0
MEYRIN_HOPITAL_DE_LA_TOUR,MEYRIN_GRAVIERE,t0730,0.0
MEYRIN_HOPITAL_DE_LA_TOUR,MEYRIN_GRAVIERE,t0800,0.0
MEYRIN_HOPITAL_DE_LA_TOUR,MEYRIN_GRAVIERE,t0830,0.0
MEYRIN_HOPITAL_DE_LA_TOUR,MEYRIN_JARDIN_ALPIN_VIVARIUM,t0700,0.0
MEYRIN_HOPITAL_DE_LA_TOUR,MEYRIN_JARDIN_ALPIN_VIVARIUM,t0730,0.0
MEYRIN_HOPITAL_DE_LA_TOUR,MEYRIN_JARDIN_ALPIN_VIVARIUM,t0800,0.0
MEYRIN_HOPITAL_DE_LA_TOUR,MEYRIN_JARDIN_ALPIN_VIVARIUM,t0830,0.0
MEYRIN_HOPITAL_DE_LA_TOUR,MEYRIN_MAISONNEX,t0700,0.0
MEYRIN_HOPITAL_DE_LA_TOUR,MEYRIN_MAISONNEX,t0730,0.0
MEYRIN_HOPITAL_DE_LA_TOUR,MEYRIN_MAISONNEX,t0800,0.0
MEYRIN_HOPITAL_DE_LA_TOUR,MEYRIN_MAISONNEX,t0830,0.0
MEYRIN_HOPITAL_DE_LA_TOUR,MEYRIN_VAUDAGNE,t0700,0.0
MEYRIN_HOPITAL_DE_LA_TOUR,MEYRIN_VAUDAGNE,t0730,0.0
MEYRIN_HOPITAL_DE_LA_TOUR,MEYRIN_VAUDAGNE,t0800,0.0
MEYRIN_HOPITAL_DE_LA_TOUR,MEYRIN_VAUDAGNE,t0830,0.0
MEYRIN_HOPITAL_DE_LA_TOUR,MEYRIN_VILLAGE,t0700,0.0
MEYRIN_HOPITAL_DE_LA_TOUR,MEYRIN_VILLAGE,t0730,0.0
MEYRIN_HOPITAL_DE_LA_TOUR,MEYRIN_VILLAGE,t0800,0.0
MEYRIN_HOPITAL_DE_LA_TOUR,MEYRIN_VILLAGE,t0830,0.0
MEYRIN_HOPITAL_DE_LA_TOUR,ONEX_BANDOL,t0700,0.0
MEYRIN_HOPITAL_DE_LA_TOUR,ONEX_BANDOL,t0730,0.0
MEYRIN_HOPITAL_DE_LA_TOUR,ONEX_BANDOL,t0800,0.0
MEYRIN_HOPITAL_DE_LA_TOUR,ONEX_BANDOL,t0830,0.0
MEYRIN_HOPITAL_DE_LA_TOUR,ONEX_SALLE_COMMUNALE,t0700,0.0
MEYRIN_HOPITAL_DE_LA_TOUR,ONEX_SALLE_COMMUNALE,t0730,0.0
MEYRIN_HOPITAL_DE_LA_TOUR,ONEX_SALLE_COMMUNALE,t0800,0.0
MEYRIN_HOPITAL_DE_LA_TOUR,ONEX_SALLE_COMMUNALE,t0830,0.0
MEYRIN_HOPITAL_DE_LA_TOUR,PETIT_LANCY_LES_ESSERTS,t0700,0.0
MEYRIN_HOPITAL_DE_LA_TOUR,PETIT_LANCY_LES_ESSERTS,t0730,0.0
MEYRIN_HOPITAL_DE_LA_TOUR,PETIT_LANCY_LES_ESSERTS,t0800,0.0
MEYRIN_HOPITAL_DE_LA_TOUR,PETIT_LANCY_LES_ESSERTS,t0830,0.0
MEYRIN_HOPITAL_DE_LA_TOUR,PETIT_LANCY_PLACE,t0700,0.0
MEYRIN_HOPITAL_DE_LA_TOUR,PETIT_LANCY_PLACE,t0730,0.0
MEYRIN_HOPITAL_DE_LA_TOUR,PETIT_LANCY_PLACE,t0800,0.0
MEYRIN_HOPITAL_DE_LA_TOUR,PETIT_LANCY_PLACE,t0830,0.0
MEYRIN_HOPITAL_DE_LA_TOUR,PETIT_LANCY_QUIDORT,t0700,0.0
MEYRIN_HOPITAL_DE_LA_TOUR,PETIT_LANCY_QUIDORT,t0730,0.0
MEYRIN_HOPITAL_DE_LA_TOUR,PETIT_LANCY_QUIDORT,t0800,0.0
MEYRIN_HOPITAL_DE_LA_TOUR,PETIT_LANCY_QUIDORT,t0830,0.0
MEYRIN_HOPITAL_DE_LA_TOUR,PLAN_LES_OUATES_TREFLE_BLANC,t0700,0.0
MEYRIN_HOPITAL_DE_LA_TOUR,PLAN_LES_OUATES_TREFLE_BLANC,t0730,0.0
MEYRIN_HOPITAL_DE_LA_TOUR,PLAN_LES_OUATES_TREFLE_BLANC,t0800,0.0
MEYRIN_HOPITAL_DE_LA_TOUR,PLAN_LES_OUATES_TREFLE_BLANC,t0830,0.0
MEYRIN_HOPITAL_DE_LA_TOUR,THONEX_GRAVESON,t0700,0.0
MEYRIN_HOPITAL_DE_LA_TOUR,THONEX_GRAVESON,t0730,0.0
MEYRIN_HOPITAL_DE_LA_TOUR,THONEX_GRAVESON,t0800,0.0
MEYRIN_HOPITAL_DE_LA_TOUR,THONEX_GRAVESON,t0830,0.0
MEYRIN_HOPITAL_DE_LA_TOUR,THONEX_MOILLESULAZ,t0700,0.0
MEYRIN_HOPITAL_DE_LA_TOUR,THONEX_MOILLESULAZ,t0730,0.0
MEYRIN_HOPITAL_DE_LA_TOUR,THONEX_MOILLESULAZ,t0800,0.0
MEYRIN_HOPITAL_DE_LA_TOUR,THONEX_MOILLESULAZ,t0830,0.0
MEYRIN_HOPITAL_DE_LA_TOUR,VERNIER_AVANCHETS_ETANG,t0700,0.0
MEYRIN_HOPITAL_DE_LA_TOUR,VERNIER_AVANCHETS_ETANG,t0730,0.0
MEYRIN_HOPITAL_DE_LA_TOUR,VERNIER_AVANCHETS_ETANG,t0800,0.0
MEYRIN_HOPITAL_DE_LA_TOUR,VERNIER_AVANCHETS_ETANG,t0830,0.0
MEYRIN_HOPITAL_DE_LA_TOUR,VERNIER_BALEXERT,t0700,0.0
MEYRIN_HOPITAL_DE_LA_TOUR,VERNIER_BALEXERT,t0730,0.0
MEYRIN_HOPITAL_DE_LA_TOUR,VERNIER_BALEXERT,t0800,0.0
MEYRIN_HOPITAL_DE_LA_TOUR,VERNIER_BALEXERT,t0830,0.0
MEYRIN_HOPITAL_DE_LA_TOUR,VERNIER_BLANDONNET,t0700,0.0
MEYRIN_HOPITAL_DE_LA_TOUR,VERNIER_BLANDONNET,t0730,0.0
MEYRIN_HOPITAL_DE_LA_TOUR,VERNIER_BLANDONNET,t0800,0.0
MEYRIN_HOPITAL_DE_LA_TOUR,VERNIER_BLANDONNET,t0830,0.0
MEYRIN_HOPITAL_DE_LA_TOUR,VERNIER_BOUCHET,t0700,0.0
MEYRIN_HOPITAL_DE_LA_TOUR,VERNIER_BOUCHET,t0730,0.0
MEYRIN_HOPITAL_DE_LA_TOUR,VERNIER_BOUCHET,t0800,0.0
MEYRIN_HOPITAL_DE_LA_TOUR,VERNIER_BOUCHET,t0830,0.0
MEYRIN_JARDIN_ALPIN_VIVARIUM,BERNEX_HAINARD,t0700,0.0
MEYRIN_JARDIN_ALPIN_VIVARIUM,BERNEX_HAINARD,t0730,0.0
MEYRIN_JARDIN_ALPIN_VIVARIUM,BERNEX_HAINARD,t0800,0.0
MEYRIN_JARDIN_ALPIN_VIVARIUM,BERNEX_HAINARD,t0830,0.0
MEYRIN_JARDIN_ALPIN_VIVARIUM,BERNEX_LUCHEPELET,t0700,0.0
MEYRIN_JARDIN_ALPIN_VIVARIUM,BERNEX_LUCHEPELET,t0730,0.0
MEYRIN_JARDIN_ALPIN_VIVARIUM,BERNEX_LUCHEPELET,t0800,0.0
MEYRIN_JARDIN_ALPIN_VIVARIUM,BERNEX_LUCHEPELET,t0830,0.0
MEYRIN_JARDIN_ALPIN_VIVARIUM,BERNEX_PRE_MARAIS,t0700,0.0
MEYRIN_JARDIN_ALPIN_VIVARIUM,BERNEX_PRE_MARAIS,t0730,0.0
MEYRIN_JARDIN_ALPIN_VIVARIUM,BERNEX_PRE_MARAIS,t0800,0.0
MEYRIN_JARDIN_ALPIN_VIVARIUM,BERNEX_PRE_MARAIS,t0830,0.0
MEYRIN_JARDIN_ALPIN_VIVARIUM,BERNEX_P_R,t0700,0.0
MEYRIN_JARDIN_ALPIN_VIVARIUM,BERNEX_P_R,t0730,0.0
MEYRIN_JARDIN_ALPIN_VIVARIUM,BERNEX_P_R,t0800,0.0
MEYRIN_JARDIN_ALPIN_VIVARIUM,BERNEX_P_R,t0830,0.0
MEYRIN_JARDIN_ALPIN_VIVARIUM,BERNEX_VAILLY,t0700,0.0
MEYRIN_JARDIN_ALPIN_VIVARIUM,BERNEX_VAILLY,t0730,0.0
MEYRIN_JARDIN_ALPIN_VIVARIUM,BERNEX_VAILLY,t0800,0.0
MEYRIN_JARDIN_ALPIN_VIVARIUM,BERNEX_VAILLY,t0830,0.0
MEYRIN_JARDIN_ALPIN_VIVARIUM,CAROUGE_GE_ANCIENNE,t0700,0.0
MEYRIN_JARDIN_ALPIN_VIVARIUM,CAROUGE_GE_ANCIENNE,t0730,0.0
MEYRIN_JARDIN_ALPIN_VIVARIUM,CAROUGE_GE_ANCIENNE,t0800,0.0
MEYRIN_JARDIN_ALPIN_VIVARIUM,CAROUGE_GE_ANCIENNE,t0830,0.0
MEYRIN_JARDIN_ALPIN_VIVARIUM,CAROUGE_GE_ARMES,t0700,0.0
MEYRIN_JARDIN_ALPIN_VIVARIUM,CAROUGE_GE_ARMES,t0730,0.0
MEYRIN_JARDIN_ALPIN_VIVARIUM,CAROUGE_GE_ARMES,t0800,0.0
MEYRIN_JARDIN_ALPIN_VIVARIUM,CAROUGE_GE_ARMES,t0830,0.0
MEYRIN_JARDIN_ALPIN_VIVARIUM,CAROUGE_GE_MARCHE,t0700,0.0
MEYRIN_JARDIN_ALPIN_VIVARIUM,CAROUGE_GE_MARCHE,t0730,0.0
MEYRIN_JARDIN_ALPIN_VIVARIUM,CAROUGE_GE_MARCHE,t0800,0.0
MEYRIN_JARDIN_ALPIN_VIVARIUM,CAROUGE_GE_MARCHE,t0830,0.0
MEYRIN_JARDIN_ALPIN_VIVARIUM,CAROUGE_GE_RONDEAU,t0700,0.0
MEYRIN_JARDIN_ALPIN_VIVARIUM,CAROUGE_GE_RONDEAU,t0730,0.0
MEYRIN_JARDIN_ALPIN_VIVARIUM,CAROUGE_GE_RONDEAU,t0800,0.0
MEYRIN_JARDIN_ALPIN_VIVARIUM,CAROUGE_GE_RONDEAU,t0830,0.0
MEYRIN_JARDIN_ALPIN_VIVARIUM,CHENE_BOUGERIES_GRANGETTES,t0700,0.0
MEYRIN_JARDIN_ALPIN_VIVARIUM,CHENE_BOUGERIES_GRANGETTES,t0730,0.0
MEYRIN_JARDIN_ALPIN_VIVARIUM,CHENE_BOUGERIES_GRANGETTES,t0800,0.0
MEYRIN_JARDIN_ALPIN_VIVARIUM,CHENE_BOUGERIES_GRANGETTES,t0830,0.0
MEYRIN_JARDIN_ALPIN_VIVARIUM,CHENE_BOUGERIES_GRANGE_CANAL,t0700,0.0
MEYRIN_JARDIN_ALPIN_VIVARIUM,CHENE_BOUGERIES_GRANGE_CANAL,t0730,0.0
MEYRIN_JARDIN_ALPIN_VIVARIUM,CHENE_BOUGERIES_GRANGE_CANAL,t0800,0.0
MEYRIN_JARDIN_ALPIN_VIVARIUM,CHENE_BOUGERIES_GRANGE_CANAL,t0830,0.0
MEYRIN_JARDIN_ALPIN_VIVARIUM,CHENE_BOUGERIES_GRANGE_FALQUET,t0700,0.0
MEYRIN_JARDIN_ALPIN_VIVARIUM,CHENE_BOUGERIES_GRANGE_FALQUET,t0730,0.0
MEYRIN_JARDIN_ALPIN_VIVARIUM,CHENE_BOUGERIES_GRANGE_FALQUET,t0800,0.0
MEYRIN_JARDIN_ALPIN_VIVARIUM,CHENE_BOUGERIES_GRANGE_FALQUET,t0830,0.0
MEYRIN_JARDIN_ALPIN_VIVARIUM,CHENE_BOURG_PEILLONNEX,t0700,0.0
MEYRIN_JARDIN_ALPIN_VIVARIUM,CHENE_BOURG_PEILLONNEX,t0730,0.0
MEYRIN_JARDIN_ALPIN_VIVARIUM,CHENE_BOURG_PEILLONNEX,t0800,0.0
MEYRIN_JARDIN_ALPIN_VIVARIUM,CHENE_BOURG_PEILLONNEX,t0830,0.0
MEYRIN_JARDIN_ALPIN_VIVARIUM,CHENE_BOURG_PLACE_FAVRE,t0700,0.0
MEYRIN_JARDIN_ALPIN_VIVARIUM,CHENE_BOURG_PLACE_FAVRE,t0730,0.0
MEYRIN_JARDIN_ALPIN_VIVARIUM,CHENE_BOURG_PLACE_FAVRE,t0800,0.0
MEYRIN_JARDIN_ALPIN_VIVARIUM,CHENE_BOURG_PLACE_FAVRE,t0830,0.0
MEYRIN_JARDIN_ALPIN_VIVARIUM,CONFIGNON_CROISEE,t0700,0.0
MEYRIN_JARDIN_ALPIN_VIVARIUM,CONFIGNON_CROISEE,t0730,0.0
MEYRIN_JARDIN_ALPIN_VIVARIUM,CONFIGNON_CROISEE,t0800,0.0
MEYRIN_JARDIN_ALPIN_VIVARIUM,CONFIGNON_CROISEE,t0830,0.0
MEYRIN_JARDIN_ALPIN_VIVARIUM,CONFIGNON_LA_DODE,t0700,0.0
MEYRIN_JARDIN_ALPIN_VIVARIUM,CONFIGNON_LA_DODE,t0730,0.0
MEYRIN_JARDIN_ALPIN_VIVARIUM,CONFIGNON_LA_DODE,t0800,0.0
MEYRIN_JARDIN_ALPIN_VIVARIUM,CONFIGNON_LA_DODE,t0830,0.0
MEYRIN_JARDIN_ALPIN_VIVARIUM,GENEVE_AMANDOLIER,t0700,0.0
MEYRIN_JARDIN_ALPIN_VIVARIUM,GENEVE_AMANDOLIER,t0730,0.0
MEYRIN_JARDIN_ALPIN_VIVARIUM,GENEVE_AMANDOLIER,t0800,0.0
MEYRIN_JARDIN_ALPIN_VIVARIUM,GENEVE_AMANDOLIER,t0830,0.0
MEYRIN_JARDIN_ALPIN_VIVARIUM,GENEVE_AUGUSTINS,t0700,0.0
MEYRIN_JARDIN_ALPIN_VIVARIUM,GENEVE_AUGUSTINS,t0730,0.0
MEYRIN_JARDIN_ALPIN_VIVARIUM,GENEVE_AUGUSTINS,t0800,0.0
MEYRIN_JARDIN_ALPIN_VIVARIUM,GENEVE_AUGUSTINS,t0830,0.0
MEYRIN_JARDIN_ALPIN_VIVARIUM,GENEVE_BEL_AIR,t0700,0.0
MEYRIN_JARDIN_ALPIN_VIVARIUM,GENEVE_BEL_AIR,t0730,0.0
MEYRIN_JARDIN_ALPIN_VIVARIUM,GENEVE_BEL_AIR,t0800,0.0
MEYRIN_JARDIN_ALPIN_VIVARIUM,GENEVE_BEL_AIR,t0830,0.0
MEYRIN_JARDIN_ALPIN_VIVARIUM,GENEVE_BLANCHE,t0700,0.0
MEYRIN_JARDIN_ALPIN_VIVARIUM,GENEVE_BLANCHE,t0730,0.0
MEYRIN_JARDIN_ALPIN_VIVARIUM,GENEVE_BLANCHE,t0800,0.0
MEYRIN_JARDIN_ALPIN_VIVARIUM,GENEVE_BLANCHE,t0830,0.0
MEYRIN_JARDIN_ALPIN_VIVARIUM,GENEVE_COUTANCE,t0700,0.0
MEYRIN_JARDIN_ALPIN_VIVARIUM,GENEVE_COUTANCE,t0730,0.0
MEYRIN_JARDIN_ALPIN_VIVARIUM,GENEVE_COUTANCE,t0800,0.0
MEYRIN_JARDIN_ALPIN_VIVARIUM,GENEVE_COUTANCE,t0830,0.0
MEYRIN_JARDIN_ALPIN_VIVARIUM,GENEVE_EAUX_VIVES_GARE,t0700,0.0
MEYRIN_JARDIN_ALPIN_VIVARIUM,GENEVE_EAUX_VIVES_GARE,t0730,0.0
MEYRIN_JARDIN_ALPIN_VIVARIUM,GENEVE_EAUX_VIVES_GARE,t0800,0.0
MEYRIN_JARDIN_ALPIN_VIVARIUM,GENEVE_EAUX_VIVES_GARE,t0830,0.0
MEYRIN_JARDIN_ALPIN_VIVARIUM,GENEVE_GARE_CORNAVIN,t0700,0.0
MEYRIN_JARDIN_ALPIN_VIVARIUM,GENEVE_GARE_CORNAVIN,t0730,0.0
MEYRIN_JARDIN_ALPIN_VIVARIUM,GENEVE_GARE_CORNAVIN,t0800,0.0
MEYRIN_JARDIN_ALPIN_VIVARIUM,GENEVE_GARE_CORNAVIN,t0830,0.0
MEYRIN_JARDIN_ALPIN_VIVARIUM,GENEVE_JONCTION,t0700,0.0
MEYRIN_JARDIN_ALPIN_VIVARIUM,GENEVE_JONCTION,t0730,0.0
MEYRIN_JARDIN_ALPIN_VIVARIUM,GENEVE_JONCTION,t0800,0.0
MEYRIN_JARDIN_ALPIN_VIVARIUM,GENEVE_JONCTION,t0830,0.0
MEYRIN_JARDIN_ALPIN_VIVARIUM,GENEVE_LYON,t0700,0.0
MEYRIN_JARDIN_ALPIN_VIVARIUM,GENEVE_LYON,t0730,0.0
MEYRIN_JARDIN_ALPIN_VIVARIUM,GENEVE_LYON,t0800,0.0
MEYRIN_JARDIN_ALPIN_VIVARIUM,GENEVE_LYON,t0830,0.0
MEYRIN_JARDIN_ALPIN_VIVARIUM,GENEVE_MOLARD,t0700,0.0
MEYRIN_JARDIN_ALPIN_VIVARIUM,GENEVE_MOLARD,t0730,0.0
MEYRIN_JARDIN_ALPIN_VIVARIUM,GENEVE_MOLARD,t0800,0.0
MEYRIN_JARDIN_ALPIN_VIVARIUM,GENEVE_MOLARD,t0830,0.0
MEYRIN_JARDIN_ALPIN_VIVARIUM,GENEVE_PALLADIUM,t0700,0.0
MEYRIN_JARDIN_ALPIN_VIVARIUM,GENEVE_PALLADIUM,t0730,0.0
MEYRIN_JARDIN_ALPIN_VIVARIUM,GENEVE_PALLADIUM,t0800,0.0
MEYRIN_JARDIN_ALPIN_VIVARIUM,GENEVE_PALLADIUM,t0830,0.0
MEYRIN_JARDIN_ALPIN_VIVARIUM,GENEVE_PLACE_DE_NEUVE,t0700,0.0
MEYRIN_JARDIN_ALPIN_VIVARIUM,GENEVE_PLACE_DE_NEUVE,t0730,0.0
MEYRIN_JARDIN_ALPIN_VIVARIUM,GENEVE_PLACE_DE_NEUVE,t0800,0.0
MEYRIN_JARDIN_ALPIN_VIVARIUM,GENEVE_PLACE_DE_NEUVE,t0830,0.0
MEYRIN_JARDIN_ALPIN_VIVARIUM,GENEVE_PLAINPALAIS,t0700,0.0
MEYRIN_JARDIN_ALPIN_VIVARIUM,GENEVE_PLAINPALAIS,t0730,0.0
MEYRIN_JARDIN_ALPIN_VIVARIUM,GENEVE_PLAINPALAIS,t0800,0.0
MEYRIN_JARDIN_ALPIN_VIVARIUM,GENEVE_PLAINPALAIS,t0830,0.0
MEYRIN_JARDIN_ALPIN_VIVARIUM,GENEVE_PONT_D_ARVE,t0700,0.0
MEYRIN_JARDIN_ALPIN_VIVARIUM,GENEVE_PONT_D_ARVE,t0730,0.0
MEYRIN_JARDIN_ALPIN_VIVARIUM,GENEVE_PONT_D_ARVE,t0800,0.0
MEYRIN_JARDIN_ALPIN_VIVARIUM,GENEVE_PONT_D_ARVE,t0830,0.0
MEYRIN_JARDIN_ALPIN_VIVARIUM,GENEVE_POTERIE,t0700,0.0
MEYRIN_JARDIN_ALPIN_VIVARIUM,GENEVE_POTERIE,t0730,0.0
MEYRIN_JARDIN_ALPIN_VIVARIUM,GENEVE_POTERIE,t0800,0.0
MEYRIN_JARDIN_ALPIN_VIVARIUM,GENEVE_POTERIE,t0830,0.0
MEYRIN_JARDIN_ALPIN_VIVARIUM,GENEVE_RIVE,t0700,0.0
MEYRIN_JARDIN_ALPIN_VIVARIUM,GENEVE_RIVE,t0730,0.0
MEYRIN_JARDIN_ALPIN_VIVARIUM,GENEVE_RIVE,t0800,0.0
MEYRIN_JARDIN_ALPIN_VIVARIUM,GENEVE_RIVE,t0830,0.0
MEYRIN_JARDIN_ALPIN_VIVARIUM,GENEVE_SERVETTE,t0700,0.0
MEYRIN_JARDIN_ALPIN_VIVARIUM,GENEVE_SERVETTE,t0730,0.0
MEYRIN_JARDIN_ALPIN_VIVARIUM,GENEVE_SERVETTE,t0800,0.0
MEYRIN_JARDIN_ALPIN_VIVARIUM,GENEVE_SERVETTE,t0830,0.0
MEYRIN_JARDIN_ALPIN_VIVARIUM,GENEVE_STAND,t0700,0.0
MEYRIN_JARDIN_ALPIN_VIVARIUM,GENEVE_STAND,t0730,0.0
MEYRIN_JARDIN_ALPIN_VIVARIUM,GENEVE_STAND,t0800,0.0
MEYRIN_JARDIN_ALPIN_VIVARIUM,GENEVE_STAND,t0830,0.0
MEYRIN_JARDIN_ALPIN_VIVARIUM,GENEVE_TERRASSIERE,t0700,0.0
MEYRIN_JARDIN_ALPIN_VIVARIUM,GENEVE_TERRASSIERE,t0730,0.0
MEYRIN_JARDIN_ALPIN_VIVARIUM,GENEVE_TERRASSIERE,t0800,0.0
MEYRIN_JARDIN_ALPIN_VIVARIUM,GENEVE_TERRASSIERE,t0830,0.0
MEYRIN_JARDIN_ALPIN_VIVARIUM,GENEVE_VIEUSSEUX,t0700,0.0
MEYRIN_JARDIN_ALPIN_VIVARIUM,GENEVE_VIEUSSEUX,t0730,0.0
MEYRIN_JARDIN_ALPIN_VIVARIUM,GENEVE_VIEUSSEUX,t0800,0.0
MEYRIN_JARDIN_ALPIN_VIVARIUM,GENEVE_VIEUSSEUX,t0830,0.0
MEYRIN_JARDIN_ALPIN_VIVARIUM,GENEVE_VILLEREUSE,t0700,0.0
MEYRIN_JARDIN_ALPIN_VIVARIUM,GENEVE_VILLEREUSE,t0730,0.0
MEYRIN_JARDIN_ALPIN_VIVARIUM,GENEVE_VILLEREUSE,t0800,0.0
MEYRIN_JARDIN_ALPIN_VIVARIUM,GENEVE_VILLEREUSE,t0830,0.0
MEYRIN_JARDIN_ALPIN_VIVARIUM,GRAND_LANCY_DE_STAEL,t0700,0.0
MEYRIN_JARDIN_ALPIN_VIVARIUM,GRAND_LANCY_DE_STAEL,t0730,0.0
MEYRIN_JARDIN_ALPIN_VIVARIUM,GRAND_LANCY_DE_STAEL,t0800,0.0
MEYRIN_JARDIN_ALPIN_VIVARIUM,GRAND_LANCY_DE_STAEL,t0830,0.0
MEYRIN_JARDIN_ALPIN_VIVARIUM,GRAND_LANCY_PALETTES,t0700,0.0
MEYRIN_JARDIN_ALPIN_VIVARIUM,GRAND_LANCY_PALETTES,t0730,0.0
MEYRIN_JARDIN_ALPIN_VIVARIUM,GRAND_LANCY_PALETTES,t0800,0.0
MEYRIN_JARDIN_ALPIN_VIVARIUM,GRAND_LANCY_PALETTES,t0830,0.0
MEYRIN_JARDIN_ALPIN_VIVARIUM,GRAND_LANCY_PONTETS,t0700,0.0
MEYRIN_JARDIN_ALPIN_VIVARIUM,GRAND_LANCY_PONTETS,t0730,0.0
MEYRIN_JARDIN_ALPIN_VIVARIUM,GRAND_LANCY_PONTETS,t0800,0.0
MEYRIN_JARDIN_ALPIN_VIVARIUM,GRAND_LANCY_PONTETS,t0830,0.0
MEYRIN_JARDIN_ALPIN_VIVARIUM,LANCY_BACHET_GARE,t0700,0.0
MEYRIN_JARDIN_ALPIN_VIVARIUM,LANCY_BACHET_GARE,t0730,0.0
MEYRIN_JARDIN_ALPIN_VIVARIUM,LANCY_BACHET_GARE,t0800,0.0
MEYRIN_JARDIN_ALPIN_VIVARIUM,LANCY_BACHET_GARE,t0830,0.0
MEYRIN_JARDIN_ALPIN_VIVARIUM,MEYRIN_BOIS_DU_LAN,t0700,0.0
MEYRIN_JARDIN_ALPIN_VIVARIUM,MEYRIN_BOIS_DU_LAN,t0730,0.0
MEYRIN_JARDIN_ALPIN_VIVARIUM,MEYRIN_BOIS_DU_LAN,t0800,0.0
MEYRIN_JARDIN_ALPIN_VIVARIUM,MEYRIN_BOIS_DU_LAN,t0830,0.0
MEYRIN_JARDIN_ALPIN_VIVARIUM,MEYRIN_CERN,t0700,0.0
MEYRIN_JARDIN_ALPIN_VIVARIUM,MEYRIN_CERN,t0730,0.0
MEYRIN_JARDIN_ALPIN_VIVARIUM,MEYRIN_CERN,t0800,0.0
MEYRIN_JARDIN_ALPIN_VIVARIUM,MEYRIN_CERN,t0830,0.0
MEYRIN_JARDIN_ALPIN_VIVARIUM,MEYRIN_FORUMEYRIN,t0700,0.0
MEYRIN_JARDIN_ALPIN_VIVARIUM,MEYRIN_FORUMEYRIN,t0730,0.0
MEYRIN_JARDIN_ALPIN_VIVARIUM,MEYRIN_FORUMEYRIN,t0800,0.0
MEYRIN_JARDIN_ALPIN_VIVARIUM,MEYRIN_FORUMEYRIN,t0830,0.0
MEYRIN_JARDIN_ALPIN_VIVARIUM,MEYRIN_GRAVIERE,t0700,0.0
MEYRIN_JARDIN_ALPIN_VIVARIUM,MEYRIN_GRAVIERE,t0730,0.0
MEYRIN_JARDIN_ALPIN_VIVARIUM,MEYRIN_GRAVIERE,t0800,0.0
MEYRIN_JARDIN_ALPIN_VIVARIUM,MEYRIN_GRAVIERE,t0830,0.0
MEYRIN_JARDIN_ALPIN_VIVARIUM,MEYRIN_HOPITAL_DE_LA_TOUR,t0700,0.0
MEYRIN_JARDIN_ALPIN_VIVARIUM,MEYRIN_HOPITAL_DE_LA_TOUR,t0730,0.0
MEYRIN_JARDIN_ALPIN_VIVARIUM,MEYRIN_HOPITAL_DE_LA_TOUR,t0800,0.0
MEYRIN_JARDIN_ALPIN_VIVARIUM,MEYRIN_HOPITAL_DE_LA_TOUR,t0830,0.0
MEYRIN_JARDIN_ALPIN_VIVARIUM,MEYRIN_MAISONNEX,t0700,0.0
MEYRIN_JARDIN_ALPIN_VIVARIUM,MEYRIN_MAISONNEX,t0730,0.0
MEYRIN_JARDIN_ALPIN_VIVARIUM,MEYRIN_MAISONNEX,t0800,0.0
MEYRIN_JARDIN_ALPIN_VIVARIUM,MEYRIN_MAISONNEX,t0830,0.0
MEYRIN_JARDIN_ALPIN_VIVARIUM,MEYRIN_VAUDAGNE,t0700,0.0
MEYRIN_JARDIN_ALPIN_VIVARIUM,MEYRIN_VAUDAGNE,t0730,0.0
MEYRIN_JARDIN_ALPIN_VIVARIUM,MEYRIN_VAUDAGNE,t0800,0.0
MEYRIN_JARDIN_ALPIN_VIVARIUM,MEYRIN_VAUDAGNE,t0830,0.0
MEYRIN_JARDIN_ALPIN_VIVARIUM,MEYRIN_VILLAGE,t0700,0.0
MEYRIN_JARDIN_ALPIN_VIVARIUM,MEYRIN_VILLAGE,t0730,0.0
MEYRIN_JARDIN_ALPIN_VIVARIUM,MEYRIN_VILLAGE,t0800,0.0
MEYRIN_JARDIN_ALPIN_VIVARIUM,MEYRIN_VILLAGE,t0830,0.0
MEYRIN_JARDIN_ALPIN_VIVARIUM,ONEX_BANDOL,t0700,0.0
MEYRIN_JARDIN_ALPIN_VIVARIUM,ONEX_BANDOL,t0730,0.0
MEYRIN_JARDIN_ALPIN_VIVARIUM,ONEX_BANDOL,t0800,0.0
MEYRIN_JARDIN_ALPIN_VIVARIUM,ONEX_BANDOL,t0830,0.0
MEYRIN_JARDIN_ALPIN_VIVARIUM,ONEX_SALLE_COMMUNALE,t0700,0.0
MEYRIN_JARDIN_ALPIN_VIVARIUM,ONEX_SALLE_COMMUNALE,t0730,0.0
MEYRIN_JARDIN_ALPIN_VIVARIUM,ONEX_SALLE_COMMUNALE,t0800,0.0
MEYRIN_JARDIN_ALPIN_VIVARIUM,ONEX_SALLE_COMMUNALE,t0830,0.0
MEYRIN_JARDIN_ALPIN_VIVARIUM,PETIT_LANCY_LES_ESSERTS,t0700,0.0
MEYRIN_JARDIN_ALPIN_VIVARIUM,PETIT_LANCY_LES_ESSERTS,t0730,0.0
MEYRIN_JARDIN_ALPIN_VIVARIUM,PETIT_LANCY_LES_ESSERTS,t0800,0.0
MEYRIN_JARDIN_ALPIN_VIVARIUM,PETIT_LANCY_LES_ESSERTS,t0830,0.0
MEYRIN_JARDIN_ALPIN_VIVARIUM,PETIT_LANCY_PLACE,t0700,0.0
MEYRIN_JARDIN_ALPIN_VIVARIUM,PETIT_LANCY_PLACE,t0730,0.0
MEYRIN_JARDIN_ALPIN_VIVARIUM,PETIT_LANCY_PLACE,t0800,0.0
MEYRIN_JARDIN_ALPIN_VIVARIUM,PETIT_LANCY_PLACE,t0830,0.0
MEYRIN_JARDIN_ALPIN_VIVARIUM,PETIT_LANCY_QUIDORT,t0700,0.0
MEYRIN_JARDIN_ALPIN_VIVARIUM,PETIT_LANCY_QUIDORT,t0730,0.0
MEYRIN_JARDIN_ALPIN_VIVARIUM,PETIT_LANCY_QUIDORT,t0800,0.0
MEYRIN_JARDIN_ALPIN_VIVARIUM,PETIT_LANCY_QUIDORT,t0830,0.0
MEYRIN_JARDIN_ALPIN_VIVARIUM,PLAN_LES_OUATES_TREFLE_BLANC,t0700,0.0
MEYRIN_JARDIN_ALPIN_VIVARIUM,PLAN_LES_OUATES_TREFLE_BLANC,t0730,0.0
MEYRIN_JARDIN_ALPIN_VIVARIUM,PLAN_LES_OUATES_TREFLE_BLANC,t0800,0.0
MEYRIN_JARDIN_ALPIN_VIVARIUM,PLAN_LES_OUATES_TREFLE_BLANC,t0830,0.0
MEYRIN_JARDIN_ALPIN_VIVARIUM,THONEX_GRAVESON,t0700,0.0
MEYRIN_JARDIN_ALPIN_VIVARIUM,THONEX_GRAVESON,t0730,0.0
MEYRIN_JARDIN_ALPIN_VIVARIUM,THONEX_GRAVESON,t0800,0.0
MEYRIN_JARDIN_ALPIN_VIVARIUM,THONEX_GRAVESON,t0830,0.0
MEYRIN_JARDIN_ALPIN_VIVARIUM,THONEX_MOILLESULAZ,t0700,0.0
MEYRIN_JARDIN_ALPIN_VIVARIUM,THONEX_MOILLESULAZ,t0730,0.0
MEYRIN_JARDIN_ALPIN_VIVARIUM,THONEX_MOILLESULAZ,t0800,0.0
MEYRIN_JARDIN_ALPIN_VIVARIUM,THONEX_MOILLESULAZ,t0830,0.0
MEYRIN_JARDIN_ALPIN_VIVARIUM,VERNIER_AVANCHETS_ETANG,t0700,0.0
MEYRIN_JARDIN_ALPIN_VIVARIUM,VERNIER_AVANCHETS_ETANG,t0730,0.0
MEYRIN_JARDIN_ALPIN_VIVARIUM,VERNIER_AVANCHETS_ETANG,t0800,0.0
MEYRIN_JARDIN_ALPIN_VIVARIUM,VERNIER_AVANCHETS_ETANG,t0830,0.0
MEYRIN_JARDIN_ALPIN_VIVARIUM,VERNIER_BALEXERT,t0700,0.0
MEYRIN_JARDIN_ALPIN_VIVARIUM,VERNIER_BALEXERT,t0730,0.0
MEYRIN_JARDIN_ALPIN_VIVARIUM,VERNIER_BALEXERT,t0800,0.0
MEYRIN_JARDIN_ALPIN_VIVARIUM,VERNIER_BALEXERT,t0830,0.0
MEYRIN_JARDIN_ALPIN_VIVARIUM,VERNIER_BLANDONNET,t0700,0.0
MEYRIN_JARDIN_ALPIN_VIVARIUM,VERNIER_BLANDONNET,t0730,0.0
MEYRIN_JARDIN_ALPIN_VIVARIUM,VERNIER_BLANDONNET,t0800,0.0
MEYRIN_JARDIN_ALPIN_VIVARIUM,VERNIER_BLANDONNET,t0830,0.0
MEYRIN_JARDIN_ALPIN_VIVARIUM,VERNIER_BOUCHET,t0700,0.0
MEYRIN_JARDIN_ALPIN_VIVARIUM,VERNIER_BOUCHET,t0730,0.0
MEYRIN_JARDIN_ALPIN_VIVARIUM,VERNIER_BOUCHET,t0800,0.0
MEYRIN_JARDIN_ALPIN_VIVARIUM,VERNIER_BOUCHET,t0830,0.0
MEYRIN_MAISONNEX,BERNEX_HAINARD,t0700,0.0
MEYRIN_MAISONNEX,BERNEX_HAINARD,t0730,0.0
MEYRIN_MAISONNEX,BERNEX_HAINARD,t0800,0.0
MEYRIN_MAISONNEX,BERNEX_HAINARD,t0830,0.0
MEYRIN_MAISONNEX,BERNEX_LUCHEPELET,t0700,0.0
MEYRIN_MAISONNEX,BERNEX_LUCHEPELET,t0730,0.0
MEYRIN_MAISONNEX,BERNEX_LUCHEPELET,t0800,0.0
MEYRIN_MAISONNEX,BERNEX_LUCHEPELET,t0830,0.0
MEYRIN_MAISONNEX,BERNEX_PRE_MARAIS,t0700,0.0
MEYRIN_MAISONNEX,BERNEX_PRE_MARAIS,t0730,0.0
MEYRIN_MAISONNEX,BERNEX_PRE_MARAIS,t0800,0.0
MEYRIN_MAISONNEX,BERNEX_PRE_MARAIS,t0830,0.0
MEYRIN_MAISONNEX,BERNEX_P_R,t0700,0.0
MEYRIN_MAISONNEX,BERNEX_P_R,t0730,0.0
MEYRIN_MAISONNEX,BERNEX_P_R,t0800,0.0
MEYRIN_MAISONNEX,BERNEX_P_R,t0830,0.0
MEYRIN_MAISONNEX,BERNEX_VAILLY,t0700,0.0
MEYRIN_MAISONNEX,BERNEX_VAILLY,t0730,0.0
MEYRIN_MAISONNEX,BERNEX_VAILLY,t0800,0.0
MEYRIN_MAISONNEX,BERNEX_VAILLY,t0830,0.0
MEYRIN_MAISONNEX,CAROUGE_GE_ANCIENNE,t0700,0.0
MEYRIN_MAISONNEX,CAROUGE_GE_ANCIENNE,t0730,0.0
MEYRIN_MAISONNEX,CAROUGE_GE_ANCIENNE,t0800,0.0
MEYRIN_MAISONNEX,CAROUGE_GE_ANCIENNE,t0830,0.0
MEYRIN_MAISONNEX,CAROUGE_GE_ARMES,t0700,0.0
MEYRIN_MAISONNEX,CAROUGE_GE_ARMES,t0730,0.0
MEYRIN_MAISONNEX,CAROUGE_GE_ARMES,t0800,0.0
MEYRIN_MAISONNEX,CAROUGE_GE_ARMES,t0830,0.0
MEYRIN_MAISONNEX,CAROUGE_GE_MARCHE,t0700,0.0
MEYRIN_MAISONNEX,CAROUGE_GE_MARCHE,t0730,0.0
MEYRIN_MAISONNEX,CAROUGE_GE_MARCHE,t0800,0.0
MEYRIN_MAISONNEX,CAROUGE_GE_MARCHE,t0830,0.0
MEYRIN_MAISONNEX,CAROUGE_GE_RONDEAU,t0700,0.0
MEYRIN_MAISONNEX,CAROUGE_GE_RONDEAU,t0730,0.0
MEYRIN_MAISONNEX,CAROUGE_GE_RONDEAU,t0800,0.0
MEYRIN_MAISONNEX,CAROUGE_GE_RONDEAU,t0830,0.0
MEYRIN_MAISONNEX,CHENE_BOUGERIES_GRANGETTES,t0700,0.0
MEYRIN_MAISONNEX,CHENE_BOUGERIES_GRANGETTES,t0730,0.0
MEYRIN_MAISONNEX,CHENE_BOUGERIES_GRANGETTES,t0800,0.0
MEYRIN_MAISONNEX,CHENE_BOUGERIES_GRANGETTES,t0830,0.0
MEYRIN_MAISONNEX,CHENE_BOUGERIES_GRANGE_CANAL,t0700,0.0
MEYRIN_MAISONNEX,CHENE_BOUGERIES_GRANGE_CANAL,t0730,0.0
MEYRIN_MAISONNEX,CHENE_BOUGERIES_GRANGE_CANAL,t0800,0.0
MEYRIN_MAISONNEX,CHENE_BOUGERIES_GRANGE_CANAL,t0830,0.0
MEYRIN_MAISONNEX,CHENE_BOUGERIES_GRANGE_FALQUET,t0700,0.0
MEYRIN_MAISONNEX,CHENE_BOUGERIES_GRANGE_FALQUET,t0730,0.0
MEYRIN_MAISONNEX,CHENE_BOUGERIES_GRANGE_FALQUET,t0800,0.0
MEYRIN_MAISONNEX,CHENE_BOUGERIES_GRANGE_FALQUET,t0830,0.0
MEYRIN_MAISONNEX,CHENE_BOURG_PEILLONNEX,t0700,0.0
MEYRIN_MAISONNEX,CHENE_BOURG_PEILLONNEX,t0730,0.0
MEYRIN_MAISONNEX,CHENE_BOURG_PEILLONNEX,t0800,0.0
MEYRIN_MAISONNEX,CHENE_BOURG_PEILLONNEX,t0830,0.0
MEYRIN_MAISONNEX,CHENE_BOURG_PLACE_FAVRE,t0700,0.0
MEYRIN_MAISONNEX,CHENE_BOURG_PLACE_FAVRE,t0730,0.0
MEYRIN_MAISONNEX,CHENE_BOURG_PLACE_FAVRE,t0800,0.0
MEYRIN_MAISONNEX,CHENE_BOURG_PLACE_FAVRE,t0830,0.0
MEYRIN_MAISONNEX,CONFIGNON_CROISEE,t0700,0.0
MEYRIN_MAISONNEX,CONFIGNON_CROISEE,t0730,0.0
MEYRIN_MAISONNEX,CONFIGNON_CROISEE,t0800,0.0
MEYRIN_MAISONNEX,CONFIGNON_CROISEE,t0830,0.0
MEYRIN_MAISONNEX,CONFIGNON_LA_DODE,t0700,0.0
MEYRIN_MAISONNEX,CONFIGNON_LA_DODE,t0730,0.0
MEYRIN_MAISONNEX,CONFIGNON_LA_DODE,t0800,0.0
MEYRIN_MAISONNEX,CONFIGNON_LA_DODE,t0830,0.0
MEYRIN_MAISONNEX,GENEVE_AMANDOLIER,t0700,0.0
MEYRIN_MAISONNEX,GENEVE_AMANDOLIER,t0730,0.0
MEYRIN_MAISONNEX,GENEVE_AMANDOLIER,t0800,0.0
MEYRIN_MAISONNEX,GENEVE_AMANDOLIER,t0830,0.0
MEYRIN_MAISONNEX,GENEVE_AUGUSTINS,t0700,0.0
MEYRIN_MAISONNEX,GENEVE_AUGUSTINS,t0730,0.0
MEYRIN_MAISONNEX,GENEVE_AUGUSTINS,t0800,0.0
MEYRIN_MAISONNEX,GENEVE_AUGUSTINS,t0830,0.0
MEYRIN_MAISONNEX,GENEVE_BEL_AIR,t0700,0.0
MEYRIN_MAISONNEX,GENEVE_BEL_AIR,t0730,0.0
MEYRIN_MAISONNEX,GENEVE_BEL_AIR,t0800,0.0
MEYRIN_MAISONNEX,GENEVE_BEL_AIR,t0830,0.0
MEYRIN_MAISONNEX,GENEVE_BLANCHE,t0700,0.0
MEYRIN_MAISONNEX,GENEVE_BLANCHE,t0730,0.0
MEYRIN_MAISONNEX,GENEVE_BLANCHE,t0800,0.0
MEYRIN_MAISONNEX,GENEVE_BLANCHE,t0830,0.0
MEYRIN_MAISONNEX,GENEVE_COUTANCE,t0700,0.0
MEYRIN_MAISONNEX,GENEVE_COUTANCE,t0730,0.0
MEYRIN_MAISONNEX,GENEVE_COUTANCE,t0800,0.0
MEYRIN_MAISONNEX,GENEVE_COUTANCE,t0830,0.0
MEYRIN_MAISONNEX,GENEVE_EAUX_VIVES_GARE,t0700,0.0
MEYRIN_MAISONNEX,GENEVE_EAUX_VIVES_GARE,t0730,0.0
MEYRIN_MAISONNEX,GENEVE_EAUX_VIVES_GARE,t0800,0.0
MEYRIN_MAISONNEX,GENEVE_EAUX_VIVES_GARE,t0830,0.0
MEYRIN_MAISONNEX,GENEVE_GARE_CORNAVIN,t0700,0.0
MEYRIN_MAISONNEX,GENEVE_GARE_CORNAVIN,t0730,0.0
MEYRIN_MAISONNEX,GENEVE_GARE_CORNAVIN,t0800,0.0
MEYRIN_MAISONNEX,GENEVE_GARE_CORNAVIN,t0830,0.0
MEYRIN_MAISONNEX,GENEVE_JONCTION,t0700,0.0
MEYRIN_MAISONNEX,GENEVE_JONCTION,t0730,0.0
MEYRIN_MAISONNEX,GENEVE_JONCTION,t0800,0.0
MEYRIN_MAISONNEX,GENEVE_JONCTION,t0830,0.0
MEYRIN_MAISONNEX,GENEVE_LYON,t0700,0.0
MEYRIN_MAISONNEX,GENEVE_LYON,t0730,0.0
MEYRIN_MAISONNEX,GENEVE_LYON,t0800,0.0
MEYRIN_MAISONNEX,GENEVE_LYON,t0830,0.0
MEYRIN_MAISONNEX,GENEVE_MOLARD,t0700,0.0
MEYRIN_MAISONNEX,GENEVE_MOLARD,t0730,0.0
MEYRIN_MAISONNEX,GENEVE_MOLARD,t0800,0.0
MEYRIN_MAISONNEX,GENEVE_MOLARD,t0830,0.0
MEYRIN_MAISONNEX,GENEVE_PALLADIUM,t0700,0.0
MEYRIN_MAISONNEX,GENEVE_PALLADIUM,t0730,0.0
MEYRIN_MAISONNEX,GENEVE_PALLADIUM,t0800,0.0
MEYRIN_MAISONNEX,GENEVE_PALLADIUM,t0830,0.0
MEYRIN_MAISONNEX,GENEVE_PLACE_DE_NEUVE,t0700,0.0
MEYRIN_MAISONNEX,GENEVE_PLACE_DE_NEUVE,t0730,0.0
MEYRIN_MAISONNEX,GENEVE_PLACE_DE_NEUVE,t0800,0.0
MEYRIN_MAISONNEX,GENEVE_PLACE_DE_NEUVE,t0830,0.0
MEYRIN_MAISONNEX,GENEVE_PLAINPALAIS,t0700,0.0
MEYRIN_MAISONNEX,GENEVE_PLAINPALAIS,t0730,0.0
MEYRIN_MAISONNEX,GENEVE_PLAINPALAIS,t0800,0.0
MEYRIN_MAISONNEX,GENEVE_PLAINPALAIS,t0830,0.0
MEYRIN_MAISONNEX,GENEVE_PONT_D_ARVE,t0700,0.0
MEYRIN_MAISONNEX,GENEVE_PONT_D_ARVE,t0730,0.0
MEYRIN_MAISONNEX,GENEVE_PONT_D_ARVE,t0800,0.0
MEYRIN_MAISONNEX,GENEVE_PONT_D_ARVE,t0830,0.0
MEYRIN_MAISONNEX,GENEVE_POTERIE,t0700,0.0
MEYRIN_MAISONNEX,GENEVE_POTERIE,t0730,0.0
MEYRIN_MAISONNEX,GENEVE_POTERIE,t0800,0.0
MEYRIN_MAISONNEX,GENEVE_POTERIE,t0830,0.0
MEYRIN_MAISONNEX,GENEVE_RIVE,t0700,0.0
MEYRIN_MAISONNEX,GENEVE_RIVE,t0730,0.0
MEYRIN_MAISONNEX,GENEVE_RIVE,t0800,0.0
MEYRIN_MAISONNEX,GENEVE_RIVE,t0830,0.0
MEYRIN_MAISONNEX,GENEVE_SERVETTE,t0700,0.0
MEYRIN_MAISONNEX,GENEVE_SERVETTE,t0730,0.0
MEYRIN_MAISONNEX,GENEVE_SERVETTE,t0800,0.0
MEYRIN_MAISONNEX,GENEVE_SERVETTE,t0830,0.0
MEYRIN_MAISONNEX,GENEVE_STAND,t0700,0.0
MEYRIN_MAISONNEX,GENEVE_STAND,t0730,0.0
MEYRIN_MAISONNEX,GENEVE_STAND,t0800,0.0
MEYRIN_MAISONNEX,GENEVE_STAND,t0830,0.0
MEYRIN_MAISONNEX,GENEVE_TERRASSIERE,t0700,0.0
MEYRIN_MAISONNEX,GENEVE_TERRASSIERE,t0730,0.0
MEYRIN_MAISONNEX,GENEVE_TERRASSIERE,t0800,0.0
MEYRIN_MAISONNEX,GENEVE_TERRASSIERE,t0830,0.0
MEYRIN_MAISONNEX,GENEVE_VIEUSSEUX,t0700,0.0
MEYRIN_MAISONNEX,GENEVE_VIEUSSEUX,t0730,0.0
MEYRIN_MAISONNEX,GENEVE_VIEUSSEUX,t0800,0.0
MEYRIN_MAISONNEX,GENEVE_VIEUSSEUX,t0830,0.0
MEYRIN_MAISONNEX,GENEVE_VILLEREUSE,t0700,0.0
MEYRIN_MAISONNEX,GENEVE_VILLEREUSE,t0730,0.0
MEYRIN_MAISONNEX,GENEVE_VILLEREUSE,t0800,0.0
MEYRIN_MAISONNEX,GENEVE_VILLEREUSE,t0830,0.0
MEYRIN_MAISONNEX,GRAND_LANCY_DE_STAEL,t0700,0.0
MEYRIN_MAISONNEX,GRAND_LANCY_DE_STAEL,t0730,0.0
MEYRIN_MAISONNEX,GRAND_LANCY_DE_STAEL,t0800,0.0
MEYRIN_MAISONNEX,GRAND_LANCY_DE_STAEL,t0830,0.0
MEYRIN_MAISONNEX,GRAND_LANCY_PALETTES,t0700,0.0
MEYRIN_MAISONNEX,GRAND_LANCY_PALETTES,t0730,0.0
MEYRIN_MAISONNEX,GRAND_LANCY_PALETTES,t0800,0.0
MEYRIN_MAISONNEX,GRAND_LANCY_PALETTES,t0830,0.0
MEYRIN_MAISONNEX,GRAND_LANCY_PONTETS,t0700,0.0
MEYRIN_MAISONNEX,GRAND_LANCY_PONTETS,t0730,0.0
MEYRIN_MAISONNEX,GRAND_LANCY_PONTETS,t0800,0.0
MEYRIN_MAISONNEX,GRAND_LANCY_PONTETS,t0830,0.0
MEYRIN_MAISONNEX,LANCY_BACHET_GARE,t0700,0.0
MEYRIN_MAISONNEX,LANCY_BACHET_GARE,t0730,0.0
MEYRIN_MAISONNEX,LANCY_BACHET_GARE,t0800,0.0
MEYRIN_MAISONNEX,LANCY_BACHET_GARE,t0830,0.0
MEYRIN_MAISONNEX,MEYRIN_BOIS_DU_LAN,t0700,0.0
MEYRIN_MAISONNEX,MEYRIN_BOIS_DU_LAN,t0730,0.0
MEYRIN_MAISONNEX,MEYRIN_BOIS_DU_LAN,t0800,0.0
MEYRIN_MAISONNEX,MEYRIN_BOIS_DU_LAN,t0830,0.0
MEYRIN_MAISONNEX,MEYRIN_CERN,t0700,0.0
MEYRIN_MAISONNEX,MEYRIN_CERN,t0730,0.0
MEYRIN_MAISONNEX,MEYRIN_CERN,t0800,0.0
MEYRIN_MAISONNEX,MEYRIN_CERN,t0830,0.0
MEYRIN_MAISONNEX,MEYRIN_FORUMEYRIN,t0700,0.0
MEYRIN_MAISONNEX,MEYRIN_FORUMEYRIN,t0730,0.0
MEYRIN_MAISONNEX,MEYRIN_FORUMEYRIN,t0800,0.0
MEYRIN_MAISONNEX,MEYRIN_FORUMEYRIN,t0830,0.0
MEYRIN_MAISONNEX,MEYRIN_GRAVIERE,t0700,0.0
MEYRIN_MAISONNEX,MEYRIN_GRAVIERE,t0730,0.0
MEYRIN_MAISONNEX,MEYRIN_GRAVIERE,t0800,0.0
MEYRIN_MAISONNEX,MEYRIN_GRAVIERE,t0830,0.0
MEYRIN_MAISONNEX,MEYRIN_HOPITAL_DE_LA_TOUR,t0700,0.0
MEYRIN_MAISONNEX,MEYRIN_HOPITAL_DE_LA_TOUR,t0730,0.0
MEYRIN_MAISONNEX,MEYRIN_HOPITAL_DE_LA_TOUR,t0800,0.0
MEYRIN_MAISONNEX,MEYRIN_HOPITAL_DE_LA_TOUR,t0830,0.0
MEYRIN_MAISONNEX,MEYRIN_JARDIN_ALPIN_VIVARIUM,t0700,0.0
MEYRIN_MAISONNEX,MEYRIN_JARDIN_ALPIN_VIVARIUM,t0730,0.0
MEYRIN_MAISONNEX,MEYRIN_JARDIN_ALPIN_VIVARIUM,t0800,0.0
MEYRIN_MAISONNEX,MEYRIN_JARDIN_ALPIN_VIVARIUM,t0830,0.0
MEYRIN_MAISONNEX,MEYRIN_VAUDAGNE,t0700,0.0
MEYRIN_MAISONNEX,MEYRIN_VAUDAGNE,t0730,0.0
MEYRIN_MAISONNEX,MEYRIN_VAUDAGNE,t0800,0.0
MEYRIN_MAISONNEX,MEYRIN_VAUDAGNE,t0830,0.0
MEYRIN_MAISONNEX,MEYRIN_VILLAGE,t0700,0.0
MEYRIN_MAISONNEX,MEYRIN_VILLAGE,t0730,0.0
MEYRIN_MAISONNEX,MEYRIN_VILLAGE,t0800,0.0
MEYRIN_MAISONNEX,MEYRIN_VILLAGE,t0830,0.0
MEYRIN_MAISONNEX,ONEX_BANDOL,t0700,0.0
MEYRIN_MAISONNEX,ONEX_BANDOL,t0730,0.0
MEYRIN_MAISONNEX,ONEX_BANDOL,t0800,0.0
MEYRIN_MAISONNEX,ONEX_BANDOL,t0830,0.0
MEYRIN_MAISONNEX,ONEX_SALLE_COMMUNALE,t0700,0.0
MEYRIN_MAISONNEX,ONEX_SALLE_COMMUNALE,t0730,0.0
MEYRIN_MAISONNEX,ONEX_SALLE_COMMUNALE,t0800,0.0
MEYRIN_MAISONNEX,ONEX_SALLE_COMMUNALE,t0830,0.0
MEYRIN_MAISONNEX,PETIT_LANCY_LES_ESSERTS,t0700,0.0
MEYRIN_MAISONNEX,PETIT_LANCY_LES_ESSERTS,t0730,0.0
MEYRIN_MAISONNEX,PETIT_LANCY_LES_ESSERTS,t0800,0.0
MEYRIN_MAISONNEX,PETIT_LANCY_LES_ESSERTS,t0830,0.0
MEYRIN_MAISONNEX,PETIT_LANCY_PLACE,t0700,0.0
MEYRIN_MAISONNEX,PETIT_LANCY_PLACE,t0730,0.0
MEYRIN_MAISONNEX,PETIT_LANCY_PLACE,t0800,0.0
MEYRIN_MAISONNEX,PETIT_LANCY_PLACE,t0830,0.0
MEYRIN_MAISONNEX,PETIT_LANCY_QUIDORT,t0700,0.0
MEYRIN_MAISONNEX,PETIT_LANCY_QUIDORT,t0730,0.0
MEYRIN_MAISONNEX,PETIT_LANCY_QUIDORT,t0800,0.0
MEYRIN_MAISONNEX,PETIT_LANCY_QUIDORT,t0830,0.0
MEYRIN_MAISONNEX,PLAN_LES_OUATES_TREFLE_BLANC,t0700,0.0
MEYRIN_MAISONNEX,PLAN_LES_OUATES_TREFLE_BLANC,t0730,0.0
MEYRIN_MAISONNEX,PLAN_LES_OUATES_TREFLE_BLANC,t0800,0.0
MEYRIN_MAISONNEX,PLAN_LES_OUATES_TREFLE_BLANC,t0830,0.0
MEYRIN_MAISONNEX,THONEX_GRAVESON,t0700,0.0
MEYRIN_MAISONNEX,THONEX_GRAVESON,t0730,0.0
MEYRIN_MAISONNEX,THONEX_GRAVESON,t0800,0.0
MEYRIN_MAISONNEX,THONEX_GRAVESON,t0830,0.0
MEYRIN_MAISONNEX,THONEX_MOILLESULAZ,t0700,0.0
MEYRIN_MAISONNEX,THONEX_MOILLESULAZ,t0730,0.0
MEYRIN_MAISONNEX,THONEX_MOILLESULAZ,t0800,0.0
MEYRIN_MAISONNEX,THONEX_MOILLESULAZ,t0830,0.0
MEYRIN_MAISONNEX,VERNIER_AVANCHETS_ETANG,t0700,0.0
MEYRIN_MAISONNEX,VERNIER_AVANCHETS_ETANG,t0730,0.0
MEYRIN_MAISONNEX,VERNIER_AVANCHETS_ETANG,t0800,0.0
MEYRIN_MAISONNEX,VERNIER_AVANCHETS_ETANG,t0830,0.0
MEYRIN_MAISONNEX,VERNIER_BALEXERT,t0700,0.0
MEYRIN_MAISONNEX,VERNIER_BALEXERT,t0730,0.0
MEYRIN_MAISONNEX,VERNIER_BALEXERT,t0800,0.0
MEYRIN_MAISONNEX,VERNIER_BALEXERT,t0830,0.0
MEYRIN_MAISONNEX,VERNIER_BLANDONNET,t0700,0.0
MEYRIN_MAISONNEX,VERNIER_BLANDONNET,t0730,0.0
MEYRIN_MAISONNEX,VERNIER_BLANDONNET,t0800,0.0
MEYRIN_MAISONNEX,VERNIER_BLANDONNET,t0830,0.0
MEYRIN_MAISONNEX,VERNIER_BOUCHET,t0700,0.0
MEYRIN_MAISONNEX,VERNIER_BOUCHET,t0730,0.0
MEYRIN_MAISONNEX,VERNIER_BOUCHET,t0800,0.0
MEYRIN_MAISONNEX,VERNIER_BOUCHET,t0830,0.0
MEYRIN_VAUDAGNE,BERNEX_HAINARD,t0700,0.0
MEYRIN_VAUDAGNE,BERNEX_HAINARD,t0730,0.0
MEYRIN_VAUDAGNE,BERNEX_HAINARD,t0800,0.0
MEYRIN_VAUDAGNE,BERNEX_HAINARD,t0830,0.0
MEYRIN_VAUDAGNE,BERNEX_LUCHEPELET,t0700,0.0
MEYRIN_VAUDAGNE,BERNEX_LUCHEPELET,t0730,0.0
MEYRIN_VAUDAGNE,BERNEX_LUCHEPELET,t0800,0.0
MEYRIN_VAUDAGNE,BERNEX_LUCHEPELET,t0830,0.0
MEYRIN_VAUDAGNE,BERNEX_PRE_MARAIS,t0700,0.0
MEYRIN_VAUDAGNE,BERNEX_PRE_MARAIS,t0730,0.0
MEYRIN_VAUDAGNE,BERNEX_PRE_MARAIS,t0800,0.0
MEYRIN_VAUDAGNE,BERNEX_PRE_MARAIS,t0830,0.0
MEYRIN_VAUDAGNE,BERNEX_P_R,t0700,0.0
MEYRIN_VAUDAGNE,BERNEX_P_R,t0730,0.0
MEYRIN_VAUDAGNE,BERNEX_P_R,t0800,0.0
MEYRIN_VAUDAGNE,BERNEX_P_R,t0830,0.0
MEYRIN_VAUDAGNE,BERNEX_VAILLY,t0700,0.0
MEYRIN_VAUDAGNE,BERNEX_VAILLY,t0730,0.0
MEYRIN_VAUDAGNE,BERNEX_VAILLY,t0800,0.0
MEYRIN_VAUDAGNE,BERNEX_VAILLY,t0830,0.0
MEYRIN_VAUDAGNE,CAROUGE_GE_ANCIENNE,t0700,0.0
MEYRIN_VAUDAGNE,CAROUGE_GE_ANCIENNE,t0730,0.0
MEYRIN_VAUDAGNE,CAROUGE_GE_ANCIENNE,t0800,0.0
MEYRIN_VAUDAGNE,CAROUGE_GE_ANCIENNE,t0830,0.0
MEYRIN_VAUDAGNE,CAROUGE_GE_ARMES,t0700,0.0
MEYRIN_VAUDAGNE,CAROUGE_GE_ARMES,t0730,0.0
MEYRIN_VAUDAGNE,CAROUGE_GE_ARMES,t0800,0.0
MEYRIN_VAUDAGNE,CAROUGE_GE_ARMES,t0830,0.0
MEYRIN_VAUDAGNE,CAROUGE_GE_MARCHE,t0700,0.0
MEYRIN_VAUDAGNE,CAROUGE_GE_MARCHE,t0730,0.0
MEYRIN_VAUDAGNE,CAROUGE_GE_MARCHE,t0800,0.0
MEYRIN_VAUDAGNE,CAROUGE_GE_MARCHE,t0830,0.0
MEYRIN_VAUDAGNE,CAROUGE_GE_RONDEAU,t0700,0.0
MEYRIN_VAUDAGNE,CAROUGE_GE_RONDEAU,t0730,0.0
MEYRIN_VAUDAGNE,CAROUGE_GE_RONDEAU,t0800,0.0
MEYRIN_VAUDAGNE,CAROUGE_GE_RONDEAU,t0830,0.0
MEYRIN_VAUDAGNE,CHENE_BOUGERIES_GRANGETTES,t0700,0.0
MEYRIN_VAUDAGNE,CHENE_BOUGERIES_GRANGETTES,t0730,0.0
MEYRIN_VAUDAGNE,CHENE_BOUGERIES_GRANGETTES,t0800,0.0
MEYRIN_VAUDAGNE,CHENE_BOUGERIES_GRANGETTES,t0830,0.0
MEYRIN_VAUDAGNE,CHENE_BOUGERIES_GRANGE_CANAL,t0700,0.0
MEYRIN_VAUDAGNE,CHENE_BOUGERIES_GRANGE_CANAL,t0730,0.0
MEYRIN_VAUDAGNE,CHENE_BOUGERIES_GRANGE_CANAL,t0800,0.0
MEYRIN_VAUDAGNE,CHENE_BOUGERIES_GRANGE_CANAL,t0830,0.0
MEYRIN_VAUDAGNE,CHENE_BOUGERIES_GRANGE_FALQUET,t0700,0.0
MEYRIN_VAUDAGNE,CHENE_BOUGERIES_GRANGE_FALQUET,t0730,0.0
MEYRIN_VAUDAGNE,CHENE_BOUGERIES_GRANGE_FALQUET,t0800,0.0
MEYRIN_VAUDAGNE,CHENE_BOUGERIES_GRANGE_FALQUET,t0830,0.0
MEYRIN_VAUDAGNE,CHENE_BOURG_PEILLONNEX,t0700,0.0
MEYRIN_VAUDAGNE,CHENE_BOURG_PEILLONNEX,t0730,0.0
MEYRIN_VAUDAGNE,CHENE_BOURG_PEILLONNEX,t0800,0.0
MEYRIN_VAUDAGNE,CHENE_BOURG_PEILLONNEX,t0830,0.0
MEYRIN_VAUDAGNE,CHENE_BOURG_PLACE_FAVRE,t0700,0.0
MEYRIN_VAUDAGNE,CHENE_BOURG_PLACE_FAVRE,t0730,0.0
MEYRIN_VAUDAGNE,CHENE_BOURG_PLACE_FAVRE,t0800,0.0
MEYRIN_VAUDAGNE,CHENE_BOURG_PLACE_FAVRE,t0830,0.0
MEYRIN_VAUDAGNE,CONFIGNON_CROISEE,t0700,0.0
MEYRIN_VAUDAGNE,CONFIGNON_CROISEE,t0730,0.0
MEYRIN_VAUDAGNE,CONFIGNON_CROISEE,t0800,0.0
MEYRIN_VAUDAGNE,CONFIGNON_CROISEE,t0830,0.0
MEYRIN_VAUDAGNE,CONFIGNON_LA_DODE,t0700,0.0
MEYRIN_VAUDAGNE,CONFIGNON_LA_DODE,t0730,0.0
MEYRIN_VAUDAGNE,CONFIGNON_LA_DODE,t0800,0.0
MEYRIN_VAUDAGNE,CONFIGNON_LA_DODE,t0830,0.0
MEYRIN_VAUDAGNE,GENEVE_AMANDOLIER,t0700,0.0
MEYRIN_VAUDAGNE,GENEVE_AMANDOLIER,t0730,0.0
MEYRIN_VAUDAGNE,GENEVE_AMANDOLIER,t0800,0.0
MEYRIN_VAUDAGNE,GENEVE_AMANDOLIER,t0830,0.0
MEYRIN_VAUDAGNE,GENEVE_AUGUSTINS,t0700,0.0
MEYRIN_VAUDAGNE,GENEVE_AUGUSTINS,t0730,0.0
MEYRIN_VAUDAGNE,GENEVE_AUGUSTINS,t0800,0.0
MEYRIN_VAUDAGNE,GENEVE_AUGUSTINS,t0830,0.0
MEYRIN_VAUDAGNE,GENEVE_BEL_AIR,t0700,0.0
MEYRIN_VAUDAGNE,GENEVE_BEL_AIR,t0730,0.0
MEYRIN_VAUDAGNE,GENEVE_BEL_AIR,t0800,0.0
MEYRIN_VAUDAGNE,GENEVE_BEL_AIR,t0830,0.0
MEYRIN_VAUDAGNE,GENEVE_BLANCHE,t0700,0.0
MEYRIN_VAUDAGNE,GENEVE_BLANCHE,t0730,0.0
MEYRIN_VAUDAGNE,GENEVE_BLANCHE,t0800,0.0
MEYRIN_VAUDAGNE,GENEVE_BLANCHE,t0830,0.0
MEYRIN_VAUDAGNE,GENEVE_COUTANCE,t0700,0.0
MEYRIN_VAUDAGNE,GENEVE_COUTANCE,t0730,0.0
MEYRIN_VAUDAGNE,GENEVE_COUTANCE,t0800,0.0
MEYRIN_VAUDAGNE,GENEVE_COUTANCE,t0830,0.0
MEYRIN_VAUDAGNE,GENEVE_EAUX_VIVES_GARE,t0700,0.0
MEYRIN_VAUDAGNE,GENEVE_EAUX_VIVES_GARE,t0730,0.0
MEYRIN_VAUDAGNE,GENEVE_EAUX_VIVES_GARE,t0800,0.0
MEYRIN_VAUDAGNE,GENEVE_EAUX_VIVES_GARE,t0830,0.0
MEYRIN_VAUDAGNE,GENEVE_GARE_CORNAVIN,t0700,0.0
MEYRIN_VAUDAGNE,GENEVE_GARE_CORNAVIN,t0730,0.0
MEYRIN_VAUDAGNE,GENEVE_GARE_CORNAVIN,t0800,0.0
MEYRIN_VAUDAGNE,GENEVE_GARE_CORNAVIN,t0830,0.0
MEYRIN_VAUDAGNE,GENEVE_JONCTION,t0700,0.0
MEYRIN_VAUDAGNE,GENEVE_JONCTION,t0730,0.0
MEYRIN_VAUDAGNE,GENEVE_JONCTION,t0800,0.0
MEYRIN_VAUDAGNE,GENEVE_JONCTION,t0830,0.0
MEYRIN_VAUDAGNE,GENEVE_LYON,t0700,0.0
MEYRIN_VAUDAGNE,GENEVE_LYON,t0730,0.0
MEYRIN_VAUDAGNE,GENEVE_LYON,t0800,0.0
MEYRIN_VAUDAGNE,GENEVE_LYON,t0830,0.0
MEYRIN_VAUDAGNE,GENEVE_MOLARD,t0700,0.0
MEYRIN_VAUDAGNE,GENEVE_MOLARD,t0730,0.0
MEYRIN_VAUDAGNE,GENEVE_MOLARD,t0800,0.0
MEYRIN_VAUDAGNE,GENEVE_MOLARD,t0830,0.0
MEYRIN_VAUDAGNE,GENEVE_PALLADIUM,t0700,0.0
MEYRIN_VAUDAGNE,GENEVE_PALLADIUM,t0730,0.0
MEYRIN_VAUDAGNE,GENEVE_PALLADIUM,t0800,0.0
MEYRIN_VAUDAGNE,GENEVE_PALLADIUM,t0830,0.0
MEYRIN_VAUDAGNE,GENEVE_PLACE_DE_NEUVE,t0700,0.0
MEYRIN_VAUDAGNE,GENEVE_PLACE_DE_NEUVE,t0730,0.0
MEYRIN_VAUDAGNE,GENEVE_PLACE_DE_NEUVE,t0800,0.0
MEYRIN_VAUDAGNE,GENEVE_PLACE_DE_NEUVE,t0830,0.0
MEYRIN_VAUDAGNE,GENEVE_PLAINPALAIS,t0700,0.0
MEYRIN_VAUDAGNE,GENEVE_PLAINPALAIS,t0730,0.0
MEYRIN_VAUDAGNE,GENEVE_PLAINPALAIS,t0800,0.0
MEYRIN_VAUDAGNE,GENEVE_PLAINPALAIS,t0830,0.0
MEYRIN_VAUDAGNE,GENEVE_PONT_D_ARVE,t0700,0.0
MEYRIN_VAUDAGNE,GENEVE_PONT_D_ARVE,t0730,0.0
MEYRIN_VAUDAGNE,GENEVE_PONT_D_ARVE,t0800,0.0
MEYRIN_VAUDAGNE,GENEVE_PONT_D_ARVE,t0830,0.0
MEYRIN_VAUDAGNE,GENEVE_POTERIE,t0700,0.0
MEYRIN_VAUDAGNE,GENEVE_POTERIE,t0730,0.0
MEYRIN_VAUDAGNE,GENEVE_POTERIE,t0800,0.0
MEYRIN_VAUDAGNE,GENEVE_POTERIE,t0830,0.0
MEYRIN_VAUDAGNE,GENEVE_RIVE,t0700,0.0
MEYRIN_VAUDAGNE,GENEVE_RIVE,t0730,0.0
MEYRIN_VAUDAGNE,GENEVE_RIVE,t0800,0.0
MEYRIN_VAUDAGNE,GENEVE_RIVE,t0830,0.0
MEYRIN_VAUDAGNE,GENEVE_SERVETTE,t0700,0.0
MEYRIN_VAUDAGNE,GENEVE_SERVETTE,t0730,0.0
MEYRIN_VAUDAGNE,GENEVE_SERVETTE,t0800,0.0
MEYRIN_VAUDAGNE,GENEVE_SERVETTE,t0830,0.0
MEYRIN_VAUDAGNE,GENEVE_STAND,t0700,0.0
MEYRIN_VAUDAGNE,GENEVE_STAND,t0730,0.0
MEYRIN_VAUDAGNE,GENEVE_STAND,t0800,0.0
MEYRIN_VAUDAGNE,GENEVE_STAND,t0830,0.0
MEYRIN_VAUDAGNE,GENEVE_TERRASSIERE,t0700,0.0
MEYRIN_VAUDAGNE,GENEVE_TERRASSIERE,t0730,0.0
MEYRIN_VAUDAGNE,GENEVE_TERRASSIERE,t0800,0.0
MEYRIN_VAUDAGNE,GENEVE_TERRASSIERE,t0830,0.0
MEYRIN_VAUDAGNE,GENEVE_VIEUSSEUX,t0700,0.0
MEYRIN_VAUDAGNE,GENEVE_VIEUSSEUX,t0730,0.0
MEYRIN_VAUDAGNE,GENEVE_VIEUSSEUX,t0800,0.0
MEYRIN_VAUDAGNE,GENEVE_VIEUSSEUX,t0830,0.0
MEYRIN_VAUDAGNE,GENEVE_VILLEREUSE,t0700,0.0
MEYRIN_VAUDAGNE,GENEVE_VILLEREUSE,t0730,0.0
MEYRIN_VAUDAGNE,GENEVE_VILLEREUSE,t0800,0.0
MEYRIN_VAUDAGNE,GENEVE_VILLEREUSE,t0830,0.0
MEYRIN_VAUDAGNE,GRAND_LANCY_DE_STAEL,t0700,0.0
MEYRIN_VAUDAGNE,GRAND_LANCY_DE_STAEL,t0730,0.0
MEYRIN_VAUDAGNE,GRAND_LANCY_DE_STAEL,t0800,0.0
MEYRIN_VAUDAGNE,GRAND_LANCY_DE_STAEL,t0830,0.0
MEYRIN_VAUDAGNE,GRAND_LANCY_PALETTES,t0700,0.0
MEYRIN_VAUDAGNE,GRAND_LANCY_PALETTES,t0730,0.0
MEYRIN_VAUDAGNE,GRAND_LANCY_PALETTES,t0800,0.0
MEYRIN_VAUDAGNE,GRAND_LANCY_PALETTES,t0830,0.0
MEYRIN_VAUDAGNE,GRAND_LANCY_PONTETS,t0700,0.0
MEYRIN_VAUDAGNE,GRAND_LANCY_PONTETS,t0730,0.0
MEYRIN_VAUDAGNE,GRAND_LANCY_PONTETS,t0800,0.0
MEYRIN_VAUDAGNE,GRAND_LANCY_PONTETS,t0830,0.0
MEYRIN_VAUDAGNE,LANCY_BACHET_GARE,t0700,0.0
MEYRIN_VAUDAGNE,LANCY_BACHET_GARE,t0730,0.0
MEYRIN_VAUDAGNE,LANCY_BACHET_GARE,t0800,0.0
MEYRIN_VAUDAGNE,LANCY_BACHET_GARE,t0830,0.0
MEYRIN_VAUDAGNE,MEYRIN_BOIS_DU_LAN,t0700,0.0
MEYRIN_VAUDAGNE,MEYRIN_BOIS_DU_LAN,t0730,0.0
MEYRIN_VAUDAGNE,MEYRIN_BOIS_DU_LAN,t0800,0.0
MEYRIN_VAUDAGNE,MEYRIN_BOIS_DU_LAN,t0830,0.0
MEYRIN_VAUDAGNE,MEYRIN_CERN,t0700,0.0
MEYRIN_VAUDAGNE,MEYRIN_CERN,t0730,0.0
MEYRIN_VAUDAGNE,MEYRIN_CERN,t0800,0.0
MEYRIN_VAUDAGNE,MEYRIN_CERN,t0830,0.0
MEYRIN_VAUDAGNE,MEYRIN_FORUMEYRIN,t0700,0.0
MEYRIN_VAUDAGNE,MEYRIN_FORUMEYRIN,t0730,0.0
MEYRIN_VAUDAGNE,MEYRIN_FORUMEYRIN,t0800,0.0
MEYRIN_VAUDAGNE,MEYRIN_FORUMEYRIN,t0830,0.0
MEYRIN_VAUDAGNE,MEYRIN_GRAVIERE,t0700,0.0
MEYRIN_VAUDAGNE,MEYRIN_GRAVIERE,t0730,0.0
MEYRIN_VAUDAGNE,MEYRIN_GRAVIERE,t0800,0.0
MEYRIN_VAUDAGNE,MEYRIN_GRAVIERE,t0830,0.0
MEYRIN_VAUDAGNE,MEYRIN_HOPITAL_DE_LA_TOUR,t0700,0.0
MEYRIN_VAUDAGNE,MEYRIN_HOPITAL_DE_LA_TOUR,t0730,0.0
MEYRIN_VAUDAGNE,MEYRIN_HOPITAL_DE_LA_TOUR,t0800,0.0
MEYRIN_VAUDAGNE,MEYRIN_HOPITAL_DE_LA_TOUR,t0830,0.0
MEYRIN_VAUDAGNE,MEYRIN_JARDIN_ALPIN_VIVARIUM,t0700,0.0
MEYRIN_VAUDAGNE,MEYRIN_JARDIN_ALPIN_VIVARIUM,t0730,0.0
MEYRIN_VAUDAGNE,MEYRIN_JARDIN_ALPIN_VIVARIUM,t0800,0.0
MEYRIN_VAUDAGNE,MEYRIN_JARDIN_ALPIN_VIVARIUM,t0830,0.0
MEYRIN_VAUDAGNE,MEYRIN_MAISONNEX,t0700,0.0
MEYRIN_VAUDAGNE,MEYRIN_MAISONNEX,t0730,0.0
MEYRIN_VAUDAGNE,MEYRIN_MAISONNEX,t0800,0.0
MEYRIN_VAUDAGNE,MEYRIN_MAISONNEX,t0830,0.0
MEYRIN_VAUDAGNE,MEYRIN_VILLAGE,t0700,0.0
MEYRIN_VAUDAGNE,MEYRIN_VILLAGE,t0730,0.0
MEYRIN_VAUDAGNE,MEYRIN_VILLAGE,t0800,0.0
MEYRIN_VAUDAGNE,MEYRIN_VILLAGE,t0830,0.0
MEYRIN_VAUDAGNE,ONEX_BANDOL,t0700,0.0
MEYRIN_VAUDAGNE,ONEX_BANDOL,t0730,0.0
MEYRIN_VAUDAGNE,ONEX_BANDOL,t0800,0.0
MEYRIN_VAUDAGNE,ONEX_BANDOL,t0830,0.0
MEYRIN_VAUDAGNE,ONEX_SALLE_COMMUNALE,t0700,0.0
MEYRIN_VAUDAGNE,ONEX_SALLE_COMMUNALE,t0730,0.0
MEYRIN_VAUDAGNE,ONEX_SALLE_COMMUNALE,t0800,0.0
MEYRIN_VAUDAGNE,ONEX_SALLE_COMMUNALE,t0830,0.0
MEYRIN_VAUDAGNE,PETIT_LANCY_LES_ESSERTS,t0700,0.0
MEYRIN_VAUDAGNE,PETIT_LANCY_LES_ESSERTS,t0730,0.0
MEYRIN_VAUDAGNE,PETIT_LANCY_LES_ESSERTS,t0800,0.0
MEYRIN_VAUDAGNE,PETIT_LANCY_LES_ESSERTS,t0830,0.0
MEYRIN_VAUDAGNE,PETIT_LANCY_PLACE,t0700,0.0
MEYRIN_VAUDAGNE,PETIT_LANCY_PLACE,t0730,0.0
MEYRIN_VAUDAGNE,PETIT_LANCY_PLACE,t0800,0.0
MEYRIN_VAUDAGNE,PETIT_LANCY_PLACE,t0830,0.0
MEYRIN_VAUDAGNE,PETIT_LANCY_QUIDORT,t0700,0.0
MEYRIN_VAUDAGNE,PETIT_LANCY_QUIDORT,t0730,0.0
MEYRIN_VAUDAGNE,PETIT_LANCY_QUIDORT,t0800,0.0
MEYRIN_VAUDAGNE,PETIT_LANCY_QUIDORT,t0830,0.0
MEYRIN_VAUDAGNE,PLAN_LES_OUATES_TREFLE_BLANC,t0700,0.0
MEYRIN_VAUDAGNE,PLAN_LES_OUATES_TREFLE_BLANC,t0730,0.0
MEYRIN_VAUDAGNE,PLAN_LES_OUATES_TREFLE_BLANC,t0800,0.0
MEYRIN_VAUDAGNE,PLAN_LES_OUATES_TREFLE_BLANC,t0830,0.0
MEYRIN_VAUDAGNE,THONEX_GRAVESON,t0700,0.0
MEYRIN_VAUDAGNE,THONEX_GRAVESON,t0730,0.0
MEYRIN_VAUDAGNE,THONEX_GRAVESON,t0800,0.0
MEYRIN_VAUDAGNE,THONEX_GRAVESON,t0830,0.0
MEYRIN_VAUDAGNE,THONEX_MOILLESULAZ,t0700,0.0
MEYRIN_VAUDAGNE,THONEX_MOILLESULAZ,t0730,0.0
MEYRIN_VAUDAGNE,THONEX_MOILLESULAZ,t0800,0.0
MEYRIN_VAUDAGNE,THONEX_MOILLESULAZ,t0830,0.0
MEYRIN_VAUDAGNE,VERNIER_AVANCHETS_ETANG,t0700,0.0
MEYRIN_VAUDAGNE,VERNIER_AVANCHETS_ETANG,t0730,0.0
MEYRIN_VAUDAGNE,VERNIER_AVANCHETS_ETANG,t0800,0.0
MEYRIN_VAUDAGNE,VERNIER_AVANCHETS_ETANG,t0830,0.0
MEYRIN_VAUDAGNE,VERNIER_BALEXERT,t0700,0.0
MEYRIN_VAUDAGNE,VERNIER_BALEXERT,t0730,0.0
MEYRIN_VAUDAGNE,VERNIER_BALEXERT,t0800,0.0
MEYRIN_VAUDAGNE,VERNIER_BALEXERT,t0830,0.0
MEYRIN_VAUDAGNE,VERNIER_BLANDONNET,t0700,0.0
MEYRIN_VAUDAGNE,VERNIER_BLANDONNET,t0730,0.0
MEYRIN_VAUDAGNE,VERNIER_BLANDONNET,t0800,0.0
MEYRIN_VAUDAGNE,VERNIER_BLANDONNET,t0830,0.0
MEYRIN_VAUDAGNE,VERNIER_BOUCHET,t0700,0.0
MEYRIN_VAUDAGNE,VERNIER_BOUCHET,t0730,0.0
MEYRIN_VAUDAGNE,VERNIER_BOUCHET,t0800,0.0
MEYRIN_VAUDAGNE,VERNIER_BOUCHET,t0830,0.0
MEYRIN_VILLAGE,BERNEX_HAINARD,t0700,0.0
MEYRIN_VILLAGE,BERNEX_HAINARD,t0730,0.0
MEYRIN_VILLAGE,BERNEX_HAINARD,t0800,0.0
MEYRIN_VILLAGE,BERNEX_HAINARD,t0830,0.0
MEYRIN_VILLAGE,BERNEX_LUCHEPELET,t0700,0.0
MEYRIN_VILLAGE,BERNEX_LUCHEPELET,t0730,0.0
MEYRIN_VILLAGE,BERNEX_LUCHEPELET,t0800,0.0
MEYRIN_VILLAGE,BERNEX_LUCHEPELET,t0830,0.0
MEYRIN_VILLAGE,BERNEX_PRE_MARAIS,t0700,0.0
MEYRIN_VILLAGE,BERNEX_PRE_MARAIS,t0730,0.0
MEYRIN_VILLAGE,BERNEX_PRE_MARAIS,t0800,0.0
MEYRIN_VILLAGE,BERNEX_PRE_MARAIS,t0830,0.0
MEYRIN_VILLAGE,BERNEX_P_R,t0700,0.0
MEYRIN_VILLAGE,BERNEX_P_R,t0730,0.0
MEYRIN_VILLAGE,BERNEX_P_R,t0800,0.0
MEYRIN_VILLAGE,BERNEX_P_R,t0830,0.0
MEYRIN_VILLAGE,BERNEX_VAILLY,t0700,0.0
MEYRIN_VILLAGE,BERNEX_VAILLY,t0730,0.0
MEYRIN_VILLAGE,BERNEX_VAILLY,t0800,0.0
MEYRIN_VILLAGE,BERNEX_VAILLY,t0830,0.0
MEYRIN_VILLAGE,CAROUGE_GE_ANCIENNE,t0700,0.0
MEYRIN_VILLAGE,CAROUGE_GE_ANCIENNE,t0730,0.0
MEYRIN_VILLAGE,CAROUGE_GE_ANCIENNE,t0800,0.0
MEYRIN_VILLAGE,CAROUGE_GE_ANCIENNE,t0830,0.0
MEYRIN_VILLAGE,CAROUGE_GE_ARMES,t0700,0.0
MEYRIN_VILLAGE,CAROUGE_GE_ARMES,t0730,0.0
MEYRIN_VILLAGE,CAROUGE_GE_ARMES,t0800,0.0
MEYRIN_VILLAGE,CAROUGE_GE_ARMES,t0830,0.0
MEYRIN_VILLAGE,CAROUGE_GE_MARCHE,t0700,0.0
MEYRIN_VILLAGE,CAROUGE_GE_MARCHE,t0730,0.0
MEYRIN_VILLAGE,CAROUGE_GE_MARCHE,t0800,0.0
MEYRIN_VILLAGE,CAROUGE_GE_MARCHE,t0830,0.0
MEYRIN_VILLAGE,CAROUGE_GE_RONDEAU,t0700,0.0
MEYRIN_VILLAGE,CAROUGE_GE_RONDEAU,t0730,0.0
MEYRIN_VILLAGE,CAROUGE_GE_RONDEAU,t0800,0.0
MEYRIN_VILLAGE,CAROUGE_GE_RONDEAU,t0830,0.0
MEYRIN_VILLAGE,CHENE_BOUGERIES_GRANGETTES,t0700,0.0
MEYRIN_VILLAGE,CHENE_BOUGERIES_GRANGETTES,t0730,0.0
MEYRIN_VILLAGE,CHENE_BOUGERIES_GRANGETTES,t0800,0.0
MEYRIN_VILLAGE,CHENE_BOUGERIES_GRANGETTES,t0830,0.0
MEYRIN_VILLAGE,CHENE_BOUGERIES_GRANGE_CANAL,t0700,0.0
MEYRIN_VILLAGE,CHENE_BOUGERIES_GRANGE_CANAL,t0730,0.0
MEYRIN_VILLAGE,CHENE_BOUGERIES_GRANGE_CANAL,t0800,0.0
MEYRIN_VILLAGE,CHENE_BOUGERIES_GRANGE_CANAL,t0830,0.0
MEYRIN_VILLAGE,CHENE_BOUGERIES_GRANGE_FALQUET,t0700,0.0
MEYRIN_VILLAGE,CHENE_BOUGERIES_GRANGE_FALQUET,t0730,0.0
MEYRIN_VILLAGE,CHENE_BOUGERIES_GRANGE_FALQUET,t0800,0.0
MEYRIN_VILLAGE,CHENE_BOUGERIES_GRANGE_FALQUET,t0830,0.0
MEYRIN_VILLAGE,CHENE_BOURG_PEILLONNEX,t0700,0.0
MEYRIN_VILLAGE,CHENE_BOURG_PEILLONNEX,t0730,0.0
MEYRIN_VILLAGE,CHENE_BOURG_PEILLONNEX,t0800,0.0
MEYRIN_VILLAGE,CHENE_BOURG_PEILLONNEX,t0830,0.0
MEYRIN_VILLAGE,CHENE_BOURG_PLACE_FAVRE,t0700,0.0
MEYRIN_VILLAGE,CHENE_BOURG_PLACE_FAVRE,t0730,0.0
MEYRIN_VILLAGE,CHENE_BOURG_PLACE_FAVRE,t0800,0.0
MEYRIN_VILLAGE,CHENE_BOURG_PLACE_FAVRE,t0830,0.0
MEYRIN_VILLAGE,CONFIGNON_CROISEE,t0700,0.0
MEYRIN_VILLAGE,CONFIGNON_CROISEE,t0730,0.0
MEYRIN_VILLAGE,CONFIGNON_CROISEE,t0800,0.0
MEYRIN_VILLAGE,CONFIGNON_CROISEE,t0830,0.0
MEYRIN_VILLAGE,CONFIGNON_LA_DODE,t0700,0.0
MEYRIN_VILLAGE,CONFIGNON_LA_DODE,t0730,0.0
MEYRIN_VILLAGE,CONFIGNON_LA_DODE,t0800,0.0
MEYRIN_VILLAGE,CONFIGNON_LA_DODE,t0830,0.0
MEYRIN_VILLAGE,GENEVE_AMANDOLIER,t0700,0.0
MEYRIN_VILLAGE,GENEVE_AMANDOLIER,t0730,0.0
MEYRIN_VILLAGE,GENEVE_AMANDOLIER,t0800,0.0
MEYRIN_VILLAGE,GENEVE_AMANDOLIER,t0830,0.0
MEYRIN_VILLAGE,GENEVE_AUGUSTINS,t0700,0.0
MEYRIN_VILLAGE,GENEVE_AUGUSTINS,t0730,0.0
MEYRIN_VILLAGE,GENEVE_AUGUSTINS,t0800,0.0
MEYRIN_VILLAGE,GENEVE_AUGUSTINS,t0830,0.0
MEYRIN_VILLAGE,GENEVE_BEL_AIR,t0700,0.0
MEYRIN_VILLAGE,GENEVE_BEL_AIR,t0730,0.0
MEYRIN_VILLAGE,GENEVE_BEL_AIR,t0800,0.0
MEYRIN_VILLAGE,GENEVE_BEL_AIR,t0830,0.0
MEYRIN_VILLAGE,GENEVE_BLANCHE,t0700,0.0
MEYRIN_VILLAGE,GENEVE_BLANCHE,t0730,0.0
MEYRIN_VILLAGE,GENEVE_BLANCHE,t0800,0.0
MEYRIN_VILLAGE,GENEVE_BLANCHE,t0830,0.0
MEYRIN_VILLAGE,GENEVE_COUTANCE,t0700,0.0
MEYRIN_VILLAGE,GENEVE_COUTANCE,t0730,0.0
MEYRIN_VILLAGE,GENEVE_COUTANCE,t0800,0.0
MEYRIN_VILLAGE,GENEVE_COUTANCE,t0830,0.0
MEYRIN_VILLAGE,GENEVE_EAUX_VIVES_GARE,t0700,0.0
MEYRIN_VILLAGE,GENEVE_EAUX_VIVES_GARE,t0730,0.0
MEYRIN_VILLAGE,GENEVE_EAUX_VIVES_GARE,t0800,0.0
MEYRIN_VILLAGE,GENEVE_EAUX_VIVES_GARE,t0830,0.0
MEYRIN_VILLAGE,GENEVE_GARE_CORNAVIN,t0700,0.0
MEYRIN_VILLAGE,GENEVE_GARE_CORNAVIN,t0730,0.0
MEYRIN_VILLAGE,GENEVE_GARE_CORNAVIN,t0800,0.0
MEYRIN_VILLAGE,GENEVE_GARE_CORNAVIN,t0830,0.0
MEYRIN_VILLAGE,GENEVE_JONCTION,t0700,0.0
MEYRIN_VILLAGE,GENEVE_JONCTION,t0730,0.0
MEYRIN_VILLAGE,GENEVE_JONCTION,t0800,0.0
MEYRIN_VILLAGE,GENEVE_JONCTION,t0830,0.0
MEYRIN_VILLAGE,GENEVE_LYON,t0700,0.0
MEYRIN_VILLAGE,GENEVE_LYON,t0730,0.0
MEYRIN_VILLAGE,GENEVE_LYON,t0800,0.0
MEYRIN_VILLAGE,GENEVE_LYON,t0830,0.0
MEYRIN_VILLAGE,GENEVE_MOLARD,t0700,0.0
MEYRIN_VILLAGE,GENEVE_MOLARD,t0730,0.0
MEYRIN_VILLAGE,GENEVE_MOLARD,t0800,0.0
MEYRIN_VILLAGE,GENEVE_MOLARD,t0830,0.0
MEYRIN_VILLAGE,GENEVE_PALLADIUM,t0700,0.0
MEYRIN_VILLAGE,GENEVE_PALLADIUM,t0730,0.0
MEYRIN_VILLAGE,GENEVE_PALLADIUM,t0800,0.0
MEYRIN_VILLAGE,GENEVE_PALLADIUM,t0830,0.0
MEYRIN_VILLAGE,GENEVE_PLACE_DE_NEUVE,t0700,0.0
MEYRIN_VILLAGE,GENEVE_PLACE_DE_NEUVE,t0730,0.0
MEYRIN_VILLAGE,GENEVE_PLACE_DE_NEUVE,t0800,0.0
MEYRIN_VILLAGE,GENEVE_PLACE_DE_NEUVE,t0830,0.0
MEYRIN_VILLAGE,GENEVE_PLAINPALAIS,t0700,0.0
MEYRIN_VILLAGE,GENEVE_PLAINPALAIS,t0730,0.0
MEYRIN_VILLAGE,GENEVE_PLAINPALAIS,t0800,0.0
MEYRIN_VILLAGE,GENEVE_PLAINPALAIS,t0830,0.0
MEYRIN_VILLAGE,GENEVE_PONT_D_ARVE,t0700,0.0
MEYRIN_VILLAGE,GENEVE_PONT_D_ARVE,t0730,0.0
MEYRIN_VILLAGE,GENEVE_PONT_D_ARVE,t0800,0.0
MEYRIN_VILLAGE,GENEVE_PONT_D_ARVE,t0830,0.0
MEYRIN_VILLAGE,GENEVE_POTERIE,t0700,0.0
MEYRIN_VILLAGE,GENEVE_POTERIE,t0730,0.0
MEYRIN_VILLAGE,GENEVE_POTERIE,t0800,0.0
MEYRIN_VILLAGE,GENEVE_POTERIE,t0830,0.0
MEYRIN_VILLAGE,GENEVE_RIVE,t0700,0.0
MEYRIN_VILLAGE,GENEVE_RIVE,t0730,0.0
MEYRIN_VILLAGE,GENEVE_RIVE,t0800,0.0
MEYRIN_VILLAGE,GENEVE_RIVE,t0830,0.0
MEYRIN_VILLAGE,GENEVE_SERVETTE,t0700,0.0
MEYRIN_VILLAGE,GENEVE_SERVETTE,t0730,0.0
MEYRIN_VILLAGE,GENEVE_SERVETTE,t0800,0.0
MEYRIN_VILLAGE,GENEVE_SERVETTE,t0830,0.0
MEYRIN_VILLAGE,GENEVE_STAND,t0700,0.0
MEYRIN_VILLAGE,GENEVE_STAND,t0730,0.0
MEYRIN_VILLAGE,GENEVE_STAND,t0800,0.0
MEYRIN_VILLAGE,GENEVE_STAND,t0830,0.0
MEYRIN_VILLAGE,GENEVE_TERRASSIERE,t0700,0.0
MEYRIN_VILLAGE,GENEVE_TERRASSIERE,t0730,0.0
MEYRIN_VILLAGE,GENEVE_TERRASSIERE,t0800,0.0
MEYRIN_VILLAGE,GENEVE_TERRASSIERE,t0830,0.0
MEYRIN_VILLAGE,GENEVE_VIEUSSEUX,t0700,0.0
MEYRIN_VILLAGE,GENEVE_VIEUSSEUX,t0730,0.0
MEYRIN_VILLAGE,GENEVE_VIEUSSEUX,t0800,0.0
MEYRIN_VILLAGE,GENEVE_VIEUSSEUX,t0830,0.0
MEYRIN_VILLAGE,GENEVE_VILLEREUSE,t0700,0.0
MEYRIN_VILLAGE,GENEVE_VILLEREUSE,t0730,0.0
MEYRIN_VILLAGE,GENEVE_VILLEREUSE,t0800,0.0
MEYRIN_VILLAGE,GENEVE_VILLEREUSE,t0830,0.0
MEYRIN_VILLAGE,GRAND_LANCY_DE_STAEL,t0700,0.0
MEYRIN_VILLAGE,GRAND_LANCY_DE_STAEL,t0730,0.0
MEYRIN_VILLAGE,GRAND_LANCY_DE_STAEL,t0800,0.0
MEYRIN_VILLAGE,GRAND_LANCY_DE_STAEL,t0830,0.0
MEYRIN_VILLAGE,GRAND_LANCY_PALETTES,t0700,0.0
MEYRIN_VILLAGE,GRAND_LANCY_PALETTES,t0730,0.0
MEYRIN_VILLAGE,GRAND_LANCY_PALETTES,t0800,0.0
MEYRIN_VILLAGE,GRAND_LANCY_PALETTES,t0830,0.0
MEYRIN_VILLAGE,GRAND_LANCY_PONTETS,t0700,0.0
MEYRIN_VILLAGE,GRAND_LANCY_PONTETS,t0730,0.0
MEYRIN_VILLAGE,GRAND_LANCY_PONTETS,t0800,0.0
MEYRIN_VILLAGE,GRAND_LANCY_PONTETS,t0830,0.0
MEYRIN_VILLAGE,LANCY_BACHET_GARE,t0700,0.0
MEYRIN_VILLAGE,LANCY_BACHET_GARE,t0730,0.0
MEYRIN_VILLAGE,LANCY_BACHET_GARE,t0800,0.0
MEYRIN_VILLAGE,LANCY_BACHET_GARE,t0830,0.0
MEYRIN_VILLAGE,MEYRIN_BOIS_DU_LAN,t0700,0.0
MEYRIN_VILLAGE,MEYRIN_BOIS_DU_LAN,t0730,0.0
MEYRIN_VILLAGE,MEYRIN_BOIS_DU_LAN,t0800,0.0
MEYRIN_VILLAGE,MEYRIN_BOIS_DU_LAN,t0830,0.0
MEYRIN_VILLAGE,MEYRIN_CERN,t0700,0.0
MEYRIN_VILLAGE,MEYRIN_CERN,t0730,0.0
MEYRIN_VILLAGE,MEYRIN_CERN,t0800,0.0
MEYRIN_VILLAGE,MEYRIN_CERN,t0830,0.0
MEYRIN_VILLAGE,MEYRIN_FORUMEYRIN,t0700,0.0
MEYRIN_VILLAGE,MEYRIN_FORUMEYRIN,t0730,0.0
MEYRIN_VILLAGE,MEYRIN_FORUMEYRIN,t0800,0.0
MEYRIN_VILLAGE,MEYRIN_FORUMEYRIN,t0830,0.0
MEYRIN_VILLAGE,MEYRIN_GRAVIERE,t0700,0.0
MEYRIN_VILLAGE,MEYRIN_GRAVIERE,t0730,0.0
MEYRIN_VILLAGE,MEYRIN_GRAVIERE,t0800,0.0
MEYRIN_VILLAGE,MEYRIN_GRAVIERE,t0830,0.0
MEYRIN_VILLAGE,MEYRIN_HOPITAL_DE_LA_TOUR,t0700,0.0
MEYRIN_VILLAGE,MEYRIN_HOPITAL_DE_LA_TOUR,t0730,0.0
MEYRIN_VILLAGE,MEYRIN_HOPITAL_DE_LA_TOUR,t0800,0.0
MEYRIN_VILLAGE,MEYRIN_HOPITAL_DE_LA_TOUR,t0830,0.0
MEYRIN_VILLAGE,MEYRIN_JARDIN_ALPIN_VIVARIUM,t0700,0.0
MEYRIN_VILLAGE,MEYRIN_JARDIN_ALPIN_VIVARIUM,t0730,0.0
MEYRIN_VILLAGE,MEYRIN_JARDIN_ALPIN_VIVARIUM,t0800,0.0
MEYRIN_VILLAGE,MEYRIN_JARDIN_ALPIN_VIVARIUM,t0830,0.0
MEYRIN_VILLAGE,MEYRIN_MAISONNEX,t0700,0.0
MEYRIN_VILLAGE,MEYRIN_MAISONNEX,t0730,0.0
MEYRIN_VILLAGE,MEYRIN_MAISONNEX,t0800,0.0
MEYRIN_VILLAGE,MEYRIN_MAISONNEX,t0830,0.0
MEYRIN_VILLAGE,MEYRIN_VAUDAGNE,t0700,0.0
MEYRIN_VILLAGE,MEYRIN_VAUDAGNE,t0730,0.0
MEYRIN_VILLAGE,MEYRIN_VAUDAGNE,t0800,0.0
MEYRIN_VILLAGE,MEYRIN_VAUDAGNE,t0830,0.0
MEYRIN_VILLAGE,ONEX_BANDOL,t0700,0.0
MEYRIN_VILLAGE,ONEX_BANDOL,t0730,0.0
MEYRIN_VILLAGE,ONEX_BANDOL,t0800,0.0
MEYRIN_VILLAGE,ONEX_BANDOL,t0830,0.0
MEYRIN_VILLAGE,ONEX_SALLE_COMMUNALE,t0700,0.0
MEYRIN_VILLAGE,ONEX_SALLE_COMMUNALE,t0730,0.0
MEYRIN_VILLAGE,ONEX_SALLE_COMMUNALE,t0800,0.0
MEYRIN_VILLAGE,ONEX_SALLE_COMMUNALE,t0830,0.0
MEYRIN_VILLAGE,PETIT_LANCY_LES_ESSERTS,t0700,0.0
MEYRIN_VILLAGE,PETIT_LANCY_LES_ESSERTS,t0730,0.0
MEYRIN_VILLAGE,PETIT_LANCY_LES_ESSERTS,t0800,0.0
MEYRIN_VILLAGE,PETIT_LANCY_LES_ESSERTS,t0830,0.0
MEYRIN_VILLAGE,PETIT_LANCY_PLACE,t0700,0.0
MEYRIN_VILLAGE,PETIT_LANCY_PLACE,t0730,0.0
MEYRIN_VILLAGE,PETIT_LANCY_PLACE,t0800,0.0
MEYRIN_VILLAGE,PETIT_LANCY_PLACE,t0830,0.0
MEYRIN_VILLAGE,PETIT_LANCY_QUIDORT,t0700,0.0
MEYRIN_VILLAGE,PETIT_LANCY_QUIDORT,t0730,0.0
MEYRIN_VILLAGE,PETIT_LANCY_QUIDORT,t0800,0.0
MEYRIN_VILLAGE,PETIT_LANCY_QUIDORT,t0830,0.0
MEYRIN_VILLAGE,PLAN_LES_OUATES_TREFLE_BLANC,t0700,0.0
MEYRIN_VILLAGE,PLAN_LES_OUATES_TREFLE_BLANC,t0730,0.0
MEYRIN_VILLAGE,PLAN_LES_OUATES_TREFLE_BLANC,t0800,0.0
MEYRIN_VILLAGE,PLAN_LES_OUATES_TREFLE_BLANC,t0830,0.0
MEYRIN_VILLAGE,THONEX_GRAVESON,t0700,0.0
MEYRIN_VILLAGE,THONEX_GRAVESON,t0730,0.0
MEYRIN_VILLAGE,THONEX_GRAVESON,t0800,0.0
MEYRIN_VILLAGE,THONEX_GRAVESON,t0830,0.0
MEYRIN_VILLAGE,THONEX_MOILLESULAZ,t0700,0.0
MEYRIN_VILLAGE,THONEX_MOILLESULAZ,t0730,0.0
MEYRIN_VILLAGE,THONEX_MOILLESULAZ,t0800,0.0
MEYRIN_VILLAGE,THONEX_MOILLESULAZ,t0830,0.0
MEYRIN_VILLAGE,VERNIER_AVANCHETS_ETANG,t0700,0.0
MEYRIN_VILLAGE,VERNIER_AVANCHETS_ETANG,t0730,0.0
MEYRIN_VILLAGE,VERNIER_AVANCHETS_ETANG,t0800,0.0
MEYRIN_VILLAGE,VERNIER_AVANCHETS_ETANG,t0830,0.0
MEYRIN_VILLAGE,VERNIER_BALEXERT,t0700,0.0
MEYRIN_VILLAGE,VERNIER_BALEXERT,t0730,0.0
MEYRIN_VILLAGE,VERNIER_BALEXERT,t0800,0.0
MEYRIN_VILLAGE,VERNIER_BALEXERT,t0830,0.0
MEYRIN_VILLAGE,VERNIER_BLANDONNET,t0700,0.0
MEYRIN_VILLAGE,VERNIER_BLANDONNET,t0730,0.0
MEYRIN_VILLAGE,VERNIER_BLANDONNET,t0800,0.0
MEYRIN_VILLAGE,VERNIER_BLANDONNET,t0830,0.0
MEYRIN_VILLAGE,VERNIER_BOUCHET,t0700,0.0
MEYRIN_VILLAGE,VERNIER_BOUCHET,t0730,0.0
MEYRIN_VILLAGE,VERNIER_BOUCHET,t0800,0.0
MEYRIN_VILLAGE,VERNIER_BOUCHET,t0830,0.0
ONEX_BANDOL,BERNEX_HAINARD,t0700,0.0
ONEX_BANDOL,BERNEX_HAINARD,t0730,0.0
ONEX_BANDOL,BERNEX_HAINARD,t0800,0.0
ONEX_BANDOL,BERNEX_HAINARD,t0830,0.0
ONEX_BANDOL,BERNEX_LUCHEPELET,t0700,0.0
ONEX_BANDOL,BERNEX_LUCHEPELET,t0730,0.0
ONEX_BANDOL,BERNEX_LUCHEPELET,t0800,0.0
ONEX_BANDOL,BERNEX_LUCHEPELET,t0830,0.0
ONEX_BANDOL,BERNEX_PRE_MARAIS,t0700,0.0
ONEX_BANDOL,BERNEX_PRE_MARAIS,t0730,0.0
ONEX_BANDOL,BERNEX_PRE_MARAIS,t0800,0.0
ONEX_BANDOL,BERNEX_PRE_MARAIS,t0830,0.0
ONEX_BANDOL,BERNEX_P_R,t0700,0.0
ONEX_BANDOL,BERNEX_P_R,t0730,0.0
ONEX_BANDOL,BERNEX_P_R,t0800,0.0
ONEX_BANDOL,BERNEX_P_R,t0830,0.0
ONEX_BANDOL,BERNEX_VAILLY,t0700,0.0
ONEX_BANDOL,BERNEX_VAILLY,t0730,0.0
ONEX_BANDOL,BERNEX_VAILLY,t0800,0.0
ONEX_BANDOL,BERNEX_VAILLY,t0830,0.0
ONEX_BANDOL,CAROUGE_GE_ANCIENNE,t0700,0.0
ONEX_BANDOL,CAROUGE_GE_ANCIENNE,t0730,0.0
ONEX_BANDOL,CAROUGE_GE_ANCIENNE,t0800,0.0
ONEX_BANDOL,CAROUGE_GE_ANCIENNE,t0830,0.0
ONEX_BANDOL,CAROUGE_GE_ARMES,t0700,0.0
ONEX_BANDOL,CAROUGE_GE_ARMES,t0730,0.0
ONEX_BANDOL,CAROUGE_GE_ARMES,t0800,0.0
ONEX_BANDOL,CAROUGE_GE_ARMES,t0830,0.0
ONEX_BANDOL,CAROUGE_GE_MARCHE,t0700,0.0
ONEX_BANDOL,CAROUGE_GE_MARCHE,t0730,0.0
ONEX_BANDOL,CAROUGE_GE_MARCHE,t0800,0.0
ONEX_BANDOL,CAROUGE_GE_MARCHE,t0830,0.0
ONEX_BANDOL,CAROUGE_GE_RONDEAU,t0700,0.0
ONEX_BANDOL,CAROUGE_GE_RONDEAU,t0730,0.0
ONEX_BANDOL,CAROUGE_GE_RONDEAU,t0800,0.0
ONEX_BANDOL,CAROUGE_GE_RONDEAU,t0830,0.0
ONEX_BANDOL,CHENE_BOUGERIES_GRANGETTES,t0700,0.0
ONEX_BANDOL,CHENE_BOUGERIES_GRANGETTES,t0730,0.0
ONEX_BANDOL,CHENE_BOUGERIES_GRANGETTES,t0800,0.0
ONEX_BANDOL,CHENE_BOUGERIES_GRANGETTES,t0830,0.0
ONEX_BANDOL,CHENE_BOUGERIES_GRANGE_CANAL,t0700,0.0
ONEX_BANDOL,CHENE_BOUGERIES_GRANGE_CANAL,t0730,0.0
ONEX_BANDOL,CHENE_BOUGERIES_GRANGE_CANAL,t0800,0.0
ONEX_BANDOL,CHENE_BOUGERIES_GRANGE_CANAL,t0830,0.0
ONEX_BANDOL,CHENE_BOUGERIES_GRANGE_FALQUET,t0700,0.0
ONEX_BANDOL,CHENE_BOUGERIES_GRANGE_FALQUET,t0730,0.0
ONEX_BANDOL,CHENE_BOUGERIES_GRANGE_FALQUET,t0800,0.0
ONEX_BANDOL,CHENE_BOUGERIES_GRANGE_FALQUET,t0830,0.0
ONEX_BANDOL,CHENE_BOURG_PEILLONNEX,t0700,0.0
ONEX_BANDOL,CHENE_BOURG_PEILLONNEX,t0730,0.0
ONEX_BANDOL,CHENE_BOURG_PEILLONNEX,t0800,0.0
ONEX_BANDOL,CHENE_BOURG_PEILLONNEX,t0830,0.0
ONEX_BANDOL,CHENE_BOURG_PLACE_FAVRE,t0700,0.0
ONEX_BANDOL,CHENE_BOURG_PLACE_FAVRE,t0730,0.0
ONEX_BANDOL,CHENE_BOURG_PLACE_FAVRE,t0800,0.0
ONEX_BANDOL,CHENE_BOURG_PLACE_FAVRE,t0830,0.0
ONEX_BANDOL,CONFIGNON_CROISEE,t0700,0.0
ONEX_BANDOL,CONFIGNON_CROISEE,t0730,0.0
ONEX_BANDOL,CONFIGNON_CROISEE,t0800,0.0
ONEX_BANDOL,CONFIGNON_CROISEE,t0830,0.0
ONEX_BANDOL,CONFIGNON_LA_DODE,t0700,0.0
ONEX_BANDOL,CONFIGNON_LA_DODE,t0730,0.0
ONEX_BANDOL,CONFIGNON_LA_DODE,t0800,0.0
ONEX_BANDOL,CONFIGNON_LA_DODE,t0830,0.0
ONEX_BANDOL,GENEVE_AMANDOLIER,t0700,0.0
ONEX_BANDOL,GENEVE_AMANDOLIER,t0730,0.0
ONEX_BANDOL,GENEVE_AMANDOLIER,t0800,0.0
ONEX_BANDOL,GENEVE_AMANDOLIER,t0830,0.0
ONEX_BANDOL,GENEVE_AUGUSTINS,t0700,0.0
ONEX_BANDOL,GENEVE_AUGUSTINS,t0730,0.0
ONEX_BANDOL,GENEVE_AUGUSTINS,t0800,0.0
ONEX_BANDOL,GENEVE_AUGUSTINS,t0830,0.0
ONEX_BANDOL,GENEVE_BEL_AIR,t0700,0.0
ONEX_BANDOL,GENEVE_BEL_AIR,t0730,0.0
ONEX_BANDOL,GENEVE_BEL_AIR,t0800,0.0
ONEX_BANDOL,GENEVE_BEL_AIR,t0830,0.0
ONEX_BANDOL,GENEVE_BLANCHE,t0700,0.0
ONEX_BANDOL,GENEVE_BLANCHE,t0730,0.0
ONEX_BANDOL,GENEVE_BLANCHE,t0800,0.0
ONEX_BANDOL,GENEVE_BLANCHE,t0830,0.0
ONEX_BANDOL,GENEVE_COUTANCE,t0700,0.0
ONEX_BANDOL,GENEVE_COUTANCE,t0730,0.0
ONEX_BANDOL,GENEVE_COUTANCE,t0800,0.0
ONEX_BANDOL,GENEVE_COUTANCE,t0830,0.0
ONEX_BANDOL,GENEVE_EAUX_VIVES_GARE,t0700,0.0
ONEX_BANDOL,GENEVE_EAUX_VIVES_GARE,t0730,0.0
ONEX_BANDOL,GENEVE_EAUX_VIVES_GARE,t0800,0.0
ONEX_BANDOL,GENEVE_EAUX_VIVES_GARE,t0830,0.0
ONEX_BANDOL,GENEVE_GARE_CORNAVIN,t0700,0.0
ONEX_BANDOL,GENEVE_GARE_CORNAVIN,t0730,0.0
ONEX_BANDOL,GENEVE_GARE_CORNAVIN,t0800,0.0
ONEX_BANDOL,GENEVE_GARE_CORNAVIN,t0830,0.0
ONEX_BANDOL,GENEVE_JONCTION,t0700,0.0
ONEX_BANDOL,GENEVE_JONCTION,t0730,0.0
ONEX_BANDOL,GENEVE_JONCTION,t0800,0.0
ONEX_BANDOL,GENEVE_JONCTION,t0830,0.0
ONEX_BANDOL,GENEVE_LYON,t0700,0.0
ONEX_BANDOL,GENEVE_LYON,t0730,0.0
ONEX_BANDOL,GENEVE_LYON,t0800,0.0
ONEX_BANDOL,GENEVE_LYON,t0830,0.0
ONEX_BANDOL,GENEVE_MOLARD,t0700,0.0
ONEX_BANDOL,GENEVE_MOLARD,t0730,0.0
ONEX_BANDOL,GENEVE_MOLARD,t0800,0.0
ONEX_BANDOL,GENEVE_MOLARD,t0830,0.0
ONEX_BANDOL,GENEVE_PALLADIUM,t0700,0.0
ONEX_BANDOL,GENEVE_PALLADIUM,t0730,0.0
ONEX_BANDOL,GENEVE_PALLADIUM,t0800,0.0
ONEX_BANDOL,GENEVE_PALLADIUM,t0830,0.0
ONEX_BANDOL,GENEVE_PLACE_DE_NEUVE,t0700,0.0
ONEX_BANDOL,GENEVE_PLACE_DE_NEUVE,t0730,0.0
ONEX_BANDOL,GENEVE_PLACE_DE_NEUVE,t0800,0.0
ONEX_BANDOL,GENEVE_PLACE_DE_NEUVE,t0830,0.0
ONEX_BANDOL,GENEVE_PLAINPALAIS,t0700,0.0
ONEX_BANDOL,GENEVE_PLAINPALAIS,t0730,0.0
ONEX_BANDOL,GENEVE_PLAINPALAIS,t0800,0.0
ONEX_BANDOL,GENEVE_PLAINPALAIS,t0830,0.0
ONEX_BANDOL,GENEVE_PONT_D_ARVE,t0700,0.0
ONEX_BANDOL,GENEVE_PONT_D_ARVE,t0730,0.0
ONEX_BANDOL,GENEVE_PONT_D_ARVE,t0800,0.0
ONEX_BANDOL,GENEVE_PONT_D_ARVE,t0830,0.0
ONEX_BANDOL,GENEVE_POTERIE,t0700,0.0
ONEX_BANDOL,GENEVE_POTERIE,t0730,0.0
ONEX_BANDOL,GENEVE_POTERIE,t0800,0.0
ONEX_BANDOL,GENEVE_POTERIE,t0830,0.0
ONEX_BANDOL,GENEVE_RIVE,t0700,0.0
ONEX_BANDOL,GENEVE_RIVE,t0730,0.0
ONEX_BANDOL,GENEVE_RIVE,t0800,0.0
ONEX_BANDOL,GENEVE_RIVE,t0830,0.0
ONEX_BANDOL,GENEVE_SERVETTE,t0700,0.0
ONEX_BANDOL,GENEVE_SERVETTE,t0730,0.0
ONEX_BANDOL,GENEVE_SERVETTE,t0800,0.0
ONEX_BANDOL,GENEVE_SERVETTE,t0830,0.0
ONEX_BANDOL,GENEVE_STAND,t0700,0.0
ONEX_BANDOL,GENEVE_STAND,t0730,0.0
ONEX_BANDOL,GENEVE_STAND,t0800,0.0
ONEX_BANDOL,GENEVE_STAND,t0830,0.0
ONEX_BANDOL,GENEVE_TERRASSIERE,t0700,0.0
ONEX_BANDOL,GENEVE_TERRASSIERE,t0730,0.0
ONEX_BANDOL,GENEVE_TERRASSIERE,t0800,0.0
ONEX_BANDOL,GENEVE_TERRASSIERE,t0830,0.0
ONEX_BANDOL,GENEVE_VIEUSSEUX,t0700,0.0
ONEX_BANDOL,GENEVE_VIEUSSEUX,t0730,0.0
ONEX_BANDOL,GENEVE_VIEUSSEUX,t0800,0.0
ONEX_BANDOL,GENEVE_VIEUSSEUX,t0830,0.0
ONEX_BANDOL,GENEVE_VILLEREUSE,t0700,0.0
ONEX_BANDOL,GENEVE_VILLEREUSE,t0730,0.0
ONEX_BANDOL,GENEVE_VILLEREUSE,t0800,0.0
ONEX_BANDOL,GENEVE_VILLEREUSE,t0830,0.0
ONEX_BANDOL,GRAND_LANCY_DE_STAEL,t0700,0.0
ONEX_BANDOL,GRAND_LANCY_DE_STAEL,t0730,0.0
ONEX_BANDOL,GRAND_LANCY_DE_STAEL,t0800,0.0
ONEX_BANDOL,GRAND_LANCY_DE_STAEL,t0830,0.0
ONEX_BANDOL,GRAND_LANCY_PALETTES,t0700,0.0
ONEX_BANDOL,GRAND_LANCY_PALETTES,t0730,0.0
ONEX_BANDOL,GRAND_LANCY_PALETTES,t0800,0.0
ONEX_BANDOL,GRAND_LANCY_PALETTES,t0830,0.0
ONEX_BANDOL,GRAND_LANCY_PONTETS,t0700,0.0
ONEX_BANDOL,GRAND_LANCY_PONTETS,t0730,0.0
ONEX_BANDOL,GRAND_LANCY_PONTETS,t0800,0.0
ONEX_BANDOL,GRAND_LANCY_PONTETS,t0830,0.0
ONEX_BANDOL,LANCY_BACHET_GARE,t0700,0.0
ONEX_BANDOL,LANCY_BACHET_GARE,t0730,0.0
ONEX_BANDOL,LANCY_BACHET_GARE,t0800,0.0
ONEX_BANDOL,LANCY_BACHET_GARE,t0830,0.0
ONEX_BANDOL,MEYRIN_BOIS_DU_LAN,t0700,0.0
ONEX_BANDOL,MEYRIN_BOIS_DU_LAN,t0730,0.0
ONEX_BANDOL,MEYRIN_BOIS_DU_LAN,t0800,0.0
ONEX_BANDOL,MEYRIN_BOIS_DU_LAN,t0830,0.0
ONEX_BANDOL,MEYRIN_CERN,t0700,0.0
ONEX_BANDOL,MEYRIN_CERN,t0730,0.0
ONEX_BANDOL,MEYRIN_CERN,t0800,0.0
ONEX_BANDOL,MEYRIN_CERN,t0830,0.0
ONEX_BANDOL,MEYRIN_FORUMEYRIN,t0700,0.0
ONEX_BANDOL,MEYRIN_FORUMEYRIN,t0730,0.0
ONEX_BANDOL,MEYRIN_FORUMEYRIN,t0800,0.0
ONEX_BANDOL,MEYRIN_FORUMEYRIN,t0830,0.0
ONEX_BANDOL,MEYRIN_GRAVIERE,t0700,0.0
ONEX_BANDOL,MEYRIN_GRAVIERE,t0730,0.0
ONEX_BANDOL,MEYRIN_GRAVIERE,t0800,0.0
ONEX_BANDOL,MEYRIN_GRAVIERE,t0830,0.0
ONEX_BANDOL,MEYRIN_HOPITAL_DE_LA_TOUR,t0700,0.0
ONEX_BANDOL,MEYRIN_HOPITAL_DE_LA_TOUR,t0730,0.0
ONEX_BANDOL,MEYRIN_HOPITAL_DE_LA_TOUR,t0800,0.0
ONEX_BANDOL,MEYRIN_HOPITAL_DE_LA_TOUR,t0830,0.0
ONEX_BANDOL,MEYRIN_JARDIN_ALPIN_VIVARIUM,t0700,0.0
ONEX_BANDOL,MEYRIN_JARDIN_ALPIN_VIVARIUM,t0730,0.0
ONEX_BANDOL,MEYRIN_JARDIN_ALPIN_VIVARIUM,t0800,0.0
ONEX_BANDOL,MEYRIN_JARDIN_ALPIN_VIVARIUM,t0830,0.0
ONEX_BANDOL,MEYRIN_MAISONNEX,t0700,0.0
ONEX_BANDOL,MEYRIN_MAISONNEX,t0730,0.0
ONEX_BANDOL,MEYRIN_MAISONNEX,t0800,0.0
ONEX_BANDOL,MEYRIN_MAISONNEX,t0830,0.0
ONEX_BANDOL,MEYRIN_VAUDAGNE,t0700,0.0
ONEX_BANDOL,MEYRIN_VAUDAGNE,t0730,0.0
ONEX_BANDOL,MEYRIN_VAUDAGNE,t0800,0.0
ONEX_BANDOL,MEYRIN_VAUDAGNE,t0830,0.0
ONEX_BANDOL,MEYRIN_VILLAGE,t0700,0.0
ONEX_BANDOL,MEYRIN_VILLAGE,t0730,0.0
ONEX_BANDOL,MEYRIN_VILLAGE,t0800,0.0
ONEX_BANDOL,MEYRIN_VILLAGE,t0830,0.0
ONEX_BANDOL,ONEX_SALLE_COMMUNALE,t0700,0.0
ONEX_BANDOL,ONEX_SALLE_COMMUNALE,t0730,0.0
ONEX_BANDOL,ONEX_SALLE_COMMUNALE,t0800,0.0
ONEX_BANDOL,ONEX_SALLE_COMMUNALE,t0830,0.0
ONEX_BANDOL,PETIT_LANCY_LES_ESSERTS,t0700,0.0
ONEX_BANDOL,PETIT_LANCY_LES_ESSERTS,t0730,0.0
ONEX_BANDOL,PETIT_LANCY_LES_ESSERTS,t0800,0.0
ONEX_BANDOL,PETIT_LANCY_LES_ESSERTS,t0830,0.0
ONEX_BANDOL,PETIT_LANCY_PLACE,t0700,0.0
ONEX_BANDOL,PETIT_LANCY_PLACE,t0730,0.0
ONEX_BANDOL,PETIT_LANCY_PLACE,t0800,0.0
ONEX_BANDOL,PETIT_LANCY_PLACE,t0830,0.0
ONEX_BANDOL,PETIT_LANCY_QUIDORT,t0700,0.0
ONEX_BANDOL,PETIT_LANCY_QUIDORT,t0730,0.0
ONEX_BANDOL,PETIT_LANCY_QUIDORT,t0800,0.0
ONEX_BANDOL,PETIT_LANCY_QUIDORT,t0830,0.0
ONEX_BANDOL,PLAN_LES_OUATES_TREFLE_BLANC,t0700,0.0
ONEX_BANDOL,PLAN_LES_OUATES_TREFLE_BLANC,t0730,0.0
ONEX_BANDOL,PLAN_LES_OUATES_TREFLE_BLANC,t0800,0.0
ONEX_BANDOL,PLAN_LES_OUATES_TREFLE_BLANC,t0830,0.0
ONEX_BANDOL,THONEX_GRAVESON,t0700,0.0
ONEX_BANDOL,THONEX_GRAVESON,t0730,0.0
ONEX_BANDOL,THONEX_GRAVESON,t0800,0.0
ONEX_BANDOL,THONEX_GRAVESON,t0830,0.0
ONEX_BANDOL,THONEX_MOILLESULAZ,t0700,0.0
ONEX_BANDOL,THONEX_MOILLESULAZ,t0730,0.0
ONEX_BANDOL,THONEX_MOILLESULAZ,t0800,0.0
ONEX_BANDOL,THONEX_MOILLESULAZ,t0830,0.0
ONEX_BANDOL,VERNIER_AVANCHETS_ETANG,t0700,0.0
ONEX_BANDOL,VERNIER_AVANCHETS_ETANG,t0730,0.0
ONEX_BANDOL,VERNIER_AVANCHETS_ETANG,t0800,0.0
ONEX_BANDOL,VERNIER_AVANCHETS_ETANG,t0830,0.0
ONEX_BANDOL,VERNIER_BALEXERT,t0700,0.0
ONEX_BANDOL,VERNIER_BALEXERT,t0730,0.0
ONEX_BANDOL,VERNIER_BALEXERT,t0800,0.0
ONEX_BANDOL,VERNIER_BALEXERT,t0830,0.0
ONEX_BANDOL,VERNIER_BLANDONNET,t0700,0.0
ONEX_BANDOL,VERNIER_BLANDONNET,t0730,0.0
ONEX_BANDOL,VERNIER_BLANDONNET,t0800,0.0
ONEX_BANDOL,VERNIER_BLANDONNET,t0830,0.0
ONEX_BANDOL,VERNIER_BOUCHET,t0700,0.0
ONEX_BANDOL,VERNIER_BOUCHET,t0730,0.0
ONEX_BANDOL,VERNIER_BOUCHET,t0800,0.0
ONEX_BANDOL,VERNIER_BOUCHET,t0830,0.0
ONEX_SALLE_COMMUNALE,BERNEX_HAINARD,t0700,0.0
ONEX_SALLE_COMMUNALE,BERNEX_HAINARD,t0730,0.0
ONEX_SALLE_COMMUNALE,BERNEX_HAINARD,t0800,0.0
ONEX_SALLE_COMMUNALE,BERNEX_HAINARD,t0830,0.0
ONEX_SALLE_COMMUNALE,BERNEX_LUCHEPELET,t0700,0.0
ONEX_SALLE_COMMUNALE,BERNEX_LUCHEPELET,t0730,0.0
ONEX_SALLE_COMMUNALE,BERNEX_LUCHEPELET,t0800,0.0
ONEX_SALLE_COMMUNALE,BERNEX_LUCHEPELET,t0830,0.0
ONEX_SALLE_COMMUNALE,BERNEX_PRE_MARAIS,t0700,0.0
ONEX_SALLE_COMMUNALE,BERNEX_PRE_MARAIS,t0730,0.0
ONEX_SALLE_COMMUNALE,BERNEX_PRE_MARAIS,t0800,0.0
ONEX_SALLE_COMMUNALE,BERNEX_PRE_MARAIS,t0830,0.0
ONEX_SALLE_COMMUNALE,BERNEX_P_R,t0700,0.0
ONEX_SALLE_COMMUNALE,BERNEX_P_R,t0730,0.0
ONEX_SALLE_COMMUNALE,BERNEX_P_R,t0800,0.0
ONEX_SALLE_COMMUNALE,BERNEX_P_R,t0830,0.0
ONEX_SALLE_COMMUNALE,BERNEX_VAILLY,t0700,0.0
ONEX_SALLE_COMMUNALE,BERNEX_VAILLY,t0730,0.0
ONEX_SALLE_COMMUNALE,BERNEX_VAILLY,t0800,0.0
ONEX_SALLE_COMMUNALE,BERNEX_VAILLY,t0830,0.0
ONEX_SALLE_COMMUNALE,CAROUGE_GE_ANCIENNE,t0700,0.0
ONEX_SALLE_COMMUNALE,CAROUGE_GE_ANCIENNE,t0730,0.0
ONEX_SALLE_COMMUNALE,CAROUGE_GE_ANCIENNE,t0800,0.0
ONEX_SALLE_COMMUNALE,CAROUGE_GE_ANCIENNE,t0830,0.0
ONEX_SALLE_COMMUNALE,CAROUGE_GE_ARMES,t0700,0.0
ONEX_SALLE_COMMUNALE,CAROUGE_GE_ARMES,t0730,0.0
ONEX_SALLE_COMMUNALE,CAROUGE_GE_ARMES,t0800,0.0
ONEX_SALLE_COMMUNALE,CAROUGE_GE_ARMES,t0830,0.0
ONEX_SALLE_COMMUNALE,CAROUGE_GE_MARCHE,t0700,0.0
ONEX_SALLE_COMMUNALE,CAROUGE_GE_MARCHE,t0730,0.0
ONEX_SALLE_COMMUNALE,CAROUGE_GE_MARCHE,t0800,0.0
ONEX_SALLE_COMMUNALE,CAROUGE_GE_MARCHE,t0830,0.0
ONEX_SALLE_COMMUNALE,CAROUGE_GE_RONDEAU,t0700,0.0
ONEX_SALLE_COMMUNALE,CAROUGE_GE_RONDEAU,t0730,0.0
ONEX_SALLE_COMMUNALE,CAROUGE_GE_RONDEAU,t0800,0.0
ONEX_SALLE_COMMUNALE,CAROUGE_GE_RONDEAU,t0830,0.0
ONEX_SALLE_COMMUNALE,CHENE_BOUGERIES_GRANGETTES,t0700,0.0
ONEX_SALLE_COMMUNALE,CHENE_BOUGERIES_GRANGETTES,t0730,0.0
ONEX_SALLE_COMMUNALE,CHENE_BOUGERIES_GRANGETTES,t0800,0.0
ONEX_SALLE_COMMUNALE,CHENE_BOUGERIES_GRANGETTES,t0830,0.0
ONEX_SALLE_COMMUNALE,CHENE_BOUGERIES_GRANGE_CANAL,t0700,0.0
ONEX_SALLE_COMMUNALE,CHENE_BOUGERIES_GRANGE_CANAL,t0730,0.0
ONEX_SALLE_COMMUNALE,CHENE_BOUGERIES_GRANGE_CANAL,t0800,0.0
ONEX_SALLE_COMMUNALE,CHENE_BOUGERIES_GRANGE_CANAL,t0830,0.0
ONEX_SALLE_COMMUNALE,CHENE_BOUGERIES_GRANGE_FALQUET,t0700,0.0
ONEX_SALLE_COMMUNALE,CHENE_BOUGERIES_GRANGE_FALQUET,t0730,0.0
ONEX_SALLE_COMMUNALE,CHENE_BOUGERIES_GRANGE_FALQUET,t0800,0.0
ONEX_SALLE_COMMUNALE,CHENE_BOUGERIES_GRANGE_FALQUET,t0830,0.0
ONEX_SALLE_COMMUNALE,CHENE_BOURG_PEILLONNEX,t0700,0.0
ONEX_SALLE_COMMUNALE,CHENE_BOURG_PEILLONNEX,t0730,0.0
ONEX_SALLE_COMMUNALE,CHENE_BOURG_PEILLONNEX,t0800,0.0
ONEX_SALLE_COMMUNALE,CHENE_BOURG_PEILLONNEX,t0830,0.0
ONEX_SALLE_COMMUNALE,CHENE_BOURG_PLACE_FAVRE,t0700,0.0
ONEX_SALLE_COMMUNALE,CHENE_BOURG_PLACE_FAVRE,t0730,0.0
ONEX_SALLE_COMMUNALE,CHENE_BOURG_PLACE_FAVRE,t0800,0.0
ONEX_SALLE_COMMUNALE,CHENE_BOURG_PLACE_FAVRE,t0830,0.0
ONEX_SALLE_COMMUNALE,CONFIGNON_CROISEE,t0700,0.0
ONEX_SALLE_COMMUNALE,CONFIGNON_CROISEE,t0730,0.0
ONEX_SALLE_COMMUNALE,CONFIGNON_CROISEE,t0800,0.0
ONEX_SALLE_COMMUNALE,CONFIGNON_CROISEE,t0830,0.0
ONEX_SALLE_COMMUNALE,CONFIGNON_LA_DODE,t0700,0.0
ONEX_SALLE_COMMUNALE,CONFIGNON_LA_DODE,t0730,0.0
ONEX_SALLE_COMMUNALE,CONFIGNON_LA_DODE,t0800,0.0
ONEX_SALLE_COMMUNALE,CONFIGNON_LA_DODE,t0830,0.0
ONEX_SALLE_COMMUNALE,GENEVE_AMANDOLIER,t0700,0.0
ONEX_SALLE_COMMUNALE,GENEVE_AMANDOLIER,t0730,0.0
ONEX_SALLE_COMMUNALE,GENEVE_AMANDOLIER,t0800,0.0
ONEX_SALLE_COMMUNALE,GENEVE_AMANDOLIER,t0830,0.0
ONEX_SALLE_COMMUNALE,GENEVE_AUGUSTINS,t0700,0.0
ONEX_SALLE_COMMUNALE,GENEVE_AUGUSTINS,t0730,0.0
ONEX_SALLE_COMMUNALE,GENEVE_AUGUSTINS,t0800,0.0
ONEX_SALLE_COMMUNALE,GENEVE_AUGUSTINS,t0830,0.0
ONEX_SALLE_COMMUNALE,GENEVE_BEL_AIR,t0700,0.0
ONEX_SALLE_COMMUNALE,GENEVE_BEL_AIR,t0730,0.0
ONEX_SALLE_COMMUNALE,GENEVE_BEL_AIR,t0800,0.0
ONEX_SALLE_COMMUNALE,GENEVE_BEL_AIR,t0830,0.0
ONEX_SALLE_COMMUNALE,GENEVE_BLANCHE,t0700,0.0
ONEX_SALLE_COMMUNALE,GENEVE_BLANCHE,t0730,0.0
ONEX_SALLE_COMMUNALE,GENEVE_BLANCHE,t0800,0.0
ONEX_SALLE_COMMUNALE,GENEVE_BLANCHE,t0830,0.0
ONEX_SALLE_COMMUNALE,GENEVE_COUTANCE,t0700,0.0
ONEX_SALLE_COMMUNALE,GENEVE_COUTANCE,t0730,0.0
ONEX_SALLE_COMMUNALE,GENEVE_COUTANCE,t0800,0.0
ONEX_SALLE_COMMUNALE,GENEVE_COUTANCE,t0830,0.0
ONEX_SALLE_COMMUNALE,GENEVE_EAUX_VIVES_GARE,t0700,0.0
ONEX_SALLE_COMMUNALE,GENEVE_EAUX_VIVES_GARE,t0730,0.0
ONEX_SALLE_COMMUNALE,GENEVE_EAUX_VIVES_GARE,t0800,0.0
ONEX_SALLE_COMMUNALE,GENEVE_EAUX_VIVES_GARE,t0830,0.0
ONEX_SALLE_COMMUNALE,GENEVE_GARE_CORNAVIN,t0700,0.0
ONEX_SALLE_COMMUNALE,GENEVE_GARE_CORNAVIN,t0730,0.0
ONEX_SALLE_COMMUNALE,GENEVE_GARE_CORNAVIN,t0800,0.0
ONEX_SALLE_COMMUNALE,GENEVE_GARE_CORNAVIN,t0830,0.0
ONEX_SALLE_COMMUNALE,GENEVE_JONCTION,t0700,0.0
ONEX_SALLE_COMMUNALE,GENEVE_JONCTION,t0730,0.0
ONEX_SALLE_COMMUNALE,GENEVE_JONCTION,t0800,0.0
ONEX_SALLE_COMMUNALE,GENEVE_JONCTION,t0830,0.0
ONEX_SALLE_COMMUNALE,GENEVE_LYON,t0700,0.0
ONEX_SALLE_COMMUNALE,GENEVE_LYON,t0730,0.0
ONEX_SALLE_COMMUNALE,GENEVE_LYON,t0800,0.0
ONEX_SALLE_COMMUNALE,GENEVE_LYON,t0830,0.0
ONEX_SALLE_COMMUNALE,GENEVE_MOLARD,t0700,0.0
ONEX_SALLE_COMMUNALE,GENEVE_MOLARD,t0730,0.0
ONEX_SALLE_COMMUNALE,GENEVE_MOLARD,t0800,0.0
ONEX_SALLE_COMMUNALE,GENEVE_MOLARD,t0830,0.0
ONEX_SALLE_COMMUNALE,GENEVE_PALLADIUM,t0700,0.0
ONEX_SALLE_COMMUNALE,GENEVE_PALLADIUM,t0730,0.0
ONEX_SALLE_COMMUNALE,GENEVE_PALLADIUM,t0800,0.0
ONEX_SALLE_COMMUNALE,GENEVE_PALLADIUM,t0830,0.0
ONEX_SALLE_COMMUNALE,GENEVE_PLACE_DE_NEUVE,t0700,0.0
ONEX_SALLE_COMMUNALE,GENEVE_PLACE_DE_NEUVE,t0730,0.0
ONEX_SALLE_COMMUNALE,GENEVE_PLACE_DE_NEUVE,t0800,0.0
ONEX_SALLE_COMMUNALE,GENEVE_PLACE_DE_NEUVE,t0830,0.0
ONEX_SALLE_COMMUNALE,GENEVE_PLAINPALAIS,t0700,0.0
ONEX_SALLE_COMMUNALE,GENEVE_PLAINPALAIS,t0730,0.0
ONEX_SALLE_COMMUNALE,GENEVE_PLAINPALAIS,t0800,0.0
ONEX_SALLE_COMMUNALE,GENEVE_PLAINPALAIS,t0830,0.0
ONEX_SALLE_COMMUNALE,GENEVE_PONT_D_ARVE,t0700,0.0
ONEX_SALLE_COMMUNALE,GENEVE_PONT_D_ARVE,t0730,0.0
ONEX_SALLE_COMMUNALE,GENEVE_PONT_D_ARVE,t0800,0.0
ONEX_SALLE_COMMUNALE,GENEVE_PONT_D_ARVE,t0830,0.0
ONEX_SALLE_COMMUNALE,GENEVE_POTERIE,t0700,0.0
ONEX_SALLE_COMMUNALE,GENEVE_POTERIE,t0730,0.0
ONEX_SALLE_COMMUNALE,GENEVE_POTERIE,t0800,0.0
ONEX_SALLE_COMMUNALE,GENEVE_POTERIE,t0830,0.0
ONEX_SALLE_COMMUNALE,GENEVE_RIVE,t0700,0.0
ONEX_SALLE_COMMUNALE,GENEVE_RIVE,t0730,0.0
ONEX_SALLE_COMMUNALE,GENEVE_RIVE,t0800,0.0
ONEX_SALLE_COMMUNALE,GENEVE_RIVE,t0830,0.0
ONEX_SALLE_COMMUNALE,GENEVE_SERVETTE,t0700,0.0
ONEX_SALLE_COMMUNALE,GENEVE_SERVETTE,t0730,0.0
ONEX_SALLE_COMMUNALE,GENEVE_SERVETTE,t0800,0.0
ONEX_SALLE_COMMUNALE,GENEVE_SERVETTE,t0830,0.0
ONEX_SALLE_COMMUNALE,GENEVE_STAND,t0700,0.0
ONEX_SALLE_COMMUNALE,GENEVE_STAND,t0730,0.0
ONEX_SALLE_COMMUNALE,GENEVE_STAND,t0800,0.0
ONEX_SALLE_COMMUNALE,GENEVE_STAND,t0830,0.0
ONEX_SALLE_COMMUNALE,GENEVE_TERRASSIERE,t0700,0.0
ONEX_SALLE_COMMUNALE,GENEVE_TERRASSIERE,t0730,0.0
ONEX_SALLE_COMMUNALE,GENEVE_TERRASSIERE,t0800,0.0
ONEX_SALLE_COMMUNALE,GENEVE_TERRASSIERE,t0830,0.0
ONEX_SALLE_COMMUNALE,GENEVE_VIEUSSEUX,t0700,0.0
ONEX_SALLE_COMMUNALE,GENEVE_VIEUSSEUX,t0730,0.0
ONEX_SALLE_COMMUNALE,GENEVE_VIEUSSEUX,t0800,0.0
ONEX_SALLE_COMMUNALE,GENEVE_VIEUSSEUX,t0830,0.0
ONEX_SALLE_COMMUNALE,GENEVE_VILLEREUSE,t0700,0.0
ONEX_SALLE_COMMUNALE,GENEVE_VILLEREUSE,t0730,0.0
ONEX_SALLE_COMMUNALE,GENEVE_VILLEREUSE,t0800,0.0
ONEX_SALLE_COMMUNALE,GENEVE_VILLEREUSE,t0830,0.0
ONEX_SALLE_COMMUNALE,GRAND_LANCY_DE_STAEL,t0700,0.0
ONEX_SALLE_COMMUNALE,GRAND_LANCY_DE_STAEL,t0730,0.0
ONEX_SALLE_COMMUNALE,GRAND_LANCY_DE_STAEL,t0800,0.0
ONEX_SALLE_COMMUNALE,GRAND_LANCY_DE_STAEL,t0830,0.0
ONEX_SALLE_COMMUNALE,GRAND_LANCY_PALETTES,t0700,0.0
ONEX_SALLE_COMMUNALE,GRAND_LANCY_PALETTES,t0730,0.0
ONEX_SALLE_COMMUNALE,GRAND_LANCY_PALETTES,t0800,0.0
ONEX_SALLE_COMMUNALE,GRAND_LANCY_PALETTES,t0830,0.0
ONEX_SALLE_COMMUNALE,GRAND_LANCY_PONTETS,t0700,0.0
ONEX_SALLE_COMMUNALE,GRAND_LANCY_PONTETS,t0730,0.0
ONEX_SALLE_COMMUNALE,GRAND_LANCY_PONTETS,t0800,0.0
ONEX_SALLE_COMMUNALE,GRAND_LANCY_PONTETS,t0830,0.0
ONEX_SALLE_COMMUNALE,LANCY_BACHET_GARE,t0700,0.0
ONEX_SALLE_COMMUNALE,LANCY_BACHET_GARE,t0730,0.0
ONEX_SALLE_COMMUNALE,LANCY_BACHET_GARE,t0800,0.0
ONEX_SALLE_COMMUNALE,LANCY_BACHET_GARE,t0830,0.0
ONEX_SALLE_COMMUNALE,MEYRIN_BOIS_DU_LAN,t0700,0.0
ONEX_SALLE_COMMUNALE,MEYRIN_BOIS_DU_LAN,t0730,0.0
ONEX_SALLE_COMMUNALE,MEYRIN_BOIS_DU_LAN,t0800,0.0
ONEX_SALLE_COMMUNALE,MEYRIN_BOIS_DU_LAN,t0830,0.0
ONEX_SALLE_COMMUNALE,MEYRIN_CERN,t0700,0.0
ONEX_SALLE_COMMUNALE,MEYRIN_CERN,t0730,0.0
ONEX_SALLE_COMMUNALE,MEYRIN_CERN,t0800,0.0
ONEX_SALLE_COMMUNALE,MEYRIN_CERN,t0830,0.0
ONEX_SALLE_COMMUNALE,MEYRIN_FORUMEYRIN,t0700,0.0
ONEX_SALLE_COMMUNALE,MEYRIN_FORUMEYRIN,t0730,0.0
ONEX_SALLE_COMMUNALE,MEYRIN_FORUMEYRIN,t0800,0.0
ONEX_SALLE_COMMUNALE,MEYRIN_FORUMEYRIN,t0830,0.0
ONEX_SALLE_COMMUNALE,MEYRIN_GRAVIERE,t0700,0.0
ONEX_SALLE_COMMUNALE,MEYRIN_GRAVIERE,t0730,0.0
ONEX_SALLE_COMMUNALE,MEYRIN_GRAVIERE,t0800,0.0
ONEX_SALLE_COMMUNALE,MEYRIN_GRAVIERE,t0830,0.0
ONEX_SALLE_COMMUNALE,MEYRIN_HOPITAL_DE_LA_TOUR,t0700,0.0
ONEX_SALLE_COMMUNALE,MEYRIN_HOPITAL_DE_LA_TOUR,t0730,0.0
ONEX_SALLE_COMMUNALE,MEYRIN_HOPITAL_DE_LA_TOUR,t0800,0.0
ONEX_SALLE_COMMUNALE,MEYRIN_HOPITAL_DE_LA_TOUR,t0830,0.0
ONEX_SALLE_COMMUNALE,MEYRIN_JARDIN_ALPIN_VIVARIUM,t0700,0.0
ONEX_SALLE_COMMUNALE,MEYRIN_JARDIN_ALPIN_VIVARIUM,t0730,0.0
ONEX_SALLE_COMMUNALE,MEYRIN_JARDIN_ALPIN_VIVARIUM,t0800,0.0
ONEX_SALLE_COMMUNALE,MEYRIN_JARDIN_ALPIN_VIVARIUM,t0830,0.0
ONEX_SALLE_COMMUNALE,MEYRIN_MAISONNEX,t0700,0.0
ONEX_SALLE_COMMUNALE,MEYRIN_MAISONNEX,t0730,0.0
ONEX_SALLE_COMMUNALE,MEYRIN_MAISONNEX,t0800,0.0
ONEX_SALLE_COMMUNALE,MEYRIN_MAISONNEX,t0830,0.0
ONEX_SALLE_COMMUNALE,MEYRIN_VAUDAGNE,t0700,0.0
ONEX_SALLE_COMMUNALE,MEYRIN_VAUDAGNE,t0730,0.0
ONEX_SALLE_COMMUNALE,MEYRIN_VAUDAGNE,t0800,0.0
ONEX_SALLE_COMMUNALE,MEYRIN_VAUDAGNE,t0830,0.0
ONEX_SALLE_COMMUNALE,MEYRIN_VILLAGE,t0700,0.0
ONEX_SALLE_COMMUNALE,MEYRIN_VILLAGE,t0730,0.0
ONEX_SALLE_COMMUNALE,MEYRIN_VILLAGE,t0800,0.0
ONEX_SALLE_COMMUNALE,MEYRIN_VILLAGE,t0830,0.0
ONEX_SALLE_COMMUNALE,ONEX_BANDOL,t0700,0.0
ONEX_SALLE_COMMUNALE,ONEX_BANDOL,t0730,0.0
ONEX_SALLE_COMMUNALE,ONEX_BANDOL,t0800,0.0
ONEX_SALLE_COMMUNALE,ONEX_BANDOL,t0830,0.0
ONEX_SALLE_COMMUNALE,PETIT_LANCY_LES_ESSERTS,t0700,0.0
ONEX_SALLE_COMMUNALE,PETIT_LANCY_LES_ESSERTS,t0730,0.0
ONEX_SALLE_COMMUNALE,PETIT_LANCY_LES_ESSERTS,t0800,0.0
ONEX_SALLE_COMMUNALE,PETIT_LANCY_LES_ESSERTS,t0830,0.0
ONEX_SALLE_COMMUNALE,PETIT_LANCY_PLACE,t0700,0.0
ONEX_SALLE_COMMUNALE,PETIT_LANCY_PLACE,t0730,0.0
ONEX_SALLE_COMMUNALE,PETIT_LANCY_PLACE,t0800,0.0
ONEX_SALLE_COMMUNALE,PETIT_LANCY_PLACE,t0830,0.0
ONEX_SALLE_COMMUNALE,PETIT_LANCY_QUIDORT,t0700,0.0
ONEX_SALLE_COMMUNALE,PETIT_LANCY_QUIDORT,t0730,0.0
ONEX_SALLE_COMMUNALE,PETIT_LANCY_QUIDORT,t0800,0.0
ONEX_SALLE_COMMUNALE,PETIT_LANCY_QUIDORT,t0830,0.0
ONEX_SALLE_COMMUNALE,PLAN_LES_OUATES_TREFLE_BLANC,t0700,0.0
ONEX_SALLE_COMMUNALE,PLAN_LES_OUATES_TREFLE_BLANC,t0730,0.0
ONEX_SALLE_COMMUNALE,PLAN_LES_OUATES_TREFLE_BLANC,t0800,0.0
ONEX_SALLE_COMMUNALE,PLAN_LES_OUATES_TREFLE_BLANC,t0830,0.0
ONEX_SALLE_COMMUNALE,THONEX_GRAVESON,t0700,0.0
ONEX_SALLE_COMMUNALE,THONEX_GRAVESON,t0730,0.0
ONEX_SALLE_COMMUNALE,THONEX_GRAVESON,t0800,0.0
ONEX_SALLE_COMMUNALE,THONEX_GRAVESON,t0830,0.0
ONEX_SALLE_COMMUNALE,THONEX_MOILLESULAZ,t0700,0.0
ONEX_SALLE_COMMUNALE,THONEX_MOILLESULAZ,t0730,0.0
ONEX_SALLE_COMMUNALE,THONEX_MOILLESULAZ,t0800,0.0
ONEX_SALLE_COMMUNALE,THONEX_MOILLESULAZ,t0830,0.0
ONEX_SALLE_COMMUNALE,VERNIER_AVANCHETS_ETANG,t0700,0.0
ONEX_SALLE_COMMUNALE,VERNIER_AVANCHETS_ETANG,t0730,0.0
ONEX_SALLE_COMMUNALE,VERNIER_AVANCHETS_ETANG,t0800,0.0
ONEX_SALLE_COMMUNALE,VERNIER_AVANCHETS_ETANG,t0830,0.0
ONEX_SALLE_COMMUNALE,VERNIER_BALEXERT,t0700,0.0
ONEX_SALLE_COMMUNALE,VERNIER_BALEXERT,t0730,0.0
ONEX_SALLE_COMMUNALE,VERNIER_BALEXERT,t0800,0.0
ONEX_SALLE_COMMUNALE,VERNIER_BALEXERT,t0830,0.0
ONEX_SALLE_COMMUNALE,VERNIER_BLANDONNET,t0700,0.0
ONEX_SALLE_COMMUNALE,VERNIER_BLANDONNET,t0730,0.0
ONEX_SALLE_COMMUNALE,VERNIER_BLANDONNET,t0800,0.0
ONEX_SALLE_COMMUNALE,VERNIER_BLANDONNET,t0830,0.0
ONEX_SALLE_COMMUNALE,VERNIER_BOUCHET,t0700,62.667
ONEX_SALLE_COMMUNALE,VERNIER_BOUCHET,t0730,20.0
ONEX_SALLE_COMMUNALE,VERNIER_BOUCHET,t0800,16.0
ONEX_SALLE_COMMUNALE,VERNIER_BOUCHET,t0830,58.667
PETIT_LANCY_LES_ESSERTS,BERNEX_HAINARD,t0700,0.0
PETIT_LANCY_LES_ESSERTS,BERNEX_HAINARD,t0730,0.0
PETIT_LANCY_LES_ESSERTS,BERNEX_HAINARD,t0800,0.0
PETIT_LANCY_LES_ESSERTS,BERNEX_HAINARD,t0830,0.0
PETIT_LANCY_LES_ESSERTS,BERNEX_LUCHEPELET,t0700,0.0
PETIT_LANCY_LES_ESSERTS,BERNEX_LUCHEPELET,t0730,0.0
PETIT_LANCY_LES_ESSERTS,BERNEX_LUCHEPELET,t0800,0.0
PETIT_LANCY_LES_ESSERTS,BERNEX_LUCHEPELET,t0830,0.0
PETIT_LANCY_LES_ESSERTS,BERNEX_PRE_MARAIS,t0700,0.0
PETIT_LANCY_LES_ESSERTS,BERNEX_PRE_MARAIS,t0730,0.0
PETIT_LANCY_LES_ESSERTS,BERNEX_PRE_MARAIS,t0800,0.0
PETIT_LANCY_LES_ESSERTS,BERNEX_PRE_MARAIS,t0830,0.0
PETIT_LANCY_LES_ESSERTS,BERNEX_P_R,t0700,0.0
PETIT_LANCY_LES_ESSERTS,BERNEX_P_R,t0730,0.0
PETIT_LANCY_LES_ESSERTS,BERNEX_P_R,t0800,0.0
PETIT_LANCY_LES_ESSERTS,BERNEX_P_R,t0830,0.0
PETIT_LANCY_LES_ESSERTS,BERNEX_VAILLY,t0700,0.0
PETIT_LANCY_LES_ESSERTS,BERNEX_VAILLY,t0730,0.0
PETIT_LANCY_LES_ESSERTS,BERNEX_VAILLY,t0800,0.0
PETIT_LANCY_LES_ESSERTS,BERNEX_VAILLY,t0830,0.0
PETIT_LANCY_LES_ESSERTS,CAROUGE_GE_ANCIENNE,t0700,0.0
PETIT_LANCY_LES_ESSERTS,CAROUGE_GE_ANCIENNE,t0730,0.0
PETIT_LANCY_LES_ESSERTS,CAROUGE_GE_ANCIENNE,t0800,0.0
PETIT_LANCY_LES_ESSERTS,CAROUGE_GE_ANCIENNE,t0830,0.0
PETIT_LANCY_LES_ESSERTS,CAROUGE_GE_ARMES,t0700,0.0
PETIT_LANCY_LES_ESSERTS,CAROUGE_GE_ARMES,t0730,0.0
PETIT_LANCY_LES_ESSERTS,CAROUGE_GE_ARMES,t0800,0.0
PETIT_LANCY_LES_ESSERTS,CAROUGE_GE_ARMES,t0830,0.0
PETIT_LANCY_LES_ESSERTS,CAROUGE_GE_MARCHE,t0700,0.0
PETIT_LANCY_LES_ESSERTS,CAROUGE_GE_MARCHE,t0730,0.0
PETIT_LANCY_LES_ESSERTS,CAROUGE_GE_MARCHE,t0800,0.0
PETIT_LANCY_LES_ESSERTS,CAROUGE_GE_MARCHE,t0830,0.0
PETIT_LANCY_LES_ESSERTS,CAROUGE_GE_RONDEAU,t0700,0.0
PETIT_LANCY_LES_ESSERTS,CAROUGE_GE_RONDEAU,t0730,0.0
PETIT_LANCY_LES_ESSERTS,CAROUGE_GE_RONDEAU,t0800,0.0
PETIT_LANCY_LES_ESSERTS,CAROUGE_GE_RONDEAU,t0830,0.0
PETIT_LANCY_LES_ESSERTS,CHENE_BOUGERIES_GRANGETTES,t0700,0.0
PETIT_LANCY_LES_ESSERTS,CHENE_BOUGERIES_GRANGETTES,t0730,0.0
PETIT_LANCY_LES_ESSERTS,CHENE_BOUGERIES_GRANGETTES,t0800,0.0
PETIT_LANCY_LES_ESSERTS,CHENE_BOUGERIES_GRANGETTES,t0830,0.0
PETIT_LANCY_LES_ESSERTS,CHENE_BOUGERIES_GRANGE_CANAL,t0700,0.0
PETIT_LANCY_LES_ESSERTS,CHENE_BOUGERIES_GRANGE_CANAL,t0730,0.0
PETIT_LANCY_LES_ESSERTS,CHENE_BOUGERIES_GRANGE_CANAL,t0800,0.0
PETIT_LANCY_LES_ESSERTS,CHENE_BOUGERIES_GRANGE_CANAL,t0830,0.0
PETIT_LANCY_LES_ESSERTS,CHENE_BOUGERIES_GRANGE_FALQUET,t0700,0.0
PETIT_LANCY_LES_ESSERTS,CHENE_BOUGERIES_GRANGE_FALQUET,t0730,0.0
PETIT_LANCY_LES_ESSERTS,CHENE_BOUGERIES_GRANGE_FALQUET,t0800,0.0
PETIT_LANCY_LES_ESSERTS,CHENE_BOUGERIES_GRANGE_FALQUET,t0830,0.0
PETIT_LANCY_LES_ESSERTS,CHENE_BOURG_PEILLONNEX,t0700,0.0
PETIT_LANCY_LES_ESSERTS,CHENE_BOURG_PEILLONNEX,t0730,0.0
PETIT_LANCY_LES_ESSERTS,CHENE_BOURG_PEILLONNEX,t0800,0.0
PETIT_LANCY_LES_ESSERTS,CHENE_BOURG_PEILLONNEX,t0830,0.0
PETIT_LANCY_LES_ESSERTS,CHENE_BOURG_PLACE_FAVRE,t0700,0.0
PETIT_LANCY_LES_ESSERTS,CHENE_BOURG_PLACE_FAVRE,t0730,0.0
PETIT_LANCY_LES_ESSERTS,CHENE_BOURG_PLACE_FAVRE,t0800,0.0
PETIT_LANCY_LES_ESSERTS,CHENE_BOURG_PLACE_FAVRE,t0830,0.0
PETIT_LANCY_LES_ESSERTS,CONFIGNON_CROISEE,t0700,0.0
PETIT_LANCY_LES_ESSERTS,CONFIGNON_CROISEE,t0730,0.0
PETIT_LANCY_LES_ESSERTS,CONFIGNON_CROISEE,t0800,0.0
PETIT_LANCY_LES_ESSERTS,CONFIGNON_CROISEE,t0830,0.0
PETIT_LANCY_LES_ESSERTS,CONFIGNON_LA_DODE,t0700,0.0
PETIT_LANCY_LES_ESSERTS,CONFIGNON_LA_DODE,t0730,0.0
PETIT_LANCY_LES_ESSERTS,CONFIGNON_LA_DODE,t0800,0.0
PETIT_LANCY_LES_ESSERTS,CONFIGNON_LA_DODE,t0830,0.0
PETIT_LANCY_LES_ESSERTS,GENEVE_AMANDOLIER,t0700,0.0
PETIT_LANCY_LES_ESSERTS,GENEVE_AMANDOLIER,t0730,0.0
PETIT_LANCY_LES_ESSERTS,GENEVE_AMANDOLIER,t0800,0.0
PETIT_LANCY_LES_ESSERTS,GENEVE_AMANDOLIER,t0830,0.0
PETIT_LANCY_LES_ESSERTS,GENEVE_AUGUSTINS,t0700,0.0
PETIT_LANCY_LES_ESSERTS,GENEVE_AUGUSTINS,t0730,0.0
PETIT_LANCY_LES_ESSERTS,GENEVE_AUGUSTINS,t0800,0.0
PETIT_LANCY_LES_ESSERTS,GENEVE_AUGUSTINS,t0830,0.0
PETIT_LANCY_LES_ESSERTS,GENEVE_BEL_AIR,t0700,0.0
PETIT_LANCY_LES_ESSERTS,GENEVE_BEL_AIR,t0730,0.0
PETIT_LANCY_LES_ESSERTS,GENEVE_BEL_AIR,t0800,0.0
PETIT_LANCY_LES_ESSERTS,GENEVE_BEL_AIR,t0830,0.0
PETIT_LANCY_LES_ESSERTS,GENEVE_BLANCHE,t0700,0.0
PETIT_LANCY_LES_ESSERTS,GENEVE_BLANCHE,t0730,0.0
PETIT_LANCY_LES_ESSERTS,GENEVE_BLANCHE,t0800,0.0
PETIT_LANCY_LES_ESSERTS,GENEVE_BLANCHE,t0830,0.0
PETIT_LANCY_LES_ESSERTS,GENEVE_COUTANCE,t0700,0.0
PETIT_LANCY_LES_ESSERTS,GENEVE_COUTANCE,t0730,0.0
PETIT_LANCY_LES_ESSERTS,GENEVE_COUTANCE,t0800,0.0
PETIT_LANCY_LES_ESSERTS,GENEVE_COUTANCE,t0830,0.0
PETIT_LANCY_LES_ESSERTS,GENEVE_EAUX_VIVES_GARE,t0700,0.0
PETIT_LANCY_LES_ESSERTS,GENEVE_EAUX_VIVES_GARE,t0730,0.0
PETIT_LANCY_LES_ESSERTS,GENEVE_EAUX_VIVES_GARE,t0800,0.0
PETIT_LANCY_LES_ESSERTS,GENEVE_EAUX_VIVES_GARE,t0830,0.0
PETIT_LANCY_LES_ESSERTS,GENEVE_GARE_CORNAVIN,t0700,0.0
PETIT_LANCY_LES_ESSERTS,GENEVE_GARE_CORNAVIN,t0730,0.0
PETIT_LANCY_LES_ESSERTS,GENEVE_GARE_CORNAVIN,t0800,0.0
PETIT_LANCY_LES_ESSERTS,GENEVE_GARE_CORNAVIN,t0830,0.0
PETIT_LANCY_LES_ESSERTS,GENEVE_JONCTION,t0700,0.0
PETIT_LANCY_LES_ESSERTS,GENEVE_JONCTION,t0730,0.0
PETIT_LANCY_LES_ESSERTS,GENEVE_JONCTION,t0800,0.0
PETIT_LANCY_LES_ESSERTS,GENEVE_JONCTION,t0830,0.0
PETIT_LANCY_LES_ESSERTS,GENEVE_LYON,t0700,0.0
PETIT_LANCY_LES_ESSERTS,GENEVE_LYON,t0730,0.0
PETIT_LANCY_LES_ESSERTS,GENEVE_LYON,t0800,0.0
PETIT_LANCY_LES_ESSERTS,GENEVE_LYON,t0830,0.0
PETIT_LANCY_LES_ESSERTS,GENEVE_MOLARD,t0700,0.0
PETIT_LANCY_LES_ESSERTS,GENEVE_MOLARD,t0730,0.0
PETIT_LANCY_LES_ESSERTS,GENEVE_MOLARD,t0800,0.0
PETIT_LANCY_LES_ESSERTS,GENEVE_MOLARD,t0830,0.0
PETIT_LANCY_LES_ESSERTS,GENEVE_PALLADIUM,t0700,0.0
PETIT_LANCY_LES_ESSERTS,GENEVE_PALLADIUM,t0730,0.0
PETIT_LANCY_LES_ESSERTS,GENEVE_PALLADIUM,t0800,0.0
PETIT_LANCY_LES_ESSERTS,GENEVE_PALLADIUM,t0830,0.0
PETIT_LANCY_LES_ESSERTS,GENEVE_PLACE_DE_NEUVE,t0700,0.0
PETIT_LANCY_LES_ESSERTS,GENEVE_PLACE_DE_NEUVE,t0730,0.0
PETIT_LANCY_LES_ESSERTS,GENEVE_PLACE_DE_NEUVE,t0800,0.0
PETIT_LANCY_LES_ESSERTS,GENEVE_PLACE_DE_NEUVE,t0830,0.0
PETIT_LANCY_LES_ESSERTS,GENEVE_PLAINPALAIS,t0700,0.0
PETIT_LANCY_LES_ESSERTS,GENEVE_PLAINPALAIS,t0730,0.0
PETIT_LANCY_LES_ESSERTS,GENEVE_PLAINPALAIS,t0800,0.0
PETIT_LANCY_LES_ESSERTS,GENEVE_PLAINPALAIS,t0830,0.0
PETIT_LANCY_LES_ESSERTS,GENEVE_PONT_D_ARVE,t0700,0.0
PETIT_LANCY_LES_ESSERTS,GENEVE_PONT_D_ARVE,t0730,0.0
PETIT_LANCY_LES_ESSERTS,GENEVE_PONT_D_ARVE,t0800,0.0
PETIT_LANCY_LES_ESSERTS,GENEVE_PONT_D_ARVE,t0830,0.0
PETIT_LANCY_LES_ESSERTS,GENEVE_POTERIE,t0700,0.0
PETIT_LANCY_LES_ESSERTS,GENEVE_POTERIE,t0730,0.0
PETIT_LANCY_LES_ESSERTS,GENEVE_POTERIE,t0800,0.0
PETIT_LANCY_LES_ESSERTS,GENEVE_POTERIE,t0830,0.0
PETIT_LANCY_LES_ESSERTS,GENEVE_RIVE,t0700,0.0
PETIT_LANCY_LES_ESSERTS,GENEVE_RIVE,t0730,0.0
PETIT_LANCY_LES_ESSERTS,GENEVE_RIVE,t0800,0.0
PETIT_LANCY_LES_ESSERTS,GENEVE_RIVE,t0830,0.0
PETIT_LANCY_LES_ESSERTS,GENEVE_SERVETTE,t0700,0.0
PETIT_LANCY_LES_ESSERTS,GENEVE_SERVETTE,t0730,0.0
PETIT_LANCY_LES_ESSERTS,GENEVE_SERVETTE,t0800,0.0
PETIT_LANCY_LES_ESSERTS,GENEVE_SERVETTE,t0830,0.0
PETIT_LANCY_LES_ESSERTS,GENEVE_STAND,t0700,0.0
PETIT_LANCY_LES_ESSERTS,GENEVE_STAND,t0730,0.0
PETIT_LANCY_LES_ESSERTS,GENEVE_STAND,t0800,0.0
PETIT_LANCY_LES_ESSERTS,GENEVE_STAND,t0830,0.0
PETIT_LANCY_LES_ESSERTS,GENEVE_TERRASSIERE,t0700,0.0
PETIT_LANCY_LES_ESSERTS,GENEVE_TERRASSIERE,t0730,0.0
PETIT_LANCY_LES_ESSERTS,GENEVE_TERRASSIERE,t0800,0.0
PETIT_LANCY_LES_ESSERTS,GENEVE_TERRASSIERE,t0830,0.0
PETIT_LANCY_LES_ESSERTS,GENEVE_VIEUSSEUX,t0700,0.0
PETIT_LANCY_LES_ESSERTS,GENEVE_VIEUSSEUX,t0730,0.0
PETIT_LANCY_LES_ESSERTS,GENEVE_VIEUSSEUX,t0800,0.0
PETIT_LANCY_LES_ESSERTS,GENEVE_VIEUSSEUX,t0830,0.0
PETIT_LANCY_LES_ESSERTS,GENEVE_VILLEREUSE,t0700,0.0
PETIT_LANCY_LES_ESSERTS,GENEVE_VILLEREUSE,t0730,0.0
PETIT_LANCY_LES_ESSERTS,GENEVE_VILLEREUSE,t0800,0.0
PETIT_LANCY_LES_ESSERTS,GENEVE_VILLEREUSE,t0830,0.0
PETIT_LANCY_LES_ESSERTS,GRAND_LANCY_DE_STAEL,t0700,0.0
PETIT_LANCY_LES_ESSERTS,GRAND_LANCY_DE_STAEL,t0730,0.0
PETIT_LANCY_LES_ESSERTS,GRAND_LANCY_DE_STAEL,t0800,0.0
PETIT_LANCY_LES_ESSERTS,GRAND_LANCY_DE_STAEL,t0830,0.0
PETIT_LANCY_LES_ESSERTS,GRAND_LANCY_PALETTES,t0700,0.0
PETIT_LANCY_LES_ESSERTS,GRAND_LANCY_PALETTES,t0730,0.0
PETIT_LANCY_LES_ESSERTS,GRAND_LANCY_PALETTES,t0800,0.0
PETIT_LANCY_LES_ESSERTS,GRAND_LANCY_PALETTES,t0830,0.0
PETIT_LANCY_LES_ESSERTS,GRAND_LANCY_PONTETS,t0700,0.0
PETIT_LANCY_LES_ESSERTS,GRAND_LANCY_PONTETS,t0730,0.0
PETIT_LANCY_LES_ESSERTS,GRAND_LANCY_PONTETS,t0800,0.0
PETIT_LANCY_LES_ESSERTS,GRAND_LANCY_PONTETS,t0830,0.0
PETIT_LANCY_LES_ESSERTS,LANCY_BACHET_GARE,t0700,0.0
PETIT_LANCY_LES_ESSERTS,LANCY_BACHET_GARE,t0730,0.0
PETIT_LANCY_LES_ESSERTS,LANCY_BACHET_GARE,t0800,0.0
PETIT_LANCY_LES_ESSERTS,LANCY_BACHET_GARE,t0830,0.0
PETIT_LANCY_LES_ESSERTS,MEYRIN_BOIS_DU_LAN,t0700,0.0
PETIT_LANCY_LES_ESSERTS,MEYRIN_BOIS_DU_LAN,t0730,0.0
PETIT_LANCY_LES_ESSERTS,MEYRIN_BOIS_DU_LAN,t0800,0.0
PETIT_LANCY_LES_ESSERTS,MEYRIN_BOIS_DU_LAN,t0830,0.0
PETIT_LANCY_LES_ESSERTS,MEYRIN_CERN,t0700,0.0
PETIT_LANCY_LES_ESSERTS,MEYRIN_CERN,t0730,0.0
PETIT_LANCY_LES_ESSERTS,MEYRIN_CERN,t0800,0.0
PETIT_LANCY_LES_ESSERTS,MEYRIN_CERN,t0830,0.0
PETIT_LANCY_LES_ESSERTS,MEYRIN_FORUMEYRIN,t0700,0.0
PETIT_LANCY_LES_ESSERTS,MEYRIN_FORUMEYRIN,t0730,0.0
PETIT_LANCY_LES_ESSERTS,MEYRIN_FORUMEYRIN,t0800,0.0
PETIT_LANCY_LES_ESSERTS,MEYRIN_FORUMEYRIN,t0830,0.0
PETIT_LANCY_LES_ESSERTS,MEYRIN_GRAVIERE,t0700,0.0
PETIT_LANCY_LES_ESSERTS,MEYRIN_GRAVIERE,t0730,0.0
PETIT_LANCY_LES_ESSERTS,MEYRIN_GRAVIERE,t0800,0.0
PETIT_LANCY_LES_ESSERTS,MEYRIN_GRAVIERE,t0830,0.0
PETIT_LANCY_LES_ESSERTS,MEYRIN_HOPITAL_DE_LA_TOUR,t0700,0.0
PETIT_LANCY_LES_ESSERTS,MEYRIN_HOPITAL_DE_LA_TOUR,t0730,0.0
PETIT_LANCY_LES_ESSERTS,MEYRIN_HOPITAL_DE_LA_TOUR,t0800,0.0
PETIT_LANCY_LES_ESSERTS,MEYRIN_HOPITAL_DE_LA_TOUR,t0830,0.0
PETIT_LANCY_LES_ESSERTS,MEYRIN_JARDIN_ALPIN_VIVARIUM,t0700,0.0
PETIT_LANCY_LES_ESSERTS,MEYRIN_JARDIN_ALPIN_VIVARIUM,t0730,0.0
PETIT_LANCY_LES_ESSERTS,MEYRIN_JARDIN_ALPIN_VIVARIUM,t0800,0.0
PETIT_LANCY_LES_ESSERTS,MEYRIN_JARDIN_ALPIN_VIVARIUM,t0830,0.0
PETIT_LANCY_LES_ESSERTS,MEYRIN_MAISONNEX,t0700,0.0
PETIT_LANCY_LES_ESSERTS,MEYRIN_MAISONNEX,t0730,0.0
PETIT_LANCY_LES_ESSERTS,MEYRIN_MAISONNEX,t0800,0.0
PETIT_LANCY_LES_ESSERTS,MEYRIN_MAISONNEX,t0830,0.0
PETIT_LANCY_LES_ESSERTS,MEYRIN_VAUDAGNE,t0700,0.0
PETIT_LANCY_LES_ESSERTS,MEYRIN_VAUDAGNE,t0730,0.0
PETIT_LANCY_LES_ESSERTS,MEYRIN_VAUDAGNE,t0800,0.0
PETIT_LANCY_LES_ESSERTS,MEYRIN_VAUDAGNE,t0830,0.0
PETIT_LANCY_LES_ESSERTS,MEYRIN_VILLAGE,t0700,0.0
PETIT_LANCY_LES_ESSERTS,MEYRIN_VILLAGE,t0730,0.0
PETIT_LANCY_LES_ESSERTS,MEYRIN_VILLAGE,t0800,0.0
PETIT_LANCY_LES_ESSERTS,MEYRIN_VILLAGE,t0830,0.0
PETIT_LANCY_LES_ESSERTS,ONEX_BANDOL,t0700,0.0
PETIT_LANCY_LES_ESSERTS,ONEX_BANDOL,t0730,0.0
PETIT_LANCY_LES_ESSERTS,ONEX_BANDOL,t0800,0.0
PETIT_LANCY_LES_ESSERTS,ONEX_BANDOL,t0830,0.0
PETIT_LANCY_LES_ESSERTS,ONEX_SALLE_COMMUNALE,t0700,0.0
PETIT_LANCY_LES_ESSERTS,ONEX_SALLE_COMMUNALE,t0730,0.0
PETIT_LANCY_LES_ESSERTS,ONEX_SALLE_COMMUNALE,t0800,0.0
PETIT_LANCY_LES_ESSERTS,ONEX_SALLE_COMMUNALE,t0830,0.0
PETIT_LANCY_LES_ESSERTS,PETIT_LANCY_PLACE,t0700,0.0
PETIT_LANCY_LES_ESSERTS,PETIT_LANCY_PLACE,t0730,0.0
PETIT_LANCY_LES_ESSERTS,PETIT_LANCY_PLACE,t0800,0.0
PETIT_LANCY_LES_ESSERTS,PETIT_LANCY_PLACE,t0830,0.0
PETIT_LANCY_LES_ESSERTS,PETIT_LANCY_QUIDORT,t0700,0.0
PETIT_LANCY_LES_ESSERTS,PETIT_LANCY_QUIDORT,t0730,0.0
PETIT_LANCY_LES_ESSERTS,PETIT_LANCY_QUIDORT,t0800,0.0
PETIT_LANCY_LES_ESSERTS,PETIT_LANCY_QUIDORT,t0830,0.0
PETIT_LANCY_LES_ESSERTS,PLAN_LES_OUATES_TREFLE_BLANC,t0700,0.0
PETIT_LANCY_LES_ESSERTS,PLAN_LES_OUATES_TREFLE_BLANC,t0730,0.0
PETIT_LANCY_LES_ESSERTS,PLAN_LES_OUATES_TREFLE_BLANC,t0800,0.0
PETIT_LANCY_LES_ESSERTS,PLAN_LES_OUATES_TREFLE_BLANC,t0830,0.0
PETIT_LANCY_LES_ESSERTS,THONEX_GRAVESON,t0700,0.0
PETIT_LANCY_LES_ESSERTS,THONEX_GRAVESON,t0730,0.0
PETIT_LANCY_LES_ESSERTS,THONEX_GRAVESON,t0800,0.0
PETIT_LANCY_LES_ESSERTS,THONEX_GRAVESON,t0830,0.0
PETIT_LANCY_LES_ESSERTS,THONEX_MOILLESULAZ,t0700,0.0
PETIT_LANCY_LES_ESSERTS,THONEX_MOILLESULAZ,t0730,0.0
PETIT_LANCY_LES_ESSERTS,THONEX_MOILLESULAZ,t0800,0.0
PETIT_LANCY_LES_ESSERTS,THONEX_MOILLESULAZ,t0830,0.0
PETIT_LANCY_LES_ESSERTS,VERNIER_AVANCHETS_ETANG,t0700,0.0
PETIT_LANCY_LES_ESSERTS,VERNIER_AVANCHETS_ETANG,t0730,0.0
PETIT_LANCY_LES_ESSERTS,VERNIER_AVANCHETS_ETANG,t0800,0.0
PETIT_LANCY_LES_ESSERTS,VERNIER_AVANCHETS_ETANG,t0830,0.0
PETIT_LANCY_LES_ESSERTS,VERNIER_BALEXERT,t0700,0.0
PETIT_LANCY_LES_ESSERTS,VERNIER_BALEXERT,t0730,0.0
PETIT_LANCY_LES_ESSERTS,VERNIER_BALEXERT,t0800,0.0
PETIT_LANCY_LES_ESSERTS,VERNIER_BALEXERT,t0830,0.0
PETIT_LANCY_LES_ESSERTS,VERNIER_BLANDONNET,t0700,0.0
PETIT_LANCY_LES_ESSERTS,VERNIER_BLANDONNET,t0730,0.0
PETIT_LANCY_LES_ESSERTS,VERNIER_BLANDONNET,t0800,0.0
PETIT_LANCY_LES_ESSERTS,VERNIER_BLANDONNET,t0830,0.0
PETIT_LANCY_LES_ESSERTS,VERNIER_BOUCHET,t0700,0.0
PETIT_LANCY_LES_ESSERTS,VERNIER_BOUCHET,t0730,0.0
PETIT_LANCY_LES_ESSERTS,VERNIER_BOUCHET,t0800,0.0
PETIT_LANCY_LES_ESSERTS,VERNIER_BOUCHET,t0830,0.0
PETIT_LANCY_PLACE,BERNEX_HAINARD,t0700,0.0
PETIT_LANCY_PLACE,BERNEX_HAINARD,t0730,0.0
PETIT_LANCY_PLACE,BERNEX_HAINARD,t0800,0.0
PETIT_LANCY_PLACE,BERNEX_HAINARD,t0830,0.0
PETIT_LANCY_PLACE,BERNEX_LUCHEPELET,t0700,0.0
PETIT_LANCY_PLACE,BERNEX_LUCHEPELET,t0730,0.0
PETIT_LANCY_PLACE,BERNEX_LUCHEPELET,t0800,0.0
PETIT_LANCY_PLACE,BERNEX_LUCHEPELET,t0830,0.0
PETIT_LANCY_PLACE,BERNEX_PRE_MARAIS,t0700,0.0
PETIT_LANCY_PLACE,BERNEX_PRE_MARAIS,t0730,0.0
PETIT_LANCY_PLACE,BERNEX_PRE_MARAIS,t0800,0.0
PETIT_LANCY_PLACE,BERNEX_PRE_MARAIS,t0830,0.0
PETIT_LANCY_PLACE,BERNEX_P_R,t0700,0.0
PETIT_LANCY_PLACE,BERNEX_P_R,t0730,0.0
PETIT_LANCY_PLACE,BERNEX_P_R,t0800,0.0
PETIT_LANCY_PLACE,BERNEX_P_R,t0830,0.0
PETIT_LANCY_PLACE,BERNEX_VAILLY,t0700,0.0
PETIT_LANCY_PLACE,BERNEX_VAILLY,t0730,0.0
PETIT_LANCY_PLACE,BERNEX_VAILLY,t0800,0.0
PETIT_LANCY_PLACE,BERNEX_VAILLY,t0830,0.0
PETIT_LANCY_PLACE,CAROUGE_GE_ANCIENNE,t0700,0.0
PETIT_LANCY_PLACE,CAROUGE_GE_ANCIENNE,t0730,0.0
PETIT_LANCY_PLACE,CAROUGE_GE_ANCIENNE,t0800,0.0
PETIT_LANCY_PLACE,CAROUGE_GE_ANCIENNE,t0830,0.0
PETIT_LANCY_PLACE,CAROUGE_GE_ARMES,t0700,0.0
PETIT_LANCY_PLACE,CAROUGE_GE_ARMES,t0730,0.0
PETIT_LANCY_PLACE,CAROUGE_GE_ARMES,t0800,0.0
PETIT_LANCY_PLACE,CAROUGE_GE_ARMES,t0830,0.0
PETIT_LANCY_PLACE,CAROUGE_GE_MARCHE,t0700,0.0
PETIT_LANCY_PLACE,CAROUGE_GE_MARCHE,t0730,0.0
PETIT_LANCY_PLACE,CAROUGE_GE_MARCHE,t0800,0.0
PETIT_LANCY_PLACE,CAROUGE_GE_MARCHE,t0830,0.0
PETIT_LANCY_PLACE,CAROUGE_GE_RONDEAU,t0700,0.0
PETIT_LANCY_PLACE,CAROUGE_GE_RONDEAU,t0730,0.0
PETIT_LANCY_PLACE,CAROUGE_GE_RONDEAU,t0800,0.0
PETIT_LANCY_PLACE,CAROUGE_GE_RONDEAU,t0830,0.0
PETIT_LANCY_PLACE,CHENE_BOUGERIES_GRANGETTES,t0700,0.0
PETIT_LANCY_PLACE,CHENE_BOUGERIES_GRANGETTES,t0730,0.0
PETIT_LANCY_PLACE,CHENE_BOUGERIES_GRANGETTES,t0800,0.0
PETIT_LANCY_PLACE,CHENE_BOUGERIES_GRANGETTES,t0830,0.0
PETIT_LANCY_PLACE,CHENE_BOUGERIES_GRANGE_CANAL,t0700,0.0
PETIT_LANCY_PLACE,CHENE_BOUGERIES_GRANGE_CANAL,t0730,0.0
PETIT_LANCY_PLACE,CHENE_BOUGERIES_GRANGE_CANAL,t0800,0.0
PETIT_LANCY_PLACE,CHENE_BOUGERIES_GRANGE_CANAL,t0830,0.0
PETIT_LANCY_PLACE,CHENE_BOUGERIES_GRANGE_FALQUET,t0700,0.0
PETIT_LANCY_PLACE,CHENE_BOUGERIES_GRANGE_FALQUET,t0730,0.0
PETIT_LANCY_PLACE,CHENE_BOUGERIES_GRANGE_FALQUET,t0800,0.0
PETIT_LANCY_PLACE,CHENE_BOUGERIES_GRANGE_FALQUET,t0830,0.0
PETIT_LANCY_PLACE,CHENE_BOURG_PEILLONNEX,t0700,0.0
PETIT_LANCY_PLACE,CHENE_BOURG_PEILLONNEX,t0730,0.0
PETIT_LANCY_PLACE,CHENE_BOURG_PEILLONNEX,t0800,0.0
PETIT_LANCY_PLACE,CHENE_BOURG_PEILLONNEX,t0830,0.0
PETIT_LANCY_PLACE,CHENE_BOURG_PLACE_FAVRE,t0700,0.0
PETIT_LANCY_PLACE,CHENE_BOURG_PLACE_FAVRE,t0730,0.0
PETIT_LANCY_PLACE,CHENE_BOURG_PLACE_FAVRE,t0800,0.0
PETIT_LANCY_PLACE,CHENE_BOURG_PLACE_FAVRE,t0830,0.0
PETIT_LANCY_PLACE,CONFIGNON_CROISEE,t0700,0.0
PETIT_LANCY_PLACE,CONFIGNON_CROISEE,t0730,0.0
PETIT_LANCY_PLACE,CONFIGNON_CROISEE,t0800,0.0
PETIT_LANCY_PLACE,CONFIGNON_CROISEE,t0830,0.0
PETIT_LANCY_PLACE,CONFIGNON_LA_DODE,t0700,0.0
PETIT_LANCY_PLACE,CONFIGNON_LA_DODE,t0730,0.0
PETIT_LANCY_PLACE,CONFIGNON_LA_DODE,t0800,0.0
PETIT_LANCY_PLACE,CONFIGNON_LA_DODE,t0830,0.0
PETIT_LANCY_PLACE,GENEVE_AMANDOLIER,t0700,0.0
PETIT_LANCY_PLACE,GENEVE_AMANDOLIER,t0730,0.0
PETIT_LANCY_PLACE,GENEVE_AMANDOLIER,t0800,0.0
PETIT_LANCY_PLACE,GENEVE_AMANDOLIER,t0830,0.0
PETIT_LANCY_PLACE,GENEVE_AUGUSTINS,t0700,0.0
PETIT_LANCY_PLACE,GENEVE_AUGUSTINS,t0730,0.0
PETIT_LANCY_PLACE,GENEVE_AUGUSTINS,t0800,0.0
PETIT_LANCY_PLACE,GENEVE_AUGUSTINS,t0830,0.0
PETIT_LANCY_PLACE,GENEVE_BEL_AIR,t0700,0.0
PETIT_LANCY_PLACE,GENEVE_BEL_AIR,t0730,0.0
PETIT_LANCY_PLACE,GENEVE_BEL_AIR,t0800,0.0
PETIT_LANCY_PLACE,GENEVE_BEL_AIR,t0830,0.0
PETIT_LANCY_PLACE,GENEVE_BLANCHE,t0700,0.0
PETIT_LANCY_PLACE,GENEVE_BLANCHE,t0730,0.0
PETIT_LANCY_PLACE,GENEVE_BLANCHE,t0800,0.0
PETIT_LANCY_PLACE,GENEVE_BLANCHE,t0830,0.0
PETIT_LANCY_PLACE,GENEVE_COUTANCE,t0700,0.0
PETIT_LANCY_PLACE,GENEVE_COUTANCE,t0730,0.0
PETIT_LANCY_PLACE,GENEVE_COUTANCE,t0800,0.0
PETIT_LANCY_PLACE,GENEVE_COUTANCE,t0830,0.0
PETIT_LANCY_PLACE,GENEVE_EAUX_VIVES_GARE,t0700,0.0
PETIT_LANCY_PLACE,GENEVE_EAUX_VIVES_GARE,t0730,0.0
PETIT_LANCY_PLACE,GENEVE_EAUX_VIVES_GARE,t0800,0.0
PETIT_LANCY_PLACE,GENEVE_EAUX_VIVES_GARE,t0830,0.0
PETIT_LANCY_PLACE,GENEVE_GARE_CORNAVIN,t0700,0.0
PETIT_LANCY_PLACE,GENEVE_GARE_CORNAVIN,t0730,0.0
PETIT_LANCY_PLACE,GENEVE_GARE_CORNAVIN,t0800,0.0
PETIT_LANCY_PLACE,GENEVE_GARE_CORNAVIN,t0830,0.0
PETIT_LANCY_PLACE,GENEVE_JONCTION,t0700,0.0
PETIT_LANCY_PLACE,GENEVE_JONCTION,t0730,0.0
PETIT_LANCY_PLACE,GENEVE_JONCTION,t0800,0.0
PETIT_LANCY_PLACE,GENEVE_JONCTION,t0830,0.0
PETIT_LANCY_PLACE,GENEVE_LYON,t0700,0.0
PETIT_LANCY_PLACE,GENEVE_LYON,t0730,0.0
PETIT_LANCY_PLACE,GENEVE_LYON,t0800,0.0
PETIT_LANCY_PLACE,GENEVE_LYON,t0830,0.0
PETIT_LANCY_PLACE,GENEVE_MOLARD,t0700,0.0
PETIT_LANCY_PLACE,GENEVE_MOLARD,t0730,0.0
PETIT_LANCY_PLACE,GENEVE_MOLARD,t0800,0.0
PETIT_LANCY_PLACE,GENEVE_MOLARD,t0830,0.0
PETIT_LANCY_PLACE,GENEVE_PALLADIUM,t0700,0.0
PETIT_LANCY_PLACE,GENEVE_PALLADIUM,t0730,0.0
PETIT_LANCY_PLACE,GENEVE_PALLADIUM,t0800,0.0
PETIT_LANCY_PLACE,GENEVE_PALLADIUM,t0830,0.0
PETIT_LANCY_PLACE,GENEVE_PLACE_DE_NEUVE,t0700,0.0
PETIT_LANCY_PLACE,GENEVE_PLACE_DE_NEUVE,t0730,0.0
PETIT_LANCY_PLACE,GENEVE_PLACE_DE_NEUVE,t0800,0.0
PETIT_LANCY_PLACE,GENEVE_PLACE_DE_NEUVE,t0830,0.0
PETIT_LANCY_PLACE,GENEVE_PLAINPALAIS,t0700,0.0
PETIT_LANCY_PLACE,GENEVE_PLAINPALAIS,t0730,0.0
PETIT_LANCY_PLACE,GENEVE_PLAINPALAIS,t0800,0.0
PETIT_LANCY_PLACE,GENEVE_PLAINPALAIS,t0830,0.0
PETIT_LANCY_PLACE,GENEVE_PONT_D_ARVE,t0700,0.0
PETIT_LANCY_PLACE,GENEVE_PONT_D_ARVE,t0730,0.0
PETIT_LANCY_PLACE,GENEVE_PONT_D_ARVE,t0800,0.0
PETIT_LANCY_PLACE,GENEVE_PONT_D_ARVE,t0830,0.0
PETIT_LANCY_PLACE,GENEVE_POTERIE,t0700,0.0
PETIT_LANCY_PLACE,GENEVE_POTERIE,t0730,0.0
PETIT_LANCY_PLACE,GENEVE_POTERIE,t0800,0.0
PETIT_LANCY_PLACE,GENEVE_POTERIE,t0830,0.0
PETIT_LANCY_PLACE,GENEVE_RIVE,t0700,0.0
PETIT_LANCY_PLACE,GENEVE_RIVE,t0730,0.0
PETIT_LANCY_PLACE,GENEVE_RIVE,t0800,0.0
PETIT_LANCY_PLACE,GENEVE_RIVE,t0830,0.0
PETIT_LANCY_PLACE,GENEVE_SERVETTE,t0700,0.0
PETIT_LANCY_PLACE,GENEVE_SERVETTE,t0730,0.0
PETIT_LANCY_PLACE,GENEVE_SERVETTE,t0800,0.0
PETIT_LANCY_PLACE,GENEVE_SERVETTE,t0830,0.0
PETIT_LANCY_PLACE,GENEVE_STAND,t0700,0.0
PETIT_LANCY_PLACE,GENEVE_STAND,t0730,0.0
PETIT_LANCY_PLACE,GENEVE_STAND,t0800,0.0
PETIT_LANCY_PLACE,GENEVE_STAND,t0830,0.0
PETIT_LANCY_PLACE,GENEVE_TERRASSIERE,t0700,0.0
PETIT_LANCY_PLACE,GENEVE_TERRASSIERE,t0730,0.0
PETIT_LANCY_PLACE,GENEVE_TERRASSIERE,t0800,0.0
PETIT_LANCY_PLACE,GENEVE_TERRASSIERE,t0830,0.0
PETIT_LANCY_PLACE,GENEVE_VIEUSSEUX,t0700,0.0
PETIT_LANCY_PLACE,GENEVE_VIEUSSEUX,t0730,0.0
PETIT_LANCY_PLACE,GENEVE_VIEUSSEUX,t0800,0.0
PETIT_LANCY_PLACE,GENEVE_VIEUSSEUX,t0830,0.0
PETIT_LANCY_PLACE,GENEVE_VILLEREUSE,t0700,0.0
PETIT_LANCY_PLACE,GENEVE_VILLEREUSE,t0730,0.0
PETIT_LANCY_PLACE,GENEVE_VILLEREUSE,t0800,0.0
PETIT_LANCY_PLACE,GENEVE_VILLEREUSE,t0830,0.0
PETIT_LANCY_PLACE,GRAND_LANCY_DE_STAEL,t0700,0.0
PETIT_LANCY_PLACE,GRAND_LANCY_DE_STAEL,t0730,0.0
PETIT_LANCY_PLACE,GRAND_LANCY_DE_STAEL,t0800,0.0
PETIT_LANCY_PLACE,GRAND_LANCY_DE_STAEL,t0830,0.0
PETIT_LANCY_PLACE,GRAND_LANCY_PALETTES,t0700,0.0
PETIT_LANCY_PLACE,GRAND_LANCY_PALETTES,t0730,0.0
PETIT_LANCY_PLACE,GRAND_LANCY_PALETTES,t0800,0.0
PETIT_LANCY_PLACE,GRAND_LANCY_PALETTES,t0830,0.0
PETIT_LANCY_PLACE,GRAND_LANCY_PONTETS,t0700,0.0
PETIT_LANCY_PLACE,GRAND_LANCY_PONTETS,t0730,0.0
PETIT_LANCY_PLACE,GRAND_LANCY_PONTETS,t0800,0.0
PETIT_LANCY_PLACE,GRAND_LANCY_PONTETS,t0830,0.0
PETIT_LANCY_PLACE,LANCY_BACHET_GARE,t0700,0.0
PETIT_LANCY_PLACE,LANCY_BACHET_GARE,t0730,0.0
PETIT_LANCY_PLACE,LANCY_BACHET_GARE,t0800,0.0
PETIT_LANCY_PLACE,LANCY_BACHET_GARE,t0830,0.0
PETIT_LANCY_PLACE,MEYRIN_BOIS_DU_LAN,t0700,0.0
PETIT_LANCY_PLACE,MEYRIN_BOIS_DU_LAN,t0730,0.0
PETIT_LANCY_PLACE,MEYRIN_BOIS_DU_LAN,t0800,0.0
PETIT_LANCY_PLACE,MEYRIN_BOIS_DU_LAN,t0830,0.0
PETIT_LANCY_PLACE,MEYRIN_CERN,t0700,0.0
PETIT_LANCY_PLACE,MEYRIN_CERN,t0730,0.0
PETIT_LANCY_PLACE,MEYRIN_CERN,t0800,0.0
PETIT_LANCY_PLACE,MEYRIN_CERN,t0830,0.0
PETIT_LANCY_PLACE,MEYRIN_FORUMEYRIN,t0700,0.0
PETIT_LANCY_PLACE,MEYRIN_FORUMEYRIN,t0730,0.0
PETIT_LANCY_PLACE,MEYRIN_FORUMEYRIN,t0800,0.0
PETIT_LANCY_PLACE,MEYRIN_FORUMEYRIN,t0830,0.0
PETIT_LANCY_PLACE,MEYRIN_GRAVIERE,t0700,18.824
PETIT_LANCY_PLACE,MEYRIN_GRAVIERE,t0730,50.588
PETIT_LANCY_PLACE,MEYRIN_GRAVIERE,t0800,23.529
PETIT_LANCY_PLACE,MEYRIN_GRAVIERE,t0830,61.176
PETIT_LANCY_PLACE,MEYRIN_HOPITAL_DE_LA_TOUR,t0700,0.0
PETIT_LANCY_PLACE,MEYRIN_HOPITAL_DE_LA_TOUR,t0730,0.0
PETIT_LANCY_PLACE,MEYRIN_HOPITAL_DE_LA_TOUR,t0800,0.0
PETIT_LANCY_PLACE,MEYRIN_HOPITAL_DE_LA_TOUR,t0830,0.0
PETIT_LANCY_PLACE,MEYRIN_JARDIN_ALPIN_VIVARIUM,t0700,0.0
PETIT_LANCY_PLACE,MEYRIN_JARDIN_ALPIN_VIVARIUM,t0730,0.0
PETIT_LANCY_PLACE,MEYRIN_JARDIN_ALPIN_VIVARIUM,t0800,0.0
PETIT_LANCY_PLACE,MEYRIN_JARDIN_ALPIN_VIVARIUM,t0830,0.0
PETIT_LANCY_PLACE,MEYRIN_MAISONNEX,t0700,0.0
PETIT_LANCY_PLACE,MEYRIN_MAISONNEX,t0730,0.0
PETIT_LANCY_PLACE,MEYRIN_MAISONNEX,t0800,0.0
PETIT_LANCY_PLACE,MEYRIN_MAISONNEX,t0830,0.0
PETIT_LANCY_PLACE,MEYRIN_VAUDAGNE,t0700,0.0
PETIT_LANCY_PLACE,MEYRIN_VAUDAGNE,t0730,0.0
PETIT_LANCY_PLACE,MEYRIN_VAUDAGNE,t0800,0.0
PETIT_LANCY_PLACE,MEYRIN_VAUDAGNE,t0830,0.0
PETIT_LANCY_PLACE,MEYRIN_VILLAGE,t0700,0.0
PETIT_LANCY_PLACE,MEYRIN_VILLAGE,t0730,0.0
PETIT_LANCY_PLACE,MEYRIN_VILLAGE,t0800,0.0
PETIT_LANCY_PLACE,MEYRIN_VILLAGE,t0830,0.0
PETIT_LANCY_PLACE,ONEX_BANDOL,t0700,0.0
PETIT_LANCY_PLACE,ONEX_BANDOL,t0730,0.0
PETIT_LANCY_PLACE,ONEX_BANDOL,t0800,0.0
PETIT_LANCY_PLACE,ONEX_BANDOL,t0830,0.0
PETIT_LANCY_PLACE,ONEX_SALLE_COMMUNALE,t0700,0.0
PETIT_LANCY_PLACE,ONEX_SALLE_COMMUNALE,t0730,0.0
PETIT_LANCY_PLACE,ONEX_SALLE_COMMUNALE,t0800,0.0
PETIT_LANCY_PLACE,ONEX_SALLE_COMMUNALE,t0830,0.0
PETIT_LANCY_PLACE,PETIT_LANCY_LES_ESSERTS,t0700,0.0
PETIT_LANCY_PLACE,PETIT_LANCY_LES_ESSERTS,t0730,0.0
PETIT_LANCY_PLACE,PETIT_LANCY_LES_ESSERTS,t0800,0.0
PETIT_LANCY_PLACE,PETIT_LANCY_LES_ESSERTS,t0830,0.0
PETIT_LANCY_PLACE,PETIT_LANCY_QUIDORT,t0700,0.0
PETIT_LANCY_PLACE,PETIT_LANCY_QUIDORT,t0730,0.0
PETIT_LANCY_PLACE,PETIT_LANCY_QUIDORT,t0800,0.0
PETIT_LANCY_PLACE,PETIT_LANCY_QUIDORT,t0830,0.0
PETIT_LANCY_PLACE,PLAN_LES_OUATES_TREFLE_BLANC,t0700,0.0
PETIT_LANCY_PLACE,PLAN_LES_OUATES_TREFLE_BLANC,t0730,0.0
PETIT_LANCY_PLACE,PLAN_LES_OUATES_TREFLE_BLANC,t0800,0.0
PETIT_LANCY_PLACE,PLAN_LES_OUATES_TREFLE_BLANC,t0830,0.0
PETIT_LANCY_PLACE,THONEX_GRAVESON,t0700,0.0
PETIT_LANCY_PLACE,THONEX_GRAVESON,t0730,0.0
PETIT_LANCY_PLACE,THONEX_GRAVESON,t0800,0.0
PETIT_LANCY_PLACE,THONEX_GRAVESON,t0830,0.0
PETIT_LANCY_PLACE,THONEX_MOILLESULAZ,t0700,0.0
PETIT_LANCY_PLACE,THONEX_MOILLESULAZ,t0730,0.0
PETIT_LANCY_PLACE,THONEX_MOILLESULAZ,t0800,0.0
PETIT_LANCY_PLACE,THONEX_MOILLESULAZ,t0830,0.0
PETIT_LANCY_PLACE,VERNIER_AVANCHETS_ETANG,t0700,0.0
PETIT_LANCY_PLACE,VERNIER_AVANCHETS_ETANG,t0730,0.0
PETIT_LANCY_PLACE,VERNIER_AVANCHETS_ETANG,t0800,0.0
PETIT_LANCY_PLACE,VERNIER_AVANCHETS_ETANG,t0830,0.0
PETIT_LANCY_PLACE,VERNIER_BALEXERT,t0700,0.0
PETIT_LANCY_PLACE,VERNIER_BALEXERT,t0730,0.0
PETIT_LANCY_PLACE,VERNIER_BALEXERT,t0800,0.0
PETIT_LANCY_PLACE,VERNIER_BALEXERT,t0830,0.0
PETIT_LANCY_PLACE,VERNIER_BLANDONNET,t0700,0.0
PETIT_LANCY_PLACE,VERNIER_BLANDONNET,t0730,0.0
PETIT_LANCY_PLACE,VERNIER_BLANDONNET,t0800,0.0
PETIT_LANCY_PLACE,VERNIER_BLANDONNET,t0830,0.0
PETIT_LANCY_PLACE,VERNIER_BOUCHET,t0700,0.0
PETIT_LANCY_PLACE,VERNIER_BOUCHET,t0730,0.0
PETIT_LANCY_PLACE,VERNIER_BOUCHET,t0800,0.0
PETIT_LANCY_PLACE,VERNIER_BOUCHET,t0830,0.0
PETIT_LANCY_QUIDORT,BERNEX_HAINARD,t0700,0.0
PETIT_LANCY_QUIDORT,BERNEX_HAINARD,t0730,0.0
PETIT_LANCY_QUIDORT,BERNEX_HAINARD,t0800,0.0
PETIT_LANCY_QUIDORT,BERNEX_HAINARD,t0830,0.0
PETIT_LANCY_QUIDORT,BERNEX_LUCHEPELET,t0700,0.0
PETIT_LANCY_QUIDORT,BERNEX_LUCHEPELET,t0730,0.0
PETIT_LANCY_QUIDORT,BERNEX_LUCHEPELET,t0800,0.0
PETIT_LANCY_QUIDORT,BERNEX_LUCHEPELET,t0830,0.0
PETIT_LANCY_QUIDORT,BERNEX_PRE_MARAIS,t0700,0.0
PETIT_LANCY_QUIDORT,BERNEX_PRE_MARAIS,t0730,0.0
PETIT_LANCY_QUIDORT,BERNEX_PRE_MARAIS,t0800,0.0
PETIT_LANCY_QUIDORT,BERNEX_PRE_MARAIS,t0830,0.0
PETIT_LANCY_QUIDORT,BERNEX_P_R,t0700,0.0
PETIT_LANCY_QUIDORT,BERNEX_P_R,t0730,0.0
PETIT_LANCY_QUIDORT,BERNEX_P_R,t0800,0.0
PETIT_LANCY_QUIDORT,BERNEX_P_R,t0830,0.0
PETIT_LANCY_QUIDORT,BERNEX_VAILLY,t0700,0.0
PETIT_LANCY_QUIDORT,BERNEX_VAILLY,t0730,0.0
PETIT_LANCY_QUIDORT,BERNEX_VAILLY,t0800,0.0
PETIT_LANCY_QUIDORT,BERNEX_VAILLY,t0830,0.0
PETIT_LANCY_QUIDORT,CAROUGE_GE_ANCIENNE,t0700,0.0
PETIT_LANCY_QUIDORT,CAROUGE_GE_ANCIENNE,t0730,0.0
PETIT_LANCY_QUIDORT,CAROUGE_GE_ANCIENNE,t0800,0.0
PETIT_LANCY_QUIDORT,CAROUGE_GE_ANCIENNE,t0830,0.0
PETIT_LANCY_QUIDORT,CAROUGE_GE_ARMES,t0700,0.0
PETIT_LANCY_QUIDORT,CAROUGE_GE_ARMES,t0730,0.0
PETIT_LANCY_QUIDORT,CAROUGE_GE_ARMES,t0800,0.0
PETIT_LANCY_QUIDORT,CAROUGE_GE_ARMES,t0830,0.0
PETIT_LANCY_QUIDORT,CAROUGE_GE_MARCHE,t0700,0.0
PETIT_LANCY_QUIDORT,CAROUGE_GE_MARCHE,t0730,0.0
PETIT_LANCY_QUIDORT,CAROUGE_GE_MARCHE,t0800,0.0
PETIT_LANCY_QUIDORT,CAROUGE_GE_MARCHE,t0830,0.0
PETIT_LANCY_QUIDORT,CAROUGE_GE_RONDEAU,t0700,0.0
PETIT_LANCY_QUIDORT,CAROUGE_GE_RONDEAU,t0730,0.0
PETIT_LANCY_QUIDORT,CAROUGE_GE_RONDEAU,t0800,0.0
PETIT_LANCY_QUIDORT,CAROUGE_GE_RONDEAU,t0830,0.0
PETIT_LANCY_QUIDORT,CHENE_BOUGERIES_GRANGETTES,t0700,0.0
PETIT_LANCY_QUIDORT,CHENE_BOUGERIES_GRANGETTES,t0730,0.0
PETIT_LANCY_QUIDORT,CHENE_BOUGERIES_GRANGETTES,t0800,0.0
PETIT_LANCY_QUIDORT,CHENE_BOUGERIES_GRANGETTES,t0830,0.0
PETIT_LANCY_QUIDORT,CHENE_BOUGERIES_GRANGE_CANAL,t0700,0.0
PETIT_LANCY_QUIDORT,CHENE_BOUGERIES_GRANGE_CANAL,t0730,0.0
PETIT_LANCY_QUIDORT,CHENE_BOUGERIES_GRANGE_CANAL,t0800,0.0
PETIT_LANCY_QUIDORT,CHENE_BOUGERIES_GRANGE_CANAL,t0830,0.0
PETIT_LANCY_QUIDORT,CHENE_BOUGERIES_GRANGE_FALQUET,t0700,0.0
PETIT_LANCY_QUIDORT,CHENE_BOUGERIES_GRANGE_FALQUET,t0730,0.0
PETIT_LANCY_QUIDORT,CHENE_BOUGERIES_GRANGE_FALQUET,t0800,0.0
PETIT_LANCY_QUIDORT,CHENE_BOUGERIES_GRANGE_FALQUET,t0830,0.0
PETIT_LANCY_QUIDORT,CHENE_BOURG_PEILLONNEX,t0700,0.0
PETIT_LANCY_QUIDORT,CHENE_BOURG_PEILLONNEX,t0730,0.0
PETIT_LANCY_QUIDORT,CHENE_BOURG_PEILLONNEX,t0800,0.0
PETIT_LANCY_QUIDORT,CHENE_BOURG_PEILLONNEX,t0830,0.0
PETIT_LANCY_QUIDORT,CHENE_BOURG_PLACE_FAVRE,t0700,0.0
PETIT_LANCY_QUIDORT,CHENE_BOURG_PLACE_FAVRE,t0730,0.0
PETIT_LANCY_QUIDORT,CHENE_BOURG_PLACE_FAVRE,t0800,0.0
PETIT_LANCY_QUIDORT,CHENE_BOURG_PLACE_FAVRE,t0830,0.0
PETIT_LANCY_QUIDORT,CONFIGNON_CROISEE,t0700,0.0
PETIT_LANCY_QUIDORT,CONFIGNON_CROISEE,t0730,0.0
PETIT_LANCY_QUIDORT,CONFIGNON_CROISEE,t0800,0.0
PETIT_LANCY_QUIDORT,CONFIGNON_CROISEE,t0830,0.0
PETIT_LANCY_QUIDORT,CONFIGNON_LA_DODE,t0700,0.0
PETIT_LANCY_QUIDORT,CONFIGNON_LA_DODE,t0730,0.0
PETIT_LANCY_QUIDORT,CONFIGNON_LA_DODE,t0800,0.0
PETIT_LANCY_QUIDORT,CONFIGNON_LA_DODE,t0830,0.0
PETIT_LANCY_QUIDORT,GENEVE_AMANDOLIER,t0700,0.0
PETIT_LANCY_QUIDORT,GENEVE_AMANDOLIER,t0730,0.0
PETIT_LANCY_QUIDORT,GENEVE_AMANDOLIER,t0800,0.0
PETIT_LANCY_QUIDORT,GENEVE_AMANDOLIER,t0830,0.0
PETIT_LANCY_QUIDORT,GENEVE_AUGUSTINS,t0700,0.0
PETIT_LANCY_QUIDORT,GENEVE_AUGUSTINS,t0730,0.0
PETIT_LANCY_QUIDORT,GENEVE_AUGUSTINS,t0800,0.0
PETIT_LANCY_QUIDORT,GENEVE_AUGUSTINS,t0830,0.0
PETIT_LANCY_QUIDORT,GENEVE_BEL_AIR,t0700,0.0
PETIT_LANCY_QUIDORT,GENEVE_BEL_AIR,t0730,0.0
PETIT_LANCY_QUIDORT,GENEVE_BEL_AIR,t0800,0.0
PETIT_LANCY_QUIDORT,GENEVE_BEL_AIR,t0830,0.0
PETIT_LANCY_QUIDORT,GENEVE_BLANCHE,t0700,0.0
PETIT_LANCY_QUIDORT,GENEVE_BLANCHE,t0730,0.0
PETIT_LANCY_QUIDORT,GENEVE_BLANCHE,t0800,0.0
PETIT_LANCY_QUIDORT,GENEVE_BLANCHE,t0830,0.0
PETIT_LANCY_QUIDORT,GENEVE_COUTANCE,t0700,0.0
PETIT_LANCY_QUIDORT,GENEVE_COUTANCE,t0730,0.0
PETIT_LANCY_QUIDORT,GENEVE_COUTANCE,t0800,0.0
PETIT_LANCY_QUIDORT,GENEVE_COUTANCE,t0830,0.0
PETIT_LANCY_QUIDORT,GENEVE_EAUX_VIVES_GARE,t0700,0.0
PETIT_LANCY_QUIDORT,GENEVE_EAUX_VIVES_GARE,t0730,0.0
PETIT_LANCY_QUIDORT,GENEVE_EAUX_VIVES_GARE,t0800,0.0
PETIT_LANCY_QUIDORT,GENEVE_EAUX_VIVES_GARE,t0830,0.0
PETIT_LANCY_QUIDORT,GENEVE_GARE_CORNAVIN,t0700,0.0
PETIT_LANCY_QUIDORT,GENEVE_GARE_CORNAVIN,t0730,0.0
PETIT_LANCY_QUIDORT,GENEVE_GARE_CORNAVIN,t0800,0.0
PETIT_LANCY_QUIDORT,GENEVE_GARE_CORNAVIN,t0830,0.0
PETIT_LANCY_QUIDORT,GENEVE_JONCTION,t0700,0.0
PETIT_LANCY_QUIDORT,GENEVE_JONCTION,t0730,0.0
PETIT_LANCY_QUIDORT,GENEVE_JONCTION,t0800,0.0
PETIT_LANCY_QUIDORT,GENEVE_JONCTION,t0830,0.0
PETIT_LANCY_QUIDORT,GENEVE_LYON,t0700,0.0
PETIT_LANCY_QUIDORT,GENEVE_LYON,t0730,0.0
PETIT_LANCY_QUIDORT,GENEVE_LYON,t0800,0.0
PETIT_LANCY_QUIDORT,GENEVE_LYON,t0830,0.0
PETIT_LANCY_QUIDORT,GENEVE_MOLARD,t0700,0.0
PETIT_LANCY_QUIDORT,GENEVE_MOLARD,t0730,0.0
PETIT_LANCY_QUIDORT,GENEVE_MOLARD,t0800,0.0
PETIT_LANCY_QUIDORT,GENEVE_MOLARD,t0830,0.0
PETIT_LANCY_QUIDORT,GENEVE_PALLADIUM,t0700,0.0
PETIT_LANCY_QUIDORT,GENEVE_PALLADIUM,t0730,0.0
PETIT_LANCY_QUIDORT,GENEVE_PALLADIUM,t0800,0.0
PETIT_LANCY_QUIDORT,GENEVE_PALLADIUM,t0830,0.0
PETIT_LANCY_QUIDORT,GENEVE_PLACE_DE_NEUVE,t0700,0.0
PETIT_LANCY_QUIDORT,GENEVE_PLACE_DE_NEUVE,t0730,0.0
PETIT_LANCY_QUIDORT,GENEVE_PLACE_DE_NEUVE,t0800,0.0
PETIT_LANCY_QUIDORT,GENEVE_PLACE_DE_NEUVE,t0830,0.0
PETIT_LANCY_QUIDORT,GENEVE_PLAINPALAIS,t0700,0.0
PETIT_LANCY_QUIDORT,GENEVE_PLAINPALAIS,t0730,0.0
PETIT_LANCY_QUIDORT,GENEVE_PLAINPALAIS,t0800,0.0
PETIT_LANCY_QUIDORT,GENEVE_PLAINPALAIS,t0830,0.0
PETIT_LANCY_QUIDORT,GENEVE_PONT_D_ARVE,t0700,0.0
PETIT_LANCY_QUIDORT,GENEVE_PONT_D_ARVE,t0730,0.0
PETIT_LANCY_QUIDORT,GENEVE_PONT_D_ARVE,t0800,0.0
PETIT_LANCY_QUIDORT,GENEVE_PONT_D_ARVE,t0830,0.0
PETIT_LANCY_QUIDORT,GENEVE_POTERIE,t0700,0.0
PETIT_LANCY_QUIDORT,GENEVE_POTERIE,t0730,0.0
PETIT_LANCY_QUIDORT,GENEVE_POTERIE,t0800,0.0
PETIT_LANCY_QUIDORT,GENEVE_POTERIE,t0830,0.0
PETIT_LANCY_QUIDORT,GENEVE_RIVE,t0700,0.0
PETIT_LANCY_QUIDORT,GENEVE_RIVE,t0730,0.0
PETIT_LANCY_QUIDORT,GENEVE_RIVE,t0800,0.0
PETIT_LANCY_QUIDORT,GENEVE_RIVE,t0830,0.0
PETIT_LANCY_QUIDORT,GENEVE_SERVETTE,t0700,0.0
PETIT_LANCY_QUIDORT,GENEVE_SERVETTE,t0730,0.0
PETIT_LANCY_QUIDORT,GENEVE_SERVETTE,t0800,0.0
PETIT_LANCY_QUIDORT,GENEVE_SERVETTE,t0830,0.0
PETIT_LANCY_QUIDORT,GENEVE_STAND,t0700,0.0
PETIT_LANCY_QUIDORT,GENEVE_STAND,t0730,0.0
PETIT_LANCY_QUIDORT,GENEVE_STAND,t0800,0.0
PETIT_LANCY_QUIDORT,GENEVE_STAND,t0830,0.0
PETIT_LANCY_QUIDORT,GENEVE_TERRASSIERE,t0700,0.0
PETIT_LANCY_QUIDORT,GENEVE_TERRASSIERE,t0730,0.0
PETIT_LANCY_QUIDORT,GENEVE_TERRASSIERE,t0800,0.0
PETIT_LANCY_QUIDORT,GENEVE_TERRASSIERE,t0830,0.0
PETIT_LANCY_QUIDORT,GENEVE_VIEUSSEUX,t0700,0.0
PETIT_LANCY_QUIDORT,GENEVE_VIEUSSEUX,t0730,0.0
PETIT_LANCY_QUIDORT,GENEVE_VIEUSSEUX,t0800,0.0
PETIT_LANCY_QUIDORT,GENEVE_VIEUSSEUX,t0830,0.0
PETIT_LANCY_QUIDORT,GENEVE_VILLEREUSE,t0700,0.0
PETIT_LANCY_QUIDORT,GENEVE_VILLEREUSE,t0730,0.0
PETIT_LANCY_QUIDORT,GENEVE_VILLEREUSE,t0800,0.0
PETIT_LANCY_QUIDORT,GENEVE_VILLEREUSE,t0830,0.0
PETIT_LANCY_QUIDORT,GRAND_LANCY_DE_STAEL,t0700,0.0
PETIT_LANCY_QUIDORT,GRAND_LANCY_DE_STAEL,t0730,0.0
PETIT_LANCY_QUIDORT,GRAND_LANCY_DE_STAEL,t0800,0.0
PETIT_LANCY_QUIDORT,GRAND_LANCY_DE_STAEL,t0830,0.0
PETIT_LANCY_QUIDORT,GRAND_LANCY_PALETTES,t0700,0.0
PETIT_LANCY_QUIDORT,GRAND_LANCY_PALETTES,t0730,0.0
PETIT_LANCY_QUIDORT,GRAND_LANCY_PALETTES,t0800,0.0
PETIT_LANCY_QUIDORT,GRAND_LANCY_PALETTES,t0830,0.0
PETIT_LANCY_QUIDORT,GRAND_LANCY_PONTETS,t0700,0.0
PETIT_LANCY_QUIDORT,GRAND_LANCY_PONTETS,t0730,0.0
PETIT_LANCY_QUIDORT,GRAND_LANCY_PONTETS,t0800,0.0
PETIT_LANCY_QUIDORT,GRAND_LANCY_PONTETS,t0830,0.0
PETIT_LANCY_QUIDORT,LANCY_BACHET_GARE,t0700,0.0
PETIT_LANCY_QUIDORT,LANCY_BACHET_GARE,t0730,0.0
PETIT_LANCY_QUIDORT,LANCY_BACHET_GARE,t0800,0.0
PETIT_LANCY_QUIDORT,LANCY_BACHET_GARE,t0830,0.0
PETIT_LANCY_QUIDORT,MEYRIN_BOIS_DU_LAN,t0700,0.0
PETIT_LANCY_QUIDORT,MEYRIN_BOIS_DU_LAN,t0730,0.0
PETIT_LANCY_QUIDORT,MEYRIN_BOIS_DU_LAN,t0800,0.0
PETIT_LANCY_QUIDORT,MEYRIN_BOIS_DU_LAN,t0830,0.0
PETIT_LANCY_QUIDORT,MEYRIN_CERN,t0700,0.0
PETIT_LANCY_QUIDORT,MEYRIN_CERN,t0730,0.0
PETIT_LANCY_QUIDORT,MEYRIN_CERN,t0800,0.0
PETIT_LANCY_QUIDORT,MEYRIN_CERN,t0830,0.0
PETIT_LANCY_QUIDORT,MEYRIN_FORUMEYRIN,t0700,0.0
PETIT_LANCY_QUIDORT,MEYRIN_FORUMEYRIN,t0730,0.0
PETIT_LANCY_QUIDORT,MEYRIN_FORUMEYRIN,t0800,0.0
PETIT_LANCY_QUIDORT,MEYRIN_FORUMEYRIN,t0830,0.0
PETIT_LANCY_QUIDORT,MEYRIN_GRAVIERE,t0700,0.0
PETIT_LANCY_QUIDORT,MEYRIN_GRAVIERE,t0730,0.0
PETIT_LANCY_QUIDORT,MEYRIN_GRAVIERE,t0800,0.0
PETIT_LANCY_QUIDORT,MEYRIN_GRAVIERE,t0830,0.0
PETIT_LANCY_QUIDORT,MEYRIN_HOPITAL_DE_LA_TOUR,t0700,0.0
PETIT_LANCY_QUIDORT,MEYRIN_HOPITAL_DE_LA_TOUR,t0730,0.0
PETIT_LANCY_QUIDORT,MEYRIN_HOPITAL_DE_LA_TOUR,t0800,0.0
PETIT_LANCY_QUIDORT,MEYRIN_HOPITAL_DE_LA_TOUR,t0830,0.0
PETIT_LANCY_QUIDORT,MEYRIN_JARDIN_ALPIN_VIVARIUM,t0700,0.0
PETIT_LANCY_QUIDORT,MEYRIN_JARDIN_ALPIN_VIVARIUM,t0730,0.0
PETIT_LANCY_QUIDORT,MEYRIN_JARDIN_ALPIN_VIVARIUM,t0800,0.0
PETIT_LANCY_QUIDORT,MEYRIN_JARDIN_ALPIN_VIVARIUM,t0830,0.0
PETIT_LANCY_QUIDORT,MEYRIN_MAISONNEX,t0700,0.0
PETIT_LANCY_QUIDORT,MEYRIN_MAISONNEX,t0730,0.0
PETIT_LANCY_QUIDORT,MEYRIN_MAISONNEX,t0800,0.0
PETIT_LANCY_QUIDORT,MEYRIN_MAISONNEX,t0830,0.0
PETIT_LANCY_QUIDORT,MEYRIN_VAUDAGNE,t0700,0.0
PETIT_LANCY_QUIDORT,MEYRIN_VAUDAGNE,t0730,0.0
PETIT_LANCY_QUIDORT,MEYRIN_VAUDAGNE,t0800,0.0
PETIT_LANCY_QUIDORT,MEYRIN_VAUDAGNE,t0830,0.0
PETIT_LANCY_QUIDORT,MEYRIN_VILLAGE,t0700,0.0
PETIT_LANCY_QUIDORT,MEYRIN_VILLAGE,t0730,0.0
PETIT_LANCY_QUIDORT,MEYRIN_VILLAGE,t0800,0.0
PETIT_LANCY_QUIDORT,MEYRIN_VILLAGE,t0830,0.0
PETIT_LANCY_QUIDORT,ONEX_BANDOL,t0700,0.0
PETIT_LANCY_QUIDORT,ONEX_BANDOL,t0730,0.0
PETIT_LANCY_QUIDORT,ONEX_BANDOL,t0800,0.0
PETIT_LANCY_QUIDORT,ONEX_BANDOL,t0830,0.0
PETIT_LANCY_QUIDORT,ONEX_SALLE_COMMUNALE,t0700,0.0
PETIT_LANCY_QUIDORT,ONEX_SALLE_COMMUNALE,t0730,0.0
PETIT_LANCY_QUIDORT,ONEX_SALLE_COMMUNALE,t0800,0.0
PETIT_LANCY_QUIDORT,ONEX_SALLE_COMMUNALE,t0830,0.0
PETIT_LANCY_QUIDORT,PETIT_LANCY_LES_ESSERTS,t0700,0.0
PETIT_LANCY_QUIDORT,PETIT_LANCY_LES_ESSERTS,t0730,0.0
PETIT_LANCY_QUIDORT,PETIT_LANCY_LES_ESSERTS,t0800,0.0
PETIT_LANCY_QUIDORT,PETIT_LANCY_LES_ESSERTS,t0830,0.0
PETIT_LANCY_QUIDORT,PETIT_LANCY_PLACE,t0700,0.0
PETIT_LANCY_QUIDORT,PETIT_LANCY_PLACE,t0730,0.0
PETIT_LANCY_QUIDORT,PETIT_LANCY_PLACE,t0800,0.0
PETIT_LANCY_QUIDORT,PETIT_LANCY_PLACE,t0830,0.0
PETIT_LANCY_QUIDORT,PLAN_LES_OUATES_TREFLE_BLANC,t0700,0.0
PETIT_LANCY_QUIDORT,PLAN_LES_OUATES_TREFLE_BLANC,t0730,0.0
PETIT_LANCY_QUIDORT,PLAN_LES_OUATES_TREFLE_BLANC,t0800,0.0
PETIT_LANCY_QUIDORT,PLAN_LES_OUATES_TREFLE_BLANC,t0830,0.0
PETIT_LANCY_QUIDORT,THONEX_GRAVESON,t0700,0.0
PETIT_LANCY_QUIDORT,THONEX_GRAVESON,t0730,0.0
PETIT_LANCY_QUIDORT,THONEX_GRAVESON,t0800,0.0
PETIT_LANCY_QUIDORT,THONEX_GRAVESON,t0830,0.0
PETIT_LANCY_QUIDORT,THONEX_MOILLESULAZ,t0700,0.0
PETIT_LANCY_QUIDORT,THONEX_MOILLESULAZ,t0730,0.0
PETIT_LANCY_QUIDORT,THONEX_MOILLESULAZ,t0800,0.0
PETIT_LANCY_QUIDORT,THONEX_MOILLESULAZ,t0830,0.0
PETIT_LANCY_QUIDORT,VERNIER_AVANCHETS_ETANG,t0700,0.0
PETIT_LANCY_QUIDORT,VERNIER_AVANCHETS_ETANG,t0730,0.0
PETIT_LANCY_QUIDORT,VERNIER_AVANCHETS_ETANG,t0800,0.0
PETIT_LANCY_QUIDORT,VERNIER_AVANCHETS_ETANG,t0830,0.0
PETIT_LANCY_QUIDORT,VERNIER_BALEXERT,t0700,0.0
PETIT_LANCY_QUIDORT,VERNIER_BALEXERT,t0730,0.0
PETIT_LANCY_QUIDORT,VERNIER_BALEXERT,t0800,0.0
PETIT_LANCY_QUIDORT,VERNIER_BALEXERT,t0830,0.0
PETIT_LANCY_QUIDORT,VERNIER_BLANDONNET,t0700,0.0
PETIT_LANCY_QUIDORT,VERNIER_BLANDONNET,t0730,0.0
PETIT_LANCY_QUIDORT,VERNIER_BLANDONNET,t0800,0.0
PETIT_LANCY_QUIDORT,VERNIER_BLANDONNET,t0830,0.0
PETIT_LANCY_QUIDORT,VERNIER_BOUCHET,t0700,0.0
PETIT_LANCY_QUIDORT,VERNIER_BOUCHET,t0730,0.0
PETIT_LANCY_QUIDORT,VERNIER_BOUCHET,t0800,0.0
PETIT_LANCY_QUIDORT,VERNIER_BOUCHET,t0830,0.0
PLAN_LES_OUATES_TREFLE_BLANC,BERNEX_HAINARD,t0700,0.0
PLAN_LES_OUATES_TREFLE_BLANC,BERNEX_HAINARD,t0730,0.0
PLAN_LES_OUATES_TREFLE_BLANC,BERNEX_HAINARD,t0800,0.0
PLAN_LES_OUATES_TREFLE_BLANC,BERNEX_HAINARD,t0830,0.0
PLAN_LES_OUATES_TREFLE_BLANC,BERNEX_LUCHEPELET,t0700,0.0
PLAN_LES_OUATES_TREFLE_BLANC,BERNEX_LUCHEPELET,t0730,0.0
PLAN_LES_OUATES_TREFLE_BLANC,BERNEX_LUCHEPELET,t0800,0.0
PLAN_LES_OUATES_TREFLE_BLANC,BERNEX_LUCHEPELET,t0830,0.0
PLAN_LES_OUATES_TREFLE_BLANC,BERNEX_PRE_MARAIS,t0700,0.0
PLAN_LES_OUATES_TREFLE_BLANC,BERNEX_PRE_MARAIS,t0730,0.0
PLAN_LES_OUATES_TREFLE_BLANC,BERNEX_PRE_MARAIS,t0800,0.0
PLAN_LES_OUATES_TREFLE_BLANC,BERNEX_PRE_MARAIS,t0830,0.0
PLAN_LES_OUATES_TREFLE_BLANC,BERNEX_P_R,t0700,0.0
PLAN_LES_OUATES_TREFLE_BLANC,BERNEX_P_R,t0730,0.0
PLAN_LES_OUATES_TREFLE_BLANC,BERNEX_P_R,t0800,0.0
PLAN_LES_OUATES_TREFLE_BLANC,BERNEX_P_R,t0830,0.0
PLAN_LES_OUATES_TREFLE_BLANC,BERNEX_VAILLY,t0700,0.0
PLAN_LES_OUATES_TREFLE_BLANC,BERNEX_VAILLY,t0730,0.0
PLAN_LES_OUATES_TREFLE_BLANC,BERNEX_VAILLY,t0800,0.0
PLAN_LES_OUATES_TREFLE_BLANC,BERNEX_VAILLY,t0830,0.0
PLAN_LES_OUATES_TREFLE_BLANC,CAROUGE_GE_ANCIENNE,t0700,0.0
PLAN_LES_OUATES_TREFLE_BLANC,CAROUGE_GE_ANCIENNE,t0730,0.0
PLAN_LES_OUATES_TREFLE_BLANC,CAROUGE_GE_ANCIENNE,t0800,0.0
PLAN_LES_OUATES_TREFLE_BLANC,CAROUGE_GE_ANCIENNE,t0830,0.0
PLAN_LES_OUATES_TREFLE_BLANC,CAROUGE_GE_ARMES,t0700,0.0
PLAN_LES_OUATES_TREFLE_BLANC,CAROUGE_GE_ARMES,t0730,0.0
PLAN_LES_OUATES_TREFLE_BLANC,CAROUGE_GE_ARMES,t0800,0.0
PLAN_LES_OUATES_TREFLE_BLANC,CAROUGE_GE_ARMES,t0830,0.0
PLAN_LES_OUATES_TREFLE_BLANC,CAROUGE_GE_MARCHE,t0700,0.0
PLAN_LES_OUATES_TREFLE_BLANC,CAROUGE_GE_MARCHE,t0730,0.0
PLAN_LES_OUATES_TREFLE_BLANC,CAROUGE_GE_MARCHE,t0800,0.0
PLAN_LES_OUATES_TREFLE_BLANC,CAROUGE_GE_MARCHE,t0830,0.0
PLAN_LES_OUATES_TREFLE_BLANC,CAROUGE_GE_RONDEAU,t0700,0.0
PLAN_LES_OUATES_TREFLE_BLANC,CAROUGE_GE_RONDEAU,t0730,0.0
PLAN_LES_OUATES_TREFLE_BLANC,CAROUGE_GE_RONDEAU,t0800,0.0
PLAN_LES_OUATES_TREFLE_BLANC,CAROUGE_GE_RONDEAU,t0830,0.0
PLAN_LES_OUATES_TREFLE_BLANC,CHENE_BOUGERIES_GRANGETTES,t0700,0.0
PLAN_LES_OUATES_TREFLE_BLANC,CHENE_BOUGERIES_GRANGETTES,t0730,0.0
PLAN_LES_OUATES_TREFLE_BLANC,CHENE_BOUGERIES_GRANGETTES,t0800,0.0
PLAN_LES_OUATES_TREFLE_BLANC,CHENE_BOUGERIES_GRANGETTES,t0830,0.0
PLAN_LES_OUATES_TREFLE_BLANC,CHENE_BOUGERIES_GRANGE_CANAL,t0700,0.0
PLAN_LES_OUATES_TREFLE_BLANC,CHENE_BOUGERIES_GRANGE_CANAL,t0730,0.0
PLAN_LES_OUATES_TREFLE_BLANC,CHENE_BOUGERIES_GRANGE_CANAL,t0800,0.0
PLAN_LES_OUATES_TREFLE_BLANC,CHENE_BOUGERIES_GRANGE_CANAL,t0830,0.0
PLAN_LES_OUATES_TREFLE_BLANC,CHENE_BOUGERIES_GRANGE_FALQUET,t0700,0.0
PLAN_LES_OUATES_TREFLE_BLANC,CHENE_BOUGERIES_GRANGE_FALQUET,t0730,0.0
PLAN_LES_OUATES_TREFLE_BLANC,CHENE_BOUGERIES_GRANGE_FALQUET,t0800,0.0
PLAN_LES_OUATES_TREFLE_BLANC,CHENE_BOUGERIES_GRANGE_FALQUET,t0830,0.0
PLAN_LES_OUATES_TREFLE_BLANC,CHENE_BOURG_PEILLONNEX,t0700,0.0
PLAN_LES_OUATES_TREFLE_BLANC,CHENE_BOURG_PEILLONNEX,t0730,0.0
PLAN_LES_OUATES_TREFLE_BLANC,CHENE_BOURG_PEILLONNEX,t0800,0.0
PLAN_LES_OUATES_TREFLE_BLANC,CHENE_BOURG_PEILLONNEX,t0830,0.0
PLAN_LES_OUATES_TREFLE_BLANC,CHENE_BOURG_PLACE_FAVRE,t0700,0.0
PLAN_LES_OUATES_TREFLE_BLANC,CHENE_BOURG_PLACE_FAVRE,t0730,0.0
PLAN_LES_OUATES_TREFLE_BLANC,CHENE_BOURG_PLACE_FAVRE,t0800,0.0
PLAN_LES_OUATES_TREFLE_BLANC,CHENE_BOURG_PLACE_FAVRE,t0830,0.0
PLAN_LES_OUATES_TREFLE_BLANC,CONFIGNON_CROISEE,t0700,0.0
PLAN_LES_OUATES_TREFLE_BLANC,CONFIGNON_CROISEE,t0730,0.0
PLAN_LES_OUATES_TREFLE_BLANC,CONFIGNON_CROISEE,t0800,0.0
PLAN_LES_OUATES_TREFLE_BLANC,CONFIGNON_CROISEE,t0830,0.0
PLAN_LES_OUATES_TREFLE_BLANC,CONFIGNON_LA_DODE,t0700,0.0
PLAN_LES_OUATES_TREFLE_BLANC,CONFIGNON_LA_DODE,t0730,0.0
PLAN_LES_OUATES_TREFLE_BLANC,CONFIGNON_LA_DODE,t0800,0.0
PLAN_LES_OUATES_TREFLE_BLANC,CONFIGNON_LA_DODE,t0830,0.0
PLAN_LES_OUATES_TREFLE_BLANC,GENEVE_AMANDOLIER,t0700,0.0
PLAN_LES_OUATES_TREFLE_BLANC,GENEVE_AMANDOLIER,t0730,0.0
PLAN_LES_OUATES_TREFLE_BLANC,GENEVE_AMANDOLIER,t0800,0.0
PLAN_LES_OUATES_TREFLE_BLANC,GENEVE_AMANDOLIER,t0830,0.0
PLAN_LES_OUATES_TREFLE_BLANC,GENEVE_AUGUSTINS,t0700,0.0
PLAN_LES_OUATES_TREFLE_BLANC,GENEVE_AUGUSTINS,t0730,0.0
PLAN_LES_OUATES_TREFLE_BLANC,GENEVE_AUGUSTINS,t0800,0.0
PLAN_LES_OUATES_TREFLE_BLANC,GENEVE_AUGUSTINS,t0830,0.0
PLAN_LES_OUATES_TREFLE_BLANC,GENEVE_BEL_AIR,t0700,0.0
PLAN_LES_OUATES_TREFLE_BLANC,GENEVE_BEL_AIR,t0730,0.0
PLAN_LES_OUATES_TREFLE_BLANC,GENEVE_BEL_AIR,t0800,0.0
PLAN_LES_OUATES_TREFLE_BLANC,GENEVE_BEL_AIR,t0830,0.0
PLAN_LES_OUATES_TREFLE_BLANC,GENEVE_BLANCHE,t0700,0.0
PLAN_LES_OUATES_TREFLE_BLANC,GENEVE_BLANCHE,t0730,0.0
PLAN_LES_OUATES_TREFLE_BLANC,GENEVE_BLANCHE,t0800,0.0
PLAN_LES_OUATES_TREFLE_BLANC,GENEVE_BLANCHE,t0830,0.0
PLAN_LES_OUATES_TREFLE_BLANC,GENEVE_COUTANCE,t0700,0.0
PLAN_LES_OUATES_TREFLE_BLANC,GENEVE_COUTANCE,t0730,0.0
PLAN_LES_OUATES_TREFLE_BLANC,GENEVE_COUTANCE,t0800,0.0
PLAN_LES_OUATES_TREFLE_BLANC,GENEVE_COUTANCE,t0830,0.0
PLAN_LES_OUATES_TREFLE_BLANC,GENEVE_EAUX_VIVES_GARE,t0700,0.0
PLAN_LES_OUATES_TREFLE_BLANC,GENEVE_EAUX_VIVES_GARE,t0730,0.0
PLAN_LES_OUATES_TREFLE_BLANC,GENEVE_EAUX_VIVES_GARE,t0800,0.0
PLAN_LES_OUATES_TREFLE_BLANC,GENEVE_EAUX_VIVES_GARE,t0830,0.0
PLAN_LES_OUATES_TREFLE_BLANC,GENEVE_GARE_CORNAVIN,t0700,0.0
PLAN_LES_OUATES_TREFLE_BLANC,GENEVE_GARE_CORNAVIN,t0730,0.0
PLAN_LES_OUATES_TREFLE_BLANC,GENEVE_GARE_CORNAVIN,t0800,0.0
PLAN_LES_OUATES_TREFLE_BLANC,GENEVE_GARE_CORNAVIN,t0830,0.0
PLAN_LES_OUATES_TREFLE_BLANC,GENEVE_JONCTION,t0700,0.0
PLAN_LES_OUATES_TREFLE_BLANC,GENEVE_JONCTION,t0730,0.0
PLAN_LES_OUATES_TREFLE_BLANC,GENEVE_JONCTION,t0800,0.0
PLAN_LES_OUATES_TREFLE_BLANC,GENEVE_JONCTION,t0830,0.0
PLAN_LES_OUATES_TREFLE_BLANC,GENEVE_LYON,t0700,0.0
PLAN_LES_OUATES_TREFLE_BLANC,GENEVE_LYON,t0730,0.0
PLAN_LES_OUATES_TREFLE_BLANC,GENEVE_LYON,t0800,0.0
PLAN_LES_OUATES_TREFLE_BLANC,GENEVE_LYON,t0830,0.0
PLAN_LES_OUATES_TREFLE_BLANC,GENEVE_MOLARD,t0700,0.0
PLAN_LES_OUATES_TREFLE_BLANC,GENEVE_MOLARD,t0730,0.0
PLAN_LES_OUATES_TREFLE_BLANC,GENEVE_MOLARD,t0800,0.0
PLAN_LES_OUATES_TREFLE_BLANC,GENEVE_MOLARD,t0830,0.0
PLAN_LES_OUATES_TREFLE_BLANC,GENEVE_PALLADIUM,t0700,0.0
PLAN_LES_OUATES_TREFLE_BLANC,GENEVE_PALLADIUM,t0730,0.0
PLAN_LES_OUATES_TREFLE_BLANC,GENEVE_PALLADIUM,t0800,0.0
PLAN_LES_OUATES_TREFLE_BLANC,GENEVE_PALLADIUM,t0830,0.0
PLAN_LES_OUATES_TREFLE_BLANC,GENEVE_PLACE_DE_NEUVE,t0700,0.0
PLAN_LES_OUATES_TREFLE_BLANC,GENEVE_PLACE_DE_NEUVE,t0730,0.0
PLAN_LES_OUATES_TREFLE_BLANC,GENEVE_PLACE_DE_NEUVE,t0800,0.0
PLAN_LES_OUATES_TREFLE_BLANC,GENEVE_PLACE_DE_NEUVE,t0830,0.0
PLAN_LES_OUATES_TREFLE_BLANC,GENEVE_PLAINPALAIS,t0700,0.0
PLAN_LES_OUATES_TREFLE_BLANC,GENEVE_PLAINPALAIS,t0730,0.0
PLAN_LES_OUATES_TREFLE_BLANC,GENEVE_PLAINPALAIS,t0800,0.0
PLAN_LES_OUATES_TREFLE_BLANC,GENEVE_PLAINPALAIS,t0830,0.0
PLAN_LES_OUATES_TREFLE_BLANC,GENEVE_PONT_D_ARVE,t0700,0.0
PLAN_LES_OUATES_TREFLE_BLANC,GENEVE_PONT_D_ARVE,t0730,0.0
PLAN_LES_OUATES_TREFLE_BLANC,GENEVE_PONT_D_ARVE,t0800,0.0
PLAN_LES_OUATES_TREFLE_BLANC,GENEVE_PONT_D_ARVE,t0830,0.0
PLAN_LES_OUATES_TREFLE_BLANC,GENEVE_POTERIE,t0700,0.0
PLAN_LES_OUATES_TREFLE_BLANC,GENEVE_POTERIE,t0730,0.0
PLAN_LES_OUATES_TREFLE_BLANC,GENEVE_POTERIE,t0800,0.0
PLAN_LES_OUATES_TREFLE_BLANC,GENEVE_POTERIE,t0830,0.0
PLAN_LES_OUATES_TREFLE_BLANC,GENEVE_RIVE,t0700,0.0
PLAN_LES_OUATES_TREFLE_BLANC,GENEVE_RIVE,t0730,0.0
PLAN_LES_OUATES_TREFLE_BLANC,GENEVE_RIVE,t0800,0.0
PLAN_LES_OUATES_TREFLE_BLANC,GENEVE_RIVE,t0830,0.0
PLAN_LES_OUATES_TREFLE_BLANC,GENEVE_SERVETTE,t0700,0.0
PLAN_LES_OUATES_TREFLE_BLANC,GENEVE_SERVETTE,t0730,0.0
PLAN_LES_OUATES_TREFLE_BLANC,GENEVE_SERVETTE,t0800,0.0
PLAN_LES_OUATES_TREFLE_BLANC,GENEVE_SERVETTE,t0830,0.0
PLAN_LES_OUATES_TREFLE_BLANC,GENEVE_STAND,t0700,0.0
PLAN_LES_OUATES_TREFLE_BLANC,GENEVE_STAND,t0730,0.0
PLAN_LES_OUATES_TREFLE_BLANC,GENEVE_STAND,t0800,0.0
PLAN_LES_OUATES_TREFLE_BLANC,GENEVE_STAND,t0830,0.0
PLAN_LES_OUATES_TREFLE_BLANC,GENEVE_TERRASSIERE,t0700,0.0
PLAN_LES_OUATES_TREFLE_BLANC,GENEVE_TERRASSIERE,t0730,0.0
PLAN_LES_OUATES_TREFLE_BLANC,GENEVE_TERRASSIERE,t0800,0.0
PLAN_LES_OUATES_TREFLE_BLANC,GENEVE_TERRASSIERE,t0830,0.0
PLAN_LES_OUATES_TREFLE_BLANC,GENEVE_VIEUSSEUX,t0700,0.0
PLAN_LES_OUATES_TREFLE_BLANC,GENEVE_VIEUSSEUX,t0730,0.0
PLAN_LES_OUATES_TREFLE_BLANC,GENEVE_VIEUSSEUX,t0800,0.0
PLAN_LES_OUATES_TREFLE_BLANC,GENEVE_VIEUSSEUX,t0830,0.0
PLAN_LES_OUATES_TREFLE_BLANC,GENEVE_VILLEREUSE,t0700,0.0
PLAN_LES_OUATES_TREFLE_BLANC,GENEVE_VILLEREUSE,t0730,0.0
PLAN_LES_OUATES_TREFLE_BLANC,GENEVE_VILLEREUSE,t0800,0.0
PLAN_LES_OUATES_TREFLE_BLANC,GENEVE_VILLEREUSE,t0830,0.0
PLAN_LES_OUATES_TREFLE_BLANC,GRAND_LANCY_DE_STAEL,t0700,0.0
PLAN_LES_OUATES_TREFLE_BLANC,GRAND_LANCY_DE_STAEL,t0730,0.0
PLAN_LES_OUATES_TREFLE_BLANC,GRAND_LANCY_DE_STAEL,t0800,0.0
PLAN_LES_OUATES_TREFLE_BLANC,GRAND_LANCY_DE_STAEL,t0830,0.0
PLAN_LES_OUATES_TREFLE_BLANC,GRAND_LANCY_PALETTES,t0700,0.0
PLAN_LES_OUATES_TREFLE_BLANC,GRAND_LANCY_PALETTES,t0730,0.0
PLAN_LES_OUATES_TREFLE_BLANC,GRAND_LANCY_PALETTES,t0800,0.0
PLAN_LES_OUATES_TREFLE_BLANC,GRAND_LANCY_PALETTES,t0830,0.0
PLAN_LES_OUATES_TREFLE_BLANC,GRAND_LANCY_PONTETS,t0700,0.0
PLAN_LES_OUATES_TREFLE_BLANC,GRAND_LANCY_PONTETS,t0730,0.0
PLAN_LES_OUATES_TREFLE_BLANC,GRAND_LANCY_PONTETS,t0800,0.0
PLAN_LES_OUATES_TREFLE_BLANC,GRAND_LANCY_PONTETS,t0830,0.0
PLAN_LES_OUATES_TREFLE_BLANC,LANCY_BACHET_GARE,t0700,0.0
PLAN_LES_OUATES_TREFLE_BLANC,LANCY_BACHET_GARE,t0730,0.0
PLAN_LES_OUATES_TREFLE_BLANC,LANCY_BACHET_GARE,t0800,0.0
PLAN_LES_OUATES_TREFLE_BLANC,LANCY_BACHET_GARE,t0830,0.0
PLAN_LES_OUATES_TREFLE_BLANC,MEYRIN_BOIS_DU_LAN,t0700,0.0
PLAN_LES_OUATES_TREFLE_BLANC,MEYRIN_BOIS_DU_LAN,t0730,0.0
PLAN_LES_OUATES_TREFLE_BLANC,MEYRIN_BOIS_DU_LAN,t0800,0.0
PLAN_LES_OUATES_TREFLE_BLANC,MEYRIN_BOIS_DU_LAN,t0830,0.0
PLAN_LES_OUATES_TREFLE_BLANC,MEYRIN_CERN,t0700,0.0
PLAN_LES_OUATES_TREFLE_BLANC,MEYRIN_CERN,t0730,0.0
PLAN_LES_OUATES_TREFLE_BLANC,MEYRIN_CERN,t0800,0.0
PLAN_LES_OUATES_TREFLE_BLANC,MEYRIN_CERN,t0830,0.0
PLAN_LES_OUATES_TREFLE_BLANC,MEYRIN_FORUMEYRIN,t0700,0.0
PLAN_LES_OUATES_TREFLE_BLANC,MEYRIN_FORUMEYRIN,t0730,0.0
PLAN_LES_OUATES_TREFLE_BLANC,MEYRIN_FORUMEYRIN,t0800,0.0
PLAN_LES_OUATES_TREFLE_BLANC,MEYRIN_FORUMEYRIN,t0830,0.0
PLAN_LES_OUATES_TREFLE_BLANC,MEYRIN_GRAVIERE,t0700,0.0
PLAN_LES_OUATES_TREFLE_BLANC,MEYRIN_GRAVIERE,t0730,0.0
PLAN_LES_OUATES_TREFLE_BLANC,MEYRIN_GRAVIERE,t0800,0.0
PLAN_LES_OUATES_TREFLE_BLANC,MEYRIN_GRAVIERE,t0830,0.0
PLAN_LES_OUATES_TREFLE_BLANC,MEYRIN_HOPITAL_DE_LA_TOUR,t0700,0.0
PLAN_LES_OUATES_TREFLE_BLANC,MEYRIN_HOPITAL_DE_LA_TOUR,t0730,0.0
PLAN_LES_OUATES_TREFLE_BLANC,MEYRIN_HOPITAL_DE_LA_TOUR,t0800,0.0
PLAN_LES_OUATES_TREFLE_BLANC,MEYRIN_HOPITAL_DE_LA_TOUR,t0830,0.0
PLAN_LES_OUATES_TREFLE_BLANC,MEYRIN_JARDIN_ALPIN_VIVARIUM,t0700,0.0
PLAN_LES_OUATES_TREFLE_BLANC,MEYRIN_JARDIN_ALPIN_VIVARIUM,t0730,0.0
PLAN_LES_OUATES_TREFLE_BLANC,MEYRIN_JARDIN_ALPIN_VIVARIUM,t0800,0.0
PLAN_LES_OUATES_TREFLE_BLANC,MEYRIN_JARDIN_ALPIN_VIVARIUM,t0830,0.0
PLAN_LES_OUATES_TREFLE_BLANC,MEYRIN_MAISONNEX,t0700,0.0
PLAN_LES_OUATES_TREFLE_BLANC,MEYRIN_MAISONNEX,t0730,0.0
PLAN_LES_OUATES_TREFLE_BLANC,MEYRIN_MAISONNEX,t0800,0.0
PLAN_LES_OUATES_TREFLE_BLANC,MEYRIN_MAISONNEX,t0830,0.0
PLAN_LES_OUATES_TREFLE_BLANC,MEYRIN_VAUDAGNE,t0700,0.0
PLAN_LES_OUATES_TREFLE_BLANC,MEYRIN_VAUDAGNE,t0730,0.0
PLAN_LES_OUATES_TREFLE_BLANC,MEYRIN_VAUDAGNE,t0800,0.0
PLAN_LES_OUATES_TREFLE_BLANC,MEYRIN_VAUDAGNE,t0830,0.0
PLAN_LES_OUATES_TREFLE_BLANC,MEYRIN_VILLAGE,t0700,0.0
PLAN_LES_OUATES_TREFLE_BLANC,MEYRIN_VILLAGE,t0730,0.0
PLAN_LES_OUATES_TREFLE_BLANC,MEYRIN_VILLAGE,t0800,0.0
PLAN_LES_OUATES_TREFLE_BLANC,MEYRIN_VILLAGE,t0830,0.0
PLAN_LES_OUATES_TREFLE_BLANC,ONEX_BANDOL,t0700,0.0
PLAN_LES_OUATES_TREFLE_BLANC,ONEX_BANDOL,t0730,0.0
PLAN_LES_OUATES_TREFLE_BLANC,ONEX_BANDOL,t0800,0.0
PLAN_LES_OUATES_TREFLE_BLANC,ONEX_BANDOL,t0830,0.0
PLAN_LES_OUATES_TREFLE_BLANC,ONEX_SALLE_COMMUNALE,t0700,0.0
PLAN_LES_OUATES_TREFLE_BLANC,ONEX_SALLE_COMMUNALE,t0730,0.0
PLAN_LES_OUATES_TREFLE_BLANC,ONEX_SALLE_COMMUNALE,t0800,0.0
PLAN_LES_OUATES_TREFLE_BLANC,ONEX_SALLE_COMMUNALE,t0830,0.0
PLAN_LES_OUATES_TREFLE_BLANC,PETIT_LANCY_LES_ESSERTS,t0700,0.0
PLAN_LES_OUATES_TREFLE_BLANC,PETIT_LANCY_LES_ESSERTS,t0730,0.0
PLAN_LES_OUATES_TREFLE_BLANC,PETIT_LANCY_LES_ESSERTS,t0800,0.0
PLAN_LES_OUATES_TREFLE_BLANC,PETIT_LANCY_LES_ESSERTS,t0830,0.0
PLAN_LES_OUATES_TREFLE_BLANC,PETIT_LANCY_PLACE,t0700,0.0
PLAN_LES_OUATES_TREFLE_BLANC,PETIT_LANCY_PLACE,t0730,0.0
PLAN_LES_OUATES_TREFLE_BLANC,PETIT_LANCY_PLACE,t0800,0.0
PLAN_LES_OUATES_TREFLE_BLANC,PETIT_LANCY_PLACE,t0830,0.0
PLAN_LES_OUATES_TREFLE_BLANC,PETIT_LANCY_QUIDORT,t0700,0.0
PLAN_LES_OUATES_TREFLE_BLANC,PETIT_LANCY_QUIDORT,t0730,0.0
PLAN_LES_OUATES_TREFLE_BLANC,PETIT_LANCY_QUIDORT,t0800,0.0
PLAN_LES_OUATES_TREFLE_BLANC,PETIT_LANCY_QUIDORT,t0830,0.0
PLAN_LES_OUATES_TREFLE_BLANC,THONEX_GRAVESON,t0700,0.0
PLAN_LES_OUATES_TREFLE_BLANC,THONEX_GRAVESON,t0730,0.0
PLAN_LES_OUATES_TREFLE_BLANC,THONEX_GRAVESON,t0800,0.0
PLAN_LES_OUATES_TREFLE_BLANC,THONEX_GRAVESON,t0830,0.0
PLAN_LES_OUATES_TREFLE_BLANC,THONEX_MOILLESULAZ,t0700,0.0
PLAN_LES_OUATES_TREFLE_BLANC,THONEX_MOILLESULAZ,t0730,0.0
PLAN_LES_OUATES_TREFLE_BLANC,THONEX_MOILLESULAZ,t0800,0.0
PLAN_LES_OUATES_TREFLE_BLANC,THONEX_MOILLESULAZ,t0830,0.0
PLAN_LES_OUATES_TREFLE_BLANC,VERNIER_AVANCHETS_ETANG,t0700,0.0
PLAN_LES_OUATES_TREFLE_BLANC,VERNIER_AVANCHETS_ETANG,t0730,0.0
PLAN_LES_OUATES_TREFLE_BLANC,VERNIER_AVANCHETS_ETANG,t0800,0.0
PLAN_LES_OUATES_TREFLE_BLANC,VERNIER_AVANCHETS_ETANG,t0830,0.0
PLAN_LES_OUATES_TREFLE_BLANC,VERNIER_BALEXERT,t0700,0.0
PLAN_LES_OUATES_TREFLE_BLANC,VERNIER_BALEXERT,t0730,0.0
PLAN_LES_OUATES_TREFLE_BLANC,VERNIER_BALEXERT,t0800,0.0
PLAN_LES_OUATES_TREFLE_BLANC,VERNIER_BALEXERT,t0830,0.0
PLAN_LES_OUATES_TREFLE_BLANC,VERNIER_BLANDONNET,t0700,0.0
PLAN_LES_OUATES_TREFLE_BLANC,VERNIER_BLANDONNET,t0730,0.0
PLAN_LES_OUATES_TREFLE_BLANC,VERNIER_BLANDONNET,t0800,0.0
PLAN_LES_OUATES_TREFLE_BLANC,VERNIER_BLANDONNET,t0830,0.0
PLAN_LES_OUATES_TREFLE_BLANC,VERNIER_BOUCHET,t0700,0.0
PLAN_LES_OUATES_TREFLE_BLANC,VERNIER_BOUCHET,t0730,0.0
PLAN_LES_OUATES_TREFLE_BLANC,VERNIER_BOUCHET,t0800,0.0
PLAN_LES_OUATES_TREFLE_BLANC,VERNIER_BOUCHET,t0830,0.0
THONEX_GRAVESON,BERNEX_HAINARD,t0700,0.0
THONEX_GRAVESON,BERNEX_HAINARD,t0730,0.0
THONEX_GRAVESON,BERNEX_HAINARD,t0800,0.0
THONEX_GRAVESON,BERNEX_HAINARD,t0830,0.0
THONEX_GRAVESON,BERNEX_LUCHEPELET,t0700,0.0
THONEX_GRAVESON,BERNEX_LUCHEPELET,t0730,0.0
THONEX_GRAVESON,BERNEX_LUCHEPELET,t0800,0.0
THONEX_GRAVESON,BERNEX_LUCHEPELET,t0830,0.0
THONEX_GRAVESON,BERNEX_PRE_MARAIS,t0700,0.0
THONEX_GRAVESON,BERNEX_PRE_MARAIS,t0730,0.0
THONEX_GRAVESON,BERNEX_PRE_MARAIS,t0800,0.0
THONEX_GRAVESON,BERNEX_PRE_MARAIS,t0830,0.0
THONEX_GRAVESON,BERNEX_P_R,t0700,0.0
THONEX_GRAVESON,BERNEX_P_R,t0730,0.0
THONEX_GRAVESON,BERNEX_P_R,t0800,0.0
THONEX_GRAVESON,BERNEX_P_R,t0830,0.0
THONEX_GRAVESON,BERNEX_VAILLY,t0700,0.0
THONEX_GRAVESON,BERNEX_VAILLY,t0730,0.0
THONEX_GRAVESON,BERNEX_VAILLY,t0800,0.0
THONEX_GRAVESON,BERNEX_VAILLY,t0830,0.0
THONEX_GRAVESON,CAROUGE_GE_ANCIENNE,t0700,0.0
THONEX_GRAVESON,CAROUGE_GE_ANCIENNE,t0730,0.0
THONEX_GRAVESON,CAROUGE_GE_ANCIENNE,t0800,0.0
THONEX_GRAVESON,CAROUGE_GE_ANCIENNE,t0830,0.0
THONEX_GRAVESON,CAROUGE_GE_ARMES,t0700,0.0
THONEX_GRAVESON,CAROUGE_GE_ARMES,t0730,0.0
THONEX_GRAVESON,CAROUGE_GE_ARMES,t0800,0.0
THONEX_GRAVESON,CAROUGE_GE_ARMES,t0830,0.0
THONEX_GRAVESON,CAROUGE_GE_MARCHE,t0700,0.0
THONEX_GRAVESON,CAROUGE_GE_MARCHE,t0730,0.0
THONEX_GRAVESON,CAROUGE_GE_MARCHE,t0800,0.0
THONEX_GRAVESON,CAROUGE_GE_MARCHE,t0830,0.0
THONEX_GRAVESON,CAROUGE_GE_RONDEAU,t0700,0.0
THONEX_GRAVESON,CAROUGE_GE_RONDEAU,t0730,0.0
THONEX_GRAVESON,CAROUGE_GE_RONDEAU,t0800,0.0
THONEX_GRAVESON,CAROUGE_GE_RONDEAU,t0830,0.0
THONEX_GRAVESON,CHENE_BOUGERIES_GRANGETTES,t0700,0.0
THONEX_GRAVESON,CHENE_BOUGERIES_GRANGETTES,t0730,0.0
THONEX_GRAVESON,CHENE_BOUGERIES_GRANGETTES,t0800,0.0
THONEX_GRAVESON,CHENE_BOUGERIES_GRANGETTES,t0830,0.0
THONEX_GRAVESON,CHENE_BOUGERIES_GRANGE_CANAL,t0700,0.0
THONEX_GRAVESON,CHENE_BOUGERIES_GRANGE_CANAL,t0730,0.0
THONEX_GRAVESON,CHENE_BOUGERIES_GRANGE_CANAL,t0800,0.0
THONEX_GRAVESON,CHENE_BOUGERIES_GRANGE_CANAL,t0830,0.0
THONEX_GRAVESON,CHENE_BOUGERIES_GRANGE_FALQUET,t0700,0.0
THONEX_GRAVESON,CHENE_BOUGERIES_GRANGE_FALQUET,t0730,0.0
THONEX_GRAVESON,CHENE_BOUGERIES_GRANGE_FALQUET,t0800,0.0
THONEX_GRAVESON,CHENE_BOUGERIES_GRANGE_FALQUET,t0830,0.0
THONEX_GRAVESON,CHENE_BOURG_PEILLONNEX,t0700,0.0
THONEX_GRAVESON,CHENE_BOURG_PEILLONNEX,t0730,0.0
THONEX_GRAVESON,CHENE_BOURG_PEILLONNEX,t0800,0.0
THONEX_GRAVESON,CHENE_BOURG_PEILLONNEX,t0830,0.0
THONEX_GRAVESON,CHENE_BOURG_PLACE_FAVRE,t0700,0.0
THONEX_GRAVESON,CHENE_BOURG_PLACE_FAVRE,t0730,0.0
THONEX_GRAVESON,CHENE_BOURG_PLACE_FAVRE,t0800,0.0
THONEX_GRAVESON,CHENE_BOURG_PLACE_FAVRE,t0830,0.0
THONEX_GRAVESON,CONFIGNON_CROISEE,t0700,0.0
THONEX_GRAVESON,CONFIGNON_CROISEE,t0730,0.0
THONEX_GRAVESON,CONFIGNON_CROISEE,t0800,0.0
THONEX_GRAVESON,CONFIGNON_CROISEE,t0830,0.0
THONEX_GRAVESON,CONFIGNON_LA_DODE,t0700,0.0
THONEX_GRAVESON,CONFIGNON_LA_DODE,t0730,0.0
THONEX_GRAVESON,CONFIGNON_LA_DODE,t0800,0.0
THONEX_GRAVESON,CONFIGNON_LA_DODE,t0830,0.0
THONEX_GRAVESON,GENEVE_AMANDOLIER,t0700,0.0
THONEX_GRAVESON,GENEVE_AMANDOLIER,t0730,0.0
THONEX_GRAVESON,GENEVE_AMANDOLIER,t0800,0.0
THONEX_GRAVESON,GENEVE_AMANDOLIER,t0830,0.0
THONEX_GRAVESON,GENEVE_AUGUSTINS,t0700,0.0
THONEX_GRAVESON,GENEVE_AUGUSTINS,t0730,0.0
THONEX_GRAVESON,GENEVE_AUGUSTINS,t0800,0.0
THONEX_GRAVESON,GENEVE_AUGUSTINS,t0830,0.0
THONEX_GRAVESON,GENEVE_BEL_AIR,t0700,0.0
THONEX_GRAVESON,GENEVE_BEL_AIR,t0730,0.0
THONEX_GRAVESON,GENEVE_BEL_AIR,t0800,0.0
THONEX_GRAVESON,GENEVE_BEL_AIR,t0830,0.0
THONEX_GRAVESON,GENEVE_BLANCHE,t0700,0.0
THONEX_GRAVESON,GENEVE_BLANCHE,t0730,0.0
THONEX_GRAVESON,GENEVE_BLANCHE,t0800,0.0
THONEX_GRAVESON,GENEVE_BLANCHE,t0830,0.0
THONEX_GRAVESON,GENEVE_COUTANCE,t0700,0.0
THONEX_GRAVESON,GENEVE_COUTANCE,t0730,0.0
THONEX_GRAVESON,GENEVE_COUTANCE,t0800,0.0
THONEX_GRAVESON,GENEVE_COUTANCE,t0830,0.0
THONEX_GRAVESON,GENEVE_EAUX_VIVES_GARE,t0700,0.0
THONEX_GRAVESON,GENEVE_EAUX_VIVES_GARE,t0730,0.0
THONEX_GRAVESON,GENEVE_EAUX_VIVES_GARE,t0800,0.0
THONEX_GRAVESON,GENEVE_EAUX_VIVES_GARE,t0830,0.0
THONEX_GRAVESON,GENEVE_GARE_CORNAVIN,t0700,0.0
THONEX_GRAVESON,GENEVE_GARE_CORNAVIN,t0730,0.0
THONEX_GRAVESON,GENEVE_GARE_CORNAVIN,t0800,0.0
THONEX_GRAVESON,GENEVE_GARE_CORNAVIN,t0830,0.0
THONEX_GRAVESON,GENEVE_JONCTION,t0700,0.0
THONEX_GRAVESON,GENEVE_JONCTION,t0730,0.0
THONEX_GRAVESON,GENEVE_JONCTION,t0800,0.0
THONEX_GRAVESON,GENEVE_JONCTION,t0830,0.0
THONEX_GRAVESON,GENEVE_LYON,t0700,0.0
THONEX_GRAVESON,GENEVE_LYON,t0730,0.0
THONEX_GRAVESON,GENEVE_LYON,t0800,0.0
THONEX_GRAVESON,GENEVE_LYON,t0830,0.0
THONEX_GRAVESON,GENEVE_MOLARD,t0700,0.0
THONEX_GRAVESON,GENEVE_MOLARD,t0730,0.0
THONEX_GRAVESON,GENEVE_MOLARD,t0800,0.0
THONEX_GRAVESON,GENEVE_MOLARD,t0830,0.0
THONEX_GRAVESON,GENEVE_PALLADIUM,t0700,0.0
THONEX_GRAVESON,GENEVE_PALLADIUM,t0730,0.0
THONEX_GRAVESON,GENEVE_PALLADIUM,t0800,0.0
THONEX_GRAVESON,GENEVE_PALLADIUM,t0830,0.0
THONEX_GRAVESON,GENEVE_PLACE_DE_NEUVE,t0700,0.0
THONEX_GRAVESON,GENEVE_PLACE_DE_NEUVE,t0730,0.0
THONEX_GRAVESON,GENEVE_PLACE_DE_NEUVE,t0800,0.0
THONEX_GRAVESON,GENEVE_PLACE_DE_NEUVE,t0830,0.0
THONEX_GRAVESON,GENEVE_PLAINPALAIS,t0700,0.0
THONEX_GRAVESON,GENEVE_PLAINPALAIS,t0730,0.0
THONEX_GRAVESON,GENEVE_PLAINPALAIS,t0800,0.0
THONEX_GRAVESON,GENEVE_PLAINPALAIS,t0830,0.0
THONEX_GRAVESON,GENEVE_PONT_D_ARVE,t0700,0.0
THONEX_GRAVESON,GENEVE_PONT_D_ARVE,t0730,0.0
THONEX_GRAVESON,GENEVE_PONT_D_ARVE,t0800,0.0
THONEX_GRAVESON,GENEVE_PONT_D_ARVE,t0830,0.0
THONEX_GRAVESON,GENEVE_POTERIE,t0700,0.0
THONEX_GRAVESON,GENEVE_POTERIE,t0730,0.0
THONEX_GRAVESON,GENEVE_POTERIE,t0800,0.0
THONEX_GRAVESON,GENEVE_POTERIE,t0830,0.0
THONEX_GRAVESON,GENEVE_RIVE,t0700,0.0
THONEX_GRAVESON,GENEVE_RIVE,t0730,0.0
THONEX_GRAVESON,GENEVE_RIVE,t0800,0.0
THONEX_GRAVESON,GENEVE_RIVE,t0830,0.0
THONEX_GRAVESON,GENEVE_SERVETTE,t0700,0.0
THONEX_GRAVESON,GENEVE_SERVETTE,t0730,0.0
THONEX_GRAVESON,GENEVE_SERVETTE,t0800,0.0
THONEX_GRAVESON,GENEVE_SERVETTE,t0830,0.0
THONEX_GRAVESON,GENEVE_STAND,t0700,0.0
THONEX_GRAVESON,GENEVE_STAND,t0730,0.0
THONEX_GRAVESON,GENEVE_STAND,t0800,0.0
THONEX_GRAVESON,GENEVE_STAND,t0830,0.0
THONEX_GRAVESON,GENEVE_TERRASSIERE,t0700,0.0
THONEX_GRAVESON,GENEVE_TERRASSIERE,t0730,0.0
THONEX_GRAVESON,GENEVE_TERRASSIERE,t0800,0.0
THONEX_GRAVESON,GENEVE_TERRASSIERE,t0830,0.0
THONEX_GRAVESON,GENEVE_VIEUSSEUX,t0700,0.0
THONEX_GRAVESON,GENEVE_VIEUSSEUX,t0730,0.0
THONEX_GRAVESON,GENEVE_VIEUSSEUX,t0800,0.0
THONEX_GRAVESON,GENEVE_VIEUSSEUX,t0830,0.0
THONEX_GRAVESON,GENEVE_VILLEREUSE,t0700,0.0
THONEX_GRAVESON,GENEVE_VILLEREUSE,t0730,0.0
THONEX_GRAVESON,GENEVE_VILLEREUSE,t0800,0.0
THONEX_GRAVESON,GENEVE_VILLEREUSE,t0830,0.0
THONEX_GRAVESON,GRAND_LANCY_DE_STAEL,t0700,0.0
THONEX_GRAVESON,GRAND_LANCY_DE_STAEL,t0730,0.0
THONEX_GRAVESON,GRAND_LANCY_DE_STAEL,t0800,0.0
THONEX_GRAVESON,GRAND_LANCY_DE_STAEL,t0830,0.0
THONEX_GRAVESON,GRAND_LANCY_PALETTES,t0700,0.0
THONEX_GRAVESON,GRAND_LANCY_PALETTES,t0730,0.0
THONEX_GRAVESON,GRAND_LANCY_PALETTES,t0800,0.0
THONEX_GRAVESON,GRAND_LANCY_PALETTES,t0830,0.0
THONEX_GRAVESON,GRAND_LANCY_PONTETS,t0700,0.0
THONEX_GRAVESON,GRAND_LANCY_PONTETS,t0730,0.0
THONEX_GRAVESON,GRAND_LANCY_PONTETS,t0800,0.0
THONEX_GRAVESON,GRAND_LANCY_PONTETS,t0830,0.0
THONEX_GRAVESON,LANCY_BACHET_GARE,t0700,0.0
THONEX_GRAVESON,LANCY_BACHET_GARE,t0730,0.0
THONEX_GRAVESON,LANCY_BACHET_GARE,t0800,0.0
THONEX_GRAVESON,LANCY_BACHET_GARE,t0830,0.0
THONEX_GRAVESON,MEYRIN_BOIS_DU_LAN,t0700,0.0
THONEX_GRAVESON,MEYRIN_BOIS_DU_LAN,t0730,0.0
THONEX_GRAVESON,MEYRIN_BOIS_DU_LAN,t0800,0.0
THONEX_GRAVESON,MEYRIN_BOIS_DU_LAN,t0830,0.0
THONEX_GRAVESON,MEYRIN_CERN,t0700,0.0
THONEX_GRAVESON,MEYRIN_CERN,t0730,0.0
THONEX_GRAVESON,MEYRIN_CERN,t0800,0.0
THONEX_GRAVESON,MEYRIN_CERN,t0830,0.0
THONEX_GRAVESON,MEYRIN_FORUMEYRIN,t0700,0.0
THONEX_GRAVESON,MEYRIN_FORUMEYRIN,t0730,0.0
THONEX_GRAVESON,MEYRIN_FORUMEYRIN,t0800,0.0
THONEX_GRAVESON,MEYRIN_FORUMEYRIN,t0830,0.0
THONEX_GRAVESON,MEYRIN_GRAVIERE,t0700,0.0
THONEX_GRAVESON,MEYRIN_GRAVIERE,t0730,0.0
THONEX_GRAVESON,MEYRIN_GRAVIERE,t0800,0.0
THONEX_GRAVESON,MEYRIN_GRAVIERE,t0830,0.0
THONEX_GRAVESON,MEYRIN_HOPITAL_DE_LA_TOUR,t0700,0.0
THONEX_GRAVESON,MEYRIN_HOPITAL_DE_LA_TOUR,t0730,0.0
THONEX_GRAVESON,MEYRIN_HOPITAL_DE_LA_TOUR,t0800,0.0
THONEX_GRAVESON,MEYRIN_HOPITAL_DE_LA_TOUR,t0830,0.0
THONEX_GRAVESON,MEYRIN_JARDIN_ALPIN_VIVARIUM,t0700,0.0
THONEX_GRAVESON,MEYRIN_JARDIN_ALPIN_VIVARIUM,t0730,0.0
THONEX_GRAVESON,MEYRIN_JARDIN_ALPIN_VIVARIUM,t0800,0.0
THONEX_GRAVESON,MEYRIN_JARDIN_ALPIN_VIVARIUM,t0830,0.0
THONEX_GRAVESON,MEYRIN_MAISONNEX,t0700,0.0
THONEX_GRAVESON,MEYRIN_MAISONNEX,t0730,0.0
THONEX_GRAVESON,MEYRIN_MAISONNEX,t0800,0.0
THONEX_GRAVESON,MEYRIN_MAISONNEX,t0830,0.0
THONEX_GRAVESON,MEYRIN_VAUDAGNE,t0700,0.0
THONEX_GRAVESON,MEYRIN_VAUDAGNE,t0730,0.0
THONEX_GRAVESON,MEYRIN_VAUDAGNE,t0800,0.0
THONEX_GRAVESON,MEYRIN_VAUDAGNE,t0830,0.0
THONEX_GRAVESON,MEYRIN_VILLAGE,t0700,0.0
THONEX_GRAVESON,MEYRIN_VILLAGE,t0730,0.0
THONEX_GRAVESON,MEYRIN_VILLAGE,t0800,0.0
THONEX_GRAVESON,MEYRIN_VILLAGE,t0830,0.0
THONEX_GRAVESON,ONEX_BANDOL,t0700,0.0
THONEX_GRAVESON,ONEX_BANDOL,t0730,0.0
THONEX_GRAVESON,ONEX_BANDOL,t0800,0.0
THONEX_GRAVESON,ONEX_BANDOL,t0830,0.0
THONEX_GRAVESON,ONEX_SALLE_COMMUNALE,t0700,0.0
THONEX_GRAVESON,ONEX_SALLE_COMMUNALE,t0730,0.0
THONEX_GRAVESON,ONEX_SALLE_COMMUNALE,t0800,0.0
THONEX_GRAVESON,ONEX_SALLE_COMMUNALE,t0830,0.0
THONEX_GRAVESON,PETIT_LANCY_LES_ESSERTS,t0700,0.0
THONEX_GRAVESON,PETIT_LANCY_LES_ESSERTS,t0730,0.0
THONEX_GRAVESON,PETIT_LANCY_LES_ESSERTS,t0800,0.0
THONEX_GRAVESON,PETIT_LANCY_LES_ESSERTS,t0830,0.0
THONEX_GRAVESON,PETIT_LANCY_PLACE,t0700,0.0
THONEX_GRAVESON,PETIT_LANCY_PLACE,t0730,0.0
THONEX_GRAVESON,PETIT_LANCY_PLACE,t0800,0.0
THONEX_GRAVESON,PETIT_LANCY_PLACE,t0830,0.0
THONEX_GRAVESON,PETIT_LANCY_QUIDORT,t0700,0.0
THONEX_GRAVESON,PETIT_LANCY_QUIDORT,t0730,0.0
THONEX_GRAVESON,PETIT_LANCY_QUIDORT,t0800,0.0
THONEX_GRAVESON,PETIT_LANCY_QUIDORT,t0830,0.0
THONEX_GRAVESON,PLAN_LES_OUATES_TREFLE_BLANC,t0700,0.0
THONEX_GRAVESON,PLAN_LES_OUATES_TREFLE_BLANC,t0730,0.0
THONEX_GRAVESON,PLAN_LES_OUATES_TREFLE_BLANC,t0800,0.0
THONEX_GRAVESON,PLAN_LES_OUATES_TREFLE_BLANC,t0830,0.0
THONEX_GRAVESON,THONEX_MOILLESULAZ,t0700,0.0
THONEX_GRAVESON,THONEX_MOILLESULAZ,t0730,0.0
THONEX_GRAVESON,THONEX_MOILLESULAZ,t0800,0.0
THONEX_GRAVESON,THONEX_MOILLESULAZ,t0830,0.0
THONEX_GRAVESON,VERNIER_AVANCHETS_ETANG,t0700,0.0
THONEX_GRAVESON,VERNIER_AVANCHETS_ETANG,t0730,0.0
THONEX_GRAVESON,VERNIER_AVANCHETS_ETANG,t0800,0.0
THONEX_GRAVESON,VERNIER_AVANCHETS_ETANG,t0830,0.0
THONEX_GRAVESON,VERNIER_BALEXERT,t0700,0.0
THONEX_GRAVESON,VERNIER_BALEXERT,t0730,0.0
THONEX_GRAVESON,VERNIER_BALEXERT,t0800,0.0
THONEX_GRAVESON,VERNIER_BALEXERT,t0830,0.0
THONEX_GRAVESON,VERNIER_BLANDONNET,t0700,0.0
THONEX_GRAVESON,VERNIER_BLANDONNET,t0730,0.0
THONEX_GRAVESON,VERNIER_BLANDONNET,t0800,0.0
THONEX_GRAVESON,VERNIER_BLANDONNET,t0830,0.0
THONEX_GRAVESON,VERNIER_BOUCHET,t0700,0.0
THONEX_GRAVESON,VERNIER_BOUCHET,t0730,0.0
THONEX_GRAVESON,VERNIER_BOUCHET,t0800,0.0
THONEX_GRAVESON,VERNIER_BOUCHET,t0830,0.0
THONEX_MOILLESULAZ,BERNEX_HAINARD,t0700,0.0
THONEX_MOILLESULAZ,BERNEX_HAINARD,t0730,0.0
THONEX_MOILLESULAZ,BERNEX_HAINARD,t0800,0.0
THONEX_MOILLESULAZ,BERNEX_HAINARD,t0830,0.0
THONEX_MOILLESULAZ,BERNEX_LUCHEPELET,t0700,0.0
THONEX_MOILLESULAZ,BERNEX_LUCHEPELET,t0730,0.0
THONEX_MOILLESULAZ,BERNEX_LUCHEPELET,t0800,0.0
THONEX_MOILLESULAZ,BERNEX_LUCHEPELET,t0830,0.0
THONEX_MOILLESULAZ,BERNEX_PRE_MARAIS,t0700,0.0
THONEX_MOILLESULAZ,BERNEX_PRE_MARAIS,t0730,0.0
THONEX_MOILLESULAZ,BERNEX_PRE_MARAIS,t0800,0.0
THONEX_MOILLESULAZ,BERNEX_PRE_MARAIS,t0830,0.0
THONEX_MOILLESULAZ,BERNEX_P_R,t0700,0.0
THONEX_MOILLESULAZ,BERNEX_P_R,t0730,0.0
THONEX_MOILLESULAZ,BERNEX_P_R,t0800,0.0
THONEX_MOILLESULAZ,BERNEX_P_R,t0830,0.0
THONEX_MOILLESULAZ,BERNEX_VAILLY,t0700,0.0
THONEX_MOILLESULAZ,BERNEX_VAILLY,t0730,0.0
THONEX_MOILLESULAZ,BERNEX_VAILLY,t0800,0.0
THONEX_MOILLESULAZ,BERNEX_VAILLY,t0830,0.0
THONEX_MOILLESULAZ,CAROUGE_GE_ANCIENNE,t0700,0.0
THONEX_MOILLESULAZ,CAROUGE_GE_ANCIENNE,t0730,0.0
THONEX_MOILLESULAZ,CAROUGE_GE_ANCIENNE,t0800,0.0
THONEX_MOILLESULAZ,CAROUGE_GE_ANCIENNE,t0830,0.0
THONEX_MOILLESULAZ,CAROUGE_GE_ARMES,t0700,0.0
THONEX_MOILLESULAZ,CAROUGE_GE_ARMES,t0730,0.0
THONEX_MOILLESULAZ,CAROUGE_GE_ARMES,t0800,0.0
THONEX_MOILLESULAZ,CAROUGE_GE_ARMES,t0830,0.0
THONEX_MOILLESULAZ,CAROUGE_GE_MARCHE,t0700,0.0
THONEX_MOILLESULAZ,CAROUGE_GE_MARCHE,t0730,0.0
THONEX_MOILLESULAZ,CAROUGE_GE_MARCHE,t0800,0.0
THONEX_MOILLESULAZ,CAROUGE_GE_MARCHE,t0830,0.0
THONEX_MOILLESULAZ,CAROUGE_GE_RONDEAU,t0700,0.0
THONEX_MOILLESULAZ,CAROUGE_GE_RONDEAU,t0730,0.0
THONEX_MOILLESULAZ,CAROUGE_GE_RONDEAU,t0800,0.0
THONEX_MOILLESULAZ,CAROUGE_GE_RONDEAU,t0830,0.0
THONEX_MOILLESULAZ,CHENE_BOUGERIES_GRANGETTES,t0700,0.0
THONEX_MOILLESULAZ,CHENE_BOUGERIES_GRANGETTES,t0730,0.0
THONEX_MOILLESULAZ,CHENE_BOUGERIES_GRANGETTES,t0800,0.0
THONEX_MOILLESULAZ,CHENE_BOUGERIES_GRANGETTES,t0830,0.0
THONEX_MOILLESULAZ,CHENE_BOUGERIES_GRANGE_CANAL,t0700,0.0
THONEX_MOILLESULAZ,CHENE_BOUGERIES_GRANGE_CANAL,t0730,0.0
THONEX_MOILLESULAZ,CHENE_BOUGERIES_GRANGE_CANAL,t0800,0.0
THONEX_MOILLESULAZ,CHENE_BOUGERIES_GRANGE_CANAL,t0830,0.0
THONEX_MOILLESULAZ,CHENE_BOUGERIES_GRANGE_FALQUET,t0700,0.0
THONEX_MOILLESULAZ,CHENE_BOUGERIES_GRANGE_FALQUET,t0730,0.0
THONEX_MOILLESULAZ,CHENE_BOUGERIES_GRANGE_FALQUET,t0800,0.0
THONEX_MOILLESULAZ,CHENE_BOUGERIES_GRANGE_FALQUET,t0830,0.0
THONEX_MOILLESULAZ,CHENE_BOURG_PEILLONNEX,t0700,0.0
THONEX_MOILLESULAZ,CHENE_BOURG_PEILLONNEX,t0730,0.0
THONEX_MOILLESULAZ,CHENE_BOURG_PEILLONNEX,t0800,0.0
THONEX_MOILLESULAZ,CHENE_BOURG_PEILLONNEX,t0830,0.0
THONEX_MOILLESULAZ,CHENE_BOURG_PLACE_FAVRE,t0700,0.0
THONEX_MOILLESULAZ,CHENE_BOURG_PLACE_FAVRE,t0730,0.0
THONEX_MOILLESULAZ,CHENE_BOURG_PLACE_FAVRE,t0800,0.0
THONEX_MOILLESULAZ,CHENE_BOURG_PLACE_FAVRE,t0830,0.0
THONEX_MOILLESULAZ,CONFIGNON_CROISEE,t0700,0.0
THONEX_MOILLESULAZ,CONFIGNON_CROISEE,t0730,0.0
THONEX_MOILLESULAZ,CONFIGNON_CROISEE,t0800,0.0
THONEX_MOILLESULAZ,CONFIGNON_CROISEE,t0830,0.0
THONEX_MOILLESULAZ,CONFIGNON_LA_DODE,t0700,0.0
THONEX_MOILLESULAZ,CONFIGNON_LA_DODE,t0730,0.0
THONEX_MOILLESULAZ,CONFIGNON_LA_DODE,t0800,0.0
THONEX_MOILLESULAZ,CONFIGNON_LA_DODE,t0830,0.0
THONEX_MOILLESULAZ,GENEVE_AMANDOLIER,t0700,0.0
THONEX_MOILLESULAZ,GENEVE_AMANDOLIER,t0730,0.0
THONEX_MOILLESULAZ,GENEVE_AMANDOLIER,t0800,0.0
THONEX_MOILLESULAZ,GENEVE_AMANDOLIER,t0830,0.0
THONEX_MOILLESULAZ,GENEVE_AUGUSTINS,t0700,0.0
THONEX_MOILLESULAZ,GENEVE_AUGUSTINS,t0730,0.0
THONEX_MOILLESULAZ,GENEVE_AUGUSTINS,t0800,0.0
THONEX_MOILLESULAZ,GENEVE_AUGUSTINS,t0830,0.0
THONEX_MOILLESULAZ,GENEVE_BEL_AIR,t0700,0.0
THONEX_MOILLESULAZ,GENEVE_BEL_AIR,t0730,0.0
THONEX_MOILLESULAZ,GENEVE_BEL_AIR,t0800,0.0
THONEX_MOILLESULAZ,GENEVE_BEL_AIR,t0830,0.0
THONEX_MOILLESULAZ,GENEVE_BLANCHE,t0700,0.0
THONEX_MOILLESULAZ,GENEVE_BLANCHE,t0730,0.0
THONEX_MOILLESULAZ,GENEVE_BLANCHE,t0800,0.0
THONEX_MOILLESULAZ,GENEVE_BLANCHE,t0830,0.0
THONEX_MOILLESULAZ,GENEVE_COUTANCE,t0700,0.0
THONEX_MOILLESULAZ,GENEVE_COUTANCE,t0730,0.0
THONEX_MOILLESULAZ,GENEVE_COUTANCE,t0800,0.0
THONEX_MOILLESULAZ,GENEVE_COUTANCE,t0830,0.0
THONEX_MOILLESULAZ,GENEVE_EAUX_VIVES_GARE,t0700,0.0
THONEX_MOILLESULAZ,GENEVE_EAUX_VIVES_GARE,t0730,0.0
THONEX_MOILLESULAZ,GENEVE_EAUX_VIVES_GARE,t0800,0.0
THONEX_MOILLESULAZ,GENEVE_EAUX_VIVES_GARE,t0830,0.0
THONEX_MOILLESULAZ,GENEVE_GARE_CORNAVIN,t0700,0.0
THONEX_MOILLESULAZ,GENEVE_GARE_CORNAVIN,t0730,0.0
THONEX_MOILLESULAZ,GENEVE_GARE_CORNAVIN,t0800,0.0
THONEX_MOILLESULAZ,GENEVE_GARE_CORNAVIN,t0830,0.0
THONEX_MOILLESULAZ,GENEVE_JONCTION,t0700,0.0
THONEX_MOILLESULAZ,GENEVE_JONCTION,t0730,0.0
THONEX_MOILLESULAZ,GENEVE_JONCTION,t0800,0.0
THONEX_MOILLESULAZ,GENEVE_JONCTION,t0830,0.0
THONEX_MOILLESULAZ,GENEVE_LYON,t0700,0.0
THONEX_MOILLESULAZ,GENEVE_LYON,t0730,0.0
THONEX_MOILLESULAZ,GENEVE_LYON,t0800,0.0
THONEX_MOILLESULAZ,GENEVE_LYON,t0830,0.0
THONEX_MOILLESULAZ,GENEVE_MOLARD,t0700,0.0
THONEX_MOILLESULAZ,GENEVE_MOLARD,t0730,0.0
THONEX_MOILLESULAZ,GENEVE_MOLARD,t0800,0.0
THONEX_MOILLESULAZ,GENEVE_MOLARD,t0830,0.0
THONEX_MOILLESULAZ,GENEVE_PALLADIUM,t0700,0.0
THONEX_MOILLESULAZ,GENEVE_PALLADIUM,t0730,0.0
THONEX_MOILLESULAZ,GENEVE_PALLADIUM,t0800,0.0
THONEX_MOILLESULAZ,GENEVE_PALLADIUM,t0830,0.0
THONEX_MOILLESULAZ,GENEVE_PLACE_DE_NEUVE,t0700,0.0
THONEX_MOILLESULAZ,GENEVE_PLACE_DE_NEUVE,t0730,0.0
THONEX_MOILLESULAZ,GENEVE_PLACE_DE_NEUVE,t0800,0.0
THONEX_MOILLESULAZ,GENEVE_PLACE_DE_NEUVE,t0830,0.0
THONEX_MOILLESULAZ,GENEVE_PLAINPALAIS,t0700,0.0
THONEX_MOILLESULAZ,GENEVE_PLAINPALAIS,t0730,0.0
THONEX_MOILLESULAZ,GENEVE_PLAINPALAIS,t0800,0.0
THONEX_MOILLESULAZ,GENEVE_PLAINPALAIS,t0830,0.0
THONEX_MOILLESULAZ,GENEVE_PONT_D_ARVE,t0700,57.895
THONEX_MOILLESULAZ,GENEVE_PONT_D_ARVE,t0730,11.579
THONEX_MOILLESULAZ,GENEVE_PONT_D_ARVE,t0800,18.947
THONEX_MOILLESULAZ,GENEVE_PONT_D_ARVE,t0830,50.526
THONEX_MOILLESULAZ,GENEVE_POTERIE,t0700,0.0
THONEX_MOILLESULAZ,GENEVE_POTERIE,t0730,0.0
THONEX_MOILLESULAZ,GENEVE_POTERIE,t0800,0.0
THONEX_MOILLESULAZ,GENEVE_POTERIE,t0830,0.0
THONEX_MOILLESULAZ,GENEVE_RIVE,t0700,0.0
THONEX_MOILLESULAZ,GENEVE_RIVE,t0730,0.0
THONEX_MOILLESULAZ,GENEVE_RIVE,t0800,0.0
THONEX_MOILLESULAZ,GENEVE_RIVE,t0830,0.0
THONEX_MOILLESULAZ,GENEVE_SERVETTE,t0700,0.0
THONEX_MOILLESULAZ,GENEVE_SERVETTE,t0730,0.0
THONEX_MOILLESULAZ,GENEVE_SERVETTE,t0800,0.0
THONEX_MOILLESULAZ,GENEVE_SERVETTE,t0830,0.0
THONEX_MOILLESULAZ,GENEVE_STAND,t0700,0.0
THONEX_MOILLESULAZ,GENEVE_STAND,t0730,0.0
THONEX_MOILLESULAZ,GENEVE_STAND,t0800,0.0
THONEX_MOILLESULAZ,GENEVE_STAND,t0830,0.0
THONEX_MOILLESULAZ,GENEVE_TERRASSIERE,t0700,0.0
THONEX_MOILLESULAZ,GENEVE_TERRASSIERE,t0730,0.0
THONEX_MOILLESULAZ,GENEVE_TERRASSIERE,t0800,0.0
THONEX_MOILLESULAZ,GENEVE_TERRASSIERE,t0830,0.0
THONEX_MOILLESULAZ,GENEVE_VIEUSSEUX,t0700,0.0
THONEX_MOILLESULAZ,GENEVE_VIEUSSEUX,t0730,0.0
THONEX_MOILLESULAZ,GENEVE_VIEUSSEUX,t0800,0.0
THONEX_MOILLESULAZ,GENEVE_VIEUSSEUX,t0830,0.0
THONEX_MOILLESULAZ,GENEVE_VILLEREUSE,t0700,0.0
THONEX_MOILLESULAZ,GENEVE_VILLEREUSE,t0730,0.0
THONEX_MOILLESULAZ,GENEVE_VILLEREUSE,t0800,0.0
THONEX_MOILLESULAZ,GENEVE_VILLEREUSE,t0830,0.0
THONEX_MOILLESULAZ,GRAND_LANCY_DE_STAEL,t0700,0.0
THONEX_MOILLESULAZ,GRAND_LANCY_DE_STAEL,t0730,0.0
THONEX_MOILLESULAZ,GRAND_LANCY_DE_STAEL,t0800,0.0
THONEX_MOILLESULAZ,GRAND_LANCY_DE_STAEL,t0830,0.0
THONEX_MOILLESULAZ,GRAND_LANCY_PALETTES,t0700,0.0
THONEX_MOILLESULAZ,GRAND_LANCY_PALETTES,t0730,0.0
THONEX_MOILLESULAZ,GRAND_LANCY_PALETTES,t0800,0.0
THONEX_MOILLESULAZ,GRAND_LANCY_PALETTES,t0830,0.0
THONEX_MOILLESULAZ,GRAND_LANCY_PONTETS,t0700,0.0
THONEX_MOILLESULAZ,GRAND_LANCY_PONTETS,t0730,0.0
THONEX_MOILLESULAZ,GRAND_LANCY_PONTETS,t0800,0.0
THONEX_MOILLESULAZ,GRAND_LANCY_PONTETS,t0830,0.0
THONEX_MOILLESULAZ,LANCY_BACHET_GARE,t0700,11.429
THONEX_MOILLESULAZ,LANCY_BACHET_GARE,t0730,47.619
THONEX_MOILLESULAZ,LANCY_BACHET_GARE,t0800,39.048
THONEX_MOILLESULAZ,LANCY_BACHET_GARE,t0830,12.381
THONEX_MOILLESULAZ,MEYRIN_BOIS_DU_LAN,t0700,0.0
THONEX_MOILLESULAZ,MEYRIN_BOIS_DU_LAN,t0730,0.0
THONEX_MOILLESULAZ,MEYRIN_BOIS_DU_LAN,t0800,0.0
THONEX_MOILLESULAZ,MEYRIN_BOIS_DU_LAN,t0830,0.0
THONEX_MOILLESULAZ,MEYRIN_CERN,t0700,0.0
THONEX_MOILLESULAZ,MEYRIN_CERN,t0730,0.0
THONEX_MOILLESULAZ,MEYRIN_CERN,t0800,0.0
THONEX_MOILLESULAZ,MEYRIN_CERN,t0830,0.0
THONEX_MOILLESULAZ,MEYRIN_FORUMEYRIN,t0700,0.0
THONEX_MOILLESULAZ,MEYRIN_FORUMEYRIN,t0730,0.0
THONEX_MOILLESULAZ,MEYRIN_FORUMEYRIN,t0800,0.0
THONEX_MOILLESULAZ,MEYRIN_FORUMEYRIN,t0830,0.0
THONEX_MOILLESULAZ,MEYRIN_GRAVIERE,t0700,0.0
THONEX_MOILLESULAZ,MEYRIN_GRAVIERE,t0730,0.0
THONEX_MOILLESULAZ,MEYRIN_GRAVIERE,t0800,0.0
THONEX_MOILLESULAZ,MEYRIN_GRAVIERE,t0830,0.0
THONEX_MOILLESULAZ,MEYRIN_HOPITAL_DE_LA_TOUR,t0700,0.0
THONEX_MOILLESULAZ,MEYRIN_HOPITAL_DE_LA_TOUR,t0730,0.0
THONEX_MOILLESULAZ,MEYRIN_HOPITAL_DE_LA_TOUR,t0800,0.0
THONEX_MOILLESULAZ,MEYRIN_HOPITAL_DE_LA_TOUR,t0830,0.0
THONEX_MOILLESULAZ,MEYRIN_JARDIN_ALPIN_VIVARIUM,t0700,0.0
THONEX_MOILLESULAZ,MEYRIN_JARDIN_ALPIN_VIVARIUM,t0730,0.0
THONEX_MOILLESULAZ,MEYRIN_JARDIN_ALPIN_VIVARIUM,t0800,0.0
THONEX_MOILLESULAZ,MEYRIN_JARDIN_ALPIN_VIVARIUM,t0830,0.0
THONEX_MOILLESULAZ,MEYRIN_MAISONNEX,t0700,0.0
THONEX_MOILLESULAZ,MEYRIN_MAISONNEX,t0730,0.0
THONEX_MOILLESULAZ,MEYRIN_MAISONNEX,t0800,0.0
THONEX_MOILLESULAZ,MEYRIN_MAISONNEX,t0830,0.0
THONEX_MOILLESULAZ,MEYRIN_VAUDAGNE,t0700,0.0
THONEX_MOILLESULAZ,MEYRIN_VAUDAGNE,t0730,0.0
THONEX_MOILLESULAZ,MEYRIN_VAUDAGNE,t0800,0.0
THONEX_MOILLESULAZ,MEYRIN_VAUDAGNE,t0830,0.0
THONEX_MOILLESULAZ,MEYRIN_VILLAGE,t0700,0.0
THONEX_MOILLESULAZ,MEYRIN_VILLAGE,t0730,0.0
THONEX_MOILLESULAZ,MEYRIN_VILLAGE,t0800,0.0
THONEX_MOILLESULAZ,MEYRIN_VILLAGE,t0830,0.0
THONEX_MOILLESULAZ,ONEX_BANDOL,t0700,0.0
THONEX_MOILLESULAZ,ONEX_BANDOL,t0730,0.0
THONEX_MOILLESULAZ,ONEX_BANDOL,t0800,0.0
THONEX_MOILLESULAZ,ONEX_BANDOL,t0830,0.0
THONEX_MOILLESULAZ,ONEX_SALLE_COMMUNALE,t0700,0.0
THONEX_MOILLESULAZ,ONEX_SALLE_COMMUNALE,t0730,0.0
THONEX_MOILLESULAZ,ONEX_SALLE_COMMUNALE,t0800,0.0
THONEX_MOILLESULAZ,ONEX_SALLE_COMMUNALE,t0830,0.0
THONEX_MOILLESULAZ,PETIT_LANCY_LES_ESSERTS,t0700,0.0
THONEX_MOILLESULAZ,PETIT_LANCY_LES_ESSERTS,t0730,0.0
THONEX_MOILLESULAZ,PETIT_LANCY_LES_ESSERTS,t0800,0.0
THONEX_MOILLESULAZ,PETIT_LANCY_LES_ESSERTS,t0830,0.0
THONEX_MOILLESULAZ,PETIT_LANCY_PLACE,t0700,0.0
THONEX_MOILLESULAZ,PETIT_LANCY_PLACE,t0730,0.0
THONEX_MOILLESULAZ,PETIT_LANCY_PLACE,t0800,0.0
THONEX_MOILLESULAZ,PETIT_LANCY_PLACE,t0830,0.0
THONEX_MOILLESULAZ,PETIT_LANCY_QUIDORT,t0700,0.0
THONEX_MOILLESULAZ,PETIT_LANCY_QUIDORT,t0730,0.0
THONEX_MOILLESULAZ,PETIT_LANCY_QUIDORT,t0800,0.0
THONEX_MOILLESULAZ,PETIT_LANCY_QUIDORT,t0830,0.0
THONEX_MOILLESULAZ,PLAN_LES_OUATES_TREFLE_BLANC,t0700,0.0
THONEX_MOILLESULAZ,PLAN_LES_OUATES_TREFLE_BLANC,t0730,0.0
THONEX_MOILLESULAZ,PLAN_LES_OUATES_TREFLE_BLANC,t0800,0.0
THONEX_MOILLESULAZ,PLAN_LES_OUATES_TREFLE_BLANC,t0830,0.0
THONEX_MOILLESULAZ,THONEX_GRAVESON,t0700,0.0
THONEX_MOILLESULAZ,THONEX_GRAVESON,t0730,0.0
THONEX_MOILLESULAZ,THONEX_GRAVESON,t0800,0.0
THONEX_MOILLESULAZ,THONEX_GRAVESON,t0830,0.0
THONEX_MOILLESULAZ,VERNIER_AVANCHETS_ETANG,t0700,0.0
THONEX_MOILLESULAZ,VERNIER_AVANCHETS_ETANG,t0730,0.0
THONEX_MOILLESULAZ,VERNIER_AVANCHETS_ETANG,t0800,0.0
THONEX_MOILLESULAZ,VERNIER_AVANCHETS_ETANG,t0830,0.0
THONEX_MOILLESULAZ,VERNIER_BALEXERT,t0700,0.0
THONEX_MOILLESULAZ,VERNIER_BALEXERT,t0730,0.0
THONEX_MOILLESULAZ,VERNIER_BALEXERT,t0800,0.0
THONEX_MOILLESULAZ,VERNIER_BALEXERT,t0830,0.0
THONEX_MOILLESULAZ,VERNIER_BLANDONNET,t0700,0.0
THONEX_MOILLESULAZ,VERNIER_BLANDONNET,t0730,0.0
THONEX_MOILLESULAZ,VERNIER_BLANDONNET,t0800,0.0
THONEX_MOILLESULAZ,VERNIER_BLANDONNET,t0830,0.0
THONEX_MOILLESULAZ,VERNIER_BOUCHET,t0700,0.0
THONEX_MOILLESULAZ,VERNIER_BOUCHET,t0730,0.0
THONEX_MOILLESULAZ,VERNIER_BOUCHET,t0800,0.0
THONEX_MOILLESULAZ,VERNIER_BOUCHET,t0830,0.0
VERNIER_AVANCHETS_ETANG,BERNEX_HAINARD,t0700,0.0
VERNIER_AVANCHETS_ETANG,BERNEX_HAINARD,t0730,0.0
VERNIER_AVANCHETS_ETANG,BERNEX_HAINARD,t0800,0.0
VERNIER_AVANCHETS_ETANG,BERNEX_HAINARD,t0830,0.0
VERNIER_AVANCHETS_ETANG,BERNEX_LUCHEPELET,t0700,0.0
VERNIER_AVANCHETS_ETANG,BERNEX_LUCHEPELET,t0730,0.0
VERNIER_AVANCHETS_ETANG,BERNEX_LUCHEPELET,t0800,0.0
VERNIER_AVANCHETS_ETANG,BERNEX_LUCHEPELET,t0830,0.0
VERNIER_AVANCHETS_ETANG,BERNEX_PRE_MARAIS,t0700,0.0
VERNIER_AVANCHETS_ETANG,BERNEX_PRE_MARAIS,t0730,0.0
VERNIER_AVANCHETS_ETANG,BERNEX_PRE_MARAIS,t0800,0.0
VERNIER_AVANCHETS_ETANG,BERNEX_PRE_MARAIS,t0830,0.0
VERNIER_AVANCHETS_ETANG,BERNEX_P_R,t0700,0.0
VERNIER_AVANCHETS_ETANG,BERNEX_P_R,t0730,0.0
VERNIER_AVANCHETS_ETANG,BERNEX_P_R,t0800,0.0
VERNIER_AVANCHETS_ETANG,BERNEX_P_R,t0830,0.0
VERNIER_AVANCHETS_ETANG,BERNEX_VAILLY,t0700,0.0
VERNIER_AVANCHETS_ETANG,BERNEX_VAILLY,t0730,0.0
VERNIER_AVANCHETS_ETANG,BERNEX_VAILLY,t0800,0.0
VERNIER_AVANCHETS_ETANG,BERNEX_VAILLY,t0830,0.0
VERNIER_AVANCHETS_ETANG,CAROUGE_GE_ANCIENNE,t0700,0.0
VERNIER_AVANCHETS_ETANG,CAROUGE_GE_ANCIENNE,t0730,0.0
VERNIER_AVANCHETS_ETANG,CAROUGE_GE_ANCIENNE,t0800,0.0
VERNIER_AVANCHETS_ETANG,CAROUGE_GE_ANCIENNE,t0830,0.0
VERNIER_AVANCHETS_ETANG,CAROUGE_GE_ARMES,t0700,0.0
VERNIER_AVANCHETS_ETANG,CAROUGE_GE_ARMES,t0730,0.0
VERNIER_AVANCHETS_ETANG,CAROUGE_GE_ARMES,t0800,0.0
VERNIER_AVANCHETS_ETANG,CAROUGE_GE_ARMES,t0830,0.0
VERNIER_AVANCHETS_ETANG,CAROUGE_GE_MARCHE,t0700,40.87
VERNIER_AVANCHETS_ETANG,CAROUGE_GE_MARCHE,t0730,13.043
VERNIER_AVANCHETS_ETANG,CAROUGE_GE_MARCHE,t0800,10.435
VERNIER_AVANCHETS_ETANG,CAROUGE_GE_MARCHE,t0830,38.261
VERNIER_AVANCHETS_ETANG,CAROUGE_GE_RONDEAU,t0700,0.0
VERNIER_AVANCHETS_ETANG,CAROUGE_GE_RONDEAU,t0730,0.0
VERNIER_AVANCHETS_ETANG,CAROUGE_GE_RONDEAU,t0800,0.0
VERNIER_AVANCHETS_ETANG,CAROUGE_GE_RONDEAU,t0830,0.0
VERNIER_AVANCHETS_ETANG,CHENE_BOUGERIES_GRANGETTES,t0700,0.0
VERNIER_AVANCHETS_ETANG,CHENE_BOUGERIES_GRANGETTES,t0730,0.0
VERNIER_AVANCHETS_ETANG,CHENE_BOUGERIES_GRANGETTES,t0800,0.0
VERNIER_AVANCHETS_ETANG,CHENE_BOUGERIES_GRANGETTES,t0830,0.0
VERNIER_AVANCHETS_ETANG,CHENE_BOUGERIES_GRANGE_CANAL,t0700,0.0
VERNIER_AVANCHETS_ETANG,CHENE_BOUGERIES_GRANGE_CANAL,t0730,0.0
VERNIER_AVANCHETS_ETANG,CHENE_BOUGERIES_GRANGE_CANAL,t0800,0.0
VERNIER_AVANCHETS_ETANG,CHENE_BOUGERIES_GRANGE_CANAL,t0830,0.0
VERNIER_AVANCHETS_ETANG,CHENE_BOUGERIES_GRANGE_FALQUET,t0700,0.0
VERNIER_AVANCHETS_ETANG,CHENE_BOUGERIES_GRANGE_FALQUET,t0730,0.0
VERNIER_AVANCHETS_ETANG,CHENE_BOUGERIES_GRANGE_FALQUET,t0800,0.0
VERNIER_AVANCHETS_ETANG,CHENE_BOUGERIES_GRANGE_FALQUET,t0830,0.0
VERNIER_AVANCHETS_ETANG,CHENE_BOURG_PEILLONNEX,t0700,0.0
VERNIER_AVANCHETS_ETANG,CHENE_BOURG_PEILLONNEX,t0730,0.0
VERNIER_AVANCHETS_ETANG,CHENE_BOURG_PEILLONNEX,t0800,0.0
VERNIER_AVANCHETS_ETANG,CHENE_BOURG_PEILLONNEX,t0830,0.0
VERNIER_AVANCHETS_ETANG,CHENE_BOURG_PLACE_FAVRE,t0700,0.0
VERNIER_AVANCHETS_ETANG,CHENE_BOURG_PLACE_FAVRE,t0730,0.0
VERNIER_AVANCHETS_ETANG,CHENE_BOURG_PLACE_FAVRE,t0800,0.0
VERNIER_AVANCHETS_ETANG,CHENE_BOURG_PLACE_FAVRE,t0830,0.0
VERNIER_AVANCHETS_ETANG,CONFIGNON_CROISEE,t0700,0.0
VERNIER_AVANCHETS_ETANG,CONFIGNON_CROISEE,t0730,0.0
VERNIER_AVANCHETS_ETANG,CONFIGNON_CROISEE,t0800,0.0
VERNIER_AVANCHETS_ETANG,CONFIGNON_CROISEE,t0830,0.0
VERNIER_AVANCHETS_ETANG,CONFIGNON_LA_DODE,t0700,0.0
VERNIER_AVANCHETS_ETANG,CONFIGNON_LA_DODE,t0730,0.0
VERNIER_AVANCHETS_ETANG,CONFIGNON_LA_DODE,t0800,0.0
VERNIER_AVANCHETS_ETANG,CONFIGNON_LA_DODE,t0830,0.0
VERNIER_AVANCHETS_ETANG,GENEVE_AMANDOLIER,t0700,0.0
VERNIER_AVANCHETS_ETANG,GENEVE_AMANDOLIER,t0730,0.0
VERNIER_AVANCHETS_ETANG,GENEVE_AMANDOLIER,t0800,0.0
VERNIER_AVANCHETS_ETANG,GENEVE_AMANDOLIER,t0830,0.0
VERNIER_AVANCHETS_ETANG,GENEVE_AUGUSTINS,t0700,0.0
VERNIER_AVANCHETS_ETANG,GENEVE_AUGUSTINS,t0730,0.0
VERNIER_AVANCHETS_ETANG,GENEVE_AUGUSTINS,t0800,0.0
VERNIER_AVANCHETS_ETANG,GENEVE_AUGUSTINS,t0830,0.0
VERNIER_AVANCHETS_ETANG,GENEVE_BEL_AIR,t0700,0.0
VERNIER_AVANCHETS_ETANG,GENEVE_BEL_AIR,t0730,0.0
VERNIER_AVANCHETS_ETANG,GENEVE_BEL_AIR,t0800,0.0
VERNIER_AVANCHETS_ETANG,GENEVE_BEL_AIR,t0830,0.0
VERNIER_AVANCHETS_ETANG,GENEVE_BLANCHE,t0700,0.0
VERNIER_AVANCHETS_ETANG,GENEVE_BLANCHE,t0730,0.0
VERNIER_AVANCHETS_ETANG,GENEVE_BLANCHE,t0800,0.0
VERNIER_AVANCHETS_ETANG,GENEVE_BLANCHE,t0830,0.0
VERNIER_AVANCHETS_ETANG,GENEVE_COUTANCE,t0700,0.0
VERNIER_AVANCHETS_ETANG,GENEVE_COUTANCE,t0730,0.0
VERNIER_AVANCHETS_ETANG,GENEVE_COUTANCE,t0800,0.0
VERNIER_AVANCHETS_ETANG,GENEVE_COUTANCE,t0830,0.0
VERNIER_AVANCHETS_ETANG,GENEVE_EAUX_VIVES_GARE,t0700,0.0
VERNIER_AVANCHETS_ETANG,GENEVE_EAUX_VIVES_GARE,t0730,0.0
VERNIER_AVANCHETS_ETANG,GENEVE_EAUX_VIVES_GARE,t0800,0.0
VERNIER_AVANCHETS_ETANG,GENEVE_EAUX_VIVES_GARE,t0830,0.0
VERNIER_AVANCHETS_ETANG,GENEVE_GARE_CORNAVIN,t0700,0.0
VERNIER_AVANCHETS_ETANG,GENEVE_GARE_CORNAVIN,t0730,0.0
VERNIER_AVANCHETS_ETANG,GENEVE_GARE_CORNAVIN,t0800,0.0
VERNIER_AVANCHETS_ETANG,GENEVE_GARE_CORNAVIN,t0830,0.0
VERNIER_AVANCHETS_ETANG,GENEVE_JONCTION,t0700,0.0
VERNIER_AVANCHETS_ETANG,GENEVE_JONCTION,t0730,0.0
VERNIER_AVANCHETS_ETANG,GENEVE_JONCTION,t0800,0.0
VERNIER_AVANCHETS_ETANG,GENEVE_JONCTION,t0830,0.0
VERNIER_AVANCHETS_ETANG,GENEVE_LYON,t0700,0.0
VERNIER_AVANCHETS_ETANG,GENEVE_LYON,t0730,0.0
VERNIER_AVANCHETS_ETANG,GENEVE_LYON,t0800,0.0
VERNIER_AVANCHETS_ETANG,GENEVE_LYON,t0830,0.0
VERNIER_AVANCHETS_ETANG,GENEVE_MOLARD,t0700,0.0
VERNIER_AVANCHETS_ETANG,GENEVE_MOLARD,t0730,0.0
VERNIER_AVANCHETS_ETANG,GENEVE_MOLARD,t0800,0.0
VERNIER_AVANCHETS_ETANG,GENEVE_MOLARD,t0830,0.0
VERNIER_AVANCHETS_ETANG,GENEVE_PALLADIUM,t0700,0.0
VERNIER_AVANCHETS_ETANG,GENEVE_PALLADIUM,t0730,0.0
VERNIER_AVANCHETS_ETANG,GENEVE_PALLADIUM,t0800,0.0
VERNIER_AVANCHETS_ETANG,GENEVE_PALLADIUM,t0830,0.0
VERNIER_AVANCHETS_ETANG,GENEVE_PLACE_DE_NEUVE,t0700,0.0
VERNIER_AVANCHETS_ETANG,GENEVE_PLACE_DE_NEUVE,t0730,0.0
VERNIER_AVANCHETS_ETANG,GENEVE_PLACE_DE_NEUVE,t0800,0.0
VERNIER_AVANCHETS_ETANG,GENEVE_PLACE_DE_NEUVE,t0830,0.0
VERNIER_AVANCHETS_ETANG,GENEVE_PLAINPALAIS,t0700,0.0
VERNIER_AVANCHETS_ETANG,GENEVE_PLAINPALAIS,t0730,0.0
VERNIER_AVANCHETS_ETANG,GENEVE_PLAINPALAIS,t0800,0.0
VERNIER_AVANCHETS_ETANG,GENEVE_PLAINPALAIS,t0830,0.0
VERNIER_AVANCHETS_ETANG,GENEVE_PONT_D_ARVE,t0700,0.0
VERNIER_AVANCHETS_ETANG,GENEVE_PONT_D_ARVE,t0730,0.0
VERNIER_AVANCHETS_ETANG,GENEVE_PONT_D_ARVE,t0800,0.0
VERNIER_AVANCHETS_ETANG,GENEVE_PONT_D_ARVE,t0830,0.0
VERNIER_AVANCHETS_ETANG,GENEVE_POTERIE,t0700,0.0
VERNIER_AVANCHETS_ETANG,GENEVE_POTERIE,t0730,0.0
VERNIER_AVANCHETS_ETANG,GENEVE_POTERIE,t0800,0.0
VERNIER_AVANCHETS_ETANG,GENEVE_POTERIE,t0830,0.0
VERNIER_AVANCHETS_ETANG,GENEVE_RIVE,t0700,0.0
VERNIER_AVANCHETS_ETANG,GENEVE_RIVE,t0730,0.0
VERNIER_AVANCHETS_ETANG,GENEVE_RIVE,t0800,0.0
VERNIER_AVANCHETS_ETANG,GENEVE_RIVE,t0830,0.0
VERNIER_AVANCHETS_ETANG,GENEVE_SERVETTE,t0700,0.0
VERNIER_AVANCHETS_ETANG,GENEVE_SERVETTE,t0730,0.0
VERNIER_AVANCHETS_ETANG,GENEVE_SERVETTE,t0800,0.0
VERNIER_AVANCHETS_ETANG,GENEVE_SERVETTE,t0830,0.0
VERNIER_AVANCHETS_ETANG,GENEVE_STAND,t0700,0.0
VERNIER_AVANCHETS_ETANG,GENEVE_STAND,t0730,0.0
VERNIER_AVANCHETS_ETANG,GENEVE_STAND,t0800,0.0
VERNIER_AVANCHETS_ETANG,GENEVE_STAND,t0830,0.0
VERNIER_AVANCHETS_ETANG,GENEVE_TERRASSIERE,t0700,0.0
VERNIER_AVANCHETS_ETANG,GENEVE_TERRASSIERE,t0730,0.0
VERNIER_AVANCHETS_ETANG,GENEVE_TERRASSIERE,t0800,0.0
VERNIER_AVANCHETS_ETANG,GENEVE_TERRASSIERE,t0830,0.0
VERNIER_AVANCHETS_ETANG,GENEVE_VIEUSSEUX,t0700,0.0
VERNIER_AVANCHETS_ETANG,GENEVE_VIEUSSEUX,t0730,0.0
VERNIER_AVANCHETS_ETANG,GENEVE_VIEUSSEUX,t0800,0.0
VERNIER_AVANCHETS_ETANG,GENEVE_VIEUSSEUX,t0830,0.0
VERNIER_AVANCHETS_ETANG,GENEVE_VILLEREUSE,t0700,0.0
VERNIER_AVANCHETS_ETANG,GENEVE_VILLEREUSE,t0730,0.0
VERNIER_AVANCHETS_ETANG,GENEVE_VILLEREUSE,t0800,0.0
VERNIER_AVANCHETS_ETANG,GENEVE_VILLEREUSE,t0830,0.0
VERNIER_AVANCHETS_ETANG,GRAND_LANCY_DE_STAEL,t0700,0.0
VERNIER_AVANCHETS_ETANG,GRAND_LANCY_DE_STAEL,t0730,0.0
VERNIER_AVANCHETS_ETANG,GRAND_LANCY_DE_STAEL,t0800,0.0
VERNIER_AVANCHETS_ETANG,GRAND_LANCY_DE_STAEL,t0830,0.0
VERNIER_AVANCHETS_ETANG,GRAND_LANCY_PALETTES,t0700,0.0
VERNIER_AVANCHETS_ETANG,GRAND_LANCY_PALETTES,t0730,0.0
VERNIER_AVANCHETS_ETANG,GRAND_LANCY_PALETTES,t0800,0.0
VERNIER_AVANCHETS_ETANG,GRAND_LANCY_PALETTES,t0830,0.0
VERNIER_AVANCHETS_ETANG,GRAND_LANCY_PONTETS,t0700,0.0
VERNIER_AVANCHETS_ETANG,GRAND_LANCY_PONTETS,t0730,0.0
VERNIER_AVANCHETS_ETANG,GRAND_LANCY_PONTETS,t0800,0.0
VERNIER_AVANCHETS_ETANG,GRAND_LANCY_PONTETS,t0830,0.0
VERNIER_AVANCHETS_ETANG,LANCY_BACHET_GARE,t0700,0.0
VERNIER_AVANCHETS_ETANG,LANCY_BACHET_GARE,t0730,0.0
VERNIER_AVANCHETS_ETANG,LANCY_BACHET_GARE,t0800,0.0
VERNIER_AVANCHETS_ETANG,LANCY_BACHET_GARE,t0830,0.0
VERNIER_AVANCHETS_ETANG,MEYRIN_BOIS_DU_LAN,t0700,0.0
VERNIER_AVANCHETS_ETANG,MEYRIN_BOIS_DU_LAN,t0730,0.0
VERNIER_AVANCHETS_ETANG,MEYRIN_BOIS_DU_LAN,t0800,0.0
VERNIER_AVANCHETS_ETANG,MEYRIN_BOIS_DU_LAN,t0830,0.0
VERNIER_AVANCHETS_ETANG,MEYRIN_CERN,t0700,0.0
VERNIER_AVANCHETS_ETANG,MEYRIN_CERN,t0730,0.0
VERNIER_AVANCHETS_ETANG,MEYRIN_CERN,t0800,0.0
VERNIER_AVANCHETS_ETANG,MEYRIN_CERN,t0830,0.0
VERNIER_AVANCHETS_ETANG,MEYRIN_FORUMEYRIN,t0700,0.0
VERNIER_AVANCHETS_ETANG,MEYRIN_FORUMEYRIN,t0730,0.0
VERNIER_AVANCHETS_ETANG,MEYRIN_FORUMEYRIN,t0800,0.0
VERNIER_AVANCHETS_ETANG,MEYRIN_FORUMEYRIN,t0830,0.0
VERNIER_AVANCHETS_ETANG,MEYRIN_GRAVIERE,t0700,0.0
VERNIER_AVANCHETS_ETANG,MEYRIN_GRAVIERE,t0730,0.0
VERNIER_AVANCHETS_ETANG,MEYRIN_GRAVIERE,t0800,0.0
VERNIER_AVANCHETS_ETANG,MEYRIN_GRAVIERE,t0830,0.0
VERNIER_AVANCHETS_ETANG,MEYRIN_HOPITAL_DE_LA_TOUR,t0700,0.0
VERNIER_AVANCHETS_ETANG,MEYRIN_HOPITAL_DE_LA_TOUR,t0730,0.0
VERNIER_AVANCHETS_ETANG,MEYRIN_HOPITAL_DE_LA_TOUR,t0800,0.0
VERNIER_AVANCHETS_ETANG,MEYRIN_HOPITAL_DE_LA_TOUR,t0830,0.0
VERNIER_AVANCHETS_ETANG,MEYRIN_JARDIN_ALPIN_VIVARIUM,t0700,0.0
VERNIER_AVANCHETS_ETANG,MEYRIN_JARDIN_ALPIN_VIVARIUM,t0730,0.0
VERNIER_AVANCHETS_ETANG,MEYRIN_JARDIN_ALPIN_VIVARIUM,t0800,0.0
VERNIER_AVANCHETS_ETANG,MEYRIN_JARDIN_ALPIN_VIVARIUM,t0830,0.0
VERNIER_AVANCHETS_ETANG,MEYRIN_MAISONNEX,t0700,0.0
VERNIER_AVANCHETS_ETANG,MEYRIN_MAISONNEX,t0730,0.0
VERNIER_AVANCHETS_ETANG,MEYRIN_MAISONNEX,t0800,0.0
VERNIER_AVANCHETS_ETANG,MEYRIN_MAISONNEX,t0830,0.0
VERNIER_AVANCHETS_ETANG,MEYRIN_VAUDAGNE,t0700,0.0
VERNIER_AVANCHETS_ETANG,MEYRIN_VAUDAGNE,t0730,0.0
VERNIER_AVANCHETS_ETANG,MEYRIN_VAUDAGNE,t0800,0.0
VERNIER_AVANCHETS_ETANG,MEYRIN_VAUDAGNE,t0830,0.0
VERNIER_AVANCHETS_ETANG,MEYRIN_VILLAGE,t0700,0.0
VERNIER_AVANCHETS_ETANG,MEYRIN_VILLAGE,t0730,0.0
VERNIER_AVANCHETS_ETANG,MEYRIN_VILLAGE,t0800,0.0
VERNIER_AVANCHETS_ETANG,MEYRIN_VILLAGE,t0830,0.0
VERNIER_AVANCHETS_ETANG,ONEX_BANDOL,t0700,0.0
VERNIER_AVANCHETS_ETANG,ONEX_BANDOL,t0730,0.0
VERNIER_AVANCHETS_ETANG,ONEX_BANDOL,t0800,0.0
VERNIER_AVANCHETS_ETANG,ONEX_BANDOL,t0830,0.0
VERNIER_AVANCHETS_ETANG,ONEX_SALLE_COMMUNALE,t0700,0.0
VERNIER_AVANCHETS_ETANG,ONEX_SALLE_COMMUNALE,t0730,0.0
VERNIER_AVANCHETS_ETANG,ONEX_SALLE_COMMUNALE,t0800,0.0
VERNIER_AVANCHETS_ETANG,ONEX_SALLE_COMMUNALE,t0830,0.0
VERNIER_AVANCHETS_ETANG,PETIT_LANCY_LES_ESSERTS,t0700,0.0
VERNIER_AVANCHETS_ETANG,PETIT_LANCY_LES_ESSERTS,t0730,0.0
VERNIER_AVANCHETS_ETANG,PETIT_LANCY_LES_ESSERTS,t0800,0.0
VERNIER_AVANCHETS_ETANG,PETIT_LANCY_LES_ESSERTS,t0830,0.0
VERNIER_AVANCHETS_ETANG,PETIT_LANCY_PLACE,t0700,0.0
VERNIER_AVANCHETS_ETANG,PETIT_LANCY_PLACE,t0730,0.0
VERNIER_AVANCHETS_ETANG,PETIT_LANCY_PLACE,t0800,0.0
VERNIER_AVANCHETS_ETANG,PETIT_LANCY_PLACE,t0830,0.0
VERNIER_AVANCHETS_ETANG,PETIT_LANCY_QUIDORT,t0700,0.0
VERNIER_AVANCHETS_ETANG,PETIT_LANCY_QUIDORT,t0730,0.0
VERNIER_AVANCHETS_ETANG,PETIT_LANCY_QUIDORT,t0800,0.0
VERNIER_AVANCHETS_ETANG,PETIT_LANCY_QUIDORT,t0830,0.0
VERNIER_AVANCHETS_ETANG,PLAN_LES_OUATES_TREFLE_BLANC,t0700,0.0
VERNIER_AVANCHETS_ETANG,PLAN_LES_OUATES_TREFLE_BLANC,t0730,0.0
VERNIER_AVANCHETS_ETANG,PLAN_LES_OUATES_TREFLE_BLANC,t0800,0.0
VERNIER_AVANCHETS_ETANG,PLAN_LES_OUATES_TREFLE_BLANC,t0830,0.0
VERNIER_AVANCHETS_ETANG,THONEX_GRAVESON,t0700,0.0
VERNIER_AVANCHETS_ETANG,THONEX_GRAVESON,t0730,0.0
VERNIER_AVANCHETS_ETANG,THONEX_GRAVESON,t0800,0.0
VERNIER_AVANCHETS_ETANG,THONEX_GRAVESON,t0830,0.0
VERNIER_AVANCHETS_ETANG,THONEX_MOILLESULAZ,t0700,0.0
VERNIER_AVANCHETS_ETANG,THONEX_MOILLESULAZ,t0730,0.0
VERNIER_AVANCHETS_ETANG,THONEX_MOILLESULAZ,t0800,0.0
VERNIER_AVANCHETS_ETANG,THONEX_MOILLESULAZ,t0830,0.0
VERNIER_AVANCHETS_ETANG,VERNIER_BALEXERT,t0700,0.0
VERNIER_AVANCHETS_ETANG,VERNIER_BALEXERT,t0730,0.0
VERNIER_AVANCHETS_ETANG,VERNIER_BALEXERT,t0800,0.0
VERNIER_AVANCHETS_ETANG,VERNIER_BALEXERT,t0830,0.0
VERNIER_AVANCHETS_ETANG,VERNIER_BLANDONNET,t0700,0.0
VERNIER_AVANCHETS_ETANG,VERNIER_BLANDONNET,t0730,0.0
VERNIER_AVANCHETS_ETANG,VERNIER_BLANDONNET,t0800,0.0
VERNIER_AVANCHETS_ETANG,VERNIER_BLANDONNET,t0830,0.0
VERNIER_AVANCHETS_ETANG,VERNIER_BOUCHET,t0700,0.0
VERNIER_AVANCHETS_ETANG,VERNIER_BOUCHET,t0730,0.0
VERNIER_AVANCHETS_ETANG,VERNIER_BOUCHET,t0800,0.0
VERNIER_AVANCHETS_ETANG,VERNIER_BOUCHET,t0830,0.0
VERNIER_BALEXERT,BERNEX_HAINARD,t0700,0.0
VERNIER_BALEXERT,BERNEX_HAINARD,t0730,0.0
VERNIER_BALEXERT,BERNEX_HAINARD,t0800,0.0
VERNIER_BALEXERT,BERNEX_HAINARD,t0830,0.0
VERNIER_BALEXERT,BERNEX_LUCHEPELET,t0700,0.0
VERNIER_BALEXERT,BERNEX_LUCHEPELET,t0730,0.0
VERNIER_BALEXERT,BERNEX_LUCHEPELET,t0800,0.0
VERNIER_BALEXERT,BERNEX_LUCHEPELET,t0830,0.0
VERNIER_BALEXERT,BERNEX_PRE_MARAIS,t0700,0.0
VERNIER_BALEXERT,BERNEX_PRE_MARAIS,t0730,0.0
VERNIER_BALEXERT,BERNEX_PRE_MARAIS,t0800,0.0
VERNIER_BALEXERT,BERNEX_PRE_MARAIS,t0830,0.0
VERNIER_BALEXERT,BERNEX_P_R,t0700,0.0
VERNIER_BALEXERT,BERNEX_P_R,t0730,0.0
VERNIER_BALEXERT,BERNEX_P_R,t0800,0.0
VERNIER_BALEXERT,BERNEX_P_R,t0830,0.0
VERNIER_BALEXERT,BERNEX_VAILLY,t0700,0.0
VERNIER_BALEXERT,BERNEX_VAILLY,t0730,0.0
VERNIER_BALEXERT,BERNEX_VAILLY,t0800,0.0
VERNIER_BALEXERT,BERNEX_VAILLY,t0830,0.0
VERNIER_BALEXERT,CAROUGE_GE_ANCIENNE,t0700,0.0
VERNIER_BALEXERT,CAROUGE_GE_ANCIENNE,t0730,0.0
VERNIER_BALEXERT,CAROUGE_GE_ANCIENNE,t0800,0.0
VERNIER_BALEXERT,CAROUGE_GE_ANCIENNE,t0830,0.0
VERNIER_BALEXERT,CAROUGE_GE_ARMES,t0700,0.0
VERNIER_BALEXERT,CAROUGE_GE_ARMES,t0730,0.0
VERNIER_BALEXERT,CAROUGE_GE_ARMES,t0800,0.0
VERNIER_BALEXERT,CAROUGE_GE_ARMES,t0830,0.0
VERNIER_BALEXERT,CAROUGE_GE_MARCHE,t0700,0.0
VERNIER_BALEXERT,CAROUGE_GE_MARCHE,t0730,0.0
VERNIER_BALEXERT,CAROUGE_GE_MARCHE,t0800,0.0
VERNIER_BALEXERT,CAROUGE_GE_MARCHE,t0830,0.0
VERNIER_BALEXERT,CAROUGE_GE_RONDEAU,t0700,0.0
VERNIER_BALEXERT,CAROUGE_GE_RONDEAU,t0730,0.0
VERNIER_BALEXERT,CAROUGE_GE_RONDEAU,t0800,0.0
VERNIER_BALEXERT,CAROUGE_GE_RONDEAU,t0830,0.0
VERNIER_BALEXERT,CHENE_BOUGERIES_GRANGETTES,t0700,0.0
VERNIER_BALEXERT,CHENE_BOUGERIES_GRANGETTES,t0730,0.0
VERNIER_BALEXERT,CHENE_BOUGERIES_GRANGETTES,t0800,0.0
VERNIER_BALEXERT,CHENE_BOUGERIES_GRANGETTES,t0830,0.0
VERNIER_BALEXERT,CHENE_BOUGERIES_GRANGE_CANAL,t0700,0.0
VERNIER_BALEXERT,CHENE_BOUGERIES_GRANGE_CANAL,t0730,0.0
VERNIER_BALEXERT,CHENE_BOUGERIES_GRANGE_CANAL,t0800,0.0
VERNIER_BALEXERT,CHENE_BOUGERIES_GRANGE_CANAL,t0830,0.0
VERNIER_BALEXERT,CHENE_BOUGERIES_GRANGE_FALQUET,t0700,0.0
VERNIER_BALEXERT,CHENE_BOUGERIES_GRANGE_FALQUET,t0730,0.0
VERNIER_BALEXERT,CHENE_BOUGERIES_GRANGE_FALQUET,t0800,0.0
VERNIER_BALEXERT,CHENE_BOUGERIES_GRANGE_FALQUET,t0830,0.0
VERNIER_BALEXERT,CHENE_BOURG_PEILLONNEX,t0700,0.0
VERNIER_BALEXERT,CHENE_BOURG_PEILLONNEX,t0730,0.0
VERNIER_BALEXERT,CHENE_BOURG_PEILLONNEX,t0800,0.0
VERNIER_BALEXERT,CHENE_BOURG_PEILLONNEX,t0830,0.0
VERNIER_BALEXERT,CHENE_BOURG_PLACE_FAVRE,t0700,0.0
VERNIER_BALEXERT,CHENE_BOURG_PLACE_FAVRE,t0730,0.0
VERNIER_BALEXERT,CHENE_BOURG_PLACE_FAVRE,t0800,0.0
VERNIER_BALEXERT,CHENE_BOURG_PLACE_FAVRE,t0830,0.0
VERNIER_BALEXERT,CONFIGNON_CROISEE,t0700,0.0
VERNIER_BALEXERT,CONFIGNON_CROISEE,t0730,0.0
VERNIER_BALEXERT,CONFIGNON_CROISEE,t0800,0.0
VERNIER_BALEXERT,CONFIGNON_CROISEE,t0830,0.0
VERNIER_BALEXERT,CONFIGNON_LA_DODE,t0700,0.0
VERNIER_BALEXERT,CONFIGNON_LA_DODE,t0730,0.0
VERNIER_BALEXERT,CONFIGNON_LA_DODE,t0800,0.0
VERNIER_BALEXERT,CONFIGNON_LA_DODE,t0830,0.0
VERNIER_BALEXERT,GENEVE_AMANDOLIER,t0700,0.0
VERNIER_BALEXERT,GENEVE_AMANDOLIER,t0730,0.0
VERNIER_BALEXERT,GENEVE_AMANDOLIER,t0800,0.0
VERNIER_BALEXERT,GENEVE_AMANDOLIER,t0830,0.0
VERNIER_BALEXERT,GENEVE_AUGUSTINS,t0700,0.0
VERNIER_BALEXERT,GENEVE_AUGUSTINS,t0730,0.0
VERNIER_BALEXERT,GENEVE_AUGUSTINS,t0800,0.0
VERNIER_BALEXERT,GENEVE_AUGUSTINS,t0830,0.0
VERNIER_BALEXERT,GENEVE_BEL_AIR,t0700,0.0
VERNIER_BALEXERT,GENEVE_BEL_AIR,t0730,0.0
VERNIER_BALEXERT,GENEVE_BEL_AIR,t0800,0.0
VERNIER_BALEXERT,GENEVE_BEL_AIR,t0830,0.0
VERNIER_BALEXERT,GENEVE_BLANCHE,t0700,0.0
VERNIER_BALEXERT,GENEVE_BLANCHE,t0730,0.0
VERNIER_BALEXERT,GENEVE_BLANCHE,t0800,0.0
VERNIER_BALEXERT,GENEVE_BLANCHE,t0830,0.0
VERNIER_BALEXERT,GENEVE_COUTANCE,t0700,0.0
VERNIER_BALEXERT,GENEVE_COUTANCE,t0730,0.0
VERNIER_BALEXERT,GENEVE_COUTANCE,t0800,0.0
VERNIER_BALEXERT,GENEVE_COUTANCE,t0830,0.0
VERNIER_BALEXERT,GENEVE_EAUX_VIVES_GARE,t0700,0.0
VERNIER_BALEXERT,GENEVE_EAUX_VIVES_GARE,t0730,0.0
VERNIER_BALEXERT,GENEVE_EAUX_VIVES_GARE,t0800,0.0
VERNIER_BALEXERT,GENEVE_EAUX_VIVES_GARE,t0830,0.0
VERNIER_BALEXERT,GENEVE_GARE_CORNAVIN,t0700,0.0
VERNIER_BALEXERT,GENEVE_GARE_CORNAVIN,t0730,0.0
VERNIER_BALEXERT,GENEVE_GARE_CORNAVIN,t0800,0.0
VERNIER_BALEXERT,GENEVE_GARE_CORNAVIN,t0830,0.0
VERNIER_BALEXERT,GENEVE_JONCTION,t0700,0.0
VERNIER_BALEXERT,GENEVE_JONCTION,t0730,0.0
VERNIER_BALEXERT,GENEVE_JONCTION,t0800,0.0
VERNIER_BALEXERT,GENEVE_JONCTION,t0830,0.0
VERNIER_BALEXERT,GENEVE_LYON,t0700,0.0
VERNIER_BALEXERT,GENEVE_LYON,t0730,0.0
VERNIER_BALEXERT,GENEVE_LYON,t0800,0.0
VERNIER_BALEXERT,GENEVE_LYON,t0830,0.0
VERNIER_BALEXERT,GENEVE_MOLARD,t0700,0.0
VERNIER_BALEXERT,GENEVE_MOLARD,t0730,0.0
VERNIER_BALEXERT,GENEVE_MOLARD,t0800,0.0
VERNIER_BALEXERT,GENEVE_MOLARD,t0830,0.0
VERNIER_BALEXERT,GENEVE_PALLADIUM,t0700,0.0
VERNIER_BALEXERT,GENEVE_PALLADIUM,t0730,0.0
VERNIER_BALEXERT,GENEVE_PALLADIUM,t0800,0.0
VERNIER_BALEXERT,GENEVE_PALLADIUM,t0830,0.0
VERNIER_BALEXERT,GENEVE_PLACE_DE_NEUVE,t0700,0.0
VERNIER_BALEXERT,GENEVE_PLACE_DE_NEUVE,t0730,0.0
VERNIER_BALEXERT,GENEVE_PLACE_DE_NEUVE,t0800,0.0
VERNIER_BALEXERT,GENEVE_PLACE_DE_NEUVE,t0830,0.0
VERNIER_BALEXERT,GENEVE_PLAINPALAIS,t0700,0.0
VERNIER_BALEXERT,GENEVE_PLAINPALAIS,t0730,0.0
VERNIER_BALEXERT,GENEVE_PLAINPALAIS,t0800,0.0
VERNIER_BALEXERT,GENEVE_PLAINPALAIS,t0830,0.0
VERNIER_BALEXERT,GENEVE_PONT_D_ARVE,t0700,0.0
VERNIER_BALEXERT,GENEVE_PONT_D_ARVE,t0730,0.0
VERNIER_BALEXERT,GENEVE_PONT_D_ARVE,t0800,0.0
VERNIER_BALEXERT,GENEVE_PONT_D_ARVE,t0830,0.0
VERNIER_BALEXERT,GENEVE_POTERIE,t0700,0.0
VERNIER_BALEXERT,GENEVE_POTERIE,t0730,0.0
VERNIER_BALEXERT,GENEVE_POTERIE,t0800,0.0
VERNIER_BALEXERT,GENEVE_POTERIE,t0830,0.0
VERNIER_BALEXERT,GENEVE_RIVE,t0700,0.0
VERNIER_BALEXERT,GENEVE_RIVE,t0730,0.0
VERNIER_BALEXERT,GENEVE_RIVE,t0800,0.0
VERNIER_BALEXERT,GENEVE_RIVE,t0830,0.0
VERNIER_BALEXERT,GENEVE_SERVETTE,t0700,0.0
VERNIER_BALEXERT,GENEVE_SERVETTE,t0730,0.0
VERNIER_BALEXERT,GENEVE_SERVETTE,t0800,0.0
VERNIER_BALEXERT,GENEVE_SERVETTE,t0830,0.0
VERNIER_BALEXERT,GENEVE_STAND,t0700,0.0
VERNIER_BALEXERT,GENEVE_STAND,t0730,0.0
VERNIER_BALEXERT,GENEVE_STAND,t0800,0.0
VERNIER_BALEXERT,GENEVE_STAND,t0830,0.0
VERNIER_BALEXERT,GENEVE_TERRASSIERE,t0700,0.0
VERNIER_BALEXERT,GENEVE_TERRASSIERE,t0730,0.0
VERNIER_BALEXERT,GENEVE_TERRASSIERE,t0800,0.0
VERNIER_BALEXERT,GENEVE_TERRASSIERE,t0830,0.0
VERNIER_BALEXERT,GENEVE_VIEUSSEUX,t0700,0.0
VERNIER_BALEXERT,GENEVE_VIEUSSEUX,t0730,0.0
VERNIER_BALEXERT,GENEVE_VIEUSSEUX,t0800,0.0
VERNIER_BALEXERT,GENEVE_VIEUSSEUX,t0830,0.0
VERNIER_BALEXERT,GENEVE_VILLEREUSE,t0700,0.0
VERNIER_BALEXERT,GENEVE_VILLEREUSE,t0730,0.0
VERNIER_BALEXERT,GENEVE_VILLEREUSE,t0800,0.0
VERNIER_BALEXERT,GENEVE_VILLEREUSE,t0830,0.0
VERNIER_BALEXERT,GRAND_LANCY_DE_STAEL,t0700,0.0
VERNIER_BALEXERT,GRAND_LANCY_DE_STAEL,t0730,0.0
VERNIER_BALEXERT,GRAND_LANCY_DE_STAEL,t0800,0.0
VERNIER_BALEXERT,GRAND_LANCY_DE_STAEL,t0830,0.0
VERNIER_BALEXERT,GRAND_LANCY_PALETTES,t0700,0.0
VERNIER_BALEXERT,GRAND_LANCY_PALETTES,t0730,0.0
VERNIER_BALEXERT,GRAND_LANCY_PALETTES,t0800,0.0
VERNIER_BALEXERT,GRAND_LANCY_PALETTES,t0830,0.0
VERNIER_BALEXERT,GRAND_LANCY_PONTETS,t0700,0.0
VERNIER_BALEXERT,GRAND_LANCY_PONTETS,t0730,0.0
VERNIER_BALEXERT,GRAND_LANCY_PONTETS,t0800,0.0
VERNIER_BALEXERT,GRAND_LANCY_PONTETS,t0830,0.0
VERNIER_BALEXERT,LANCY_BACHET_GARE,t0700,0.0
VERNIER_BALEXERT,LANCY_BACHET_GARE,t0730,0.0
VERNIER_BALEXERT,LANCY_BACHET_GARE,t0800,0.0
VERNIER_BALEXERT,LANCY_BACHET_GARE,t0830,0.0
VERNIER_BALEXERT,MEYRIN_BOIS_DU_LAN,t0700,0.0
VERNIER_BALEXERT,MEYRIN_BOIS_DU_LAN,t0730,0.0
VERNIER_BALEXERT,MEYRIN_BOIS_DU_LAN,t0800,0.0
VERNIER_BALEXERT,MEYRIN_BOIS_DU_LAN,t0830,0.0
VERNIER_BALEXERT,MEYRIN_CERN,t0700,0.0
VERNIER_BALEXERT,MEYRIN_CERN,t0730,0.0
VERNIER_BALEXERT,MEYRIN_CERN,t0800,0.0
VERNIER_BALEXERT,MEYRIN_CERN,t0830,0.0
VERNIER_BALEXERT,MEYRIN_FORUMEYRIN,t0700,0.0
VERNIER_BALEXERT,MEYRIN_FORUMEYRIN,t0730,0.0
VERNIER_BALEXERT,MEYRIN_FORUMEYRIN,t0800,0.0
VERNIER_BALEXERT,MEYRIN_FORUMEYRIN,t0830,0.0
VERNIER_BALEXERT,MEYRIN_GRAVIERE,t0700,0.0
VERNIER_BALEXERT,MEYRIN_GRAVIERE,t0730,0.0
VERNIER_BALEXERT,MEYRIN_GRAVIERE,t0800,0.0
VERNIER_BALEXERT,MEYRIN_GRAVIERE,t0830,0.0
VERNIER_BALEXERT,MEYRIN_HOPITAL_DE_LA_TOUR,t0700,0.0
VERNIER_BALEXERT,MEYRIN_HOPITAL_DE_LA_TOUR,t0730,0.0
VERNIER_BALEXERT,MEYRIN_HOPITAL_DE_LA_TOUR,t0800,0.0
VERNIER_BALEXERT,MEYRIN_HOPITAL_DE_LA_TOUR,t0830,0.0
VERNIER_BALEXERT,MEYRIN_JARDIN_ALPIN_VIVARIUM,t0700,0.0
VERNIER_BALEXERT,MEYRIN_JARDIN_ALPIN_VIVARIUM,t0730,0.0
VERNIER_BALEXERT,MEYRIN_JARDIN_ALPIN_VIVARIUM,t0800,0.0
VERNIER_BALEXERT,MEYRIN_JARDIN_ALPIN_VIVARIUM,t0830,0.0
VERNIER_BALEXERT,MEYRIN_MAISONNEX,t0700,0.0
VERNIER_BALEXERT,MEYRIN_MAISONNEX,t0730,0.0
VERNIER_BALEXERT,MEYRIN_MAISONNEX,t0800,0.0
VERNIER_BALEXERT,MEYRIN_MAISONNEX,t0830,0.0
VERNIER_BALEXERT,MEYRIN_VAUDAGNE,t0700,0.0
VERNIER_BALEXERT,MEYRIN_VAUDAGNE,t0730,0.0
VERNIER_BALEXERT,MEYRIN_VAUDAGNE,t0800,0.0
VERNIER_BALEXERT,MEYRIN_VAUDAGNE,t0830,0.0
VERNIER_BALEXERT,MEYRIN_VILLAGE,t0700,0.0
VERNIER_BALEXERT,MEYRIN_VILLAGE,t0730,0.0
VERNIER_BALEXERT,MEYRIN_VILLAGE,t0800,0.0
VERNIER_BALEXERT,MEYRIN_VILLAGE,t0830,0.0
VERNIER_BALEXERT,ONEX_BANDOL,t0700,0.0
VERNIER_BALEXERT,ONEX_BANDOL,t0730,0.0
VERNIER_BALEXERT,ONEX_BANDOL,t0800,0.0
VERNIER_BALEXERT,ONEX_BANDOL,t0830,0.0
VERNIER_BALEXERT,ONEX_SALLE_COMMUNALE,t0700,0.0
VERNIER_BALEXERT,ONEX_SALLE_COMMUNALE,t0730,0.0
VERNIER_BALEXERT,ONEX_SALLE_COMMUNALE,t0800,0.0
VERNIER_BALEXERT,ONEX_SALLE_COMMUNALE,t0830,0.0
VERNIER_BALEXERT,PETIT_LANCY_LES_ESSERTS,t0700,0.0
VERNIER_BALEXERT,PETIT_LANCY_LES_ESSERTS,t0730,0.0
VERNIER_BALEXERT,PETIT_LANCY_LES_ESSERTS,t0800,0.0
VERNIER_BALEXERT,PETIT_LANCY_LES_ESSERTS,t0830,0.0
VERNIER_BALEXERT,PETIT_LANCY_PLACE,t0700,0.0
VERNIER_BALEXERT,PETIT_LANCY_PLACE,t0730,0.0
VERNIER_BALEXERT,PETIT_LANCY_PLACE,t0800,0.0
VERNIER_BALEXERT,PETIT_LANCY_PLACE,t0830,0.0
VERNIER_BALEXERT,PETIT_LANCY_QUIDORT,t0700,0.0
VERNIER_BALEXERT,PETIT_LANCY_QUIDORT,t0730,0.0
VERNIER_BALEXERT,PETIT_LANCY_QUIDORT,t0800,0.0
VERNIER_BALEXERT,PETIT_LANCY_QUIDORT,t0830,0.0
VERNIER_BALEXERT,PLAN_LES_OUATES_TREFLE_BLANC,t0700,0.0
VERNIER_BALEXERT,PLAN_LES_OUATES_TREFLE_BLANC,t0730,0.0
VERNIER_BALEXERT,PLAN_LES_OUATES_TREFLE_BLANC,t0800,0.0
VERNIER_BALEXERT,PLAN_LES_OUATES_TREFLE_BLANC,t0830,0.0
VERNIER_BALEXERT,THONEX_GRAVESON,t0700,0.0
VERNIER_BALEXERT,THONEX_GRAVESON,t0730,0.0
VERNIER_BALEXERT,THONEX_GRAVESON,t0800,0.0
VERNIER_BALEXERT,THONEX_GRAVESON,t0830,0.0
VERNIER_BALEXERT,THONEX_MOILLESULAZ,t0700,0.0
VERNIER_BALEXERT,THONEX_MOILLESULAZ,t0730,0.0
VERNIER_BALEXERT,THONEX_MOILLESULAZ,t0800,0.0
VERNIER_BALEXERT,THONEX_MOILLESULAZ,t0830,0.0
VERNIER_BALEXERT,VERNIER_AVANCHETS_ETANG,t0700,0.0
VERNIER_BALEXERT,VERNIER_AVANCHETS_ETANG,t0730,0.0
VERNIER_BALEXERT,VERNIER_AVANCHETS_ETANG,t0800,0.0
VERNIER_BALEXERT,VERNIER_AVANCHETS_ETANG,t0830,0.0
VERNIER_BALEXERT,VERNIER_BLANDONNET,t0700,0.0
VERNIER_BALEXERT,VERNIER_BLANDONNET,t0730,0.0
VERNIER_BALEXERT,VERNIER_BLANDONNET,t0800,0.0
VERNIER_BALEXERT,VERNIER_BLANDONNET,t0830,0.0
VERNIER_BALEXERT,VERNIER_BOUCHET,t0700,0.0
VERNIER_BALEXERT,VERNIER_BOUCHET,t0730,0.0
VERNIER_BALEXERT,VERNIER_BOUCHET,t0800,0.0
VERNIER_BALEXERT,VERNIER_BOUCHET,t0830,0.0
VERNIER_BLANDONNET,BERNEX_HAINARD,t0700,0.0
VERNIER_BLANDONNET,BERNEX_HAINARD,t0730,0.0
VERNIER_BLANDONNET,BERNEX_HAINARD,t0800,0.0
VERNIER_BLANDONNET,BERNEX_HAINARD,t0830,0.0
VERNIER_BLANDONNET,BERNEX_LUCHEPELET,t0700,0.0
VERNIER_BLANDONNET,BERNEX_LUCHEPELET,t0730,0.0
VERNIER_BLANDONNET,BERNEX_LUCHEPELET,t0800,0.0
VERNIER_BLANDONNET,BERNEX_LUCHEPELET,t0830,0.0
VERNIER_BLANDONNET,BERNEX_PRE_MARAIS,t0700,0.0
VERNIER_BLANDONNET,BERNEX_PRE_MARAIS,t0730,0.0
VERNIER_BLANDONNET,BERNEX_PRE_MARAIS,t0800,0.0
VERNIER_BLANDONNET,BERNEX_PRE_MARAIS,t0830,0.0
VERNIER_BLANDONNET,BERNEX_P_R,t0700,0.0
VERNIER_BLANDONNET,BERNEX_P_R,t0730,0.0
VERNIER_BLANDONNET,BERNEX_P_R,t0800,0.0
VERNIER_BLANDONNET,BERNEX_P_R,t0830,0.0
VERNIER_BLANDONNET,BERNEX_VAILLY,t0700,0.0
VERNIER_BLANDONNET,BERNEX_VAILLY,t0730,0.0
VERNIER_BLANDONNET,BERNEX_VAILLY,t0800,0.0
VERNIER_BLANDONNET,BERNEX_VAILLY,t0830,0.0
VERNIER_BLANDONNET,CAROUGE_GE_ANCIENNE,t0700,0.0
VERNIER_BLANDONNET,CAROUGE_GE_ANCIENNE,t0730,0.0
VERNIER_BLANDONNET,CAROUGE_GE_ANCIENNE,t0800,0.0
VERNIER_BLANDONNET,CAROUGE_GE_ANCIENNE,t0830,0.0
VERNIER_BLANDONNET,CAROUGE_GE_ARMES,t0700,0.0
VERNIER_BLANDONNET,CAROUGE_GE_ARMES,t0730,0.0
VERNIER_BLANDONNET,CAROUGE_GE_ARMES,t0800,0.0
VERNIER_BLANDONNET,CAROUGE_GE_ARMES,t0830,0.0
VERNIER_BLANDONNET,CAROUGE_GE_MARCHE,t0700,0.0
VERNIER_BLANDONNET,CAROUGE_GE_MARCHE,t0730,0.0
VERNIER_BLANDONNET,CAROUGE_GE_MARCHE,t0800,0.0
VERNIER_BLANDONNET,CAROUGE_GE_MARCHE,t0830,0.0
VERNIER_BLANDONNET,CAROUGE_GE_RONDEAU,t0700,0.0
VERNIER_BLANDONNET,CAROUGE_GE_RONDEAU,t0730,0.0
VERNIER_BLANDONNET,CAROUGE_GE_RONDEAU,t0800,0.0
VERNIER_BLANDONNET,CAROUGE_GE_RONDEAU,t0830,0.0
VERNIER_BLANDONNET,CHENE_BOUGERIES_GRANGETTES,t0700,0.0
VERNIER_BLANDONNET,CHENE_BOUGERIES_GRANGETTES,t0730,0.0
VERNIER_BLANDONNET,CHENE_BOUGERIES_GRANGETTES,t0800,0.0
VERNIER_BLANDONNET,CHENE_BOUGERIES_GRANGETTES,t0830,0.0
VERNIER_BLANDONNET,CHENE_BOUGERIES_GRANGE_CANAL,t0700,0.0
VERNIER_BLANDONNET,CHENE_BOUGERIES_GRANGE_CANAL,t0730,0.0
VERNIER_BLANDONNET,CHENE_BOUGERIES_GRANGE_CANAL,t0800,0.0
VERNIER_BLANDONNET,CHENE_BOUGERIES_GRANGE_CANAL,t0830,0.0
VERNIER_BLANDONNET,CHENE_BOUGERIES_GRANGE_FALQUET,t0700,0.0
VERNIER_BLANDONNET,CHENE_BOUGERIES_GRANGE_FALQUET,t0730,0.0
VERNIER_BLANDONNET,CHENE_BOUGERIES_GRANGE_FALQUET,t0800,0.0
VERNIER_BLANDONNET,CHENE_BOUGERIES_GRANGE_FALQUET,t0830,0.0
VERNIER_BLANDONNET,CHENE_BOURG_PEILLONNEX,t0700,0.0
VERNIER_BLANDONNET,CHENE_BOURG_PEILLONNEX,t0730,0.0
VERNIER_BLANDONNET,CHENE_BOURG_PEILLONNEX,t0800,0.0
VERNIER_BLANDONNET,CHENE_BOURG_PEILLONNEX,t0830,0.0
VERNIER_BLANDONNET,CHENE_BOURG_PLACE_FAVRE,t0700,0.0
VERNIER_BLANDONNET,CHENE_BOURG_PLACE_FAVRE,t0730,0.0
VERNIER_BLANDONNET,CHENE_BOURG_PLACE_FAVRE,t0800,0.0
VERNIER_BLANDONNET,CHENE_BOURG_PLACE_FAVRE,t0830,0.0
VERNIER_BLANDONNET,CONFIGNON_CROISEE,t0700,0.0
VERNIER_BLANDONNET,CONFIGNON_CROISEE,t0730,0.0
VERNIER_BLANDONNET,CONFIGNON_CROISEE,t0800,0.0
VERNIER_BLANDONNET,CONFIGNON_CROISEE,t0830,0.0
VERNIER_BLANDONNET,CONFIGNON_LA_DODE,t0700,0.0
VERNIER_BLANDONNET,CONFIGNON_LA_DODE,t0730,0.0
VERNIER_BLANDONNET,CONFIGNON_LA_DODE,t0800,0.0
VERNIER_BLANDONNET,CONFIGNON_LA_DODE,t0830,0.0
VERNIER_BLANDONNET,GENEVE_AMANDOLIER,t0700,0.0
VERNIER_BLANDONNET,GENEVE_AMANDOLIER,t0730,0.0
VERNIER_BLANDONNET,GENEVE_AMANDOLIER,t0800,0.0
VERNIER_BLANDONNET,GENEVE_AMANDOLIER,t0830,0.0
VERNIER_BLANDONNET,GENEVE_AUGUSTINS,t0700,0.0
VERNIER_BLANDONNET,GENEVE_AUGUSTINS,t0730,0.0
VERNIER_BLANDONNET,GENEVE_AUGUSTINS,t0800,0.0
VERNIER_BLANDONNET,GENEVE_AUGUSTINS,t0830,0.0
VERNIER_BLANDONNET,GENEVE_BEL_AIR,t0700,0.0
VERNIER_BLANDONNET,GENEVE_BEL_AIR,t0730,0.0
VERNIER_BLANDONNET,GENEVE_BEL_AIR,t0800,0.0
VERNIER_BLANDONNET,GENEVE_BEL_AIR,t0830,0.0
VERNIER_BLANDONNET,GENEVE_BLANCHE,t0700,0.0
VERNIER_BLANDONNET,GENEVE_BLANCHE,t0730,0.0
VERNIER_BLANDONNET,GENEVE_BLANCHE,t0800,0.0
VERNIER_BLANDONNET,GENEVE_BLANCHE,t0830,0.0
VERNIER_BLANDONNET,GENEVE_COUTANCE,t0700,0.0
VERNIER_BLANDONNET,GENEVE_COUTANCE,t0730,0.0
VERNIER_BLANDONNET,GENEVE_COUTANCE,t0800,0.0
VERNIER_BLANDONNET,GENEVE_COUTANCE,t0830,0.0
VERNIER_BLANDONNET,GENEVE_EAUX_VIVES_GARE,t0700,0.0
VERNIER_BLANDONNET,GENEVE_EAUX_VIVES_GARE,t0730,0.0
VERNIER_BLANDONNET,GENEVE_EAUX_VIVES_GARE,t0800,0.0
VERNIER_BLANDONNET,GENEVE_EAUX_VIVES_GARE,t0830,0.0
VERNIER_BLANDONNET,GENEVE_GARE_CORNAVIN,t0700,0.0
VERNIER_BLANDONNET,GENEVE_GARE_CORNAVIN,t0730,0.0
VERNIER_BLANDONNET,GENEVE_GARE_CORNAVIN,t0800,0.0
VERNIER_BLANDONNET,GENEVE_GARE_CORNAVIN,t0830,0.0
VERNIER_BLANDONNET,GENEVE_JONCTION,t0700,0.0
VERNIER_BLANDONNET,GENEVE_JONCTION,t0730,0.0
VERNIER_BLANDONNET,GENEVE_JONCTION,t0800,0.0
VERNIER_BLANDONNET,GENEVE_JONCTION,t0830,0.0
VERNIER_BLANDONNET,GENEVE_LYON,t0700,0.0
VERNIER_BLANDONNET,GENEVE_LYON,t0730,0.0
VERNIER_BLANDONNET,GENEVE_LYON,t0800,0.0
VERNIER_BLANDONNET,GENEVE_LYON,t0830,0.0
VERNIER_BLANDONNET,GENEVE_MOLARD,t0700,0.0
VERNIER_BLANDONNET,GENEVE_MOLARD,t0730,0.0
VERNIER_BLANDONNET,GENEVE_MOLARD,t0800,0.0
VERNIER_BLANDONNET,GENEVE_MOLARD,t0830,0.0
VERNIER_BLANDONNET,GENEVE_PALLADIUM,t0700,0.0
VERNIER_BLANDONNET,GENEVE_PALLADIUM,t0730,0.0
VERNIER_BLANDONNET,GENEVE_PALLADIUM,t0800,0.0
VERNIER_BLANDONNET,GENEVE_PALLADIUM,t0830,0.0
VERNIER_BLANDONNET,GENEVE_PLACE_DE_NEUVE,t0700,0.0
VERNIER_BLANDONNET,GENEVE_PLACE_DE_NEUVE,t0730,0.0
VERNIER_BLANDONNET,GENEVE_PLACE_DE_NEUVE,t0800,0.0
VERNIER_BLANDONNET,GENEVE_PLACE_DE_NEUVE,t0830,0.0
VERNIER_BLANDONNET,GENEVE_PLAINPALAIS,t0700,0.0
VERNIER_BLANDONNET,GENEVE_PLAINPALAIS,t0730,0.0
VERNIER_BLANDONNET,GENEVE_PLAINPALAIS,t0800,0.0
VERNIER_BLANDONNET,GENEVE_PLAINPALAIS,t0830,0.0
VERNIER_BLANDONNET,GENEVE_PONT_D_ARVE,t0700,0.0
VERNIER_BLANDONNET,GENEVE_PONT_D_ARVE,t0730,0.0
VERNIER_BLANDONNET,GENEVE_PONT_D_ARVE,t0800,0.0
VERNIER_BLANDONNET,GENEVE_PONT_D_ARVE,t0830,0.0
VERNIER_BLANDONNET,GENEVE_POTERIE,t0700,0.0
VERNIER_BLANDONNET,GENEVE_POTERIE,t0730,0.0
VERNIER_BLANDONNET,GENEVE_POTERIE,t0800,0.0
VERNIER_BLANDONNET,GENEVE_POTERIE,t0830,0.0
VERNIER_BLANDONNET,GENEVE_RIVE,t0700,0.0
VERNIER_BLANDONNET,GENEVE_RIVE,t0730,0.0
VERNIER_BLANDONNET,GENEVE_RIVE,t0800,0.0
VERNIER_BLANDONNET,GENEVE_RIVE,t0830,0.0
VERNIER_BLANDONNET,GENEVE_SERVETTE,t0700,0.0
VERNIER_BLANDONNET,GENEVE_SERVETTE,t0730,0.0
VERNIER_BLANDONNET,GENEVE_SERVETTE,t0800,0.0
VERNIER_BLANDONNET,GENEVE_SERVETTE,t0830,0.0
VERNIER_BLANDONNET,GENEVE_STAND,t0700,0.0
VERNIER_BLANDONNET,GENEVE_STAND,t0730,0.0
VERNIER_BLANDONNET,GENEVE_STAND,t0800,0.0
VERNIER_BLANDONNET,GENEVE_STAND,t0830,0.0
VERNIER_BLANDONNET,GENEVE_TERRASSIERE,t0700,0.0
VERNIER_BLANDONNET,GENEVE_TERRASSIERE,t0730,0.0
VERNIER_BLANDONNET,GENEVE_TERRASSIERE,t0800,0.0
VERNIER_BLANDONNET,GENEVE_TERRASSIERE,t0830,0.0
VERNIER_BLANDONNET,GENEVE_VIEUSSEUX,t0700,0.0
VERNIER_BLANDONNET,GENEVE_VIEUSSEUX,t0730,0.0
VERNIER_BLANDONNET,GENEVE_VIEUSSEUX,t0800,0.0
VERNIER_BLANDONNET,GENEVE_VIEUSSEUX,t0830,0.0
VERNIER_BLANDONNET,GENEVE_VILLEREUSE,t0700,0.0
VERNIER_BLANDONNET,GENEVE_VILLEREUSE,t0730,0.0
VERNIER_BLANDONNET,GENEVE_VILLEREUSE,t0800,0.0
VERNIER_BLANDONNET,GENEVE_VILLEREUSE,t0830,0.0
VERNIER_BLANDONNET,GRAND_LANCY_DE_STAEL,t0700,0.0
VERNIER_BLANDONNET,GRAND_LANCY_DE_STAEL,t0730,0.0
VERNIER_BLANDONNET,GRAND_LANCY_DE_STAEL,t0800,0.0
VERNIER_BLANDONNET,GRAND_LANCY_DE_STAEL,t0830,0.0
VERNIER_BLANDONNET,GRAND_LANCY_PALETTES,t0700,0.0
VERNIER_BLANDONNET,GRAND_LANCY_PALETTES,t0730,0.0
VERNIER_BLANDONNET,GRAND_LANCY_PALETTES,t0800,0.0
VERNIER_BLANDONNET,GRAND_LANCY_PALETTES,t0830,0.0
VERNIER_BLANDONNET,GRAND_LANCY_PONTETS,t0700,0.0
VERNIER_BLANDONNET,GRAND_LANCY_PONTETS,t0730,0.0
VERNIER_BLANDONNET,GRAND_LANCY_PONTETS,t0800,0.0
VERNIER_BLANDONNET,GRAND_LANCY_PONTETS,t0830,0.0
VERNIER_BLANDONNET,LANCY_BACHET_GARE,t0700,0.0
VERNIER_BLANDONNET,LANCY_BACHET_GARE,t0730,0.0
VERNIER_BLANDONNET,LANCY_BACHET_GARE,t0800,0.0
VERNIER_BLANDONNET,LANCY_BACHET_GARE,t0830,0.0
VERNIER_BLANDONNET,MEYRIN_BOIS_DU_LAN,t0700,0.0
VERNIER_BLANDONNET,MEYRIN_BOIS_DU_LAN,t0730,0.0
VERNIER_BLANDONNET,MEYRIN_BOIS_DU_LAN,t0800,0.0
VERNIER_BLANDONNET,MEYRIN_BOIS_DU_LAN,t0830,0.0
VERNIER_BLANDONNET,MEYRIN_CERN,t0700,0.0
VERNIER_BLANDONNET,MEYRIN_CERN,t0730,0.0
VERNIER_BLANDONNET,MEYRIN_CERN,t0800,0.0
VERNIER_BLANDONNET,MEYRIN_CERN,t0830,0.0
VERNIER_BLANDONNET,MEYRIN_FORUMEYRIN,t0700,0.0
VERNIER_BLANDONNET,MEYRIN_FORUMEYRIN,t0730,0.0
VERNIER_BLANDONNET,MEYRIN_FORUMEYRIN,t0800,0.0
VERNIER_BLANDONNET,MEYRIN_FORUMEYRIN,t0830,0.0
VERNIER_BLANDONNET,MEYRIN_GRAVIERE,t0700,0.0
VERNIER_BLANDONNET,MEYRIN_GRAVIERE,t0730,0.0
VERNIER_BLANDONNET,MEYRIN_GRAVIERE,t0800,0.0
VERNIER_BLANDONNET,MEYRIN_GRAVIERE,t0830,0.0
VERNIER_BLANDONNET,MEYRIN_HOPITAL_DE_LA_TOUR,t0700,0.0
VERNIER_BLANDONNET,MEYRIN_HOPITAL_DE_LA_TOUR,t0730,0.0
VERNIER_BLANDONNET,MEYRIN_HOPITAL_DE_LA_TOUR,t0800,0.0
VERNIER_BLANDONNET,MEYRIN_HOPITAL_DE_LA_TOUR,t0830,0.0
VERNIER_BLANDONNET,MEYRIN_JARDIN_ALPIN_VIVARIUM,t0700,0.0
VERNIER_BLANDONNET,MEYRIN_JARDIN_ALPIN_VIVARIUM,t0730,0.0
VERNIER_BLANDONNET,MEYRIN_JARDIN_ALPIN_VIVARIUM,t0800,0.0
VERNIER_BLANDONNET,MEYRIN_JARDIN_ALPIN_VIVARIUM,t0830,0.0
VERNIER_BLANDONNET,MEYRIN_MAISONNEX,t0700,0.0
VERNIER_BLANDONNET,MEYRIN_MAISONNEX,t0730,0.0
VERNIER_BLANDONNET,MEYRIN_MAISONNEX,t0800,0.0
VERNIER_BLANDONNET,MEYRIN_MAISONNEX,t0830,0.0
VERNIER_BLANDONNET,MEYRIN_VAUDAGNE,t0700,0.0
VERNIER_BLANDONNET,MEYRIN_VAUDAGNE,t0730,0.0
VERNIER_BLANDONNET,MEYRIN_VAUDAGNE,t0800,0.0
VERNIER_BLANDONNET,MEYRIN_VAUDAGNE,t0830,0.0
VERNIER_BLANDONNET,MEYRIN_VILLAGE,t0700,0.0
VERNIER_BLANDONNET,MEYRIN_VILLAGE,t0730,0.0
VERNIER_BLANDONNET,MEYRIN_VILLAGE,t0800,0.0
VERNIER_BLANDONNET,MEYRIN_VILLAGE,t0830,0.0
VERNIER_BLANDONNET,ONEX_BANDOL,t0700,0.0
VERNIER_BLANDONNET,ONEX_BANDOL,t0730,0.0
VERNIER_BLANDONNET,ONEX_BANDOL,t0800,0.0
VERNIER_BLANDONNET,ONEX_BANDOL,t0830,0.0
VERNIER_BLANDONNET,ONEX_SALLE_COMMUNALE,t0700,0.0
VERNIER_BLANDONNET,ONEX_SALLE_COMMUNALE,t0730,0.0
VERNIER_BLANDONNET,ONEX_SALLE_COMMUNALE,t0800,0.0
VERNIER_BLANDONNET,ONEX_SALLE_COMMUNALE,t0830,0.0
VERNIER_BLANDONNET,PETIT_LANCY_LES_ESSERTS,t0700,0.0
VERNIER_BLANDONNET,PETIT_LANCY_LES_ESSERTS,t0730,0.0
VERNIER_BLANDONNET,PETIT_LANCY_LES_ESSERTS,t0800,0.0
VERNIER_BLANDONNET,PETIT_LANCY_LES_ESSERTS,t0830,0.0
VERNIER_BLANDONNET,PETIT_LANCY_PLACE,t0700,0.0
VERNIER_BLANDONNET,PETIT_LANCY_PLACE,t0730,0.0
VERNIER_BLANDONNET,PETIT_LANCY_PLACE,t0800,0.0
VERNIER_BLANDONNET,PETIT_LANCY_PLACE,t0830,0.0
VERNIER_BLANDONNET,PETIT_LANCY_QUIDORT,t0700,0.0
VERNIER_BLANDONNET,PETIT_LANCY_QUIDORT,t0730,0.0
VERNIER_BLANDONNET,PETIT_LANCY_QUIDORT,t0800,0.0
VERNIER_BLANDONNET,PETIT_LANCY_QUIDORT,t0830,0.0
VERNIER_BLANDONNET,PLAN_LES_OUATES_TREFLE_BLANC,t0700,0.0
VERNIER_BLANDONNET,PLAN_LES_OUATES_TREFLE_BLANC,t0730,0.0
VERNIER_BLANDONNET,PLAN_LES_OUATES_TREFLE_BLANC,t0800,0.0
VERNIER_BLANDONNET,PLAN_LES_OUATES_TREFLE_BLANC,t0830,0.0
VERNIER_BLANDONNET,THONEX_GRAVESON,t0700,0.0
VERNIER_BLANDONNET,THONEX_GRAVESON,t0730,0.0
VERNIER_BLANDONNET,THONEX_GRAVESON,t0800,0.0
VERNIER_BLANDONNET,THONEX_GRAVESON,t0830,0.0
VERNIER_BLANDONNET,THONEX_MOILLESULAZ,t0700,0.0
VERNIER_BLANDONNET,THONEX_MOILLESULAZ,t0730,0.0
VERNIER_BLANDONNET,THONEX_MOILLESULAZ,t0800,0.0
VERNIER_BLANDONNET,THONEX_MOILLESULAZ,t0830,0.0
VERNIER_BLANDONNET,VERNIER_AVANCHETS_ETANG,t0700,0.0
VERNIER_BLANDONNET,VERNIER_AVANCHETS_ETANG,t0730,0.0
VERNIER_BLANDONNET,VERNIER_AVANCHETS_ETANG,t0800,0.0
VERNIER_BLANDONNET,VERNIER_AVANCHETS_ETANG,t0830,0.0
VERNIER_BLANDONNET,VERNIER_BALEXERT,t0700,0.0
VERNIER_BLANDONNET,VERNIER_BALEXERT,t0730,0.0
VERNIER_BLANDONNET,VERNIER_BALEXERT,t0800,0.0
VERNIER_BLANDONNET,VERNIER_BALEXERT,t0830,0.0
VERNIER_BLANDONNET,VERNIER_BOUCHET,t0700,0.0
VERNIER_BLANDONNET,VERNIER_BOUCHET,t0730,0.0
VERNIER_BLANDONNET,VERNIER_BOUCHET,t0800,0.0
VERNIER_BLANDONNET,VERNIER_BOUCHET,t0830,0.0
VERNIER_BOUCHET,BERNEX_HAINARD,t0700,0.0
VERNIER_BOUCHET,BERNEX_HAINARD,t0730,0.0
VERNIER_BOUCHET,BERNEX_HAINARD,t0800,0.0
VERNIER_BOUCHET,BERNEX_HAINARD,t0830,0.0
VERNIER_BOUCHET,BERNEX_LUCHEPELET,t0700,0.0
VERNIER_BOUCHET,BERNEX_LUCHEPELET,t0730,0.0
VERNIER_BOUCHET,BERNEX_LUCHEPELET,t0800,0.0
VERNIER_BOUCHET,BERNEX_LUCHEPELET,t0830,0.0
VERNIER_BOUCHET,BERNEX_PRE_MARAIS,t0700,0.0
VERNIER_BOUCHET,BERNEX_PRE_MARAIS,t0730,0.0
VERNIER_BOUCHET,BERNEX_PRE_MARAIS,t0800,0.0
VERNIER_BOUCHET,BERNEX_PRE_MARAIS,t0830,0.0
VERNIER_BOUCHET,BERNEX_P_R,t0700,0.0
VERNIER_BOUCHET,BERNEX_P_R,t0730,0.0
VERNIER_BOUCHET,BERNEX_P_R,t0800,0.0
VERNIER_BOUCHET,BERNEX_P_R,t0830,0.0
VERNIER_BOUCHET,BERNEX_VAILLY,t0700,0.0
VERNIER_BOUCHET,BERNEX_VAILLY,t0730,0.0
VERNIER_BOUCHET,BERNEX_VAILLY,t0800,0.0
VERNIER_BOUCHET,BERNEX_VAILLY,t0830,0.0
VERNIER_BOUCHET,CAROUGE_GE_ANCIENNE,t0700,0.0
VERNIER_BOUCHET,CAROUGE_GE_ANCIENNE,t0730,0.0
VERNIER_BOUCHET,CAROUGE_GE_ANCIENNE,t0800,0.0
VERNIER_BOUCHET,CAROUGE_GE_ANCIENNE,t0830,0.0
VERNIER_BOUCHET,CAROUGE_GE_ARMES,t0700,0.0
VERNIER_BOUCHET,CAROUGE_GE_ARMES,t0730,0.0
VERNIER_BOUCHET,CAROUGE_GE_ARMES,t0800,0.0
VERNIER_BOUCHET,CAROUGE_GE_ARMES,t0830,0.0
VERNIER_BOUCHET,CAROUGE_GE_MARCHE,t0700,0.0
VERNIER_BOUCHET,CAROUGE_GE_MARCHE,t0730,0.0
VERNIER_BOUCHET,CAROUGE_GE_MARCHE,t0800,0.0
VERNIER_BOUCHET,CAROUGE_GE_MARCHE,t0830,0.0
VERNIER_BOUCHET,CAROUGE_GE_RONDEAU,t0700,0.0
VERNIER_BOUCHET,CAROUGE_GE_RONDEAU,t0730,0.0
VERNIER_BOUCHET,CAROUGE_GE_RONDEAU,t0800,0.0
VERNIER_BOUCHET,CAROUGE_GE_RONDEAU,t0830,0.0
VERNIER_BOUCHET,CHENE_BOUGERIES_GRANGETTES,t0700,0.0
VERNIER_BOUCHET,CHENE_BOUGERIES_GRANGETTES,t0730,0.0
VERNIER_BOUCHET,CHENE_BOUGERIES_GRANGETTES,t0800,0.0
VERNIER_BOUCHET,CHENE_BOUGERIES_GRANGETTES,t0830,0.0
VERNIER_BOUCHET,CHENE_BOUGERIES_GRANGE_CANAL,t0700,0.0
VERNIER_BOUCHET,CHENE_BOUGERIES_GRANGE_CANAL,t0730,0.0
VERNIER_BOUCHET,CHENE_BOUGERIES_GRANGE_CANAL,t0800,0.0
VERNIER_BOUCHET,CHENE_BOUGERIES_GRANGE_CANAL,t0830,0.0
VERNIER_BOUCHET,CHENE_BOUGERIES_GRANGE_FALQUET,t0700,0.0
VERNIER_BOUCHET,CHENE_BOUGERIES_GRANGE_FALQUET,t0730,0.0
VERNIER_BOUCHET,CHENE_BOUGERIES_GRANGE_FALQUET,t0800,0.0
VERNIER_BOUCHET,CHENE_BOUGERIES_GRANGE_FALQUET,t0830,0.0
VERNIER_BOUCHET,CHENE_BOURG_PEILLONNEX,t0700,0.0
VERNIER_BOUCHET,CHENE_BOURG_PEILLONNEX,t0730,0.0
VERNIER_BOUCHET,CHENE_BOURG_PEILLONNEX,t0800,0.0
VERNIER_BOUCHET,CHENE_BOURG_PEILLONNEX,t0830,0.0
VERNIER_BOUCHET,CHENE_BOURG_PLACE_FAVRE,t0700,0.0
VERNIER_BOUCHET,CHENE_BOURG_PLACE_FAVRE,t0730,0.0
VERNIER_BOUCHET,CHENE_BOURG_PLACE_FAVRE,t0800,0.0
VERNIER_BOUCHET,CHENE_BOURG_PLACE_FAVRE,t0830,0.0
VERNIER_BOUCHET,CONFIGNON_CROISEE,t0700,0.0
VERNIER_BOUCHET,CONFIGNON_CROISEE,t0730,0.0
VERNIER_BOUCHET,CONFIGNON_CROISEE,t0800,0.0
VERNIER_BOUCHET,CONFIGNON_CROISEE,t0830,0.0
VERNIER_BOUCHET,CONFIGNON_LA_DODE,t0700,0.0
VERNIER_BOUCHET,CONFIGNON_LA_DODE,t0730,0.0
VERNIER_BOUCHET,CONFIGNON_LA_DODE,t0800,0.0
VERNIER_BOUCHET,CONFIGNON_LA_DODE,t0830,0.0
VERNIER_BOUCHET,GENEVE_AMANDOLIER,t0700,0.0
VERNIER_BOUCHET,GENEVE_AMANDOLIER,t0730,0.0
VERNIER_BOUCHET,GENEVE_AMANDOLIER,t0800,0.0
VERNIER_BOUCHET,GENEVE_AMANDOLIER,t0830,0.0
VERNIER_BOUCHET,GENEVE_AUGUSTINS,t0700,0.0
VERNIER_BOUCHET,GENEVE_AUGUSTINS,t0730,0.0
VERNIER_BOUCHET,GENEVE_AUGUSTINS,t0800,0.0
VERNIER_BOUCHET,GENEVE_AUGUSTINS,t0830,0.0
VERNIER_BOUCHET,GENEVE_BEL_AIR,t0700,0.0
VERNIER_BOUCHET,GENEVE_BEL_AIR,t0730,0.0
VERNIER_BOUCHET,GENEVE_BEL_AIR,t0800,0.0
VERNIER_BOUCHET,GENEVE_BEL_AIR,t0830,0.0
VERNIER_BOUCHET,GENEVE_BLANCHE,t0700,0.0
VERNIER_BOUCHET,GENEVE_BLANCHE,t0730,0.0
VERNIER_BOUCHET,GENEVE_BLANCHE,t0800,0.0
VERNIER_BOUCHET,GENEVE_BLANCHE,t0830,0.0
VERNIER_BOUCHET,GENEVE_COUTANCE,t0700,0.0
VERNIER_BOUCHET,GENEVE_COUTANCE,t0730,0.0
VERNIER_BOUCHET,GENEVE_COUTANCE,t0800,0.0
VERNIER_BOUCHET,GENEVE_COUTANCE,t0830,0.0
VERNIER_BOUCHET,GENEVE_EAUX_VIVES_GARE,t0700,0.0
VERNIER_BOUCHET,GENEVE_EAUX_VIVES_GARE,t0730,0.0
VERNIER_BOUCHET,GENEVE_EAUX_VIVES_GARE,t0800,0.0
VERNIER_BOUCHET,GENEVE_EAUX_VIVES_GARE,t0830,0.0
VERNIER_BOUCHET,GENEVE_GARE_CORNAVIN,t0700,0.0
VERNIER_BOUCHET,GENEVE_GARE_CORNAVIN,t0730,0.0
VERNIER_BOUCHET,GENEVE_GARE_CORNAVIN,t0800,0.0
VERNIER_BOUCHET,GENEVE_GARE_CORNAVIN,t0830,0.0
VERNIER_BOUCHET,GENEVE_JONCTION,t0700,0.0
VERNIER_BOUCHET,GENEVE_JONCTION,t0730,0.0
VERNIER_BOUCHET,GENEVE_JONCTION,t0800,0.0
VERNIER_BOUCHET,GENEVE_JONCTION,t0830,0.0
VERNIER_BOUCHET,GENEVE_LYON,t0700,0.0
VERNIER_BOUCHET,GENEVE_LYON,t0730,0.0
VERNIER_BOUCHET,GENEVE_LYON,t0800,0.0
VERNIER_BOUCHET,GENEVE_LYON,t0830,0.0
VERNIER_BOUCHET,GENEVE_MOLARD,t0700,0.0
VERNIER_BOUCHET,GENEVE_MOLARD,t0730,0.0
VERNIER_BOUCHET,GENEVE_MOLARD,t0800,0.0
VERNIER_BOUCHET,GENEVE_MOLARD,t0830,0.0
VERNIER_BOUCHET,GENEVE_PALLADIUM,t0700,0.0
VERNIER_BOUCHET,GENEVE_PALLADIUM,t0730,0.0
VERNIER_BOUCHET,GENEVE_PALLADIUM,t0800,0.0
VERNIER_BOUCHET,GENEVE_PALLADIUM,t0830,0.0
VERNIER_BOUCHET,GENEVE_PLACE_DE_NEUVE,t0700,0.0
VERNIER_BOUCHET,GENEVE_PLACE_DE_NEUVE,t0730,0.0
VERNIER_BOUCHET,GENEVE_PLACE_DE_NEUVE,t0800,0.0
VERNIER_BOUCHET,GENEVE_PLACE_DE_NEUVE,t0830,0.0
VERNIER_BOUCHET,GENEVE_PLAINPALAIS,t0700,0.0
VERNIER_BOUCHET,GENEVE_PLAINPALAIS,t0730,0.0
VERNIER_BOUCHET,GENEVE_PLAINPALAIS,t0800,0.0
VERNIER_BOUCHET,GENEVE_PLAINPALAIS,t0830,0.0
VERNIER_BOUCHET,GENEVE_PONT_D_ARVE,t0700,0.0
VERNIER_BOUCHET,GENEVE_PONT_D_ARVE,t0730,0.0
VERNIER_BOUCHET,GENEVE_PONT_D_ARVE,t0800,0.0
VERNIER_BOUCHET,GENEVE_PONT_D_ARVE,t0830,0.0
VERNIER_BOUCHET,GENEVE_POTERIE,t0700,0.0
VERNIER_BOUCHET,GENEVE_POTERIE,t0730,0.0
VERNIER_BOUCHET,GENEVE_POTERIE,t0800,0.0
VERNIER_BOUCHET,GENEVE_POTERIE,t0830,0.0
VERNIER_BOUCHET,GENEVE_RIVE,t0700,0.0
VERNIER_BOUCHET,GENEVE_RIVE,t0730,0.0
VERNIER_BOUCHET,GENEVE_RIVE,t0800,0.0
VERNIER_BOUCHET,GENEVE_RIVE,t0830,0.0
VERNIER_BOUCHET,GENEVE_SERVETTE,t0700,0.0
VERNIER_BOUCHET,GENEVE_SERVETTE,t0730,0.0
VERNIER_BOUCHET,GENEVE_SERVETTE,t0800,0.0
VERNIER_BOUCHET,GENEVE_SERVETTE,t0830,0.0
VERNIER_BOUCHET,GENEVE_STAND,t0700,0.0
VERNIER_BOUCHET,GENEVE_STAND,t0730,0.0
VERNIER_BOUCHET,GENEVE_STAND,t0800,0.0
VERNIER_BOUCHET,GENEVE_STAND,t0830,0.0
VERNIER_BOUCHET,GENEVE_TERRASSIERE,t0700,0.0
VERNIER_BOUCHET,GENEVE_TERRASSIERE,t0730,0.0
VERNIER_BOUCHET,GENEVE_TERRASSIERE,t0800,0.0
VERNIER_BOUCHET,GENEVE_TERRASSIERE,t0830,0.0
VERNIER_BOUCHET,GENEVE_VIEUSSEUX,t0700,0.0
VERNIER_BOUCHET,GENEVE_VIEUSSEUX,t0730,0.0
VERNIER_BOUCHET,GENEVE_VIEUSSEUX,t0800,0.0
VERNIER_BOUCHET,GENEVE_VIEUSSEUX,t0830,0.0
VERNIER_BOUCHET,GENEVE_VILLEREUSE,t0700,0.0
VERNIER_BOUCHET,GENEVE_VILLEREUSE,t0730,0.0
VERNIER_BOUCHET,GENEVE_VILLEREUSE,t0800,0.0
VERNIER_BOUCHET,GENEVE_VILLEREUSE,t0830,0.0
VERNIER_BOUCHET,GRAND_LANCY_DE_STAEL,t0700,0.0
VERNIER_BOUCHET,GRAND_LANCY_DE_STAEL,t0730,0.0
VERNIER_BOUCHET,GRAND_LANCY_DE_STAEL,t0800,0.0
VERNIER_BOUCHET,GRAND_LANCY_DE_STAEL,t0830,0.0
VERNIER_BOUCHET,GRAND_LANCY_PALETTES,t0700,0.0
VERNIER_BOUCHET,GRAND_LANCY_PALETTES,t0730,0.0
VERNIER_BOUCHET,GRAND_LANCY_PALETTES,t0800,0.0
VERNIER_BOUCHET,GRAND_LANCY_PALETTES,t0830,0.0
VERNIER_BOUCHET,GRAND_LANCY_PONTETS,t0700,0.0
VERNIER_BOUCHET,GRAND_LANCY_PONTETS,t0730,0.0
VERNIER_BOUCHET,GRAND_LANCY_PONTETS,t0800,0.0
VERNIER_BOUCHET,GRAND_LANCY_PONTETS,t0830,0.0
VERNIER_BOUCHET,LANCY_BACHET_GARE,t0700,0.0
VERNIER_BOUCHET,LANCY_BACHET_GARE,t0730,0.0
VERNIER_BOUCHET,LANCY_BACHET_GARE,t0800,0.0
VERNIER_BOUCHET,LANCY_BACHET_GARE,t0830,0.0
VERNIER_BOUCHET,MEYRIN_BOIS_DU_LAN,t0700,0.0
VERNIER_BOUCHET,MEYRIN_BOIS_DU_LAN,t0730,0.0
VERNIER_BOUCHET,MEYRIN_BOIS_DU_LAN,t0800,0.0
VERNIER_BOUCHET,MEYRIN_BOIS_DU_LAN,t0830,0.0
VERNIER_BOUCHET,MEYRIN_CERN,t0700,0.0
VERNIER_BOUCHET,MEYRIN_CERN,t0730,0.0
VERNIER_BOUCHET,MEYRIN_CERN,t0800,0.0
VERNIER_BOUCHET,MEYRIN_CERN,t0830,0.0
VERNIER_BOUCHET,MEYRIN_FORUMEYRIN,t0700,0.0
VERNIER_BOUCHET,MEYRIN_FORUMEYRIN,t0730,0.0
VERNIER_BOUCHET,MEYRIN_FORUMEYRIN,t0800,0.0
VERNIER_BOUCHET,MEYRIN_FORUMEYRIN,t0830,0.0
VERNIER_BOUCHET,MEYRIN_GRAVIERE,t0700,0.0
VERNIER_BOUCHET,MEYRIN_GRAVIERE,t0730,0.0
VERNIER_BOUCHET,MEYRIN_GRAVIERE,t0800,0.0
VERNIER_BOUCHET,MEYRIN_GRAVIERE,t0830,0.0
VERNIER_BOUCHET,MEYRIN_HOPITAL_DE_LA_TOUR,t0700,0.0
VERNIER_BOUCHET,MEYRIN_HOPITAL_DE_LA_TOUR,t0730,0.0
VERNIER_BOUCHET,MEYRIN_HOPITAL_DE_LA_TOUR,t0800,0.0
VERNIER_BOUCHET,MEYRIN_HOPITAL_DE_LA_TOUR,t0830,0.0
VERNIER_BOUCHET,MEYRIN_JARDIN_ALPIN_VIVARIUM,t0700,0.0
VERNIER_BOUCHET,MEYRIN_JARDIN_ALPIN_VIVARIUM,t0730,0.0
VERNIER_BOUCHET,MEYRIN_JARDIN_ALPIN_VIVARIUM,t0800,0.0
VERNIER_BOUCHET,MEYRIN_JARDIN_ALPIN_VIVARIUM,t0830,0.0
VERNIER_BOUCHET,MEYRIN_MAISONNEX,t0700,0.0
VERNIER_BOUCHET,MEYRIN_MAISONNEX,t0730,0.0
VERNIER_BOUCHET,MEYRIN_MAISONNEX,t0800,0.0
VERNIER_BOUCHET,MEYRIN_MAISONNEX,t0830,0.0
VERNIER_BOUCHET,MEYRIN_VAUDAGNE,t0700,0.0
VERNIER_BOUCHET,MEYRIN_VAUDAGNE,t0730,0.0
VERNIER_BOUCHET,MEYRIN_VAUDAGNE,t0800,0.0
VERNIER_BOUCHET,MEYRIN_VAUDAGNE,t0830,0.0
VERNIER_BOUCHET,MEYRIN_VILLAGE,t0700,0.0
VERNIER_BOUCHET,MEYRIN_VILLAGE,t0730,0.0
VERNIER_BOUCHET,MEYRIN_VILLAGE,t0800,0.0
VERNIER_BOUCHET,MEYRIN_VILLAGE,t0830,0.0
VERNIER_BOUCHET,ONEX_BANDOL,t0700,0.0
VERNIER_BOUCHET,ONEX_BANDOL,t0730,0.0
VERNIER_BOUCHET,ONEX_BANDOL,t0800,0.0
VERNIER_BOUCHET,ONEX_BANDOL,t0830,0.0
VERNIER_BOUCHET,ONEX_SALLE_COMMUNALE,t0700,12.8
VERNIER_BOUCHET,ONEX_SALLE_COMMUNALE,t0730,34.4
VERNIER_BOUCHET,ONEX_SALLE_COMMUNALE,t0800,16.0
VERNIER_BOUCHET,ONEX_SALLE_COMMUNALE,t0830,41.6
VERNIER_BOUCHET,PETIT_LANCY_LES_ESSERTS,t0700,0.0
VERNIER_BOUCHET,PETIT_LANCY_LES_ESSERTS,t0730,0.0
VERNIER_BOUCHET,PETIT_LANCY_LES_ESSERTS,t0800,0.0
VERNIER_BOUCHET,PETIT_LANCY_LES_ESSERTS,t0830,0.0
VERNIER_BOUCHET,PETIT_LANCY_PLACE,t0700,0.0
VERNIER_BOUCHET,PETIT_LANCY_PLACE,t0730,0.0
VERNIER_BOUCHET,PETIT_LANCY_PLACE,t0800,0.0
VERNIER_BOUCHET,PETIT_LANCY_PLACE,t0830,0.0
VERNIER_BOUCHET,PETIT_LANCY_QUIDORT,t0700,0.0
VERNIER_BOUCHET,PETIT_LANCY_QUIDORT,t0730,0.0
VERNIER_BOUCHET,PETIT_LANCY_QUIDORT,t0800,0.0
VERNIER_BOUCHET,PETIT_LANCY_QUIDORT,t0830,0.0
VERNIER_BOUCHET,PLAN_LES_OUATES_TREFLE_BLANC,t0700,0.0
VERNIER_BOUCHET,PLAN_LES_OUATES_TREFLE_BLANC,t0730,0.0
VERNIER_BOUCHET,PLAN_LES_OUATES_TREFLE_BLANC,t0800,0.0
VERNIER_BOUCHET,PLAN_LES_OUATES_TREFLE_BLANC,t0830,0.0
VERNIER_BOUCHET,THONEX_GRAVESON,t0700,0.0
VERNIER_BOUCHET,THONEX_GRAVESON,t0730,0.0
VERNIER_BOUCHET,THONEX_GRAVESON,t0800,0.0
VERNIER_BOUCHET,THONEX_GRAVESON,t0830,0.0
VERNIER_BOUCHET,THONEX_MOILLESULAZ,t0700,0.0
VERNIER_BOUCHET,THONEX_MOILLESULAZ,t0730,0.0
VERNIER_BOUCHET,THONEX_MOILLESULAZ,t0800,0.0
VERNIER_BOUCHET,THONEX_MOILLESULAZ,t0830,0.0
VERNIER_BOUCHET,VERNIER_AVANCHETS_ETANG,t0700,0.0
VERNIER_BOUCHET,VERNIER_AVANCHETS_ETANG,t0730,0.0
VERNIER_BOUCHET,VERNIER_AVANCHETS_ETANG,t0800,0.0
VERNIER_BOUCHET,VERNIER_AVANCHETS_ETANG,t0830,0.0
VERNIER_BOUCHET,VERNIER_BALEXERT,t0700,0.0
VERNIER_BOUCHET,VERNIER_BALEXERT,t0730,0.0
VERNIER_BOUCHET,VERNIER_BALEXERT,t0800,0.0
VERNIER_BOUCHET,VERNIER_BALEXERT,t0830,0.0
VERNIER_BOUCHET,VERNIER_BLANDONNET,t0700,0.0
VERNIER_BOUCHET,VERNIER_BLANDONNET,t0730,0.0
VERNIER_BOUCHET,VERNIER_BLANDONNET,t0800,0.0
VERNIER_BOUCHET,VERNIER_BLANDONNET,t0830,0.0
