trip_id,stop_id,sequence,arrival_s,departure_s
L12_T001,GRAND_LANCY_DE_STAEL,1,06:32:00,06:32:01
L12_T001,CAROUGE_GE_RONDEAU,2,06:34:00,06:34:01
L12_T001,CAROUGE_GE_ANCIENNE,3,06:35:00,06:35:01
L12_T001,CAROUGE_GE_MARCHE,4,06:36:00,06:36:01
L12_T001,CAROUGE_GE_ARMES,5,06:38:00,06:38:01
L12_T001,GENEVE_BLANCHE,6,06:39:00,06:39:01
L12_T001,GENEVE_AUGUSTINS,7,06:41:00,06:41:01
L12_T001,GENEVE_PONT_D_ARVE,8,06:42:00,06:42:01
L12_T001,GENEVE_PLAINPALAIS,9,06:44:00,06:44:01
L12_T001,GENEVE_PLACE_DE_NEUVE,10,06:45:00,06:45:01
L12_T001,GENEVE_BEL_AIR,11,06:48:00,06:48:01
L12_T001,GENEVE_MOLARD,12,06:49:00,06:49:01
L12_T001,GENEVE_RIVE,13,06:51:00,06:51:01
L12_T001,GENEVE_TERRASSIERE,14,06:52:00,06:52:01
L12_T001,GENEVE_VILLEREUSE,15,06:53:00,06:53:01
L12_T001,GENEVE_EAUX_VIVES_GARE,16,06:55:00,06:55:01
L12_T001,GENEVE_AMANDOLIER,17,06:56:00,06:56:01
L12_T001,CHENE_BOUGERIES_GRANGE_CANAL,18,06:57:00,06:57:01
L12_T001,CHENE_BOUGERIES_GRANGETTES,19,06:58:00,06:58:01
L12_T001,CHENE_BOUGERIES_GRANGE_FALQUET,20,07:00:00,07:00:01
L12_T001,CHENE_BOURG_PLACE_FAVRE,21,07:01:00,07:01:01
L12_T001,CHENE_BOURG_PEILLONNEX,22,07:02:00,07:02:01
L12_T001,THONEX_GRAVESON,23,07:04:00,07:04:01
L12_T001,THONEX_MOILLESULAZ,24,07:06:00,07:06:01
L12_T002,LANCY_BACHET_GARE,1,07:10:00,07:10:01
L12_T002,GRAND_LANCY_DE_STAEL,2,07:11:00,07:11:01
L12_T002,CAROUGE_GE_RONDEAU,3,07:14:00,07:14:01
L12_T002,CAROUGE_GE_ANCIENNE,4,07:15:00,07:15:01
L12_T002,CAROUGE_GE_MARCHE,5,07:16:00,07:16:01
L12_T002,CAROUGE_GE_ARMES,6,07:18:00,07:18:01
L12_T002,GENEVE_BLANCHE,7,07:19:00,07:19:01
L12_T002,GENEVE_AUGUSTINS,8,07:21:00,07:21:01
L12_T002,GENEVE_PONT_D_ARVE,9,07:22:00,07:22:01
L12_T002,GENEVE_PLAINPALAIS,10,07:24:00,07:24:01
L12_T002,GENEVE_PLACE_DE_NEUVE,11,07:26:00,07:26:01
L12_T002,GENEVE_BEL_AIR,12,07:28:00,07:28:01
L12_T002,GENEVE_MOLARD,13,07:29:00,07:29:01
L12_T002,GENEVE_RIVE,14,07:31:00,07:31:01
L12_T002,GENEVE_TERRASSIERE,15,07:32:00,07:32:01
L12_T002,GENEVE_VILLEREUSE,16,07:33:00,07:33:01
L12_T002,GENEVE_EAUX_VIVES_GARE,17,07:35:00,07:35:01
L12_T002,GENEVE_AMANDOLIER,18,07:36:00,07:36:01
L12_T002,CHENE_BOUGERIES_GRANGE_CANAL,19,07:38:00,07:38:01
L12_T002,CHENE_BOUGERIES_GRANGETTES,20,07:39:00,07:39:01
L12_T002,CHENE_BOUGERIES_GRANGE_FALQUET,21,07:40:00,07:40:01
L12_T002,CHENE_BOURG_PLACE_FAVRE,22,07:42:00,07:42:01
L12_T002,CHENE_BOURG_PEILLONNEX,23,07:43:00,07:43:01
L12_T002,THONEX_GRAVESON,24,07:45:00,07:45:01
L12_T002,THONEX_MOILLESULAZ,25,07:47:00,07:47:01
L12_T003,LANCY_BACHET_GARE,1,08:34:00,08:34:01
L12_T003,GRAND_LANCY_DE_STAEL,2,08:35:00,08:35:01
L12_T003,CAROUGE_GE_RONDEAU,3,08:38:00,08:38:01
L12_T003,CAROUGE_GE_ANCIENNE,4,08:39:00,08:39:01
L12_T003,CAROUGE_GE_MARCHE,5,08:40:00,08:40:01
L12_T003,CAROUGE_GE_ARMES,6,08:42:00,08:42:01
L12_T003,GENEVE_BLANCHE,7,08:44:00,08:44:01
L12_T003,GENEVE_AUGUSTINS,8,08:45:00,08:45:01
L12_T003,GENEVE_PONT_D_ARVE,9,08:47:00,08:47:01
L12_T003,GENEVE_PLAINPALAIS,10,08:48:00,08:48:01
L12_T003,GENEVE_PLACE_DE_NEUVE,11,08:50:00,08:50:01
L12_T003,GENEVE_BEL_AIR,12,08:53:00,08:53:01
L12_T003,GENEVE_MOLARD,13,08:54:00,08:54:01
L12_T003,GENEVE_RIVE,14,08:56:00,08:56:01
L12_T003,GENEVE_TERRASSIERE,15,08:57:00,08:57:01
L12_T003,GENEVE_VILLEREUSE,16,08:58:00,08:58:01
L12_T003,GENEVE_EAUX_VIVES_GARE,17,09:00:00,09:00:01
L12_T003,GENEVE_AMANDOLIER,18,09:01:00,09:01:01
L12_T003,CHENE_BOUGERIES_GRANGE_CANAL,19,09:03:00,09:03:01
L12_T003,CHENE_BOUGERIES_GRANGETTES,20,09:04:00,09:04:01
L12_T003,CHENE_BOUGERIES_GRANGE_FALQUET,21,09:05:00,09:05:01
L12_T003,CHENE_BOURG_PLACE_FAVRE,22,09:07:00,09:07:01
L12_T003,CHENE_BOURG_PEILLONNEX,23,09:08:00,09:08:01
L12_T003,THONEX_GRAVESON,24,09:09:00,09:09:01
L12_T003,THONEX_MOILLESULAZ,25,09:11:00,09:11:01
L12_T004,LANCY_BACHET_GARE,1,07:19:00,07:19:01
L12_T004,GRAND_LANCY_DE_STAEL,2,07:20:00,07:20:01
L12_T004,CAROUGE_GE_RONDEAU,3,07:23:00,07:23:01
L12_T004,CAROUGE_GE_ANCIENNE,4,07:24:00,07:24:01
L12_T004,CAROUGE_GE_MARCHE,5,07:25:00,07:25:01
L12_T004,CAROUGE_GE_ARMES,6,07:27:00,07:27:01
L12_T004,GENEVE_BLANCHE,7,07:29:00,07:29:01
L12_T004,GENEVE_AUGUSTINS,8,07:30:00,07:30:01
L12_T004,GENEVE_PONT_D_ARVE,9,07:32:00,07:32:01
L12_T004,GENEVE_PLAINPALAIS,10,07:33:00,07:33:01
L12_T004,GENEVE_PLACE_DE_NEUVE,11,07:35:00,07:35:01
L12_T004,GENEVE_BEL_AIR,12,07:38:00,07:38:01
L12_T004,GENEVE_MOLARD,13,07:39:00,07:39:01
L12_T004,GENEVE_RIVE,14,07:41:00,07:41:01
L12_T004,GENEVE_TERRASSIERE,15,07:42:00,07:42:01
L12_T004,GENEVE_VILLEREUSE,16,07:43:00,07:43:01
L12_T004,GENEVE_EAUX_VIVES_GARE,17,07:45:00,07:45:01
L12_T004,GENEVE_AMANDOLIER,18,07:46:00,07:46:01
L12_T004,CHENE_BOUGERIES_GRANGE_CANAL,19,07:48:00,07:48:01
L12_T004,CHENE_BOUGERIES_GRANGETTES,20,07:49:00,07:49:01
L12_T004,CHENE_BOUGERIES_GRANGE_FALQUET,21,07:50:00,07:50:01
L12_T004,CHENE_BOURG_PLACE_FAVRE,22,07:52:00,07:52:01
L12_T004,CHENE_BOURG_PEILLONNEX,23,07:53:00,07:53:01
L12_T004,THONEX_GRAVESON,24,07:54:00,07:54:01
L12_T004,THONEX_MOILLESULAZ,25,07:56:00,07:56:01
L12_T005,LANCY_BACHET_GARE,1,07:47:00,07:47:01
L12_T005,GRAND_LANCY_DE_STAEL,2,07:48:00,07:48:01
L12_T005,CAROUGE_GE_RONDEAU,3,07:51:00,07:51:01
L12_T005,CAROUGE_GE_ANCIENNE,4,07:52:00,07:52:01
L12_T005,CAROUGE_GE_MARCHE,5,07:53:00,07:53:01
L12_T005,CAROUGE_GE_ARMES,6,07:55:00,07:55:01
L12_T005,GENEVE_BLANCHE,7,07:57:00,07:57:01
L12_T005,GENEVE_AUGUSTINS,8,07:58:00,07:58:01
L12_T005,GENEVE_PONT_D_ARVE,9,08:00:00,08:00:01
L12_T005,GENEVE_PLAINPALAIS,10,08:01:00,08:01:01
L12_T005,GENEVE_PLACE_DE_NEUVE,11,08:03:00,08:03:01
L12_T005,GENEVE_BEL_AIR,12,08:06:00,08:06:01
L12_T005,GENEVE_MOLARD,13,08:07:00,08:07:01
L12_T005,GENEVE_RIVE,14,08:09:00,08:09:01
L12_T005,GENEVE_TERRASSIERE,15,08:10:00,08:10:01
L12_T005,GENEVE_VILLEREUSE,16,08:11:00,08:11:01
L12_T005,GENEVE_EAUX_VIVES_GARE,17,08:13:00,08:13:01
L12_T005,GENEVE_AMANDOLIER,18,08:14:00,08:14:01
L12_T005,CHENE_BOUGERIES_GRANGE_CANAL,19,08:16:00,08:16:01
L12_T005,CHENE_BOUGERIES_GRANGETTES,20,08:17:00,08:17:01
L12_T005,CHENE_BOUGERIES_GRANGE_FALQUET,21,08:18:00,08:18:01
L12_T005,CHENE_BOURG_PLACE_FAVRE,22,08:20:00,08:20:01
L12_T005,CHENE_BOURG_PEILLONNEX,23,08:21:00,08:21:01
L12_T005,THONEX_GRAVESON,24,08:22:00,08:22:01
L12_T005,THONEX_MOILLESULAZ,25,08:24:00,08:24:01
L12_T006,LANCY_BACHET_GARE,1,08:15:00,08:15:01
L12_T006,GRAND_LANCY_DE_STAEL,2,08:16:00,08:16:01
L12_T006,CAROUGE_GE_RONDEAU,3,08:19:00,08:19:01
L12_T006,CAROUGE_GE_ANCIENNE,4,08:20:00,08:20:01
L12_T006,CAROUGE_GE_MARCHE,5,08:21:00,08:21:01
L12_T006,CAROUGE_GE_ARMES,6,08:23:00,08:23:01
L12_T006,GENEVE_BLANCHE,7,08:25:00,08:25:01
L12_T006,GENEVE_AUGUSTINS,8,08:26:00,08:26:01
L12_T006,GENEVE_PONT_D_ARVE,9,08:28:00,08:28:01
L12_T006,GENEVE_PLAINPALAIS,10,08:29:00,08:29:01
L12_T006,GENEVE_PLACE_DE_NEUVE,11,08:31:00,08:31:01
L12_T006,GENEVE_BEL_AIR,12,08:34:00,08:34:01
L12_T006,GENEVE_MOLARD,13,08:35:00,08:35:01
L12_T006,GENEVE_RIVE,14,08:37:00,08:37:01
L12_T006,GENEVE_TERRASSIERE,15,08:38:00,08:38:01
L12_T006,GENEVE_VILLEREUSE,16,08:39:00,08:39:01
L12_T006,GENEVE_EAUX_VIVES_GARE,17,08:41:00,08:41:01
L12_T006,GENEVE_AMANDOLIER,18,08:42:00,08:42:01
L12_T006,CHENE_BOUGERIES_GRANGE_CANAL,19,08:44:00,08:44:01
L12_T006,CHENE_BOUGERIES_GRANGETTES,20,08:45:00,08:45:01
L12_T006,CHENE_BOUGERIES_GRANGE_FALQUET,21,08:46:00,08:46:01
L12_T006,CHENE_BOURG_PLACE_FAVRE,22,08:48:00,08:48:01
L12_T006,CHENE_BOURG_PEILLONNEX,23,08:49:00,08:49:01
L12_T006,THONEX_GRAVESON,24,08:50:00,08:50:01
L12_T006,THONEX_MOILLESULAZ,25,08:52:00,08:52:01
L12_T007,LANCY_BACHET_GARE,1,06:50:00,06:50:01
L12_T007,GRAND_LANCY_DE_STAEL,2,06:52:00,06:52:01
L12_T007,CAROUGE_GE_RONDEAU,3,06:54:00,06:54:01
L12_T007,CAROUGE_GE_ANCIENNE,4,06:55:00,06:55:01
L12_T007,CAROUGE_GE_MARCHE,5,06:56:00,06:56:01
L12_T007,CAROUGE_GE_ARMES,6,06:58:00,06:58:01
L12_T007,GENEVE_BLANCHE,7,06:59:00,06:59:01
L12_T007,GENEVE_AUGUSTINS,8,07:01:00,07:01:01
L12_T007,GENEVE_PONT_D_ARVE,9,07:02:00,07:02:01
L12_T007,GENEVE_PLAINPALAIS,10,07:04:00,07:04:01
L12_T007,GENEVE_PLACE_DE_NEUVE,11,07:05:00,07:05:01
L12_T007,GENEVE_BEL_AIR,12,07:08:00,07:08:01
L12_T007,GENEVE_MOLARD,13,07:09:00,07:09:01
L12_T007,GENEVE_RIVE,14,07:11:00,07:11:01
L12_T007,GENEVE_TERRASSIERE,15,07:12:00,07:12:01
L12_T007,GENEVE_VILLEREUSE,16,07:13:00,07:13:01
L12_T007,GENEVE_EAUX_VIVES_GARE,17,07:15:00,07:15:01
L12_T007,GENEVE_AMANDOLIER,18,07:16:00,07:16:01
L12_T007,CHENE_BOUGERIES_GRANGE_CANAL,19,07:17:00,07:17:01
L12_T007,CHENE_BOUGERIES_GRANGETTES,20,07:18:00,07:18:01
L12_T007,CHENE_BOUGERIES_GRANGE_FALQUET,21,07:20:00,07:20:01
L12_T007,CHENE_BOURG_PLACE_FAVRE,22,07:21:00,07:21:01
L12_T007,CHENE_BOURG_PEILLONNEX,23,07:22:00,07:22:01
L12_T007,THONEX_GRAVESON,24,07:24:00,07:24:01
L12_T007,THONEX_MOILLESULAZ,25,07:26:00,07:26:01
L12_T008,LANCY_BACHET_GARE,1,06:40:00,06:40:01
L12_T008,GRAND_LANCY_DE_STAEL,2,06:42:00,06:42:01
L12_T008,CAROUGE_GE_RONDEAU,3,06:44:00,06:44:01
L12_T008,CAROUGE_GE_ANCIENNE,4,06:45:00,06:45:01
L12_T008,CAROUGE_GE_MARCHE,5,06:46:00,06:46:01
L12_T008,CAROUGE_GE_ARMES,6,06:48:00,06:48:01
L12_T008,GENEVE_BLANCHE,7,06:49:00,06:49:01
L12_T008,GENEVE_AUGUSTINS,8,06:51:00,06:51:01
L12_T008,GENEVE_PONT_D_ARVE,9,06:52:00,06:52:01
L12_T008,GENEVE_PLAINPALAIS,10,06:54:00,06:54:01
L12_T008,GENEVE_PLACE_DE_NEUVE,11,06:55:00,06:55:01
L12_T008,GENEVE_BEL_AIR,12,06:58:00,06:58:01
L12_T008,GENEVE_MOLARD,13,06:59:00,06:59:01
L12_T008,GENEVE_RIVE,14,07:01:00,07:01:01
L12_T008,GENEVE_TERRASSIERE,15,07:02:00,07:02:01
L12_T008,GENEVE_VILLEREUSE,16,07:03:00,07:03:01
L12_T008,GENEVE_EAUX_VIVES_GARE,17,07:05:00,07:05:01
L12_T008,GENEVE_AMANDOLIER,18,07:06:00,07:06:01
L12_T008,CHENE_BOUGERIES_GRANGE_CANAL,19,07:07:00,07:07:01
L12_T008,CHENE_BOUGERIES_GRANGETTES,20,07:08:00,07:08:01
L12_T008,CHENE_BOUGERIES_GRANGE_FALQUET,21,07:10:00,07:10:01
L12_T008,CHENE_BOURG_PLACE_FAVRE,22,07:11:00,07:11:01
L12_T008,CHENE_BOURG_PEILLONNEX,23,07:12:00,07:12:01
L12_T008,THONEX_GRAVESON,24,07:14:00,07:14:01
L12_T008,THONEX_MOILLESULAZ,25,07:16:00,07:16:01
L12_T009,LANCY_BACHET_GARE,1,07:00:00,07:00:01
L12_T009,GRAND_LANCY_DE_STAEL,2,07:02:00,07:02:01
L12_T009,CAROUGE_GE_RONDEAU,3,07:04:00,07:04:01
L12_T009,CAROUGE_GE_ANCIENNE,4,07:05:00,07:05:01
L12_T009,CAROUGE_GE_MARCHE,5,07:06:00,07:06:01
L12_T009,CAROUGE_GE_ARMES,6,07:08:00,07:08:01
L12_T009,GENEVE_BLANCHE,7,07:10:00,07:10:01
L12_T009,GENEVE_AUGUSTINS,8,07:11:00,07:11:01
L12_T009,GENEVE_PONT_D_ARVE,9,07:12:00,07:12:01
L12_T009,GENEVE_PLAINPALAIS,10,07:14:00,07:14:01
L12_T009,GENEVE_PLACE_DE_NEUVE,11,07:16:00,07:16:01
L12_T009,GENEVE_BEL_AIR,12,07:18:00,07:18:01
L12_T009,GENEVE_MOLARD,13,07:19:00,07:19:01
L12_T009,GENEVE_RIVE,14,07:21:00,07:21:01
L12_T009,GENEVE_TERRASSIERE,15,07:22:00,07:22:01
L12_T009,GENEVE_VILLEREUSE,16,07:23:00,07:23:01
L12_T009,GENEVE_EAUX_VIVES_GARE,17,07:25:00,07:25:01
L12_T009,GENEVE_AMANDOLIER,18,07:26:00,07:26:01
L12_T009,CHENE_BOUGERIES_GRANGE_CANAL,19,07:28:00,07:28:01
L12_T009,CHENE_BOUGERIES_GRANGETTES,20,07:29:00,07:29:01
L12_T009,CHENE_BOUGERIES_GRANGE_FALQUET,21,07:30:00,07:30:01
L12_T009,CHENE_BOURG_PLACE_FAVRE,22,07:32:00,07:32:01
L12_T009,CHENE_BOURG_PEILLONNEX,23,07:33:00,07:33:01
L12_T009,THONEX_GRAVESON,24,07:34:00,07:34:01
L12_T009,THONEX_MOILLESULAZ,25,07:36:00,07:36:01
L12_T010,LANCY_BACHET_GARE,1,07:56:00,07:56:01
L12_T010,GRAND_LANCY_DE_STAEL,2,07:58:00,07:58:01
L12_T010,CAROUGE_GE_RONDEAU,3,08:00:00,08:00:01
L12_T010,CAROUGE_GE_ANCIENNE,4,08:01:00,08:01:01
L12_T010,CAROUGE_GE_MARCHE,5,08:02:00,08:02:01
L12_T010,CAROUGE_GE_ARMES,6,08:04:00,08:04:01
L12_T010,GENEVE_BLANCHE,7,08:06:00,08:06:01
L12_T010,GENEVE_AUGUSTINS,8,08:08:00,08:08:01
L12_T010,GENEVE_PONT_D_ARVE,9,08:09:00,08:09:01
L12_T010,GENEVE_PLAINPALAIS,10,08:11:00,08:11:01
L12_T010,GENEVE_PLACE_DE_NEUVE,11,08:12:00,08:12:01
L12_T010,GENEVE_BEL_AIR,12,08:15:00,08:15:01
L12_T010,GENEVE_MOLARD,13,08:16:00,08:16:01
L12_T010,GENEVE_RIVE,14,08:18:00,08:18:01
L12_T010,GENEVE_TERRASSIERE,15,08:19:00,08:19:01
L12_T010,GENEVE_VILLEREUSE,16,08:20:00,08:20:01
L12_T010,GENEVE_EAUX_VIVES_GARE,17,08:22:00,08:22:01
L12_T010,GENEVE_AMANDOLIER,18,08:23:00,08:23:01
L12_T010,CHENE_BOUGERIES_GRANGE_CANAL,19,08:25:00,08:25:01
L12_T010,CHENE_BOUGERIES_GRANGETTES,20,08:26:00,08:26:01
L12_T010,CHENE_BOUGERIES_GRANGE_FALQUET,21,08:27:00,08:27:01
L12_T010,CHENE_BOURG_PLACE_FAVRE,22,08:29:00,08:29:01
L12_T010,CHENE_BOURG_PEILLONNEX,23,08:30:00,08:30:01
L12_T010,THONEX_GRAVESON,24,08:32:00,08:32:01
L12_T010,THONEX_MOILLESULAZ,25,08:34:00,08:34:01
L12_T011,LANCY_BACHET_GARE,1,08:24:00,08:24:01
L12_T011,GRAND_LANCY_DE_STAEL,2,08:26:00,08:26:01
L12_T011,CAROUGE_GE_RONDEAU,3,08:28:00,08:28:01
L12_T011,CAROUGE_GE_ANCIENNE,4,08:29:00,08:29:01
L12_T011,CAROUGE_GE_MARCHE,5,08:30:00,08:30:01
L12_T011,CAROUGE_GE_ARMES,6,08:32:00,08:32:01
L12_T011,GENEVE_BLANCHE,7,08:34:00,08:34:01
L12_T011,GENEVE_AUGUSTINS,8,08:36:00,08:36:01
L12_T011,GENEVE_PONT_D_ARVE,9,08:37:00,08:37:01
L12_T011,GENEVE_PLAINPALAIS,10,08:39:00,08:39:01
L12_T011,GENEVE_PLACE_DE_NEUVE,11,08:40:00,08:40:01
L12_T011,GENEVE_BEL_AIR,12,08:43:00,08:43:01
L12_T011,GENEVE_MOLARD,13,08:44:00,08:44:01
L12_T011,GENEVE_RIVE,14,08:46:00,08:46:01
L12_T011,GENEVE_TERRASSIERE,15,08:47:00,08:47:01
L12_T011,GENEVE_VILLEREUSE,16,08:48:00,08:48:01
L12_T011,GENEVE_EAUX_VIVES_GARE,17,08:50:00,08:50:01
L12_T011,GENEVE_AMANDOLIER,18,08:51:00,08:51:01
L12_T011,CHENE_BOUGERIES_GRANGE_CANAL,19,08:53:00,08:53:01
L12_T011,CHENE_BOUGERIES_GRANGETTES,20,08:54:00,08:54:01
L12_T011,CHENE_BOUGERIES_GRANGE_FALQUET,21,08:55:00,08:55:01
L12_T011,CHENE_BOURG_PLACE_FAVRE,22,08:57:00,08:57:01
L12_T011,CHENE_BOURG_PEILLONNEX,23,08:58:00,08:58:01
L12_T011,THONEX_GRAVESON,24,09:00:00,09:00:01
L12_T011,THONEX_MOILLESULAZ,25,09:02:00,09:02:01
L12_T012,LANCY_BACHET_GARE,1,07:28:00,07:28:01
L12_T012,GRAND_LANCY_DE_STAEL,2,07:30:00,07:30:01
L12_T012,CAROUGE_GE_RONDEAU,3,07:32:00,07:32:01
L12_T012,CAROUGE_GE_ANCIENNE,4,07:33:00,07:33:01
L12_T012,CAROUGE_GE_MARCHE,5,07:34:00,07:34:01
L12_T012,CAROUGE_GE_ARMES,6,07:36:00,07:36:01
L12_T012,GENEVE_BLANCHE,7,07:38:00,07:38:01
L12_T012,GENEVE_AUGUSTINS,8,07:40:00,07:40:01
L12_T012,GENEVE_PONT_D_ARVE,9,07:41:00,07:41:01
L12_T012,GENEVE_PLAINPALAIS,10,07:43:00,07:43:01
L12_T012,GENEVE_PLACE_DE_NEUVE,11,07:44:00,07:44:01
L12_T012,GENEVE_BEL_AIR,12,07:47:00,07:47:01
L12_T012,GENEVE_MOLARD,13,07:48:00,07:48:01
L12_T012,GENEVE_RIVE,14,07:50:00,07:50:01
L12_T012,GENEVE_TERRASSIERE,15,07:51:00,07:51:01
L12_T012,GENEVE_VILLEREUSE,16,07:52:00,07:52:01
L12_T012,GENEVE_EAUX_VIVES_GARE,17,07:54:00,07:54:01
L12_T012,GENEVE_AMANDOLIER,18,07:55:00,07:55:01
L12_T012,CHENE_BOUGERIES_GRANGE_CANAL,19,07:57:00,07:57:01
L12_T012,CHENE_BOUGERIES_GRANGETTES,20,07:58:00,07:58:01
L12_T012,CHENE_BOUGERIES_GRANGE_FALQUET,21,07:59:00,07:59:01
L12_T012,CHENE_BOURG_PLACE_FAVRE,22,08:01:00,08:01:01
L12_T012,CHENE_BOURG_PEILLONNEX,23,08:02:00,08:02:01
L12_T012,THONEX_GRAVESON,24,08:04:00,08:04:01
L12_T012,THONEX_MOILLESULAZ,25,08:06:00,08:06:01
L12_T013,LANCY_BACHET_GARE,1,08:43:00,08:43:01
L12_T013,GRAND_LANCY_DE_STAEL,2,08:45:00,08:45:01
L12_T013,CAROUGE_GE_RONDEAU,3,08:47:00,08:47:01
L12_T013,CAROUGE_GE_ANCIENNE,4,08:48:00,08:48:01
L12_T013,CAROUGE_GE_MARCHE,5,08:49:00,08:49:01
L12_T013,CAROUGE_GE_ARMES,6,08:51:00,08:51:01
L12_T013,GENEVE_BLANCHE,7,08:53:00,08:53:01
L12_T013,GENEVE_AUGUSTINS,8,08:55:00,08:55:01
L12_T013,GENEVE_PONT_D_ARVE,9,08:56:00,08:56:01
L12_T013,GENEVE_PLAINPALAIS,10,08:58:00,08:58:01
L12_T013,GENEVE_PLACE_DE_NEUVE,11,08:59:00,08:59:01
L12_T013,GENEVE_BEL_AIR,12,09:02:00,09:02:01
L12_T013,GENEVE_MOLARD,13,09:03:00,09:03:01
L12_T013,GENEVE_RIVE,14,09:05:00,09:05:01
L12_T013,GENEVE_TERRASSIERE,15,09:06:00,09:06:01
L12_T013,GENEVE_VILLEREUSE,16,09:07:00,09:07:01
L12_T013,GENEVE_EAUX_VIVES_GARE,17,09:09:00,09:09:01
L12_T013,GENEVE_AMANDOLIER,18,09:10:00,09:10:01
L12_T013,CHENE_BOUGERIES_GRANGE_CANAL,19,09:12:00,09:12:01
L12_T013,CHENE_BOUGERIES_GRANGETTES,20,09:13:00,09:13:01
L12_T013,CHENE_BOUGERIES_GRANGE_FALQUET,21,09:14:00,09:14:01
L12_T013,CHENE_BOURG_PLACE_FAVRE,22,09:16:00,09:16:01
L12_T013,CHENE_BOURG_PEILLONNEX,23,09:17:00,09:17:01
L12_T013,THONEX_GRAVESON,24,09:19:00,09:19:01
L12_T013,THONEX_MOILLESULAZ,25,09:21:00,09:21:01
L12_T014,LANCY_BACHET_GARE,1,07:37:00,07:37:01
L12_T014,GRAND_LANCY_DE_STAEL,2,07:39:00,07:39:01
L12_T014,CAROUGE_GE_RONDEAU,3,07:41:00,07:41:01
L12_T014,CAROUGE_GE_ANCIENNE,4,07:42:00,07:42:01
L12_T014,CAROUGE_GE_MARCHE,5,07:44:00,07:44:01
L12_T014,CAROUGE_GE_ARMES,6,07:46:00,07:46:01
L12_T014,GENEVE_BLANCHE,7,07:47:00,07:47:01
L12_T014,GENEVE_AUGUSTINS,8,07:49:00,07:49:01
L12_T014,GENEVE_PONT_D_ARVE,9,07:50:00,07:50:01
L12_T014,GENEVE_PLAINPALAIS,10,07:52:00,07:52:01
L12_T014,GENEVE_PLACE_DE_NEUVE,11,07:54:00,07:54:01
L12_T014,GENEVE_BEL_AIR,12,07:56:00,07:56:01
L12_T014,GENEVE_MOLARD,13,07:57:00,07:57:01
L12_T014,GENEVE_RIVE,14,07:59:00,07:59:01
L12_T014,GENEVE_TERRASSIERE,15,08:01:00,08:01:01
L12_T014,GENEVE_VILLEREUSE,16,08:01:02,08:01:03
L12_T014,GENEVE_EAUX_VIVES_GARE,17,08:04:00,08:04:01
L12_T014,GENEVE_AMANDOLIER,18,08:05:00,08:05:01
L12_T014,CHENE_BOUGERIES_GRANGE_CANAL,19,08:06:00,08:06:01
L12_T014,CHENE_BOUGERIES_GRANGETTES,20,08:07:00,08:07:01
L12_T014,CHENE_BOUGERIES_GRANGE_FALQUET,21,08:09:00,08:09:01
L12_T014,CHENE_BOURG_PLACE_FAVRE,22,08:11:00,08:11:01
L12_T014,CHENE_BOURG_PEILLONNEX,23,08:12:00,08:12:01
L12_T014,THONEX_GRAVESON,24,08:13:00,08:13:01
L12_T014,THONEX_MOILLESULAZ,25,08:15:00,08:15:01
L12_T015,LANCY_BACHET_GARE,1,08:05:00,08:05:01
L12_T015,GRAND_LANCY_DE_STAEL,2,08:07:00,08:07:01
L12_T015,CAROUGE_GE_RONDEAU,3,08:09:00,08:09:01
L12_T015,CAROUGE_GE_ANCIENNE,4,08:10:00,08:10:01
L12_T015,CAROUGE_GE_MARCHE,5,08:12:00,08:12:01
L12_T015,CAROUGE_GE_ARMES,6,08:14:00,08:14:01
L12_T015,GENEVE_BLANCHE,7,08:15:00,08:15:01
L12_T015,GENEVE_AUGUSTINS,8,08:17:00,08:17:01
L12_T015,GENEVE_PONT_D_ARVE,9,08:18:00,08:18:01
L12_T015,GENEVE_PLAINPALAIS,10,08:20:00,08:20:01
L12_T015,GENEVE_PLACE_DE_NEUVE,11,08:22:00,08:22:01
L12_T015,GENEVE_BEL_AIR,12,08:24:00,08:24:01
L12_T015,GENEVE_MOLARD,13,08:25:00,08:25:01
L12_T015,GENEVE_RIVE,14,08:27:00,08:27:01
L12_T015,GENEVE_TERRASSIERE,15,08:29:00,08:29:01
L12_T015,GENEVE_VILLEREUSE,16,08:29:02,08:29:03
L12_T015,GENEVE_EAUX_VIVES_GARE,17,08:32:00,08:32:01
L12_T015,GENEVE_AMANDOLIER,18,08:33:00,08:33:01
L12_T015,CHENE_BOUGERIES_GRANGE_CANAL,19,08:34:00,08:34:01
L12_T015,CHENE_BOUGERIES_GRANGETTES,20,08:35:00,08:35:01
L12_T015,CHENE_BOUGERIES_GRANGE_FALQUET,21,08:37:00,08:37:01
L12_T015,CHENE_BOURG_PLACE_FAVRE,22,08:39:00,08:39:01
L12_T015,CHENE_BOURG_PEILLONNEX,23,08:40:00,08:40:01
L12_T015,THONEX_GRAVESON,24,08:41:00,08:41:01
L12_T015,THONEX_MOILLESULAZ,25,08:43:00,08:43:01
L12_T016,LANCY_BACHET_GARE,1,08:52:00,08:52:01
L12_T016,GRAND_LANCY_DE_STAEL,2,08:54:00,08:54:01
L12_T016,CAROUGE_GE_RONDEAU,3,08:56:00,08:56:01
L12_T016,CAROUGE_GE_ANCIENNE,4,08:57:00,08:57:01
L12_T016,CAROUGE_GE_MARCHE,5,08:59:00,08:59:01
L12_T016,CAROUGE_GE_ARMES,6,09:01:00,09:01:01
L12_T016,GENEVE_BLANCHE,7,09:02:00,09:02:01
L12_T016,GENEVE_AUGUSTINS,8,09:04:00,09:04:01
L12_T016,GENEVE_PONT_D_ARVE,9,09:05:00,09:05:01
L12_T016,GENEVE_PLAINPALAIS,10,09:07:00,09:07:01
L12_T016,GENEVE_PLACE_DE_NEUVE,11,09:09:00,09:09:01
L12_T016,GENEVE_BEL_AIR,12,09:11:00,09:11:01
L12_T016,GENEVE_MOLARD,13,09:12:00,09:12:01
L12_T016,GENEVE_RIVE,14,09:14:00,09:14:01
L12_T016,GENEVE_TERRASSIERE,15,09:16:00,09:16:01
L12_T016,GENEVE_VILLEREUSE,16,09:16:02,09:16:03
L12_T016,GENEVE_EAUX_VIVES_GARE,17,09:19:00,09:19:01
L12_T016,GENEVE_AMANDOLIER,18,09:20:00,09:20:01
L12_T016,CHENE_BOUGERIES_GRANGE_CANAL,19,09:21:00,09:21:01
L12_T016,CHENE_BOUGERIES_GRANGETTES,20,09:22:00,09:22:01
L12_T016,CHENE_BOUGERIES_GRANGE_FALQUET,21,09:24:00,09:24:01
L12_T016,CHENE_BOURG_PLACE_FAVRE,22,09:26:00,09:26:01
L12_T016,CHENE_BOURG_PEILLONNEX,23,09:27:00,09:27:01
L12_T016,THONEX_GRAVESON,24,09:28:00,09:28:01
L12_T016,THONEX_MOILLESULAZ,25,09:30:00,09:30:01
L12_T017,LANCY_BACHET_GARE,1,08:48:00,08:48:01
L12_T017,GRAND_LANCY_DE_STAEL,2,08:49:00,08:49:01
L12_T017,CAROUGE_GE_RONDEAU,3,08:52:00,08:52:01
L12_T017,CAROUGE_GE_ANCIENNE,4,08:53:00,08:53:01
L12_T017,CAROUGE_GE_MARCHE,5,08:54:00,08:54:01
L12_T017,CAROUGE_GE_ARMES,6,08:56:00,08:56:01
L12_T017,GENEVE_BLANCHE,7,08:58:00,08:58:01
L12_T017,GENEVE_AUGUSTINS,8,08:59:00,08:59:01
L12_T017,GENEVE_PONT_D_ARVE,9,09:01:00,09:01:01
L12_T017,GENEVE_PLAINPALAIS,10,09:02:00,09:02:01
L12_T017,GENEVE_PLACE_DE_NEUVE,11,09:04:00,09:04:01
L12_T017,GENEVE_BEL_AIR,12,09:07:00,09:07:01
L12_T017,GENEVE_MOLARD,13,09:08:00,09:08:01
L12_T017,GENEVE_RIVE,14,09:10:00,09:10:01
L12_T017,GENEVE_TERRASSIERE,15,09:11:00,09:11:01
L12_T017,GENEVE_VILLEREUSE,16,09:12:00,09:12:01
L12_T017,GENEVE_EAUX_VIVES_GARE,17,09:14:00,09:14:01
L12_T017,GENEVE_AMANDOLIER,18,09:15:00,09:15:01
L12_T017,CHENE_BOUGERIES_GRANGE_CANAL,19,09:17:00,09:17:01
L12_T017,CHENE_BOUGERIES_GRANGETTES,20,09:18:00,09:18:01
L12_T017,CHENE_BOUGERIES_GRANGE_FALQUET,21,09:19:00,09:19:01
L12_T017,CHENE_BOURG_PLACE_FAVRE,22,09:21:00,09:21:01
L12_T017,CHENE_BOURG_PEILLONNEX,23,09:22:00,09:22:01
L12_T017,THONEX_GRAVESON,24,09:23:00,09:23:01
L12_T017,THONEX_MOILLESULAZ,25,09:25:00,09:25:01
L12_T018,LANCY_BACHET_GARE,1,08:01:00,08:01:01
L12_T018,GRAND_LANCY_DE_STAEL,2,08:02:00,08:02:01
L12_T018,CAROUGE_GE_RONDEAU,3,08:05:00,08:05:01
L12_T018,CAROUGE_GE_ANCIENNE,4,08:06:00,08:06:01
L12_T018,CAROUGE_GE_MARCHE,5,08:07:00,08:07:01
L12_T018,CAROUGE_GE_ARMES,6,08:09:00,08:09:01
L12_T018,GENEVE_BLANCHE,7,08:11:00,08:11:01
L12_T018,GENEVE_AUGUSTINS,8,08:12:00,08:12:01
L12_T018,GENEVE_PONT_D_ARVE,9,08:14:00,08:14:01
L12_T018,GENEVE_PLAINPALAIS,10,08:15:00,08:15:01
L12_T018,GENEVE_PLACE_DE_NEUVE,11,08:17:00,08:17:01
L12_T018,GENEVE_BEL_AIR,12,08:20:00,08:20:01
L12_T018,GENEVE_MOLARD,13,08:21:00,08:21:01
L12_T018,GENEVE_RIVE,14,08:23:00,08:23:01
L12_T018,GENEVE_TERRASSIERE,15,08:24:00,08:24:01
L12_T018,GENEVE_VILLEREUSE,16,08:25:00,08:25:01
L12_T018,GENEVE_EAUX_VIVES_GARE,17,08:27:00,08:27:01
L12_T018,GENEVE_AMANDOLIER,18,08:28:00,08:28:01
L12_T018,CHENE_BOUGERIES_GRANGE_CANAL,19,08:30:00,08:30:01
L12_T018,CHENE_BOUGERIES_GRANGETTES,20,08:31:00,08:31:01
L12_T018,CHENE_BOUGERIES_GRANGE_FALQUET,21,08:32:00,08:32:01
L12_T018,CHENE_BOURG_PLACE_FAVRE,22,08:34:00,08:34:01
L12_T018,CHENE_BOURG_PEILLONNEX,23,08:35:00,08:35:01
L12_T018,THONEX_GRAVESON,24,08:36:00,08:36:01
L12_T018,THONEX_MOILLESULAZ,25,08:38:00,08:38:01
L12_T019,LANCY_BACHET_GARE,1,06:35:00,06:35:01
L12_T019,GRAND_LANCY_DE_STAEL,2,06:37:00,06:37:01
L12_T019,CAROUGE_GE_RONDEAU,3,06:39:00,06:39:01
L12_T019,CAROUGE_GE_ANCIENNE,4,06:40:00,06:40:01
L12_T019,CAROUGE_GE_MARCHE,5,06:41:00,06:41:01
L12_T019,CAROUGE_GE_ARMES,6,06:43:00,06:43:01
L12_T019,GENEVE_BLANCHE,7,06:44:00,06:44:01
L12_T019,GENEVE_AUGUSTINS,8,06:46:00,06:46:01
L12_T019,GENEVE_PONT_D_ARVE,9,06:47:00,06:47:01
L12_T019,GENEVE_PLAINPALAIS,10,06:49:00,06:49:01
L12_T019,GENEVE_PLACE_DE_NEUVE,11,06:50:00,06:50:01
L12_T019,GENEVE_BEL_AIR,12,06:53:00,06:53:01
L12_T019,GENEVE_MOLARD,13,06:54:00,06:54:01
L12_T019,GENEVE_RIVE,14,06:56:00,06:56:01
L12_T019,GENEVE_TERRASSIERE,15,06:57:00,06:57:01
L12_T019,GENEVE_VILLEREUSE,16,06:58:00,06:58:01
L12_T019,GENEVE_EAUX_VIVES_GARE,17,07:00:00,07:00:01
L12_T019,GENEVE_AMANDOLIER,18,07:01:00,07:01:01
L12_T019,CHENE_BOUGERIES_GRANGE_CANAL,19,07:02:00,07:02:01
L12_T019,CHENE_BOUGERIES_GRANGETTES,20,07:03:00,07:03:01
L12_T019,CHENE_BOUGERIES_GRANGE_FALQUET,21,07:05:00,07:05:01
L12_T019,CHENE_BOURG_PLACE_FAVRE,22,07:06:00,07:06:01
L12_T019,CHENE_BOURG_PEILLONNEX,23,07:07:00,07:07:01
L12_T019,THONEX_GRAVESON,24,07:09:00,07:09:01
L12_T019,THONEX_MOILLESULAZ,25,07:11:00,07:11:01
L12_T020,LANCY_BACHET_GARE,1,06:45:00,06:45:01
L12_T020,GRAND_LANCY_DE_STAEL,2,06:47:00,06:47:01
L12_T020,CAROUGE_GE_RONDEAU,3,06:49:00,06:49:01
L12_T020,CAROUGE_GE_ANCIENNE,4,06:50:00,06:50:01
L12_T020,CAROUGE_GE_MARCHE,5,06:51:00,06:51:01
L12_T020,CAROUGE_GE_ARMES,6,06:53:00,06:53:01
L12_T020,GENEVE_BLANCHE,7,06:54:00,06:54:01
L12_T020,GENEVE_AUGUSTINS,8,06:56:00,06:56:01
L12_T020,GENEVE_PONT_D_ARVE,9,06:57:00,06:57:01
L12_T020,GENEVE_PLAINPALAIS,10,06:59:00,06:59:01
L12_T020,GENEVE_PLACE_DE_NEUVE,11,07:00:00,07:00:01
L12_T020,GENEVE_BEL_AIR,12,07:03:00,07:03:01
L12_T020,GENEVE_MOLARD,13,07:04:00,07:04:01
L12_T020,GENEVE_RIVE,14,07:06:00,07:06:01
L12_T020,GENEVE_TERRASSIERE,15,07:07:00,07:07:01
L12_T020,GENEVE_VILLEREUSE,16,07:08:00,07:08:01
L12_T020,GENEVE_EAUX_VIVES_GARE,17,07:10:00,07:10:01
L12_T020,GENEVE_AMANDOLIER,18,07:11:00,07:11:01
L12_T020,CHENE_BOUGERIES_GRANGE_CANAL,19,07:12:00,07:12:01
L12_T020,CHENE_BOUGERIES_GRANGETTES,20,07:13:00,07:13:01
L12_T020,CHENE_BOUGERIES_GRANGE_FALQUET,21,07:15:00,07:15:01
L12_T020,CHENE_BOURG_PLACE_FAVRE,22,07:16:00,07:16:01
L12_T020,CHENE_BOURG_PEILLONNEX,23,07:17:00,07:17:01
L12_T020,THONEX_GRAVESON,24,07:19:00,07:19:01
L12_T020,THONEX_MOILLESULAZ,25,07:21:00,07:21:01
L12_T021,LANCY_BACHET_GARE,1,06:55:00,06:55:01
L12_T021,GRAND_LANCY_DE_STAEL,2,06:57:00,06:57:01
L12_T021,CAROUGE_GE_RONDEAU,3,06:59:00,06:59:01
L12_T021,CAROUGE_GE_ANCIENNE,4,07:00:00,07:00:01
L12_T021,CAROUGE_GE_MARCHE,5,07:01:00,07:01:01
L12_T021,CAROUGE_GE_ARMES,6,07:03:00,07:03:01
L12_T021,GENEVE_BLANCHE,7,07:04:00,07:04:01
L12_T021,GENEVE_AUGUSTINS,8,07:06:00,07:06:01
L12_T021,GENEVE_PONT_D_ARVE,9,07:07:00,07:07:01
L12_T021,GENEVE_PLAINPALAIS,10,07:09:00,07:09:01
L12_T021,GENEVE_PLACE_DE_NEUVE,11,07:10:00,07:10:01
L12_T021,GENEVE_BEL_AIR,12,07:13:00,07:13:01
L12_T021,GENEVE_MOLARD,13,07:14:00,07:14:01
L12_T021,GENEVE_RIVE,14,07:16:00,07:16:01
L12_T021,GENEVE_TERRASSIERE,15,07:17:00,07:17:01
L12_T021,GENEVE_VILLEREUSE,16,07:18:00,07:18:01
L12_T021,GENEVE_EAUX_VIVES_GARE,17,07:20:00,07:20:01
L12_T021,GENEVE_AMANDOLIER,18,07:21:00,07:21:01
L12_T021,CHENE_BOUGERIES_GRANGE_CANAL,19,07:22:00,07:22:01
L12_T021,CHENE_BOUGERIES_GRANGETTES,20,07:23:00,07:23:01
L12_T021,CHENE_BOUGERIES_GRANGE_FALQUET,21,07:25:00,07:25:01
L12_T021,CHENE_BOURG_PLACE_FAVRE,22,07:26:00,07:26:01
L12_T021,CHENE_BOURG_PEILLONNEX,23,07:27:00,07:27:01
L12_T021,THONEX_GRAVESON,24,07:29:00,07:29:01
L12_T021,THONEX_MOILLESULAZ,25,07:31:00,07:31:01
L12_T022,LANCY_BACHET_GARE,1,06:28:00,06:28:01
L12_T022,GRAND_LANCY_DE_STAEL,2,06:30:00,06:30:01
L12_T022,CAROUGE_GE_RONDEAU,3,06:32:00,06:32:01
L12_T022,CAROUGE_GE_ANCIENNE,4,06:33:00,06:33:01
L12_T022,CAROUGE_GE_MARCHE,5,06:34:00,06:34:01
L12_T022,CAROUGE_GE_ARMES,6,06:36:00,06:36:01
L12_T022,GENEVE_BLANCHE,7,06:38:00,06:38:01
L12_T022,GENEVE_AUGUSTINS,8,06:39:00,06:39:01
L12_T022,GENEVE_PONT_D_ARVE,9,06:40:00,06:40:01
L12_T022,GENEVE_PLAINPALAIS,10,06:42:00,06:42:01
L12_T022,GENEVE_PLACE_DE_NEUVE,11,06:44:00,06:44:01
L12_T022,GENEVE_BEL_AIR,12,06:46:00,06:46:01
L12_T022,GENEVE_MOLARD,13,06:47:00,06:47:01
L12_T022,GENEVE_RIVE,14,06:49:00,06:49:01
L12_T022,GENEVE_TERRASSIERE,15,06:50:00,06:50:01
L12_T022,GENEVE_VILLEREUSE,16,06:51:00,06:51:01
L12_T022,GENEVE_EAUX_VIVES_GARE,17,06:53:00,06:53:01
L12_T022,GENEVE_AMANDOLIER,18,06:54:00,06:54:01
L12_T022,CHENE_BOUGERIES_GRANGE_CANAL,19,06:56:00,06:56:01
L12_T022,CHENE_BOUGERIES_GRANGETTES,20,06:57:00,06:57:01
L12_T022,CHENE_BOUGERIES_GRANGE_FALQUET,21,06:58:00,06:58:01
L12_T022,CHENE_BOURG_PLACE_FAVRE,22,07:00:00,07:00:01
L12_T022,CHENE_BOURG_PEILLONNEX,23,07:01:00,07:01:01
L12_T022,THONEX_GRAVESON,24,07:02:00,07:02:01
L12_T022,THONEX_MOILLESULAZ,25,07:04:00,07:04:01
L12_T023,LANCY_BACHET_GARE,1,07:05:00,07:05:01
L12_T023,GRAND_LANCY_DE_STAEL,2,07:07:00,07:07:01
L12_T023,CAROUGE_GE_RONDEAU,3,07:09:00,07:09:01
L12_T023,CAROUGE_GE_ANCIENNE,4,07:10:00,07:10:01
L12_T023,CAROUGE_GE_MARCHE,5,07:11:00,07:11:01
L12_T023,CAROUGE_GE_ARMES,6,07:13:00,07:13:01
L12_T023,GENEVE_BLANCHE,7,07:15:00,07:15:01
L12_T023,GENEVE_AUGUSTINS,8,07:16:00,07:16:01
L12_T023,GENEVE_PONT_D_ARVE,9,07:18:00,07:18:01
L12_T023,GENEVE_PLAINPALAIS,10,07:19:00,07:19:01
L12_T023,GENEVE_PLACE_DE_NEUVE,11,07:21:00,07:21:01
L12_T023,GENEVE_BEL_AIR,12,07:23:00,07:23:01
L12_T023,GENEVE_MOLARD,13,07:24:00,07:24:01
L12_T023,GENEVE_RIVE,14,07:26:00,07:26:01
L12_T023,GENEVE_TERRASSIERE,15,07:28:00,07:28:01
L12_T023,GENEVE_VILLEREUSE,16,07:28:02,07:28:03
L12_T023,GENEVE_EAUX_VIVES_GARE,17,07:31:00,07:31:01
L12_T023,GENEVE_AMANDOLIER,18,07:32:00,07:32:01
L12_T023,CHENE_BOUGERIES_GRANGE_CANAL,19,07:33:00,07:33:01
L12_T023,CHENE_BOUGERIES_GRANGETTES,20,07:34:00,07:34:01
L12_T023,CHENE_BOUGERIES_GRANGE_FALQUET,21,07:36:00,07:36:01
L12_T023,CHENE_BOURG_PLACE_FAVRE,22,07:38:00,07:38:01
L12_T023,CHENE_BOURG_PEILLONNEX,23,07:39:00,07:39:01
L12_T023,THONEX_GRAVESON,24,07:40:00,07:40:01
L12_T023,THONEX_MOILLESULAZ,25,07:42:00,07:42:01
L12_T024,LANCY_BACHET_GARE,1,07:14:00,07:14:01
L12_T024,GRAND_LANCY_DE_STAEL,2,07:16:00,07:16:01
L12_T024,CAROUGE_GE_RONDEAU,3,07:18:00,07:18:01
L12_T024,CAROUGE_GE_ANCIENNE,4,07:19:00,07:19:01
L12_T024,CAROUGE_GE_MARCHE,5,07:20:00,07:20:01
L12_T024,CAROUGE_GE_ARMES,6,07:22:00,07:22:01
L12_T024,GENEVE_BLANCHE,7,07:24:00,07:24:01
L12_T024,GENEVE_AUGUSTINS,8,07:25:00,07:25:01
L12_T024,GENEVE_PONT_D_ARVE,9,07:27:00,07:27:01
L12_T024,GENEVE_PLAINPALAIS,10,07:28:00,07:28:01
L12_T024,GENEVE_PLACE_DE_NEUVE,11,07:30:00,07:30:01
L12_T024,GENEVE_BEL_AIR,12,07:33:00,07:33:01
L12_T024,GENEVE_MOLARD,13,07:34:00,07:34:01
L12_T024,GENEVE_RIVE,14,07:36:00,07:36:01
L12_T024,GENEVE_TERRASSIERE,15,07:37:00,07:37:01
L12_T024,GENEVE_VILLEREUSE,16,07:38:00,07:38:01
L12_T024,GENEVE_EAUX_VIVES_GARE,17,07:40:00,07:40:01
L12_T024,GENEVE_AMANDOLIER,18,07:41:00,07:41:01
L12_T024,CHENE_BOUGERIES_GRANGE_CANAL,19,07:43:00,07:43:01
L12_T024,CHENE_BOUGERIES_GRANGETTES,20,07:44:00,07:44:01
L12_T024,CHENE_BOUGERIES_GRANGE_FALQUET,21,07:45:00,07:45:01
L12_T024,CHENE_BOURG_PLACE_FAVRE,22,07:47:00,07:47:01
L12_T024,CHENE_BOURG_PEILLONNEX,23,07:48:00,07:48:01
L12_T024,THONEX_GRAVESON,24,07:49:00,07:49:01
L12_T024,THONEX_MOILLESULAZ,25,07:51:00,07:51:01
L12_T025,LANCY_BACHET_GARE,1,07:32:00,07:32:01
L12_T025,GRAND_LANCY_DE_STAEL,2,07:34:00,07:34:01
L12_T025,CAROUGE_GE_RONDEAU,3,07:36:00,07:36:01
L12_T025,CAROUGE_GE_ANCIENNE,4,07:37:00,07:37:01
L12_T025,CAROUGE_GE_MARCHE,5,07:38:00,07:38:01
L12_T025,CAROUGE_GE_ARMES,6,07:40:00,07:40:01
L12_T025,GENEVE_BLANCHE,7,07:42:00,07:42:01
L12_T025,GENEVE_AUGUSTINS,8,07:44:00,07:44:01
L12_T025,GENEVE_PONT_D_ARVE,9,07:45:00,07:45:01
L12_T025,GENEVE_PLAINPALAIS,10,07:47:00,07:47:01
L12_T025,GENEVE_PLACE_DE_NEUVE,11,07:48:00,07:48:01
L12_T025,GENEVE_BEL_AIR,12,07:51:00,07:51:01
L12_T025,GENEVE_MOLARD,13,07:52:00,07:52:01
L12_T025,GENEVE_RIVE,14,07:54:00,07:54:01
L12_T025,GENEVE_TERRASSIERE,15,07:55:00,07:55:01
L12_T025,GENEVE_VILLEREUSE,16,07:56:00,07:56:01
L12_T025,GENEVE_EAUX_VIVES_GARE,17,07:58:00,07:58:01
L12_T025,GENEVE_AMANDOLIER,18,07:59:00,07:59:01
L12_T025,CHENE_BOUGERIES_GRANGE_CANAL,19,08:01:00,08:01:01
L12_T025,CHENE_BOUGERIES_GRANGETTES,20,08:02:00,08:02:01
L12_T025,CHENE_BOUGERIES_GRANGE_FALQUET,21,08:03:00,08:03:01
L12_T025,CHENE_BOURG_PLACE_FAVRE,22,08:05:00,08:05:01
L12_T025,CHENE_BOURG_PEILLONNEX,23,08:06:00,08:06:01
L12_T025,THONEX_GRAVESON,24,08:08:00,08:08:01
L12_T025,THONEX_MOILLESULAZ,25,08:10:00,08:10:01
L12_T026,LANCY_BACHET_GARE,1,08:57:00,08:57:01
L12_T026,GRAND_LANCY_DE_STAEL,2,08:59:00,08:59:01
L12_T026,CAROUGE_GE_RONDEAU,3,09:01:00,09:01:01
L12_T026,CAROUGE_GE_ANCIENNE,4,09:02:00,09:02:01
L12_T026,CAROUGE_GE_MARCHE,5,09:03:00,09:03:01
L12_T026,CAROUGE_GE_ARMES,6,09:05:00,09:05:01
L12_T026,GENEVE_BLANCHE,7,09:07:00,09:07:01
L12_T026,GENEVE_AUGUSTINS,8,09:09:00,09:09:01
L12_T026,GENEVE_PONT_D_ARVE,9,09:10:00,09:10:01
L12_T026,GENEVE_PLAINPALAIS,10,09:12:00,09:12:01
L12_T026,GENEVE_PLACE_DE_NEUVE,11,09:13:00,09:13:01
L12_T026,GENEVE_BEL_AIR,12,09:16:00,09:16:01
L12_T026,GENEVE_MOLARD,13,09:17:00,09:17:01
L12_T026,GENEVE_RIVE,14,09:19:00,09:19:01
L12_T026,GENEVE_TERRASSIERE,15,09:20:00,09:20:01
L12_T026,GENEVE_VILLEREUSE,16,09:21:00,09:21:01
L12_T026,GENEVE_EAUX_VIVES_GARE,17,09:23:00,09:23:01
L12_T026,GENEVE_AMANDOLIER,18,09:24:00,09:24:01
L12_T026,CHENE_BOUGERIES_GRANGE_CANAL,19,09:26:00,09:26:01
L12_T026,CHENE_BOUGERIES_GRANGETTES,20,09:27:00,09:27:01
L12_T026,CHENE_BOUGERIES_GRANGE_FALQUET,21,09:28:00,09:28:01
L12_T026,CHENE_BOURG_PLACE_FAVRE,22,09:30:00,09:30:01
L12_T026,CHENE_BOURG_PEILLONNEX,23,09:31:00,09:31:01
L12_T026,THONEX_GRAVESON,24,09:33:00,09:33:01
L12_T026,THONEX_MOILLESULAZ,25,09:35:00,09:35:01
L12_T027,LANCY_BACHET_GARE,1,08:19:00,08:19:01
L12_T027,GRAND_LANCY_DE_STAEL,2,08:21:00,08:21:01
L12_T027,CAROUGE_GE_RONDEAU,3,08:23:00,08:23:01
L12_T027,CAROUGE_GE_ANCIENNE,4,08:24:00,08:24:01
L12_T027,CAROUGE_GE_MARCHE,5,08:25:00,08:25:01
L12_T027,CAROUGE_GE_ARMES,6,08:27:00,08:27:01
L12_T027,GENEVE_BLANCHE,7,08:29:00,08:29:01
L12_T027,GENEVE_AUGUSTINS,8,08:31:00,08:31:01
L12_T027,GENEVE_PONT_D_ARVE,9,08:32:00,08:32:01
L12_T027,GENEVE_PLAINPALAIS,10,08:34:00,08:34:01
L12_T027,GENEVE_PLACE_DE_NEUVE,11,08:35:00,08:35:01
L12_T027,GENEVE_BEL_AIR,12,08:38:00,08:38:01
L12_T027,GENEVE_MOLARD,13,08:39:00,08:39:01
L12_T027,GENEVE_RIVE,14,08:41:00,08:41:01
L12_T027,GENEVE_TERRASSIERE,15,08:42:00,08:42:01
L12_T027,GENEVE_VILLEREUSE,16,08:43:00,08:43:01
L12_T027,GENEVE_EAUX_VIVES_GARE,17,08:45:00,08:45:01
L12_T027,GENEVE_AMANDOLIER,18,08:46:00,08:46:01
L12_T027,CHENE_BOUGERIES_GRANGE_CANAL,19,08:48:00,08:48:01
L12_T027,CHENE_BOUGERIES_GRANGETTES,20,08:49:00,08:49:01
L12_T027,CHENE_BOUGERIES_GRANGE_FALQUET,21,08:50:00,08:50:01
L12_T027,CHENE_BOURG_PLACE_FAVRE,22,08:52:00,08:52:01
L12_T027,CHENE_BOURG_PEILLONNEX,23,08:53:00,08:53:01
L12_T027,THONEX_GRAVESON,24,08:55:00,08:55:01
L12_T027,THONEX_MOILLESULAZ,25,08:57:00,08:57:01
L12_T028,LANCY_BACHET_GARE,1,08:29:00,08:29:01
L12_T028,GRAND_LANCY_DE_STAEL,2,08:31:00,08:31:01
L12_T028,CAROUGE_GE_RONDEAU,3,08:33:00,08:33:01
L12_T028,CAROUGE_GE_ANCIENNE,4,08:34:00,08:34:01
L12_T028,CAROUGE_GE_MARCHE,5,08:35:00,08:35:01
L12_T028,CAROUGE_GE_ARMES,6,08:37:00,08:37:01
L12_T028,GENEVE_BLANCHE,7,08:39:00,08:39:01
L12_T028,GENEVE_AUGUSTINS,8,08:41:00,08:41:01
L12_T028,GENEVE_PONT_D_ARVE,9,08:42:00,08:42:01
L12_T028,GENEVE_PLAINPALAIS,10,08:44:00,08:44:01
L12_T028,GENEVE_PLACE_DE_NEUVE,11,08:45:00,08:45:01
L12_T028,GENEVE_BEL_AIR,12,08:48:00,08:48:01
L12_T028,GENEVE_MOLARD,13,08:49:00,08:49:01
L12_T028,GENEVE_RIVE,14,08:51:00,08:51:01
L12_T028,GENEVE_TERRASSIERE,15,08:52:00,08:52:01
L12_T028,GENEVE_VILLEREUSE,16,08:53:00,08:53:01
L12_T028,GENEVE_EAUX_VIVES_GARE,17,08:55:00,08:55:01
L12_T028,GENEVE_AMANDOLIER,18,08:56:00,08:56:01
L12_T028,CHENE_BOUGERIES_GRANGE_CANAL,19,08:58:00,08:58:01
L12_T028,CHENE_BOUGERIES_GRANGETTES,20,08:59:00,08:59:01
L12_T028,CHENE_BOUGERIES_GRANGE_FALQUET,21,09:00:00,09:00:01
L12_T028,CHENE_BOURG_PLACE_FAVRE,22,09:02:00,09:02:01
L12_T028,CHENE_BOURG_PEILLONNEX,23,09:03:00,09:03:01
L12_T028,THONEX_GRAVESON,24,09:05:00,09:05:01
L12_T028,THONEX_MOILLESULAZ,25,09:07:00,09:07:01
L12_T029,LANCY_BACHET_GARE,1,07:42:00,07:42:01
L12_T029,GRAND_LANCY_DE_STAEL,2,07:44:00,07:44:01
L12_T029,CAROUGE_GE_RONDEAU,3,07:46:00,07:46:01
L12_T029,CAROUGE_GE_ANCIENNE,4,07:47:00,07:47:01
L12_T029,CAROUGE_GE_MARCHE,5,07:48:00,07:48:01
L12_T029,CAROUGE_GE_ARMES,6,07:50:00,07:50:01
L12_T029,GENEVE_BLANCHE,7,07:52:00,07:52:01
L12_T029,GENEVE_AUGUSTINS,8,07:54:00,07:54:01
L12_T029,GENEVE_PONT_D_ARVE,9,07:55:00,07:55:01
L12_T029,GENEVE_PLAINPALAIS,10,07:57:00,07:57:01
L12_T029,GENEVE_PLACE_DE_NEUVE,11,07:58:00,07:58:01
L12_T029,GENEVE_BEL_AIR,12,08:01:00,08:01:01
L12_T029,GENEVE_MOLARD,13,08:02:00,08:02:01
L12_T029,GENEVE_RIVE,14,08:04:00,08:04:01
L12_T029,GENEVE_TERRASSIERE,15,08:05:00,08:05:01
L12_T029,GENEVE_VILLEREUSE,16,08:06:00,08:06:01
L12_T029,GENEVE_EAUX_VIVES_GARE,17,08:08:00,08:08:01
L12_T029,GENEVE_AMANDOLIER,18,08:09:00,08:09:01
L12_T029,CHENE_BOUGERIES_GRANGE_CANAL,19,08:11:00,08:11:01
L12_T029,CHENE_BOUGERIES_GRANGETTES,20,08:12:00,08:12:01
L12_T029,CHENE_BOUGERIES_GRANGE_FALQUET,21,08:13:00,08:13:01
L12_T029,CHENE_BOURG_PLACE_FAVRE,22,08:15:00,08:15:01
L12_T029,CHENE_BOURG_PEILLONNEX,23,08:16:00,08:16:01
L12_T029,THONEX_GRAVESON,24,08:18:00,08:18:01
L12_T029,THONEX_MOILLESULAZ,25,08:20:00,08:20:01
L12_T030,LANCY_BACHET_GARE,1,08:10:00,08:10:01
L12_T030,GRAND_LANCY_DE_STAEL,2,08:12:00,08:12:01
L12_T030,CAROUGE_GE_RONDEAU,3,08:14:00,08:14:01
L12_T030,CAROUGE_GE_ANCIENNE,4,08:15:00,08:15:01
L12_T030,CAROUGE_GE_MARCHE,5,08:16:00,08:16:01
L12_T030,CAROUGE_GE_ARMES,6,08:18:00,08:18:01
L12_T030,GENEVE_BLANCHE,7,08:20:00,08:20:01
L12_T030,GENEVE_AUGUSTINS,8,08:22:00,08:22:01
L12_T030,GENEVE_PONT_D_ARVE,9,08:23:00,08:23:01
L12_T030,GENEVE_PLAINPALAIS,10,08:25:00,08:25:01
L12_T030,GENEVE_PLACE_DE_NEUVE,11,08:26:00,08:26:01
L12_T030,GENEVE_BEL_AIR,12,08:29:00,08:29:01
L12_T030,GENEVE_MOLARD,13,08:30:00,08:30:01
L12_T030,GENEVE_RIVE,14,08:32:00,08:32:01
L12_T030,GENEVE_TERRASSIERE,15,08:33:00,08:33:01
L12_T030,GENEVE_VILLEREUSE,16,08:34:00,08:34:01
L12_T030,GENEVE_EAUX_VIVES_GARE,17,08:36:00,08:36:01
L12_T030,GENEVE_AMANDOLIER,18,08:37:00,08:37:01
L12_T030,CHENE_BOUGERIES_GRANGE_CANAL,19,08:39:00,08:39:01
L12_T030,CHENE_BOUGERIES_GRANGETTES,20,08:40:00,08:40:01
L12_T030,CHENE_BOUGERIES_GRANGE_FALQUET,21,08:41:00,08:41:01
L12_T030,CHENE_BOURG_PLACE_FAVRE,22,08:43:00,08:43:01
L12_T030,CHENE_BOURG_PEILLONNEX,23,08:44:00,08:44:01
L12_T030,THONEX_GRAVESON,24,08:46:00,08:46:01
L12_T030,THONEX_MOILLESULAZ,25,08:48:00,08:48:01
L12_T031,LANCY_BACHET_GARE,1,08:38:00,08:38:01
L12_T031,GRAND_LANCY_DE_STAEL,2,08:40:00,08:40:01
L12_T031,CAROUGE_GE_RONDEAU,3,08:42:00,08:42:01
L12_T031,CAROUGE_GE_ANCIENNE,4,08:43:00,08:43:01
L12_T031,CAROUGE_GE_MARCHE,5,08:45:00,08:45:01
L12_T031,CAROUGE_GE_ARMES,6,08:47:00,08:47:01
L12_T031,GENEVE_BLANCHE,7,08:48:00,08:48:01
L12_T031,GENEVE_AUGUSTINS,8,08:50:00,08:50:01
L12_T031,GENEVE_PONT_D_ARVE,9,08:51:00,08:51:01
L12_T031,GENEVE_PLAINPALAIS,10,08:53:00,08:53:01
L12_T031,GENEVE_PLACE_DE_NEUVE,11,08:55:00,08:55:01
L12_T031,GENEVE_BEL_AIR,12,08:57:00,08:57:01
L12_T031,GENEVE_MOLARD,13,08:58:00,08:58:01
L12_T031,GENEVE_RIVE,14,09:00:00,09:00:01
L12_T031,GENEVE_TERRASSIERE,15,09:02:00,09:02:01
L12_T031,GENEVE_VILLEREUSE,16,09:02:02,09:02:03
L12_T031,GENEVE_EAUX_VIVES_GARE,17,09:05:00,09:05:01
L12_T031,GENEVE_AMANDOLIER,18,09:06:00,09:06:01
L12_T031,CHENE_BOUGERIES_GRANGE_CANAL,19,09:07:00,09:07:01
L12_T031,CHENE_BOUGERIES_GRANGETTES,20,09:08:00,09:08:01
L12_T031,CHENE_BOUGERIES_GRANGE_FALQUET,21,09:10:00,09:10:01
L12_T031,CHENE_BOURG_PLACE_FAVRE,22,09:12:00,09:12:01
L12_T031,CHENE_BOURG_PEILLONNEX,23,09:13:00,09:13:01
L12_T031,THONEX_GRAVESON,24,09:14:00,09:14:01
L12_T031,THONEX_MOILLESULAZ,25,09:16:00,09:16:01
L12_T032,LANCY_BACHET_GARE,1,07:51:00,07:51:01
L12_T032,GRAND_LANCY_DE_STAEL,2,07:53:00,07:53:01
L12_T032,CAROUGE_GE_RONDEAU,3,07:55:00,07:55:01
L12_T032,CAROUGE_GE_ANCIENNE,4,07:56:00,07:56:01
L12_T032,CAROUGE_GE_MARCHE,5,07:58:00,07:58:01
L12_T032,CAROUGE_GE_ARMES,6,08:00:00,08:00:01
L12_T032,GENEVE_BLANCHE,7,08:01:00,08:01:01
L12_T032,GENEVE_AUGUSTINS,8,08:03:00,08:03:01
L12_T032,GENEVE_PONT_D_ARVE,9,08:04:00,08:04:01
L12_T032,GENEVE_PLAINPALAIS,10,08:06:00,08:06:01
L12_T032,GENEVE_PLACE_DE_NEUVE,11,08:08:00,08:08:01
L12_T032,GENEVE_BEL_AIR,12,08:10:00,08:10:01
L12_T032,GENEVE_MOLARD,13,08:11:00,08:11:01
L12_T032,GENEVE_RIVE,14,08:13:00,08:13:01
L12_T032,GENEVE_TERRASSIERE,15,08:15:00,08:15:01
L12_T032,GENEVE_VILLEREUSE,16,08:15:02,08:15:03
L12_T032,GENEVE_EAUX_VIVES_GARE,17,08:18:00,08:18:01
L12_T032,GENEVE_AMANDOLIER,18,08:19:00,08:19:01
L12_T032,CHENE_BOUGERIES_GRANGE_CANAL,19,08:20:00,08:20:01
L12_T032,CHENE_BOUGERIES_GRANGETTES,20,08:21:00,08:21:01
L12_T032,CHENE_BOUGERIES_GRANGE_FALQUET,21,08:23:00,08:23:01
L12_T032,CHENE_BOURG_PLACE_FAVRE,22,08:25:00,08:25:01
L12_T032,CHENE_BOURG_PEILLONNEX,23,08:26:00,08:26:01
L12_T032,THONEX_GRAVESON,24,08:27:00,08:27:01
L12_T032,THONEX_MOILLESULAZ,25,08:29:00,08:29:01
L12_T033,LANCY_BACHET_GARE,1,07:23:00,07:23:01
L12_T033,GRAND_LANCY_DE_STAEL,2,07:25:00,07:25:01
L12_T033,CAROUGE_GE_RONDEAU,3,07:27:00,07:27:01
L12_T033,CAROUGE_GE_ANCIENNE,4,07:28:00,07:28:01
L12_T033,CAROUGE_GE_MARCHE,5,07:30:00,07:30:01
L12_T033,CAROUGE_GE_ARMES,6,07:32:00,07:32:01
L12_T033,GENEVE_BLANCHE,7,07:33:00,07:33:01
L12_T033,GENEVE_AUGUSTINS,8,07:35:00,07:35:01
L12_T033,GENEVE_PONT_D_ARVE,9,07:36:00,07:36:01
L12_T033,GENEVE_PLAINPALAIS,10,07:38:00,07:38:01
L12_T033,GENEVE_PLACE_DE_NEUVE,11,07:40:00,07:40:01
L12_T033,GENEVE_BEL_AIR,12,07:42:00,07:42:01
L12_T033,GENEVE_MOLARD,13,07:43:00,07:43:01
L12_T033,GENEVE_RIVE,14,07:45:00,07:45:01
L12_T033,GENEVE_TERRASSIERE,15,07:47:00,07:47:01
L12_T033,GENEVE_VILLEREUSE,16,07:47:02,07:47:03
L12_T033,GENEVE_EAUX_VIVES_GARE,17,07:50:00,07:50:01
L12_T033,GENEVE_AMANDOLIER,18,07:51:00,07:51:01
L12_T033,CHENE_BOUGERIES_GRANGE_CANAL,19,07:52:00,07:52:01
L12_T033,CHENE_BOUGERIES_GRANGETTES,20,07:53:00,07:53:01
L12_T033,CHENE_BOUGERIES_GRANGE_FALQUET,21,07:55:00,07:55:01
L12_T033,CHENE_BOURG_PLACE_FAVRE,22,07:57:00,07:57:01
L12_T033,CHENE_BOURG_PEILLONNEX,23,07:58:00,07:58:01
L12_T033,THONEX_GRAVESON,24,07:59:00,07:59:01
L12_T033,THONEX_MOILLESULAZ,25,08:01:00,08:01:01
L12_T034,THONEX_MOILLESULAZ,1,07:05:00,07:05:01
L12_T034,THONEX_GRAVESON,2,07:07:00,07:07:01
L12_T034,CHENE_BOURG_PEILLONNEX,3,07:08:00,07:08:01
L12_T034,CHENE_BOURG_PLACE_FAVRE,4,07:10:00,07:10:01
L12_T034,CHENE_BOUGERIES_GRANGE_FALQUET,5,07:11:00,07:11:01
L12_T034,CHENE_BOUGERIES_GRANGETTES,6,07:13:00,07:13:01
L12_T034,CHENE_BOUGERIES_GRANGE_CANAL,7,07:14:00,07:14:01
L12_T034,GENEVE_AMANDOLIER,8,07:15:00,07:15:01
L12_T034,GENEVE_EAUX_VIVES_GARE,9,07:17:00,07:17:01
L12_T034,GENEVE_VILLEREUSE,10,07:19:00,07:19:01
L12_T034,GENEVE_TERRASSIERE,11,07:20:00,07:20:01
L12_T034,GENEVE_RIVE,12,07:22:00,07:22:01
L12_T034,GENEVE_MOLARD,13,07:23:00,07:23:01
L12_T034,GENEVE_BEL_AIR,14,07:25:00,07:25:01
L12_T034,GENEVE_PLACE_DE_NEUVE,15,07:27:00,07:27:01
L12_T034,GENEVE_PLAINPALAIS,16,07:28:00,07:28:01
L12_T034,GENEVE_PONT_D_ARVE,17,07:30:00,07:30:01
L12_T034,GENEVE_AUGUSTINS,18,07:31:00,07:31:01
L12_T034,GENEVE_BLANCHE,19,07:32:00,07:32:01
L12_T034,CAROUGE_GE_ARMES,20,07:34:00,07:34:01
L12_T034,CAROUGE_GE_MARCHE,21,07:35:00,07:35:01
L12_T034,CAROUGE_GE_ANCIENNE,22,07:37:00,07:37:01
L12_T034,CAROUGE_GE_RONDEAU,23,07:38:00,07:38:01
L12_T034,GRAND_LANCY_DE_STAEL,24,07:41:00,07:41:01
L12_T034,LANCY_BACHET_GARE,25,07:42:00,07:42:01
L12_T035,THONEX_MOILLESULAZ,1,08:58:00,08:58:01
L12_T035,THONEX_GRAVESON,2,09:00:00,09:00:01
L12_T035,CHENE_BOURG_PEILLONNEX,3,09:01:00,09:01:01
L12_T035,CHENE_BOURG_PLACE_FAVRE,4,09:03:00,09:03:01
L12_T035,CHENE_BOUGERIES_GRANGE_FALQUET,5,09:04:00,09:04:01
L12_T035,CHENE_BOUGERIES_GRANGETTES,6,09:06:00,09:06:01
L12_T035,CHENE_BOUGERIES_GRANGE_CANAL,7,09:07:00,09:07:01
L12_T035,GENEVE_AMANDOLIER,8,09:09:00,09:09:01
L12_T035,GENEVE_EAUX_VIVES_GARE,9,09:10:00,09:10:01
L12_T035,GENEVE_VILLEREUSE,10,09:12:00,09:12:01
L12_T035,GENEVE_TERRASSIERE,11,09:13:00,09:13:01
L12_T035,GENEVE_RIVE,12,09:15:00,09:15:01
L12_T035,GENEVE_MOLARD,13,09:17:00,09:17:01
L12_T035,GENEVE_BEL_AIR,14,09:18:00,09:18:01
L12_T035,GENEVE_PLACE_DE_NEUVE,15,09:20:00,09:20:01
L12_T035,GENEVE_PLAINPALAIS,16,09:22:00,09:22:01
L12_T035,GENEVE_PONT_D_ARVE,17,09:23:00,09:23:01
L12_T035,GENEVE_AUGUSTINS,18,09:25:00,09:25:01
L12_T035,GENEVE_BLANCHE,19,09:26:00,09:26:01
L12_T035,CAROUGE_GE_ARMES,20,09:28:00,09:28:01
L12_T035,CAROUGE_GE_MARCHE,21,09:29:00,09:29:01
L12_T035,CAROUGE_GE_ANCIENNE,22,09:31:00,09:31:01
L12_T035,CAROUGE_GE_RONDEAU,23,09:32:00,09:32:01
L12_T035,GRAND_LANCY_DE_STAEL,24,09:34:00,09:34:01
L12_T035,LANCY_BACHET_GARE,25,09:36:00,09:36:01
L12_T036,THONEX_MOILLESULAZ,1,06:44:00,06:44:01
L12_T036,THONEX_GRAVESON,2,06:46:00,06:46:01
L12_T036,CHENE_BOURG_PEILLONNEX,3,06:47:00,06:47:01
L12_T036,CHENE_BOURG_PLACE_FAVRE,4,06:49:00,06:49:01
L12_T036,CHENE_BOUGERIES_GRANGE_FALQUET,5,06:51:00,06:51:01
L12_T036,CHENE_BOUGERIES_GRANGETTES,6,06:52:00,06:52:01
L12_T036,CHENE_BOUGERIES_GRANGE_CANAL,7,06:53:00,06:53:01
L12_T036,GENEVE_AMANDOLIER,8,06:55:00,06:55:01
L12_T036,GENEVE_EAUX_VIVES_GARE,9,06:56:00,06:56:01
L12_T036,GENEVE_VILLEREUSE,10,06:58:00,06:58:01
L12_T036,GENEVE_TERRASSIERE,11,06:59:00,06:59:01
L12_T036,GENEVE_RIVE,12,07:01:00,07:01:01
L12_T036,GENEVE_MOLARD,13,07:02:00,07:02:01
L12_T036,GENEVE_BEL_AIR,14,07:03:00,07:03:01
L12_T036,GENEVE_PLACE_DE_NEUVE,15,07:05:00,07:05:01
L12_T036,GENEVE_PLAINPALAIS,16,07:07:00,07:07:01
L12_T036,GENEVE_PONT_D_ARVE,17,07:08:00,07:08:01
L12_T036,GENEVE_AUGUSTINS,18,07:10:00,07:10:01
L12_T036,GENEVE_BLANCHE,19,07:11:00,07:11:01
L12_T036,CAROUGE_GE_ARMES,20,07:12:00,07:12:01
L12_T036,CAROUGE_GE_MARCHE,21,07:14:00,07:14:01
L12_T036,CAROUGE_GE_ANCIENNE,22,07:15:00,07:15:01
L12_T036,CAROUGE_GE_RONDEAU,23,07:17:00,07:17:01
L12_T036,GRAND_LANCY_DE_STAEL,24,07:19:00,07:19:01
L12_T036,LANCY_BACHET_GARE,25,07:20:00,07:20:01
L12_T037,THONEX_MOILLESULAZ,1,06:33:00,06:33:01
L12_T037,THONEX_GRAVESON,2,06:35:00,06:35:01
L12_T037,CHENE_BOURG_PEILLONNEX,3,06:36:00,06:36:01
L12_T037,CHENE_BOURG_PLACE_FAVRE,4,06:38:00,06:38:01
L12_T037,CHENE_BOUGERIES_GRANGE_FALQUET,5,06:40:00,06:40:01
L12_T037,CHENE_BOUGERIES_GRANGETTES,6,06:41:00,06:41:01
L12_T037,CHENE_BOUGERIES_GRANGE_CANAL,7,06:42:00,06:42:01
L12_T037,GENEVE_AMANDOLIER,8,06:44:00,06:44:01
L12_T037,GENEVE_EAUX_VIVES_GARE,9,06:45:00,06:45:01
L12_T037,GENEVE_VILLEREUSE,10,06:47:00,06:47:01
L12_T037,GENEVE_TERRASSIERE,11,06:48:00,06:48:01
L12_T037,GENEVE_RIVE,12,06:50:00,06:50:01
L12_T037,GENEVE_MOLARD,13,06:51:00,06:51:01
L12_T037,GENEVE_BEL_AIR,14,06:52:00,06:52:01
L12_T037,GENEVE_PLACE_DE_NEUVE,15,06:54:00,06:54:01
L12_T037,GENEVE_PLAINPALAIS,16,06:56:00,06:56:01
L12_T037,GENEVE_PONT_D_ARVE,17,06:57:00,06:57:01
L12_T037,GENEVE_AUGUSTINS,18,06:59:00,06:59:01
L12_T037,GENEVE_BLANCHE,19,07:00:00,07:00:01
L12_T037,CAROUGE_GE_ARMES,20,07:01:00,07:01:01
L12_T037,CAROUGE_GE_MARCHE,21,07:03:00,07:03:01
L12_T037,CAROUGE_GE_ANCIENNE,22,07:04:00,07:04:01
L12_T037,CAROUGE_GE_RONDEAU,23,07:06:00,07:06:01
L12_T037,GRAND_LANCY_DE_STAEL,24,07:08:00,07:08:01
L12_T037,LANCY_BACHET_GARE,25,07:09:00,07:09:01
L12_T038,THONEX_MOILLESULAZ,1,07:14:00,07:14:01
L12_T038,THONEX_GRAVESON,2,07:16:00,07:16:01
L12_T038,CHENE_BOURG_PEILLONNEX,3,07:17:00,07:17:01
L12_T038,CHENE_BOURG_PLACE_FAVRE,4,07:19:00,07:19:01
L12_T038,CHENE_BOUGERIES_GRANGE_FALQUET,5,07:21:00,07:21:01
L12_T038,CHENE_BOUGERIES_GRANGETTES,6,07:22:00,07:22:01
L12_T038,CHENE_BOUGERIES_GRANGE_CANAL,7,07:24:00,07:24:01
L12_T038,GENEVE_AMANDOLIER,8,07:25:00,07:25:01
L12_T038,GENEVE_EAUX_VIVES_GARE,9,07:26:00,07:26:01
L12_T038,GENEVE_VILLEREUSE,10,07:29:00,07:29:01
L12_T038,GENEVE_TERRASSIERE,11,07:30:00,07:30:01
L12_T038,GENEVE_RIVE,12,07:31:00,07:31:01
L12_T038,GENEVE_MOLARD,13,07:33:00,07:33:01
L12_T038,GENEVE_BEL_AIR,14,07:34:00,07:34:01
L12_T038,GENEVE_PLACE_DE_NEUVE,15,07:36:00,07:36:01
L12_T038,GENEVE_PLAINPALAIS,16,07:38:00,07:38:01
L12_T038,GENEVE_PONT_D_ARVE,17,07:39:00,07:39:01
L12_T038,GENEVE_AUGUSTINS,18,07:41:00,07:41:01
L12_T038,GENEVE_BLANCHE,19,07:42:00,07:42:01
L12_T038,CAROUGE_GE_ARMES,20,07:44:00,07:44:01
L12_T038,CAROUGE_GE_MARCHE,21,07:45:00,07:45:01
L12_T038,CAROUGE_GE_ANCIENNE,22,07:47:00,07:47:01
L12_T038,CAROUGE_GE_RONDEAU,23,07:48:00,07:48:01
L12_T038,GRAND_LANCY_DE_STAEL,24,07:50:00,07:50:01
L12_T038,LANCY_BACHET_GARE,25,07:52:00,07:52:01
L12_T039,THONEX_MOILLESULAZ,1,07:33:00,07:33:01
L12_T039,THONEX_GRAVESON,2,07:35:00,07:35:01
L12_T039,CHENE_BOURG_PEILLONNEX,3,07:36:00,07:36:01
L12_T039,CHENE_BOURG_PLACE_FAVRE,4,07:38:00,07:38:01
L12_T039,CHENE_BOUGERIES_GRANGE_FALQUET,5,07:40:00,07:40:01
L12_T039,CHENE_BOUGERIES_GRANGETTES,6,07:41:00,07:41:01
L12_T039,CHENE_BOUGERIES_GRANGE_CANAL,7,07:43:00,07:43:01
L12_T039,GENEVE_AMANDOLIER,8,07:44:00,07:44:01
L12_T039,GENEVE_EAUX_VIVES_GARE,9,07:45:00,07:45:01
L12_T039,GENEVE_VILLEREUSE,10,07:48:00,07:48:01
L12_T039,GENEVE_TERRASSIERE,11,07:49:00,07:49:01
L12_T039,GENEVE_RIVE,12,07:50:00,07:50:01
L12_T039,GENEVE_MOLARD,13,07:52:00,07:52:01
L12_T039,GENEVE_BEL_AIR,14,07:53:00,07:53:01
L12_T039,GENEVE_PLACE_DE_NEUVE,15,07:55:00,07:55:01
L12_T039,GENEVE_PLAINPALAIS,16,07:57:00,07:57:01
L12_T039,GENEVE_PONT_D_ARVE,17,07:59:00,07:59:01
L12_T039,GENEVE_AUGUSTINS,18,08:00:00,08:00:01
L12_T039,GENEVE_BLANCHE,19,08:01:00,08:01:01
L12_T039,CAROUGE_GE_ARMES,20,08:03:00,08:03:01
L12_T039,CAROUGE_GE_MARCHE,21,08:04:00,08:04:01
L12_T039,CAROUGE_GE_ANCIENNE,22,08:06:00,08:06:01
L12_T039,CAROUGE_GE_RONDEAU,23,08:07:00,08:07:01
L12_T039,GRAND_LANCY_DE_STAEL,24,08:10:00,08:10:01
L12_T039,LANCY_BACHET_GARE,25,08:11:00,08:11:01
L12_T040,THONEX_MOILLESULAZ,1,08:39:00,08:39:01
L12_T040,THONEX_GRAVESON,2,08:41:00,08:41:01
L12_T040,CHENE_BOURG_PEILLONNEX,3,08:42:00,08:42:01
L12_T040,CHENE_BOURG_PLACE_FAVRE,4,08:44:00,08:44:01
L12_T040,CHENE_BOUGERIES_GRANGE_FALQUET,5,08:46:00,08:46:01
L12_T040,CHENE_BOUGERIES_GRANGETTES,6,08:47:00,08:47:01
L12_T040,CHENE_BOUGERIES_GRANGE_CANAL,7,08:49:00,08:49:01
L12_T040,GENEVE_AMANDOLIER,8,08:50:00,08:50:01
L12_T040,GENEVE_EAUX_VIVES_GARE,9,08:52:00,08:52:01
L12_T040,GENEVE_VILLEREUSE,10,08:54:00,08:54:01
L12_T040,GENEVE_TERRASSIERE,11,08:55:00,08:55:01
L12_T040,GENEVE_RIVE,12,08:57:00,08:57:01
L12_T040,GENEVE_MOLARD,13,08:58:00,08:58:01
L12_T040,GENEVE_BEL_AIR,14,09:00:00,09:00:01
L12_T040,GENEVE_PLACE_DE_NEUVE,15,09:02:00,09:02:01
L12_T040,GENEVE_PLAINPALAIS,16,09:04:00,09:04:01
L12_T040,GENEVE_PONT_D_ARVE,17,09:05:00,09:05:01
L12_T040,GENEVE_AUGUSTINS,18,09:06:00,09:06:01
L12_T040,GENEVE_BLANCHE,19,09:08:00,09:08:01
L12_T040,CAROUGE_GE_ARMES,20,09:09:00,09:09:01
L12_T040,CAROUGE_GE_MARCHE,21,09:11:00,09:11:01
L12_T040,CAROUGE_GE_ANCIENNE,22,09:12:00,09:12:01
L12_T040,CAROUGE_GE_RONDEAU,23,09:14:00,09:14:01
L12_T040,GRAND_LANCY_DE_STAEL,24,09:16:00,09:16:01
L12_T040,LANCY_BACHET_GARE,25,09:17:00,09:17:01
L12_T041,THONEX_MOILLESULAZ,1,07:52:00,07:52:01
L12_T041,THONEX_GRAVESON,2,07:54:00,07:54:01
L12_T041,CHENE_BOURG_PEILLONNEX,3,07:55:00,07:55:01
L12_T041,CHENE_BOURG_PLACE_FAVRE,4,07:57:00,07:57:01
L12_T041,CHENE_BOUGERIES_GRANGE_FALQUET,5,07:59:00,07:59:01
L12_T041,CHENE_BOUGERIES_GRANGETTES,6,08:00:00,08:00:01
L12_T041,CHENE_BOUGERIES_GRANGE_CANAL,7,08:02:00,08:02:01
L12_T041,GENEVE_AMANDOLIER,8,08:03:00,08:03:01
L12_T041,GENEVE_EAUX_VIVES_GARE,9,08:05:00,08:05:01
L12_T041,GENEVE_VILLEREUSE,10,08:07:00,08:07:01
L12_T041,GENEVE_TERRASSIERE,11,08:08:00,08:08:01
L12_T041,GENEVE_RIVE,12,08:10:00,08:10:01
L12_T041,GENEVE_MOLARD,13,08:11:00,08:11:01
L12_T041,GENEVE_BEL_AIR,14,08:13:00,08:13:01
L12_T041,GENEVE_PLACE_DE_NEUVE,15,08:15:00,08:15:01
L12_T041,GENEVE_PLAINPALAIS,16,08:17:00,08:17:01
L12_T041,GENEVE_PONT_D_ARVE,17,08:18:00,08:18:01
L12_T041,GENEVE_AUGUSTINS,18,08:19:00,08:19:01
L12_T041,GENEVE_BLANCHE,19,08:21:00,08:21:01
L12_T041,CAROUGE_GE_ARMES,20,08:22:00,08:22:01
L12_T041,CAROUGE_GE_MARCHE,21,08:24:00,08:24:01
L12_T041,CAROUGE_GE_ANCIENNE,22,08:25:00,08:25:01
L12_T041,CAROUGE_GE_RONDEAU,23,08:27:00,08:27:01
L12_T041,GRAND_LANCY_DE_STAEL,24,08:29:00,08:29:01
L12_T041,LANCY_BACHET_GARE,25,08:30:00,08:30:01
L12_T042,THONEX_MOILLESULAZ,1,08:11:00,08:11:01
L12_T042,THONEX_GRAVESON,2,08:13:00,08:13:01
L12_T042,CHENE_BOURG_PEILLONNEX,3,08:14:00,08:14:01
L12_T042,CHENE_BOURG_PLACE_FAVRE,4,08:16:00,08:16:01
L12_T042,CHENE_BOUGERIES_GRANGE_FALQUET,5,08:18:00,08:18:01
L12_T042,CHENE_BOUGERIES_GRANGETTES,6,08:19:00,08:19:01
L12_T042,CHENE_BOUGERIES_GRANGE_CANAL,7,08:21:00,08:21:01
L12_T042,GENEVE_AMANDOLIER,8,08:22:00,08:22:01
L12_T042,GENEVE_EAUX_VIVES_GARE,9,08:24:00,08:24:01
L12_T042,GENEVE_VILLEREUSE,10,08:26:00,08:26:01
L12_T042,GENEVE_TERRASSIERE,11,08:27:00,08:27:01
L12_T042,GENEVE_RIVE,12,08:29:00,08:29:01
L12_T042,GENEVE_MOLARD,13,08:31:00,08:31:01
L12_T042,GENEVE_BEL_AIR,14,08:32:00,08:32:01
L12_T042,GENEVE_PLACE_DE_NEUVE,15,08:34:00,08:34:01
L12_T042,GENEVE_PLAINPALAIS,16,08:36:00,08:36:01
L12_T042,GENEVE_PONT_D_ARVE,17,08:37:00,08:37:01
L12_T042,GENEVE_AUGUSTINS,18,08:39:00,08:39:01
L12_T042,GENEVE_BLANCHE,19,08:40:00,08:40:01
L12_T042,CAROUGE_GE_ARMES,20,08:42:00,08:42:01
L12_T042,CAROUGE_GE_MARCHE,21,08:43:00,08:43:01
L12_T042,CAROUGE_GE_ANCIENNE,22,08:45:00,08:45:01
L12_T042,CAROUGE_GE_RONDEAU,23,08:46:00,08:46:01
L12_T042,GRAND_LANCY_DE_STAEL,24,08:48:00,08:48:01
L12_T042,LANCY_BACHET_GARE,25,08:50:00,08:50:01
L12_T043,THONEX_MOILLESULAZ,1,06:53:00,06:53:01
L12_T043,THONEX_GRAVESON,2,06:55:00,06:55:01
L12_T043,CHENE_BOURG_PEILLONNEX,3,06:57:00,06:57:01
L12_T043,CHENE_BOURG_PLACE_FAVRE,4,06:58:00,06:58:01
L12_T043,CHENE_BOUGERIES_GRANGE_FALQUET,5,07:00:00,07:00:01
L12_T043,CHENE_BOUGERIES_GRANGETTES,6,07:01:00,07:01:01
L12_T043,CHENE_BOUGERIES_GRANGE_CANAL,7,07:03:00,07:03:01
L12_T043,GENEVE_AMANDOLIER,8,07:04:00,07:04:01
L12_T043,GENEVE_EAUX_VIVES_GARE,9,07:05:00,07:05:01
L12_T043,GENEVE_VILLEREUSE,10,07:07:00,07:07:01
L12_T043,GENEVE_TERRASSIERE,11,07:08:00,07:08:01
L12_T043,GENEVE_RIVE,12,07:10:00,07:10:01
L12_T043,GENEVE_MOLARD,13,07:12:00,07:12:01
L12_T043,GENEVE_BEL_AIR,14,07:13:00,07:13:01
L12_T043,GENEVE_PLACE_DE_NEUVE,15,07:15:00,07:15:01
L12_T043,GENEVE_PLAINPALAIS,16,07:16:00,07:16:01
L12_T043,GENEVE_PONT_D_ARVE,17,07:18:00,07:18:01
L12_T043,GENEVE_AUGUSTINS,18,07:19:00,07:19:01
L12_T043,GENEVE_BLANCHE,19,07:20:00,07:20:01
L12_T043,CAROUGE_GE_ARMES,20,07:22:00,07:22:01
L12_T043,CAROUGE_GE_MARCHE,21,07:23:00,07:23:01
L12_T043,CAROUGE_GE_ANCIENNE,22,07:25:00,07:25:01
L12_T043,CAROUGE_GE_RONDEAU,23,07:26:00,07:26:01
L12_T043,GRAND_LANCY_DE_STAEL,24,07:29:00,07:29:01
L12_T043,LANCY_BACHET_GARE,25,07:30:00,07:30:01
L12_T044,THONEX_MOILLESULAZ,1,08:20:00,08:20:01
L12_T044,THONEX_GRAVESON,2,08:22:00,08:22:01
L12_T044,CHENE_BOURG_PEILLONNEX,3,08:24:00,08:24:01
L12_T044,CHENE_BOURG_PLACE_FAVRE,4,08:25:00,08:25:01
L12_T044,CHENE_BOUGERIES_GRANGE_FALQUET,5,08:27:00,08:27:01
L12_T044,CHENE_BOUGERIES_GRANGETTES,6,08:29:00,08:29:01
L12_T044,CHENE_BOUGERIES_GRANGE_CANAL,7,08:30:00,08:30:01
L12_T044,GENEVE_AMANDOLIER,8,08:32:00,08:32:01
L12_T044,GENEVE_EAUX_VIVES_GARE,9,08:33:00,08:33:01
L12_T044,GENEVE_VILLEREUSE,10,08:35:00,08:35:01
L12_T044,GENEVE_TERRASSIERE,11,08:36:00,08:36:01
L12_T044,GENEVE_RIVE,12,08:38:00,08:38:01
L12_T044,GENEVE_MOLARD,13,08:40:00,08:40:01
L12_T044,GENEVE_BEL_AIR,14,08:41:00,08:41:01
L12_T044,GENEVE_PLACE_DE_NEUVE,15,08:43:00,08:43:01
L12_T044,GENEVE_PLAINPALAIS,16,08:45:00,08:45:01
L12_T044,GENEVE_PONT_D_ARVE,17,08:47:00,08:47:01
L12_T044,GENEVE_AUGUSTINS,18,08:48:00,08:48:01
L12_T044,GENEVE_BLANCHE,19,08:49:00,08:49:01
L12_T044,CAROUGE_GE_ARMES,20,08:51:00,08:51:01
L12_T044,CAROUGE_GE_MARCHE,21,08:52:00,08:52:01
L12_T044,CAROUGE_GE_ANCIENNE,22,08:54:00,08:54:01
L12_T044,CAROUGE_GE_RONDEAU,23,08:55:00,08:55:01
L12_T044,GRAND_LANCY_DE_STAEL,24,08:58:00,08:58:01
L12_T044,LANCY_BACHET_GARE,25,08:59:00,08:59:01
L12_T045,THONEX_MOILLESULAZ,1,07:23:00,07:23:01
L12_T045,THONEX_GRAVESON,2,07:25:00,07:25:01
L12_T045,CHENE_BOURG_PEILLONNEX,3,07:27:00,07:27:01
L12_T045,CHENE_BOURG_PLACE_FAVRE,4,07:29:00,07:29:01
L12_T045,CHENE_BOUGERIES_GRANGE_FALQUET,5,07:30:00,07:30:01
L12_T045,CHENE_BOUGERIES_GRANGETTES,6,07:32:00,07:32:01
L12_T045,CHENE_BOUGERIES_GRANGE_CANAL,7,07:33:00,07:33:01
L12_T045,GENEVE_AMANDOLIER,8,07:35:00,07:35:01
L12_T045,GENEVE_EAUX_VIVES_GARE,9,07:36:00,07:36:01
L12_T045,GENEVE_VILLEREUSE,10,07:38:00,07:38:01
L12_T045,GENEVE_TERRASSIERE,11,07:39:00,07:39:01
L12_T045,GENEVE_RIVE,12,07:41:00,07:41:01
L12_T045,GENEVE_MOLARD,13,07:43:00,07:43:01
L12_T045,GENEVE_BEL_AIR,14,07:44:00,07:44:01
L12_T045,GENEVE_PLACE_DE_NEUVE,15,07:46:00,07:46:01
L12_T045,GENEVE_PLAINPALAIS,16,07:48:00,07:48:01
L12_T045,GENEVE_PONT_D_ARVE,17,07:49:00,07:49:01
L12_T045,GENEVE_AUGUSTINS,18,07:50:00,07:50:01
L12_T045,GENEVE_BLANCHE,19,07:52:00,07:52:01
L12_T045,CAROUGE_GE_ARMES,20,07:53:00,07:53:01
L12_T045,CAROUGE_GE_MARCHE,21,07:55:00,07:55:01
L12_T045,CAROUGE_GE_ANCIENNE,22,07:56:00,07:56:01
L12_T045,CAROUGE_GE_RONDEAU,23,07:58:00,07:58:01
L12_T045,GRAND_LANCY_DE_STAEL,24,08:00:00,08:00:01
L12_T045,LANCY_BACHET_GARE,25,08:01:00,08:01:01
L12_T046,THONEX_MOILLESULAZ,1,08:01:00,08:01:01
L12_T046,THONEX_GRAVESON,2,08:03:00,08:03:01
L12_T046,CHENE_BOURG_PEILLONNEX,3,08:05:00,08:05:01
L12_T046,CHENE_BOURG_PLACE_FAVRE,4,08:07:00,08:07:01
L12_T046,CHENE_BOUGERIES_GRANGE_FALQUET,5,08:09:00,08:09:01
L12_T046,CHENE_BOUGERIES_GRANGETTES,6,08:10:00,08:10:01
L12_T046,CHENE_BOUGERIES_GRANGE_CANAL,7,08:12:00,08:12:01
L12_T046,GENEVE_AMANDOLIER,8,08:13:00,08:13:01
L12_T046,GENEVE_EAUX_VIVES_GARE,9,08:14:00,08:14:01
L12_T046,GENEVE_VILLEREUSE,10,08:17:00,08:17:01
L12_T046,GENEVE_TERRASSIERE,11,08:18:00,08:18:01
L12_T046,GENEVE_RIVE,12,08:19:00,08:19:01
L12_T046,GENEVE_MOLARD,13,08:21:00,08:21:01
L12_T046,GENEVE_BEL_AIR,14,08:22:00,08:22:01
L12_T046,GENEVE_PLACE_DE_NEUVE,15,08:24:00,08:24:01
L12_T046,GENEVE_PLAINPALAIS,16,08:26:00,08:26:01
L12_T046,GENEVE_PONT_D_ARVE,17,08:28:00,08:28:01
L12_T046,GENEVE_AUGUSTINS,18,08:29:00,08:29:01
L12_T046,GENEVE_BLANCHE,19,08:30:00,08:30:01
L12_T046,CAROUGE_GE_ARMES,20,08:32:00,08:32:01
L12_T046,CAROUGE_GE_MARCHE,21,08:33:00,08:33:01
L12_T046,CAROUGE_GE_ANCIENNE,22,08:35:00,08:35:01
L12_T046,CAROUGE_GE_RONDEAU,23,08:36:00,08:36:01
L12_T046,GRAND_LANCY_DE_STAEL,24,08:39:00,08:39:01
L12_T046,LANCY_BACHET_GARE,25,08:40:00,08:40:01
L12_T047,THONEX_MOILLESULAZ,1,07:42:00,07:42:01
L12_T047,THONEX_GRAVESON,2,07:44:00,07:44:01
L12_T047,CHENE_BOURG_PEILLONNEX,3,07:46:00,07:46:01
L12_T047,CHENE_BOURG_PLACE_FAVRE,4,07:48:00,07:48:01
L12_T047,CHENE_BOUGERIES_GRANGE_FALQUET,5,07:50:00,07:50:01
L12_T047,CHENE_BOUGERIES_GRANGETTES,6,07:51:00,07:51:01
L12_T047,CHENE_BOUGERIES_GRANGE_CANAL,7,07:53:00,07:53:01
L12_T047,GENEVE_AMANDOLIER,8,07:54:00,07:54:01
L12_T047,GENEVE_EAUX_VIVES_GARE,9,07:55:00,07:55:01
L12_T047,GENEVE_VILLEREUSE,10,07:58:00,07:58:01
L12_T047,GENEVE_TERRASSIERE,11,07:59:00,07:59:01
L12_T047,GENEVE_RIVE,12,08:00:00,08:00:01
L12_T047,GENEVE_MOLARD,13,08:02:00,08:02:01
L12_T047,GENEVE_BEL_AIR,14,08:03:00,08:03:01
L12_T047,GENEVE_PLACE_DE_NEUVE,15,08:05:00,08:05:01
L12_T047,GENEVE_PLAINPALAIS,16,08:07:00,08:07:01
L12_T047,GENEVE_PONT_D_ARVE,17,08:09:00,08:09:01
L12_T047,GENEVE_AUGUSTINS,18,08:10:00,08:10:01
L12_T047,GENEVE_BLANCHE,19,08:11:00,08:11:01
L12_T047,CAROUGE_GE_ARMES,20,08:13:00,08:13:01
L12_T047,CAROUGE_GE_MARCHE,21,08:14:00,08:14:01
L12_T047,CAROUGE_GE_ANCIENNE,22,08:16:00,08:16:01
L12_T047,CAROUGE_GE_RONDEAU,23,08:17:00,08:17:01
L12_T047,GRAND_LANCY_DE_STAEL,24,08:20:00,08:20:01
L12_T047,LANCY_BACHET_GARE,25,08:21:00,08:21:01
L12_T048,THONEX_MOILLESULAZ,1,08:29:00,08:29:01
L12_T048,THONEX_GRAVESON,2,08:31:00,08:31:01
L12_T048,CHENE_BOURG_PEILLONNEX,3,08:33:00,08:33:01
L12_T048,CHENE_BOURG_PLACE_FAVRE,4,08:35:00,08:35:01
L12_T048,CHENE_BOUGERIES_GRANGE_FALQUET,5,08:37:00,08:37:01
L12_T048,CHENE_BOUGERIES_GRANGETTES,6,08:38:00,08:38:01
L12_T048,CHENE_BOUGERIES_GRANGE_CANAL,7,08:40:00,08:40:01
L12_T048,GENEVE_AMANDOLIER,8,08:41:00,08:41:01
L12_T048,GENEVE_EAUX_VIVES_GARE,9,08:42:00,08:42:01
L12_T048,GENEVE_VILLEREUSE,10,08:45:00,08:45:01
L12_T048,GENEVE_TERRASSIERE,11,08:46:00,08:46:01
L12_T048,GENEVE_RIVE,12,08:48:00,08:48:01
L12_T048,GENEVE_MOLARD,13,08:49:00,08:49:01
L12_T048,GENEVE_BEL_AIR,14,08:51:00,08:51:01
L12_T048,GENEVE_PLACE_DE_NEUVE,15,08:53:00,08:53:01
L12_T048,GENEVE_PLAINPALAIS,16,08:55:00,08:55:01
L12_T048,GENEVE_PONT_D_ARVE,17,08:56:00,08:56:01
L12_T048,GENEVE_AUGUSTINS,18,08:57:00,08:57:01
L12_T048,GENEVE_BLANCHE,19,08:59:00,08:59:01
L12_T048,CAROUGE_GE_ARMES,20,09:00:00,09:00:01
L12_T048,CAROUGE_GE_MARCHE,21,09:02:00,09:02:01
L12_T048,CAROUGE_GE_ANCIENNE,22,09:03:00,09:03:01
L12_T048,CAROUGE_GE_RONDEAU,23,09:05:00,09:05:01
L12_T048,GRAND_LANCY_DE_STAEL,24,09:07:00,09:07:01
L12_T048,LANCY_BACHET_GARE,25,09:08:00,09:08:01
L12_T049,THONEX_MOILLESULAZ,1,08:48:00,08:48:01
L12_T049,THONEX_GRAVESON,2,08:50:00,08:50:01
L12_T049,CHENE_BOURG_PEILLONNEX,3,08:52:00,08:52:01
L12_T049,CHENE_BOURG_PLACE_FAVRE,4,08:53:00,08:53:01
L12_T049,CHENE_BOUGERIES_GRANGE_FALQUET,5,08:55:00,08:55:01
L12_T049,CHENE_BOUGERIES_GRANGETTES,6,08:56:00,08:56:01
L12_T049,CHENE_BOUGERIES_GRANGE_CANAL,7,08:58:00,08:58:01
L12_T049,GENEVE_AMANDOLIER,8,08:59:00,08:59:01
L12_T049,GENEVE_EAUX_VIVES_GARE,9,09:01:00,09:01:01
L12_T049,GENEVE_VILLEREUSE,10,09:03:00,09:03:01
L12_T049,GENEVE_TERRASSIERE,11,09:04:00,09:04:01
L12_T049,GENEVE_RIVE,12,09:06:00,09:06:01
L12_T049,GENEVE_MOLARD,13,09:07:00,09:07:01
L12_T049,GENEVE_BEL_AIR,14,09:09:00,09:09:01
L12_T049,GENEVE_PLACE_DE_NEUVE,15,09:11:00,09:11:01
L12_T049,GENEVE_PLAINPALAIS,16,09:13:00,09:13:01
L12_T049,GENEVE_PONT_D_ARVE,17,09:14:00,09:14:01
L12_T049,GENEVE_AUGUSTINS,18,09:15:00,09:15:01
L12_T049,GENEVE_BLANCHE,19,09:17:00,09:17:01
L12_T049,CAROUGE_GE_ARMES,20,09:18:00,09:18:01
L12_T049,CAROUGE_GE_MARCHE,21,09:20:00,09:20:01
L12_T049,CAROUGE_GE_ANCIENNE,22,09:21:00,09:21:01
L12_T049,CAROUGE_GE_RONDEAU,23,09:23:00,09:23:01
L12_T049,GRAND_LANCY_DE_STAEL,24,09:25:00,09:25:01
L12_T049,LANCY_BACHET_GARE,25,09:26:00,09:26:01
L12_T050,THONEX_MOILLESULAZ,1,08:53:00,08:53:01
L12_T050,THONEX_GRAVESON,2,08:55:00,08:55:01
L12_T050,CHENE_BOURG_PEILLONNEX,3,08:56:00,08:56:01
L12_T050,CHENE_BOURG_PLACE_FAVRE,4,08:58:00,08:58:01
L12_T050,CHENE_BOUGERIES_GRANGE_FALQUET,5,08:59:00,08:59:01
L12_T050,CHENE_BOUGERIES_GRANGETTES,6,09:01:00,09:01:01
L12_T050,CHENE_BOUGERIES_GRANGE_CANAL,7,09:02:00,09:02:01
L12_T050,GENEVE_AMANDOLIER,8,09:04:00,09:04:01
L12_T050,GENEVE_EAUX_VIVES_GARE,9,09:05:00,09:05:01
L12_T050,GENEVE_VILLEREUSE,10,09:07:00,09:07:01
L12_T050,GENEVE_TERRASSIERE,11,09:08:00,09:08:01
L12_T050,GENEVE_RIVE,12,09:10:00,09:10:01
L12_T050,GENEVE_MOLARD,13,09:12:00,09:12:01
L12_T050,GENEVE_BEL_AIR,14,09:13:00,09:13:01
L12_T050,GENEVE_PLACE_DE_NEUVE,15,09:15:00,09:15:01
L12_T050,GENEVE_PLAINPALAIS,16,09:17:00,09:17:01
L12_T050,GENEVE_PONT_D_ARVE,17,09:18:00,09:18:01
L12_T050,GENEVE_AUGUSTINS,18,09:20:00,09:20:01
L12_T050,GENEVE_BLANCHE,19,09:21:00,09:21:01
L12_T050,CAROUGE_GE_ARMES,20,09:23:00,09:23:01
L12_T050,CAROUGE_GE_MARCHE,21,09:24:00,09:24:01
L12_T050,CAROUGE_GE_ANCIENNE,22,09:26:00,09:26:01
L12_T050,CAROUGE_GE_RONDEAU,23,09:27:00,09:27:01
L12_T050,GRAND_LANCY_DE_STAEL,24,09:29:00,09:29:01
L12_T050,LANCY_BACHET_GARE,25,09:31:00,09:31:01
L12_T051,THONEX_MOILLESULAZ,1,06:25:00,06:25:01
L12_T051,THONEX_GRAVESON,2,06:27:00,06:27:01
L12_T051,CHENE_BOURG_PEILLONNEX,3,06:28:00,06:28:01
L12_T051,CHENE_BOURG_PLACE_FAVRE,4,06:30:00,06:30:01
L12_T051,CHENE_BOUGERIES_GRANGE_FALQUET,5,06:32:00,06:32:01
L12_T051,CHENE_BOUGERIES_GRANGETTES,6,06:33:00,06:33:01
L12_T051,CHENE_BOUGERIES_GRANGE_CANAL,7,06:34:00,06:34:01
L12_T051,GENEVE_AMANDOLIER,8,06:36:00,06:36:01
L12_T051,GENEVE_EAUX_VIVES_GARE,9,06:37:00,06:37:01
L12_T051,GENEVE_VILLEREUSE,10,06:39:00,06:39:01
L12_T051,GENEVE_TERRASSIERE,11,06:40:00,06:40:01
L12_T051,GENEVE_RIVE,12,06:42:00,06:42:01
L12_T051,GENEVE_MOLARD,13,06:43:00,06:43:01
L12_T051,GENEVE_BEL_AIR,14,06:44:00,06:44:01
L12_T051,GENEVE_PLACE_DE_NEUVE,15,06:46:00,06:46:01
L12_T051,GENEVE_PLAINPALAIS,16,06:48:00,06:48:01
L12_T051,GENEVE_PONT_D_ARVE,17,06:49:00,06:49:01
L12_T051,GENEVE_AUGUSTINS,18,06:51:00,06:51:01
L12_T051,GENEVE_BLANCHE,19,06:52:00,06:52:01
L12_T051,CAROUGE_GE_ARMES,20,06:53:00,06:53:01
L12_T051,CAROUGE_GE_MARCHE,21,06:54:00,06:54:01
L12_T051,CAROUGE_GE_ANCIENNE,22,06:56:00,06:56:01
L12_T051,CAROUGE_GE_RONDEAU,23,06:57:00,06:57:01
L12_T051,GRAND_LANCY_DE_STAEL,24,07:00:00,07:00:01
L12_T051,LANCY_BACHET_GARE,25,07:01:00,07:01:01
L12_T052,THONEX_MOILLESULAZ,1,06:39:00,06:39:01
L12_T052,THONEX_GRAVESON,2,06:41:00,06:41:01
L12_T052,CHENE_BOURG_PEILLONNEX,3,06:42:00,06:42:01
L12_T052,CHENE_BOURG_PLACE_FAVRE,4,06:44:00,06:44:01
L12_T052,CHENE_BOUGERIES_GRANGE_FALQUET,5,06:46:00,06:46:01
L12_T052,CHENE_BOUGERIES_GRANGETTES,6,06:47:00,06:47:01
L12_T052,CHENE_BOUGERIES_GRANGE_CANAL,7,06:48:00,06:48:01
L12_T052,GENEVE_AMANDOLIER,8,06:50:00,06:50:01
L12_T052,GENEVE_EAUX_VIVES_GARE,9,06:51:00,06:51:01
L12_T052,GENEVE_VILLEREUSE,10,06:53:00,06:53:01
L12_T052,GENEVE_TERRASSIERE,11,06:54:00,06:54:01
L12_T052,GENEVE_RIVE,12,06:56:00,06:56:01
L12_T052,GENEVE_MOLARD,13,06:57:00,06:57:01
L12_T052,GENEVE_BEL_AIR,14,06:58:00,06:58:01
L12_T052,GENEVE_PLACE_DE_NEUVE,15,07:00:00,07:00:01
L12_T052,GENEVE_PLAINPALAIS,16,07:02:00,07:02:01
L12_T052,GENEVE_PONT_D_ARVE,17,07:03:00,07:03:01
L12_T052,GENEVE_AUGUSTINS,18,07:05:00,07:05:01
L12_T052,GENEVE_BLANCHE,19,07:06:00,07:06:01
L12_T052,CAROUGE_GE_ARMES,20,07:07:00,07:07:01
L12_T052,CAROUGE_GE_MARCHE,21,07:09:00,07:09:01
L12_T052,CAROUGE_GE_ANCIENNE,22,07:10:00,07:10:01
L12_T052,CAROUGE_GE_RONDEAU,23,07:12:00,07:12:01
L12_T052,GRAND_LANCY_DE_STAEL,24,07:14:00,07:14:01
L12_T052,LANCY_BACHET_GARE,25,07:15:00,07:15:01
L12_T053,THONEX_MOILLESULAZ,1,06:48:00,06:48:01
L12_T053,THONEX_GRAVESON,2,06:50:00,06:50:01
L12_T053,CHENE_BOURG_PEILLONNEX,3,06:51:00,06:51:01
L12_T053,CHENE_BOURG_PLACE_FAVRE,4,06:53:00,06:53:01
L12_T053,CHENE_BOUGERIES_GRANGE_FALQUET,5,06:55:00,06:55:01
L12_T053,CHENE_BOUGERIES_GRANGETTES,6,06:56:00,06:56:01
L12_T053,CHENE_BOUGERIES_GRANGE_CANAL,7,06:57:00,06:57:01
L12_T053,GENEVE_AMANDOLIER,8,06:59:00,06:59:01
L12_T053,GENEVE_EAUX_VIVES_GARE,9,07:00:00,07:00:01
L12_T053,GENEVE_VILLEREUSE,10,07:02:00,07:02:01
L12_T053,GENEVE_TERRASSIERE,11,07:03:00,07:03:01
L12_T053,GENEVE_RIVE,12,07:05:00,07:05:01
L12_T053,GENEVE_MOLARD,13,07:06:00,07:06:01
L12_T053,GENEVE_BEL_AIR,14,07:07:00,07:07:01
L12_T053,GENEVE_PLACE_DE_NEUVE,15,07:09:00,07:09:01
L12_T053,GENEVE_PLAINPALAIS,16,07:11:00,07:11:01
L12_T053,GENEVE_PONT_D_ARVE,17,07:12:00,07:12:01
L12_T053,GENEVE_AUGUSTINS,18,07:14:00,07:14:01
L12_T053,GENEVE_BLANCHE,19,07:15:00,07:15:01
L12_T053,CAROUGE_GE_ARMES,20,07:16:00,07:16:01
L12_T053,CAROUGE_GE_MARCHE,21,07:18:00,07:18:01
L12_T053,CAROUGE_GE_ANCIENNE,22,07:19:00,07:19:01
L12_T053,CAROUGE_GE_RONDEAU,23,07:21:00,07:21:01
L12_T053,GRAND_LANCY_DE_STAEL,24,07:23:00,07:23:01
L12_T053,LANCY_BACHET_GARE,25,07:24:00,07:24:01
L12_T054,THONEX_MOILLESULAZ,1,06:59:00,06:59:01
L12_T054,THONEX_GRAVESON,2,07:01:00,07:01:01
L12_T054,CHENE_BOURG_PEILLONNEX,3,07:02:00,07:02:01
L12_T054,CHENE_BOURG_PLACE_FAVRE,4,07:04:00,07:04:01
L12_T054,CHENE_BOUGERIES_GRANGE_FALQUET,5,07:06:00,07:06:01
L12_T054,CHENE_BOUGERIES_GRANGETTES,6,07:07:00,07:07:01
L12_T054,CHENE_BOUGERIES_GRANGE_CANAL,7,07:08:00,07:08:01
L12_T054,GENEVE_AMANDOLIER,8,07:10:00,07:10:01
L12_T054,GENEVE_EAUX_VIVES_GARE,9,07:11:00,07:11:01
L12_T054,GENEVE_VILLEREUSE,10,07:13:00,07:13:01
L12_T054,GENEVE_TERRASSIERE,11,07:14:00,07:14:01
L12_T054,GENEVE_RIVE,12,07:16:00,07:16:01
L12_T054,GENEVE_MOLARD,13,07:17:00,07:17:01
L12_T054,GENEVE_BEL_AIR,14,07:19:00,07:19:01
L12_T054,GENEVE_PLACE_DE_NEUVE,15,07:21:00,07:21:01
L12_T054,GENEVE_PLAINPALAIS,16,07:22:00,07:22:01
L12_T054,GENEVE_PONT_D_ARVE,17,07:24:00,07:24:01
L12_T054,GENEVE_AUGUSTINS,18,07:25:00,07:25:01
L12_T054,GENEVE_BLANCHE,19,07:26:00,07:26:01
L12_T054,CAROUGE_GE_ARMES,20,07:28:00,07:28:01
L12_T054,CAROUGE_GE_MARCHE,21,07:29:00,07:29:01
L12_T054,CAROUGE_GE_ANCIENNE,22,07:31:00,07:31:01
L12_T054,CAROUGE_GE_RONDEAU,23,07:32:00,07:32:01
L12_T054,GRAND_LANCY_DE_STAEL,24,07:35:00,07:35:01
L12_T054,LANCY_BACHET_GARE,25,07:36:00,07:36:01
L12_T055,THONEX_MOILLESULAZ,1,07:19:00,07:19:01
L12_T055,THONEX_GRAVESON,2,07:21:00,07:21:01
L12_T055,CHENE_BOURG_PEILLONNEX,3,07:22:00,07:22:01
L12_T055,CHENE_BOURG_PLACE_FAVRE,4,07:24:00,07:24:01
L12_T055,CHENE_BOUGERIES_GRANGE_FALQUET,5,07:26:00,07:26:01
L12_T055,CHENE_BOUGERIES_GRANGETTES,6,07:27:00,07:27:01
L12_T055,CHENE_BOUGERIES_GRANGE_CANAL,7,07:29:00,07:29:01
L12_T055,GENEVE_AMANDOLIER,8,07:30:00,07:30:01
L12_T055,GENEVE_EAUX_VIVES_GARE,9,07:31:00,07:31:01
L12_T055,GENEVE_VILLEREUSE,10,07:34:00,07:34:01
L12_T055,GENEVE_TERRASSIERE,11,07:35:00,07:35:01
L12_T055,GENEVE_RIVE,12,07:36:00,07:36:01
L12_T055,GENEVE_MOLARD,13,07:38:00,07:38:01
L12_T055,GENEVE_BEL_AIR,14,07:39:00,07:39:01
L12_T055,GENEVE_PLACE_DE_NEUVE,15,07:41:00,07:41:01
L12_T055,GENEVE_PLAINPALAIS,16,07:43:00,07:43:01
L12_T055,GENEVE_PONT_D_ARVE,17,07:44:00,07:44:01
L12_T055,GENEVE_AUGUSTINS,18,07:46:00,07:46:01
L12_T055,GENEVE_BLANCHE,19,07:47:00,07:47:01
L12_T055,CAROUGE_GE_ARMES,20,07:49:00,07:49:01
L12_T055,CAROUGE_GE_MARCHE,21,07:50:00,07:50:01
L12_T055,CAROUGE_GE_ANCIENNE,22,07:52:00,07:52:01
L12_T055,CAROUGE_GE_RONDEAU,23,07:53:00,07:53:01
L12_T055,GRAND_LANCY_DE_STAEL,24,07:55:00,07:55:01
L12_T055,LANCY_BACHET_GARE,25,07:57:00,07:57:01
L12_T056,THONEX_MOILLESULAZ,1,08:44:00,08:44:01
L12_T056,THONEX_GRAVESON,2,08:46:00,08:46:01
L12_T056,CHENE_BOURG_PEILLONNEX,3,08:47:00,08:47:01
L12_T056,CHENE_BOURG_PLACE_FAVRE,4,08:49:00,08:49:01
L12_T056,CHENE_BOUGERIES_GRANGE_FALQUET,5,08:51:00,08:51:01
L12_T056,CHENE_BOUGERIES_GRANGETTES,6,08:52:00,08:52:01
L12_T056,CHENE_BOUGERIES_GRANGE_CANAL,7,08:54:00,08:54:01
L12_T056,GENEVE_AMANDOLIER,8,08:55:00,08:55:01
L12_T056,GENEVE_EAUX_VIVES_GARE,9,08:56:00,08:56:01
L12_T056,GENEVE_VILLEREUSE,10,08:59:00,08:59:01
L12_T056,GENEVE_TERRASSIERE,11,09:00:00,09:00:01
L12_T056,GENEVE_RIVE,12,09:01:00,09:01:01
L12_T056,GENEVE_MOLARD,13,09:03:00,09:03:01
L12_T056,GENEVE_BEL_AIR,14,09:04:00,09:04:01
L12_T056,GENEVE_PLACE_DE_NEUVE,15,09:06:00,09:06:01
L12_T056,GENEVE_PLAINPALAIS,16,09:08:00,09:08:01
L12_T056,GENEVE_PONT_D_ARVE,17,09:10:00,09:10:01
L12_T056,GENEVE_AUGUSTINS,18,09:11:00,09:11:01
L12_T056,GENEVE_BLANCHE,19,09:12:00,09:12:01
L12_T056,CAROUGE_GE_ARMES,20,09:14:00,09:14:01
L12_T056,CAROUGE_GE_MARCHE,21,09:15:00,09:15:01
L12_T056,CAROUGE_GE_ANCIENNE,22,09:17:00,09:17:01
L12_T056,CAROUGE_GE_RONDEAU,23,09:18:00,09:18:01
L12_T056,GRAND_LANCY_DE_STAEL,24,09:21:00,09:21:01
L12_T056,LANCY_BACHET_GARE,25,09:22:00,09:22:01
L12_T057,THONEX_MOILLESULAZ,1,08:15:00,08:15:01
L12_T057,THONEX_GRAVESON,2,08:17:00,08:17:01
L12_T057,CHENE_BOURG_PEILLONNEX,3,08:18:00,08:18:01
L12_T057,CHENE_BOURG_PLACE_FAVRE,4,08:20:00,08:20:01
L12_T057,CHENE_BOUGERIES_GRANGE_FALQUET,5,08:22:00,08:22:01
L12_T057,CHENE_BOUGERIES_GRANGETTES,6,08:23:00,08:23:01
L12_T057,CHENE_BOUGERIES_GRANGE_CANAL,7,08:25:00,08:25:01
L12_T057,GENEVE_AMANDOLIER,8,08:26:00,08:26:01
L12_T057,GENEVE_EAUX_VIVES_GARE,9,08:28:00,08:28:01
L12_T057,GENEVE_VILLEREUSE,10,08:30:00,08:30:01
L12_T057,GENEVE_TERRASSIERE,11,08:31:00,08:31:01
L12_T057,GENEVE_RIVE,12,08:33:00,08:33:01
L12_T057,GENEVE_MOLARD,13,08:35:00,08:35:01
L12_T057,GENEVE_BEL_AIR,14,08:36:00,08:36:01
L12_T057,GENEVE_PLACE_DE_NEUVE,15,08:38:00,08:38:01
L12_T057,GENEVE_PLAINPALAIS,16,08:40:00,08:40:01
L12_T057,GENEVE_PONT_D_ARVE,17,08:41:00,08:41:01
L12_T057,GENEVE_AUGUSTINS,18,08:43:00,08:43:01
L12_T057,GENEVE_BLANCHE,19,08:44:00,08:44:01
L12_T057,CAROUGE_GE_ARMES,20,08:46:00,08:46:01
L12_T057,CAROUGE_GE_MARCHE,21,08:47:00,08:47:01
L12_T057,CAROUGE_GE_ANCIENNE,22,08:49:00,08:49:01
L12_T057,CAROUGE_GE_RONDEAU,23,08:50:00,08:50:01
L12_T057,GRAND_LANCY_DE_STAEL,24,08:52:00,08:52:01
L12_T057,LANCY_BACHET_GARE,25,08:54:00,08:54:01
L12_T058,THONEX_MOILLESULAZ,1,08:25:00,08:25:01
L12_T058,THONEX_GRAVESON,2,08:27:00,08:27:01
L12_T058,CHENE_BOURG_PEILLONNEX,3,08:28:00,08:28:01
L12_T058,CHENE_BOURG_PLACE_FAVRE,4,08:30:00,08:30:01
L12_T058,CHENE_BOUGERIES_GRANGE_FALQUET,5,08:32:00,08:32:01
L12_T058,CHENE_BOUGERIES_GRANGETTES,6,08:33:00,08:33:01
L12_T058,CHENE_BOUGERIES_GRANGE_CANAL,7,08:35:00,08:35:01
L12_T058,GENEVE_AMANDOLIER,8,08:36:00,08:36:01
L12_T058,GENEVE_EAUX_VIVES_GARE,9,08:38:00,08:38:01
L12_T058,GENEVE_VILLEREUSE,10,08:40:00,08:40:01
L12_T058,GENEVE_TERRASSIERE,11,08:41:00,08:41:01
L12_T058,GENEVE_RIVE,12,08:43:00,08:43:01
L12_T058,GENEVE_MOLARD,13,08:45:00,08:45:01
L12_T058,GENEVE_BEL_AIR,14,08:46:00,08:46:01
L12_T058,GENEVE_PLACE_DE_NEUVE,15,08:48:00,08:48:01
L12_T058,GENEVE_PLAINPALAIS,16,08:50:00,08:50:01
L12_T058,GENEVE_PONT_D_ARVE,17,08:51:00,08:51:01
L12_T058,GENEVE_AUGUSTINS,18,08:53:00,08:53:01
L12_T058,GENEVE_BLANCHE,19,08:54:00,08:54:01
L12_T058,CAROUGE_GE_ARMES,20,08:56:00,08:56:01
L12_T058,CAROUGE_GE_MARCHE,21,08:57:00,08:57:01
L12_T058,CAROUGE_GE_ANCIENNE,22,08:59:00,08:59:01
L12_T058,CAROUGE_GE_RONDEAU,23,09:00:00,09:00:01
L12_T058,GRAND_LANCY_DE_STAEL,24,09:02:00,09:02:01
L12_T058,LANCY_BACHET_GARE,25,09:04:00,09:04:01
L12_T059,THONEX_MOILLESULAZ,1,07:09:00,07:09:01
L12_T059,THONEX_GRAVESON,2,07:11:00,07:11:01
L12_T059,CHENE_BOURG_PEILLONNEX,3,07:13:00,07:13:01
L12_T059,CHENE_BOURG_PLACE_FAVRE,4,07:14:00,07:14:01
L12_T059,CHENE_BOUGERIES_GRANGE_FALQUET,5,07:16:00,07:16:01
L12_T059,CHENE_BOUGERIES_GRANGETTES,6,07:17:00,07:17:01
L12_T059,CHENE_BOUGERIES_GRANGE_CANAL,7,07:19:00,07:19:01
L12_T059,GENEVE_AMANDOLIER,8,07:20:00,07:20:01
L12_T059,GENEVE_EAUX_VIVES_GARE,9,07:21:00,07:21:01
L12_T059,GENEVE_VILLEREUSE,10,07:24:00,07:24:01
L12_T059,GENEVE_TERRASSIERE,11,07:25:00,07:25:01
L12_T059,GENEVE_RIVE,12,07:26:00,07:26:01
L12_T059,GENEVE_MOLARD,13,07:28:00,07:28:01
L12_T059,GENEVE_BEL_AIR,14,07:29:00,07:29:01
L12_T059,GENEVE_PLACE_DE_NEUVE,15,07:31:00,07:31:01
L12_T059,GENEVE_PLAINPALAIS,16,07:33:00,07:33:01
L12_T059,GENEVE_PONT_D_ARVE,17,07:34:00,07:34:01
L12_T059,GENEVE_AUGUSTINS,18,07:36:00,07:36:01
L12_T059,GENEVE_BLANCHE,19,07:37:00,07:37:01
L12_T059,CAROUGE_GE_ARMES,20,07:39:00,07:39:01
L12_T059,CAROUGE_GE_MARCHE,21,07:40:00,07:40:01
L12_T059,CAROUGE_GE_ANCIENNE,22,07:42:00,07:42:01
L12_T059,CAROUGE_GE_RONDEAU,23,07:43:00,07:43:01
L12_T059,GRAND_LANCY_DE_STAEL,24,07:45:00,07:45:01
L12_T059,LANCY_BACHET_GARE,25,07:47:00,07:47:01
L12_T060,THONEX_MOILLESULAZ,1,07:28:00,07:28:01
L12_T060,THONEX_GRAVESON,2,07:30:00,07:30:01
L12_T060,CHENE_BOURG_PEILLONNEX,3,07:32:00,07:32:01
L12_T060,CHENE_BOURG_PLACE_FAVRE,4,07:33:00,07:33:01
L12_T060,CHENE_BOUGERIES_GRANGE_FALQUET,5,07:35:00,07:35:01
L12_T060,CHENE_BOUGERIES_GRANGETTES,6,07:36:00,07:36:01
L12_T060,CHENE_BOUGERIES_GRANGE_CANAL,7,07:38:00,07:38:01
L12_T060,GENEVE_AMANDOLIER,8,07:39:00,07:39:01
L12_T060,GENEVE_EAUX_VIVES_GARE,9,07:41:00,07:41:01
L12_T060,GENEVE_VILLEREUSE,10,07:43:00,07:43:01
L12_T060,GENEVE_TERRASSIERE,11,07:44:00,07:44:01
L12_T060,GENEVE_RIVE,12,07:46:00,07:46:01
L12_T060,GENEVE_MOLARD,13,07:47:00,07:47:01
L12_T060,GENEVE_BEL_AIR,14,07:49:00,07:49:01
L12_T060,GENEVE_PLACE_DE_NEUVE,15,07:51:00,07:51:01
L12_T060,GENEVE_PLAINPALAIS,16,07:53:00,07:53:01
L12_T060,GENEVE_PONT_D_ARVE,17,07:54:00,07:54:01
L12_T060,GENEVE_AUGUSTINS,18,07:55:00,07:55:01
L12_T060,GENEVE_BLANCHE,19,07:57:00,07:57:01
L12_T060,CAROUGE_GE_ARMES,20,07:58:00,07:58:01
L12_T060,CAROUGE_GE_MARCHE,21,08:00:00,08:00:01
L12_T060,CAROUGE_GE_ANCIENNE,22,08:01:00,08:01:01
L12_T060,CAROUGE_GE_RONDEAU,23,08:03:00,08:03:01
L12_T060,GRAND_LANCY_DE_STAEL,24,08:05:00,08:05:01
L12_T060,LANCY_BACHET_GARE,25,08:06:00,08:06:01
L12_T061,THONEX_MOILLESULAZ,1,07:57:00,07:57:01
L12_T061,THONEX_GRAVESON,2,07:59:00,07:59:01
L12_T061,CHENE_BOURG_PEILLONNEX,3,08:01:00,08:01:01
L12_T061,CHENE_BOURG_PLACE_FAVRE,4,08:02:00,08:02:01
L12_T061,CHENE_BOUGERIES_GRANGE_FALQUET,5,08:04:00,08:04:01
L12_T061,CHENE_BOUGERIES_GRANGETTES,6,08:06:00,08:06:01
L12_T061,CHENE_BOUGERIES_GRANGE_CANAL,7,08:07:00,08:07:01
L12_T061,GENEVE_AMANDOLIER,8,08:09:00,08:09:01
L12_T061,GENEVE_EAUX_VIVES_GARE,9,08:10:00,08:10:01
L12_T061,GENEVE_VILLEREUSE,10,08:12:00,08:12:01
L12_T061,GENEVE_TERRASSIERE,11,08:13:00,08:13:01
L12_T061,GENEVE_RIVE,12,08:15:00,08:15:01
L12_T061,GENEVE_MOLARD,13,08:17:00,08:17:01
L12_T061,GENEVE_BEL_AIR,14,08:18:00,08:18:01
L12_T061,GENEVE_PLACE_DE_NEUVE,15,08:20:00,08:20:01
L12_T061,GENEVE_PLAINPALAIS,16,08:22:00,08:22:01
L12_T061,GENEVE_PONT_D_ARVE,17,08:23:00,08:23:01
L12_T061,GENEVE_AUGUSTINS,18,08:25:00,08:25:01
L12_T061,GENEVE_BLANCHE,19,08:26:00,08:26:01
L12_T061,CAROUGE_GE_ARMES,20,08:28:00,08:28:01
L12_T061,CAROUGE_GE_MARCHE,21,08:29:00,08:29:01
L12_T061,CAROUGE_GE_ANCIENNE,22,08:31:00,08:31:01
L12_T061,CAROUGE_GE_RONDEAU,23,08:32:00,08:32:01
L12_T061,GRAND_LANCY_DE_STAEL,24,08:34:00,08:34:01
L12_T061,LANCY_BACHET_GARE,25,08:36:00,08:36:01
L12_T062,THONEX_MOILLESULAZ,1,07:47:00,07:47:01
L12_T062,THONEX_GRAVESON,2,07:49:00,07:49:01
L12_T062,CHENE_BOURG_PEILLONNEX,3,07:51:00,07:51:01
L12_T062,CHENE_BOURG_PLACE_FAVRE,4,07:52:00,07:52:01
L12_T062,CHENE_BOUGERIES_GRANGE_FALQUET,5,07:54:00,07:54:01
L12_T062,CHENE_BOUGERIES_GRANGETTES,6,07:56:00,07:56:01
L12_T062,CHENE_BOUGERIES_GRANGE_CANAL,7,07:57:00,07:57:01
L12_T062,GENEVE_AMANDOLIER,8,07:59:00,07:59:01
L12_T062,GENEVE_EAUX_VIVES_GARE,9,08:00:00,08:00:01
L12_T062,GENEVE_VILLEREUSE,10,08:02:00,08:02:01
L12_T062,GENEVE_TERRASSIERE,11,08:03:00,08:03:01
L12_T062,GENEVE_RIVE,12,08:05:00,08:05:01
L12_T062,GENEVE_MOLARD,13,08:07:00,08:07:01
L12_T062,GENEVE_BEL_AIR,14,08:08:00,08:08:01
L12_T062,GENEVE_PLACE_DE_NEUVE,15,08:10:00,08:10:01
L12_T062,GENEVE_PLAINPALAIS,16,08:12:00,08:12:01
L12_T062,GENEVE_PONT_D_ARVE,17,08:13:00,08:13:01
L12_T062,GENEVE_AUGUSTINS,18,08:15:00,08:15:01
L12_T062,GENEVE_BLANCHE,19,08:16:00,08:16:01
L12_T062,CAROUGE_GE_ARMES,20,08:18:00,08:18:01
L12_T062,CAROUGE_GE_MARCHE,21,08:19:00,08:19:01
L12_T062,CAROUGE_GE_ANCIENNE,22,08:21:00,08:21:01
L12_T062,CAROUGE_GE_RONDEAU,23,08:22:00,08:22:01
L12_T062,GRAND_LANCY_DE_STAEL,24,08:24:00,08:24:01
L12_T062,LANCY_BACHET_GARE,25,08:26:00,08:26:01
L12_T063,THONEX_MOILLESULAZ,1,08:34:00,08:34:01
L12_T063,THONEX_GRAVESON,2,08:36:00,08:36:01
L12_T063,CHENE_BOURG_PEILLONNEX,3,08:38:00,08:38:01
L12_T063,CHENE_BOURG_PLACE_FAVRE,4,08:39:00,08:39:01
L12_T063,CHENE_BOUGERIES_GRANGE_FALQUET,5,08:41:00,08:41:01
L12_T063,CHENE_BOUGERIES_GRANGETTES,6,08:43:00,08:43:01
L12_T063,CHENE_BOUGERIES_GRANGE_CANAL,7,08:44:00,08:44:01
L12_T063,GENEVE_AMANDOLIER,8,08:46:00,08:46:01
L12_T063,GENEVE_EAUX_VIVES_GARE,9,08:47:00,08:47:01
L12_T063,GENEVE_VILLEREUSE,10,08:49:00,08:49:01
L12_T063,GENEVE_TERRASSIERE,11,08:50:00,08:50:01
L12_T063,GENEVE_RIVE,12,08:52:00,08:52:01
L12_T063,GENEVE_MOLARD,13,08:54:00,08:54:01
L12_T063,GENEVE_BEL_AIR,14,08:55:00,08:55:01
L12_T063,GENEVE_PLACE_DE_NEUVE,15,08:57:00,08:57:01
L12_T063,GENEVE_PLAINPALAIS,16,08:59:00,08:59:01
L12_T063,GENEVE_PONT_D_ARVE,17,09:00:00,09:00:01
L12_T063,GENEVE_AUGUSTINS,18,09:02:00,09:02:01
L12_T063,GENEVE_BLANCHE,19,09:03:00,09:03:01
L12_T063,CAROUGE_GE_ARMES,20,09:05:00,09:05:01
L12_T063,CAROUGE_GE_MARCHE,21,09:06:00,09:06:01
L12_T063,CAROUGE_GE_ANCIENNE,22,09:08:00,09:08:01
L12_T063,CAROUGE_GE_RONDEAU,23,09:09:00,09:09:01
L12_T063,GRAND_LANCY_DE_STAEL,24,09:11:00,09:11:01
L12_T063,LANCY_BACHET_GARE,25,09:13:00,09:13:01
L12_T064,THONEX_MOILLESULAZ,1,08:06:00,08:06:01
L12_T064,THONEX_GRAVESON,2,08:08:00,08:08:01
L12_T064,CHENE_BOURG_PEILLONNEX,3,08:10:00,08:10:01
L12_T064,CHENE_BOURG_PLACE_FAVRE,4,08:11:00,08:11:01
L12_T064,CHENE_BOUGERIES_GRANGE_FALQUET,5,08:13:00,08:13:01
L12_T064,CHENE_BOUGERIES_GRANGETTES,6,08:15:00,08:15:01
L12_T064,CHENE_BOUGERIES_GRANGE_CANAL,7,08:16:00,08:16:01
L12_T064,GENEVE_AMANDOLIER,8,08:18:00,08:18:01
L12_T064,GENEVE_EAUX_VIVES_GARE,9,08:19:00,08:19:01
L12_T064,GENEVE_VILLEREUSE,10,08:21:00,08:21:01
L12_T064,GENEVE_TERRASSIERE,11,08:22:00,08:22:01
L12_T064,GENEVE_RIVE,12,08:24:00,08:24:01
L12_T064,GENEVE_MOLARD,13,08:26:00,08:26:01
L12_T064,GENEVE_BEL_AIR,14,08:27:00,08:27:01
L12_T064,GENEVE_PLACE_DE_NEUVE,15,08:29:00,08:29:01
L12_T064,GENEVE_PLAINPALAIS,16,08:31:00,08:31:01
L12_T064,GENEVE_PONT_D_ARVE,17,08:33:00,08:33:01
L12_T064,GENEVE_AUGUSTINS,18,08:34:00,08:34:01
L12_T064,GENEVE_BLANCHE,19,08:35:00,08:35:01
L12_T064,CAROUGE_GE_ARMES,20,08:37:00,08:37:01
L12_T064,CAROUGE_GE_MARCHE,21,08:38:00,08:38:01
L12_T064,CAROUGE_GE_ANCIENNE,22,08:40:00,08:40:01
L12_T064,CAROUGE_GE_RONDEAU,23,08:41:00,08:41:01
L12_T064,GRAND_LANCY_DE_STAEL,24,08:44:00,08:44:01
L12_T064,LANCY_BACHET_GARE,25,08:45:00,08:45:01
L12_T065,THONEX_MOILLESULAZ,1,07:37:00,07:37:01
L12_T065,THONEX_GRAVESON,2,07:39:00,07:39:01
L12_T065,CHENE_BOURG_PEILLONNEX,3,07:41:00,07:41:01
L12_T065,CHENE_BOURG_PLACE_FAVRE,4,07:43:00,07:43:01
L12_T065,CHENE_BOUGERIES_GRANGE_FALQUET,5,07:44:00,07:44:01
L12_T065,CHENE_BOUGERIES_GRANGETTES,6,07:46:00,07:46:01
L12_T065,CHENE_BOUGERIES_GRANGE_CANAL,7,07:47:00,07:47:01
L12_T065,GENEVE_AMANDOLIER,8,07:49:00,07:49:01
L12_T065,GENEVE_EAUX_VIVES_GARE,9,07:50:00,07:50:01
L12_T065,GENEVE_VILLEREUSE,10,07:52:00,07:52:01
L12_T065,GENEVE_TERRASSIERE,11,07:53:00,07:53:01
L12_T065,GENEVE_RIVE,12,07:55:00,07:55:01
L12_T065,GENEVE_MOLARD,13,07:57:00,07:57:01
L12_T065,GENEVE_BEL_AIR,14,07:58:00,07:58:01
L12_T065,GENEVE_PLACE_DE_NEUVE,15,08:00:00,08:00:01
L12_T065,GENEVE_PLAINPALAIS,16,08:02:00,08:02:01
L12_T065,GENEVE_PONT_D_ARVE,17,08:03:00,08:03:01
L12_T065,GENEVE_AUGUSTINS,18,08:05:00,08:05:01
L12_T065,GENEVE_BLANCHE,19,08:06:00,08:06:01
L12_T065,CAROUGE_GE_ARMES,20,08:08:00,08:08:01
L12_T065,CAROUGE_GE_MARCHE,21,08:09:00,08:09:01
L12_T065,CAROUGE_GE_ANCIENNE,22,08:11:00,08:11:01
L12_T065,CAROUGE_GE_RONDEAU,23,08:12:00,08:12:01
L12_T065,GRAND_LANCY_DE_STAEL,24,08:14:00,08:14:01
L12_T065,LANCY_BACHET_GARE,25,08:16:00,08:16:01
L14_T001,BERNEX_VAILLY,1,08:51:00,08:51:01
L14_T001,BERNEX_HAINARD,2,08:52:00,08:52:01
L14_T001,BERNEX_LUCHEPELET,3,08:53:00,08:53:01
L14_T001,BERNEX_PRE_MARAIS,4,08:55:00,08:55:01
L14_T001,BERNEX_P_R,5,08:56:00,08:56:01
L14_T001,CONFIGNON_CROISEE,6,08:57:00,08:57:01
L14_T001,CONFIGNON_LA_DODE,7,08:59:00,08:59:01
L14_T001,ONEX_SALLE_COMMUNALE,8,09:00:00,09:00:01
L14_T001,ONEX_BANDOL,9,09:01:00,09:01:01
L14_T001,PETIT_LANCY_LES_ESSERTS,10,09:03:00,09:03:01
L14_T001,PETIT_LANCY_PLACE,11,09:05:00,09:05:01
L14_T001,PETIT_LANCY_QUIDORT,12,09:06:00,09:06:01
L14_T001,GENEVE_JONCTION,13,09:10:00,09:10:01
L14_T001,GENEVE_PALLADIUM,14,09:11:00,09:11:01
L14_T001,GENEVE_STAND,15,09:14:00,09:14:01
L14_T001,GENEVE_BEL_AIR,16,09:16:00,09:16:01
L14_T001,GENEVE_COUTANCE,17,09:18:00,09:18:01
L14_T001,GENEVE_GARE_CORNAVIN,18,09:20:00,09:20:01
L14_T001,GENEVE_LYON,19,09:22:00,09:22:01
L14_T001,GENEVE_POTERIE,20,09:24:00,09:24:01
L14_T001,GENEVE_SERVETTE,21,09:25:00,09:25:01
L14_T001,GENEVE_VIEUSSEUX,22,09:26:00,09:26:01
L14_T001,VERNIER_BOUCHET,23,09:28:00,09:28:01
L14_T001,VERNIER_BALEXERT,24,09:30:00,09:30:01
L14_T001,VERNIER_AVANCHETS_ETANG,25,09:31:00,09:31:01
L14_T001,VERNIER_BLANDONNET,26,09:33:00,09:33:01
L14_T001,MEYRIN_JARDIN_ALPIN_VIVARIUM,27,09:35:00,09:35:01
L14_T001,MEYRIN_FORUMEYRIN,28,09:37:00,09:37:01
L14_T001,MEYRIN_VAUDAGNE,29,09:38:00,09:38:01
L14_T001,MEYRIN_GRAVIERE,30,09:41:00,09:41:01
L14_T002,BERNEX_VAILLY,1,06:21:00,06:21:01
L14_T002,BERNEX_HAINARD,2,06:22:00,06:22:01
L14_T002,BERNEX_LUCHEPELET,3,06:24:00,06:24:01
L14_T002,BERNEX_PRE_MARAIS,4,06:25:00,06:25:01
L14_T002,BERNEX_P_R,5,06:26:00,06:26:01
L14_T002,CONFIGNON_CROISEE,6,06:28:00,06:28:01
L14_T002,CONFIGNON_LA_DODE,7,06:29:00,06:29:01
L14_T002,ONEX_SALLE_COMMUNALE,8,06:30:00,06:30:01
L14_T002,ONEX_BANDOL,9,06:32:00,06:32:01
L14_T002,PETIT_LANCY_LES_ESSERTS,10,06:33:00,06:33:01
L14_T002,PETIT_LANCY_PLACE,11,06:35:00,06:35:01
L14_T002,PETIT_LANCY_QUIDORT,12,06:37:00,06:37:01
L14_T002,GENEVE_JONCTION,13,06:40:00,06:40:01
L14_T002,GENEVE_PALLADIUM,14,06:42:00,06:42:01
L14_T002,GENEVE_STAND,15,06:44:00,06:44:01
L14_T002,GENEVE_BEL_AIR,16,06:46:00,06:46:01
L14_T002,GENEVE_COUTANCE,17,06:48:00,06:48:01
L14_T002,GENEVE_GARE_CORNAVIN,18,06:50:00,06:50:01
L14_T002,GENEVE_LYON,19,06:51:00,06:51:01
L14_T002,GENEVE_POTERIE,20,06:53:00,06:53:01
L14_T002,GENEVE_SERVETTE,21,06:54:00,06:54:01
L14_T002,GENEVE_VIEUSSEUX,22,06:55:00,06:55:01
L14_T002,VERNIER_BOUCHET,23,06:57:00,06:57:01
L14_T002,VERNIER_BALEXERT,24,06:59:00,06:59:01
L14_T002,VERNIER_AVANCHETS_ETANG,25,07:00:00,07:00:01
L14_T002,VERNIER_BLANDONNET,26,07:02:00,07:02:01
L14_T002,MEYRIN_JARDIN_ALPIN_VIVARIUM,27,07:05:00,07:05:01
L14_T002,MEYRIN_FORUMEYRIN,28,07:06:00,07:06:01
L14_T002,MEYRIN_VAUDAGNE,29,07:08:00,07:08:01
L14_T002,MEYRIN_GRAVIERE,30,07:10:00,07:10:01
L14_T003,BERNEX_VAILLY,1,08:02:00,08:02:01
L14_T003,BERNEX_HAINARD,2,08:03:00,08:03:01
L14_T003,BERNEX_LUCHEPELET,3,08:05:00,08:05:01
L14_T003,BERNEX_PRE_MARAIS,4,08:06:00,08:06:01
L14_T003,BERNEX_P_R,5,08:07:00,08:07:01
L14_T003,CONFIGNON_CROISEE,6,08:09:00,08:09:01
L14_T003,CONFIGNON_LA_DODE,7,08:10:00,08:10:01
L14_T003,ONEX_SALLE_COMMUNALE,8,08:12:00,08:12:01
L14_T003,ONEX_BANDOL,9,08:13:00,08:13:01
L14_T003,PETIT_LANCY_LES_ESSERTS,10,08:15:00,08:15:01
L14_T003,PETIT_LANCY_PLACE,11,08:17:00,08:17:01
L14_T003,PETIT_LANCY_QUIDORT,12,08:19:00,08:19:01
L14_T003,GENEVE_JONCTION,13,08:22:00,08:22:01
L14_T003,GENEVE_PALLADIUM,14,08:24:00,08:24:01
L14_T003,GENEVE_STAND,15,08:27:00,08:27:01
L14_T003,GENEVE_BEL_AIR,16,08:29:00,08:29:01
L14_T003,GENEVE_COUTANCE,17,08:31:00,08:31:01
L14_T003,GENEVE_GARE_CORNAVIN,18,08:33:00,08:33:01
L14_T003,GENEVE_LYON,19,08:35:00,08:35:01
L14_T003,GENEVE_POTERIE,20,08:37:00,08:37:01
L14_T003,GENEVE_SERVETTE,21,08:38:00,08:38:01
L14_T003,GENEVE_VIEUSSEUX,22,08:39:00,08:39:01
L14_T003,VERNIER_BOUCHET,23,08:41:00,08:41:01
L14_T003,VERNIER_BALEXERT,24,08:43:00,08:43:01
L14_T003,VERNIER_AVANCHETS_ETANG,25,08:44:00,08:44:01
L14_T003,VERNIER_BLANDONNET,26,08:46:00,08:46:01
L14_T003,MEYRIN_JARDIN_ALPIN_VIVARIUM,27,08:48:00,08:48:01
L14_T003,MEYRIN_FORUMEYRIN,28,08:50:00,08:50:01
L14_T003,MEYRIN_VAUDAGNE,29,08:51:00,08:51:01
L14_T003,MEYRIN_GRAVIERE,30,08:54:00,08:54:01
L14_T004,BERNEX_VAILLY,1,07:34:00,07:34:01
L14_T004,BERNEX_HAINARD,2,07:35:00,07:35:01
L14_T004,BERNEX_LUCHEPELET,3,07:37:00,07:37:01
L14_T004,BERNEX_PRE_MARAIS,4,07:38:00,07:38:01
L14_T004,BERNEX_P_R,5,07:39:00,07:39:01
L14_T004,CONFIGNON_CROISEE,6,07:41:00,07:41:01
L14_T004,CONFIGNON_LA_DODE,7,07:42:00,07:42:01
L14_T004,ONEX_SALLE_COMMUNALE,8,07:44:00,07:44:01
L14_T004,ONEX_BANDOL,9,07:45:00,07:45:01
L14_T004,PETIT_LANCY_LES_ESSERTS,10,07:47:00,07:47:01
L14_T004,PETIT_LANCY_PLACE,11,07:49:00,07:49:01
L14_T004,PETIT_LANCY_QUIDORT,12,07:51:00,07:51:01
L14_T004,GENEVE_JONCTION,13,07:54:00,07:54:01
L14_T004,GENEVE_PALLADIUM,14,07:56:00,07:56:01
L14_T004,GENEVE_STAND,15,07:59:00,07:59:01
L14_T004,GENEVE_BEL_AIR,16,08:01:00,08:01:01
L14_T004,GENEVE_COUTANCE,17,08:03:00,08:03:01
L14_T004,GENEVE_GARE_CORNAVIN,18,08:06:00,08:06:01
L14_T004,GENEVE_LYON,19,08:07:00,08:07:01
L14_T004,GENEVE_POTERIE,20,08:09:00,08:09:01
L14_T004,GENEVE_SERVETTE,21,08:11:00,08:11:01
L14_T004,GENEVE_VIEUSSEUX,22,08:12:00,08:12:01
L14_T004,VERNIER_BOUCHET,23,08:14:00,08:14:01
L14_T004,VERNIER_BALEXERT,24,08:16:00,08:16:01
L14_T004,VERNIER_AVANCHETS_ETANG,25,08:17:00,08:17:01
L14_T004,VERNIER_BLANDONNET,26,08:19:00,08:19:01
L14_T004,MEYRIN_JARDIN_ALPIN_VIVARIUM,27,08:21:00,08:21:01
L14_T004,MEYRIN_FORUMEYRIN,28,08:23:00,08:23:01
L14_T004,MEYRIN_VAUDAGNE,29,08:24:00,08:24:01
L14_T004,MEYRIN_GRAVIERE,30,08:27:00,08:27:01
L14_T005,BERNEX_VAILLY,1,06:37:00,06:37:01
L14_T005,BERNEX_HAINARD,2,06:39:00,06:39:01
L14_T005,BERNEX_LUCHEPELET,3,06:40:00,06:40:01
L14_T005,BERNEX_PRE_MARAIS,4,06:42:00,06:42:01
L14_T005,BERNEX_P_R,5,06:43:00,06:43:01
L14_T005,CONFIGNON_CROISEE,6,06:44:00,06:44:01
L14_T005,CONFIGNON_LA_DODE,7,06:46:00,06:46:01
L14_T005,ONEX_SALLE_COMMUNALE,8,06:47:00,06:47:01
L14_T005,ONEX_BANDOL,9,06:48:00,06:48:01
L14_T005,PETIT_LANCY_LES_ESSERTS,10,06:50:00,06:50:01
L14_T005,PETIT_LANCY_PLACE,11,06:52:00,06:52:01
L14_T005,PETIT_LANCY_QUIDORT,12,06:53:00,06:53:01
L14_T005,GENEVE_JONCTION,13,06:57:00,06:57:01
L14_T005,GENEVE_PALLADIUM,14,06:58:00,06:58:01
L14_T005,GENEVE_STAND,15,07:01:00,07:01:01
L14_T005,GENEVE_BEL_AIR,16,07:03:00,07:03:01
L14_T005,GENEVE_COUTANCE,17,07:04:00,07:04:01
L14_T005,GENEVE_GARE_CORNAVIN,18,07:07:00,07:07:01
L14_T005,GENEVE_LYON,19,07:08:00,07:08:01
L14_T005,GENEVE_POTERIE,20,07:10:00,07:10:01
L14_T005,GENEVE_SERVETTE,21,07:11:00,07:11:01
L14_T005,GENEVE_VIEUSSEUX,22,07:12:00,07:12:01
L14_T005,VERNIER_BOUCHET,23,07:14:00,07:14:01
L14_T005,VERNIER_BALEXERT,24,07:16:00,07:16:01
L14_T005,VERNIER_AVANCHETS_ETANG,25,07:17:00,07:17:01
L14_T005,VERNIER_BLANDONNET,26,07:19:00,07:19:01
L14_T005,MEYRIN_JARDIN_ALPIN_VIVARIUM,27,07:21:00,07:21:01
L14_T005,MEYRIN_FORUMEYRIN,28,07:23:00,07:23:01
L14_T005,MEYRIN_VAUDAGNE,29,07:24:00,07:24:01
L14_T005,MEYRIN_GRAVIERE,30,07:27:00,07:27:01
L14_T006,BERNEX_VAILLY,1,06:47:00,06:47:01
L14_T006,BERNEX_HAINARD,2,06:49:00,06:49:01
L14_T006,BERNEX_LUCHEPELET,3,06:50:00,06:50:01
L14_T006,BERNEX_PRE_MARAIS,4,06:52:00,06:52:01
L14_T006,BERNEX_P_R,5,06:53:00,06:53:01
L14_T006,CONFIGNON_CROISEE,6,06:54:00,06:54:01
L14_T006,CONFIGNON_LA_DODE,7,06:56:00,06:56:01
L14_T006,ONEX_SALLE_COMMUNALE,8,06:57:00,06:57:01
L14_T006,ONEX_BANDOL,9,06:58:00,06:58:01
L14_T006,PETIT_LANCY_LES_ESSERTS,10,07:00:00,07:00:01
L14_T006,PETIT_LANCY_PLACE,11,07:02:00,07:02:01
L14_T006,PETIT_LANCY_QUIDORT,12,07:03:00,07:03:01
L14_T006,GENEVE_JONCTION,13,07:07:00,07:07:01
L14_T006,GENEVE_PALLADIUM,14,07:08:00,07:08:01
L14_T006,GENEVE_STAND,15,07:11:00,07:11:01
L14_T006,GENEVE_BEL_AIR,16,07:13:00,07:13:01
L14_T006,GENEVE_COUTANCE,17,07:14:00,07:14:01
L14_T006,GENEVE_GARE_CORNAVIN,18,07:17:00,07:17:01
L14_T006,GENEVE_LYON,19,07:18:00,07:18:01
L14_T006,GENEVE_POTERIE,20,07:20:00,07:20:01
L14_T006,GENEVE_SERVETTE,21,07:21:00,07:21:01
L14_T006,GENEVE_VIEUSSEUX,22,07:22:00,07:22:01
L14_T006,VERNIER_BOUCHET,23,07:24:00,07:24:01
L14_T006,VERNIER_BALEXERT,24,07:26:00,07:26:01
L14_T006,VERNIER_AVANCHETS_ETANG,25,07:27:00,07:27:01
L14_T006,VERNIER_BLANDONNET,26,07:29:00,07:29:01
L14_T006,MEYRIN_JARDIN_ALPIN_VIVARIUM,27,07:31:00,07:31:01
L14_T006,MEYRIN_FORUMEYRIN,28,07:33:00,07:33:01
L14_T006,MEYRIN_VAUDAGNE,29,07:34:00,07:34:01
L14_T006,MEYRIN_GRAVIERE,30,07:37:00,07:37:01
L14_T007,BERNEX_VAILLY,1,06:57:00,06:57:01
L14_T007,BERNEX_HAINARD,2,06:59:00,06:59:01
L14_T007,BERNEX_LUCHEPELET,3,07:00:00,07:00:01
L14_T007,BERNEX_PRE_MARAIS,4,07:02:00,07:02:01
L14_T007,BERNEX_P_R,5,07:03:00,07:03:01
L14_T007,CONFIGNON_CROISEE,6,07:04:00,07:04:01
L14_T007,CONFIGNON_LA_DODE,7,07:06:00,07:06:01
L14_T007,ONEX_SALLE_COMMUNALE,8,07:07:00,07:07:01
L14_T007,ONEX_BANDOL,9,07:08:00,07:08:01
L14_T007,PETIT_LANCY_LES_ESSERTS,10,07:10:00,07:10:01
L14_T007,PETIT_LANCY_PLACE,11,07:12:00,07:12:01
L14_T007,PETIT_LANCY_QUIDORT,12,07:13:00,07:13:01
L14_T007,GENEVE_JONCTION,13,07:17:00,07:17:01
L14_T007,GENEVE_PALLADIUM,14,07:18:00,07:18:01
L14_T007,GENEVE_STAND,15,07:21:00,07:21:01
L14_T007,GENEVE_BEL_AIR,16,07:23:00,07:23:01
L14_T007,GENEVE_COUTANCE,17,07:24:00,07:24:01
L14_T007,GENEVE_GARE_CORNAVIN,18,07:27:00,07:27:01
L14_T007,GENEVE_LYON,19,07:28:00,07:28:01
L14_T007,GENEVE_POTERIE,20,07:30:00,07:30:01
L14_T007,GENEVE_SERVETTE,21,07:31:00,07:31:01
L14_T007,GENEVE_VIEUSSEUX,22,07:32:00,07:32:01
L14_T007,VERNIER_BOUCHET,23,07:34:00,07:34:01
L14_T007,VERNIER_BALEXERT,24,07:36:00,07:36:01
L14_T007,VERNIER_AVANCHETS_ETANG,25,07:37:00,07:37:01
L14_T007,VERNIER_BLANDONNET,26,07:39:00,07:39:01
L14_T007,MEYRIN_JARDIN_ALPIN_VIVARIUM,27,07:42:00,07:42:01
L14_T007,MEYRIN_FORUMEYRIN,28,07:43:00,07:43:01
L14_T007,MEYRIN_VAUDAGNE,29,07:45:00,07:45:01
L14_T007,MEYRIN_GRAVIERE,30,07:47:00,07:47:01
L14_T008,BERNEX_VAILLY,1,07:07:00,07:07:01
L14_T008,BERNEX_HAINARD,2,07:09:00,07:09:01
L14_T008,BERNEX_LUCHEPELET,3,07:10:00,07:10:01
L14_T008,BERNEX_PRE_MARAIS,4,07:12:00,07:12:01
L14_T008,BERNEX_P_R,5,07:13:00,07:13:01
L14_T008,CONFIGNON_CROISEE,6,07:14:00,07:14:01
L14_T008,CONFIGNON_LA_DODE,7,07:16:00,07:16:01
L14_T008,ONEX_SALLE_COMMUNALE,8,07:17:00,07:17:01
L14_T008,ONEX_BANDOL,9,07:18:00,07:18:01
L14_T008,PETIT_LANCY_LES_ESSERTS,10,07:20:00,07:20:01
L14_T008,PETIT_LANCY_PLACE,11,07:22:00,07:22:01
L14_T008,PETIT_LANCY_QUIDORT,12,07:23:00,07:23:01
L14_T008,GENEVE_JONCTION,13,07:27:00,07:27:01
L14_T008,GENEVE_PALLADIUM,14,07:28:00,07:28:01
L14_T008,GENEVE_STAND,15,07:31:00,07:31:01
L14_T008,GENEVE_BEL_AIR,16,07:33:00,07:33:01
L14_T008,GENEVE_COUTANCE,17,07:34:00,07:34:01
L14_T008,GENEVE_GARE_CORNAVIN,18,07:37:00,07:37:01
L14_T008,GENEVE_LYON,19,07:39:00,07:39:01
L14_T008,GENEVE_POTERIE,20,07:40:00,07:40:01
L14_T008,GENEVE_SERVETTE,21,07:42:00,07:42:01
L14_T008,GENEVE_VIEUSSEUX,22,07:43:00,07:43:01
L14_T008,VERNIER_BOUCHET,23,07:45:00,07:45:01
L14_T008,VERNIER_BALEXERT,24,07:47:00,07:47:01
L14_T008,VERNIER_AVANCHETS_ETANG,25,07:48:00,07:48:01
L14_T008,VERNIER_BLANDONNET,26,07:50:00,07:50:01
L14_T008,MEYRIN_JARDIN_ALPIN_VIVARIUM,27,07:53:00,07:53:01
L14_T008,MEYRIN_FORUMEYRIN,28,07:54:00,07:54:01
L14_T008,MEYRIN_VAUDAGNE,29,07:56:00,07:56:01
L14_T008,MEYRIN_GRAVIERE,30,07:58:00,07:58:01
L14_T009,BERNEX_VAILLY,1,07:16:00,07:16:01
L14_T009,BERNEX_HAINARD,2,07:18:00,07:18:01
L14_T009,BERNEX_LUCHEPELET,3,07:19:00,07:19:01
L14_T009,BERNEX_PRE_MARAIS,4,07:21:00,07:21:01
L14_T009,BERNEX_P_R,5,07:22:00,07:22:01
L14_T009,CONFIGNON_CROISEE,6,07:23:00,07:23:01
L14_T009,CONFIGNON_LA_DODE,7,07:25:00,07:25:01
L14_T009,ONEX_SALLE_COMMUNALE,8,07:26:00,07:26:01
L14_T009,ONEX_BANDOL,9,07:27:00,07:27:01
L14_T009,PETIT_LANCY_LES_ESSERTS,10,07:29:00,07:29:01
L14_T009,PETIT_LANCY_PLACE,11,07:31:00,07:31:01
L14_T009,PETIT_LANCY_QUIDORT,12,07:32:00,07:32:01
L14_T009,GENEVE_JONCTION,13,07:36:00,07:36:01
L14_T009,GENEVE_PALLADIUM,14,07:38:00,07:38:01
L14_T009,GENEVE_STAND,15,07:41:00,07:41:01
L14_T009,GENEVE_BEL_AIR,16,07:42:00,07:42:01
L14_T009,GENEVE_COUTANCE,17,07:44:00,07:44:01
L14_T009,GENEVE_GARE_CORNAVIN,18,07:47:00,07:47:01
L14_T009,GENEVE_LYON,19,07:48:00,07:48:01
L14_T009,GENEVE_POTERIE,20,07:50:00,07:50:01
L14_T009,GENEVE_SERVETTE,21,07:52:00,07:52:01
L14_T009,GENEVE_VIEUSSEUX,22,07:53:00,07:53:01
L14_T009,VERNIER_BOUCHET,23,07:55:00,07:55:01
L14_T009,VERNIER_BALEXERT,24,07:57:00,07:57:01
L14_T009,VERNIER_AVANCHETS_ETANG,25,07:58:00,07:58:01
L14_T009,VERNIER_BLANDONNET,26,08:00:00,08:00:01
L14_T009,MEYRIN_JARDIN_ALPIN_VIVARIUM,27,08:02:00,08:02:01
L14_T009,MEYRIN_FORUMEYRIN,28,08:04:00,08:04:01
L14_T009,MEYRIN_VAUDAGNE,29,08:05:00,08:05:01
L14_T009,MEYRIN_GRAVIERE,30,08:08:00,08:08:01
L14_T010,BERNEX_VAILLY,1,08:21:00,08:21:01
L14_T010,BERNEX_HAINARD,2,08:23:00,08:23:01
L14_T010,BERNEX_LUCHEPELET,3,08:24:00,08:24:01
L14_T010,BERNEX_PRE_MARAIS,4,08:26:00,08:26:01
L14_T010,BERNEX_P_R,5,08:27:00,08:27:01
L14_T010,CONFIGNON_CROISEE,6,08:28:00,08:28:01
L14_T010,CONFIGNON_LA_DODE,7,08:30:00,08:30:01
L14_T010,ONEX_SALLE_COMMUNALE,8,08:31:00,08:31:01
L14_T010,ONEX_BANDOL,9,08:33:00,08:33:01
L14_T010,PETIT_LANCY_LES_ESSERTS,10,08:34:00,08:34:01
L14_T010,PETIT_LANCY_PLACE,11,08:36:00,08:36:01
L14_T010,PETIT_LANCY_QUIDORT,12,08:38:00,08:38:01
L14_T010,GENEVE_JONCTION,13,08:41:00,08:41:01
L14_T010,GENEVE_PALLADIUM,14,08:43:00,08:43:01
L14_T010,GENEVE_STAND,15,08:46:00,08:46:01
L14_T010,GENEVE_BEL_AIR,16,08:47:00,08:47:01
L14_T010,GENEVE_COUTANCE,17,08:49:00,08:49:01
L14_T010,GENEVE_GARE_CORNAVIN,18,08:52:00,08:52:01
L14_T010,GENEVE_LYON,19,08:53:00,08:53:01
L14_T010,GENEVE_POTERIE,20,08:55:00,08:55:01
L14_T010,GENEVE_SERVETTE,21,08:57:00,08:57:01
L14_T010,GENEVE_VIEUSSEUX,22,08:58:00,08:58:01
L14_T010,VERNIER_BOUCHET,23,09:00:00,09:00:01
L14_T010,VERNIER_BALEXERT,24,09:01:00,09:01:01
L14_T010,VERNIER_AVANCHETS_ETANG,25,09:03:00,09:03:01
L14_T010,VERNIER_BLANDONNET,26,09:04:00,09:04:01
L14_T010,MEYRIN_JARDIN_ALPIN_VIVARIUM,27,09:07:00,09:07:01
L14_T010,MEYRIN_FORUMEYRIN,28,09:08:00,09:08:01
L14_T010,MEYRIN_VAUDAGNE,29,09:10:00,09:10:01
L14_T010,MEYRIN_GRAVIERE,30,09:12:00,09:12:01
L14_T011,BERNEX_VAILLY,1,08:11:00,08:11:01
L14_T011,BERNEX_HAINARD,2,08:13:00,08:13:01
L14_T011,BERNEX_LUCHEPELET,3,08:14:00,08:14:01
L14_T011,BERNEX_PRE_MARAIS,4,08:16:00,08:16:01
L14_T011,BERNEX_P_R,5,08:17:00,08:17:01
L14_T011,CONFIGNON_CROISEE,6,08:18:00,08:18:01
L14_T011,CONFIGNON_LA_DODE,7,08:20:00,08:20:01
L14_T011,ONEX_SALLE_COMMUNALE,8,08:21:00,08:21:01
L14_T011,ONEX_BANDOL,9,08:23:00,08:23:01
L14_T011,PETIT_LANCY_LES_ESSERTS,10,08:25:00,08:25:01
L14_T011,PETIT_LANCY_PLACE,11,08:26:00,08:26:01
L14_T011,PETIT_LANCY_QUIDORT,12,08:28:00,08:28:01
L14_T011,GENEVE_JONCTION,13,08:32:00,08:32:01
L14_T011,GENEVE_PALLADIUM,14,08:33:00,08:33:01
L14_T011,GENEVE_STAND,15,08:36:00,08:36:01
L14_T011,GENEVE_BEL_AIR,16,08:38:00,08:38:01
L14_T011,GENEVE_COUTANCE,17,08:40:00,08:40:01
L14_T011,GENEVE_GARE_CORNAVIN,18,08:42:00,08:42:01
L14_T011,GENEVE_LYON,19,08:44:00,08:44:01
L14_T011,GENEVE_POTERIE,20,08:46:00,08:46:01
L14_T011,GENEVE_SERVETTE,21,08:47:00,08:47:01
L14_T011,GENEVE_VIEUSSEUX,22,08:48:00,08:48:01
L14_T011,VERNIER_BOUCHET,23,08:50:00,08:50:01
L14_T011,VERNIER_BALEXERT,24,08:52:00,08:52:01
L14_T011,VERNIER_AVANCHETS_ETANG,25,08:53:00,08:53:01
L14_T011,VERNIER_BLANDONNET,26,08:55:00,08:55:01
L14_T011,MEYRIN_JARDIN_ALPIN_VIVARIUM,27,08:57:00,08:57:01
L14_T011,MEYRIN_FORUMEYRIN,28,08:59:00,08:59:01
L14_T011,MEYRIN_VAUDAGNE,29,09:00:00,09:00:01
L14_T011,MEYRIN_GRAVIERE,30,09:03:00,09:03:01
L14_T012,BERNEX_VAILLY,1,07:25:00,07:25:01
L14_T012,BERNEX_HAINARD,2,07:27:00,07:27:01
L14_T012,BERNEX_LUCHEPELET,3,07:28:00,07:28:01
L14_T012,BERNEX_PRE_MARAIS,4,07:30:00,07:30:01
L14_T012,BERNEX_P_R,5,07:31:00,07:31:01
L14_T012,CONFIGNON_CROISEE,6,07:32:00,07:32:01
L14_T012,CONFIGNON_LA_DODE,7,07:34:00,07:34:01
L14_T012,ONEX_SALLE_COMMUNALE,8,07:35:00,07:35:01
L14_T012,ONEX_BANDOL,9,07:37:00,07:37:01
L14_T012,PETIT_LANCY_LES_ESSERTS,10,07:39:00,07:39:01
L14_T012,PETIT_LANCY_PLACE,11,07:40:00,07:40:01
L14_T012,PETIT_LANCY_QUIDORT,12,07:42:00,07:42:01
L14_T012,GENEVE_JONCTION,13,07:46:00,07:46:01
L14_T012,GENEVE_PALLADIUM,14,07:48:00,07:48:01
L14_T012,GENEVE_STAND,15,07:51:00,07:51:01
L14_T012,GENEVE_BEL_AIR,16,07:52:00,07:52:01
L14_T012,GENEVE_COUTANCE,17,07:54:00,07:54:01
L14_T012,GENEVE_GARE_CORNAVIN,18,07:57:00,07:57:01
L14_T012,GENEVE_LYON,19,07:58:00,07:58:01
L14_T012,GENEVE_POTERIE,20,08:00:00,08:00:01
L14_T012,GENEVE_SERVETTE,21,08:02:00,08:02:01
L14_T012,GENEVE_VIEUSSEUX,22,08:03:00,08:03:01
L14_T012,VERNIER_BOUCHET,23,08:05:00,08:05:01
L14_T012,VERNIER_BALEXERT,24,08:07:00,08:07:01
L14_T012,VERNIER_AVANCHETS_ETANG,25,08:08:00,08:08:01
L14_T012,VERNIER_BLANDONNET,26,08:10:00,08:10:01
L14_T012,MEYRIN_JARDIN_ALPIN_VIVARIUM,27,08:12:00,08:12:01
L14_T012,MEYRIN_FORUMEYRIN,28,08:14:00,08:14:01
L14_T012,MEYRIN_VAUDAGNE,29,08:15:00,08:15:01
L14_T012,MEYRIN_GRAVIERE,30,08:18:00,08:18:01
L14_T013,BERNEX_VAILLY,1,07:52:00,07:52:01
L14_T013,BERNEX_HAINARD,2,07:54:00,07:54:01
L14_T013,BERNEX_LUCHEPELET,3,07:55:00,07:55:01
L14_T013,BERNEX_PRE_MARAIS,4,07:57:00,07:57:01
L14_T013,BERNEX_P_R,5,07:58:00,07:58:01
L14_T013,CONFIGNON_CROISEE,6,07:59:00,07:59:01
L14_T013,CONFIGNON_LA_DODE,7,08:01:00,08:01:01
L14_T013,ONEX_SALLE_COMMUNALE,8,08:02:00,08:02:01
L14_T013,ONEX_BANDOL,9,08:04:00,08:04:01
L14_T013,PETIT_LANCY_LES_ESSERTS,10,08:06:00,08:06:01
L14_T013,PETIT_LANCY_PLACE,11,08:07:00,08:07:01
L14_T013,PETIT_LANCY_QUIDORT,12,08:09:00,08:09:01
L14_T013,GENEVE_JONCTION,13,08:13:00,08:13:01
L14_T013,GENEVE_PALLADIUM,14,08:15:00,08:15:01
L14_T013,GENEVE_STAND,15,08:18:00,08:18:01
L14_T013,GENEVE_BEL_AIR,16,08:19:00,08:19:01
L14_T013,GENEVE_COUTANCE,17,08:21:00,08:21:01
L14_T013,GENEVE_GARE_CORNAVIN,18,08:24:00,08:24:01
L14_T013,GENEVE_LYON,19,08:25:00,08:25:01
L14_T013,GENEVE_POTERIE,20,08:27:00,08:27:01
L14_T013,GENEVE_SERVETTE,21,08:29:00,08:29:01
L14_T013,GENEVE_VIEUSSEUX,22,08:30:00,08:30:01
L14_T013,VERNIER_BOUCHET,23,08:32:00,08:32:01
L14_T013,VERNIER_BALEXERT,24,08:34:00,08:34:01
L14_T013,VERNIER_AVANCHETS_ETANG,25,08:35:00,08:35:01
L14_T013,VERNIER_BLANDONNET,26,08:37:00,08:37:01
L14_T013,MEYRIN_JARDIN_ALPIN_VIVARIUM,27,08:39:00,08:39:01
L14_T013,MEYRIN_FORUMEYRIN,28,08:41:00,08:41:01
L14_T013,MEYRIN_VAUDAGNE,29,08:42:00,08:42:01
L14_T013,MEYRIN_GRAVIERE,30,08:45:00,08:45:01
L14_T014,BERNEX_VAILLY,1,07:43:00,07:43:01
L14_T014,BERNEX_HAINARD,2,07:45:00,07:45:01
L14_T014,BERNEX_LUCHEPELET,3,07:46:00,07:46:01
L14_T014,BERNEX_PRE_MARAIS,4,07:48:00,07:48:01
L14_T014,BERNEX_P_R,5,07:49:00,07:49:01
L14_T014,CONFIGNON_CROISEE,6,07:50:00,07:50:01
L14_T014,CONFIGNON_LA_DODE,7,07:52:00,07:52:01
L14_T014,ONEX_SALLE_COMMUNALE,8,07:53:00,07:53:01
L14_T014,ONEX_BANDOL,9,07:55:00,07:55:01
L14_T014,PETIT_LANCY_LES_ESSERTS,10,07:57:00,07:57:01
L14_T014,PETIT_LANCY_PLACE,11,07:58:00,07:58:01
L14_T014,PETIT_LANCY_QUIDORT,12,08:00:00,08:00:01
L14_T014,GENEVE_JONCTION,13,08:04:00,08:04:01
L14_T014,GENEVE_PALLADIUM,14,08:06:00,08:06:01
L14_T014,GENEVE_STAND,15,08:09:00,08:09:01
L14_T014,GENEVE_BEL_AIR,16,08:10:00,08:10:01
L14_T014,GENEVE_COUTANCE,17,08:12:00,08:12:01
L14_T014,GENEVE_GARE_CORNAVIN,18,08:15:00,08:15:01
L14_T014,GENEVE_LYON,19,08:16:00,08:16:01
L14_T014,GENEVE_POTERIE,20,08:18:00,08:18:01
L14_T014,GENEVE_SERVETTE,21,08:20:00,08:20:01
L14_T014,GENEVE_VIEUSSEUX,22,08:21:00,08:21:01
L14_T014,VERNIER_BOUCHET,23,08:23:00,08:23:01
L14_T014,VERNIER_BALEXERT,24,08:25:00,08:25:01
L14_T014,VERNIER_AVANCHETS_ETANG,25,08:26:00,08:26:01
L14_T014,VERNIER_BLANDONNET,26,08:28:00,08:28:01
L14_T014,MEYRIN_JARDIN_ALPIN_VIVARIUM,27,08:31:00,08:31:01
L14_T014,MEYRIN_FORUMEYRIN,28,08:32:00,08:32:01
L14_T014,MEYRIN_VAUDAGNE,29,08:34:00,08:34:01
L14_T014,MEYRIN_GRAVIERE,30,08:36:00,08:36:01
L14_T015,MEYRIN_JARDIN_ALPIN_VIVARIUM,1,07:00:00,07:00:01
L14_T015,MEYRIN_FORUMEYRIN,2,07:01:00,07:01:01
L14_T015,MEYRIN_VAUDAGNE,3,07:03:00,07:03:01
L14_T015,MEYRIN_GRAVIERE,4,07:05:00,07:05:01
L14_T016,MEYRIN_JARDIN_ALPIN_VIVARIUM,1,07:11:00,07:11:01
L14_T016,MEYRIN_FORUMEYRIN,2,07:12:00,07:12:01
L14_T016,MEYRIN_VAUDAGNE,3,07:14:00,07:14:01
L14_T016,MEYRIN_GRAVIERE,4,07:16:00,07:16:01
L14_T017,BERNEX_VAILLY,1,08:31:00,08:31:01
L14_T017,BERNEX_HAINARD,2,08:32:00,08:32:01
L14_T017,BERNEX_LUCHEPELET,3,08:34:00,08:34:01
L14_T017,BERNEX_PRE_MARAIS,4,08:35:00,08:35:01
L14_T017,BERNEX_P_R,5,08:36:00,08:36:01
L14_T017,CONFIGNON_CROISEE,6,08:38:00,08:38:01
L14_T017,CONFIGNON_LA_DODE,7,08:39:00,08:39:01
L14_T017,ONEX_SALLE_COMMUNALE,8,08:41:00,08:41:01
L14_T017,ONEX_BANDOL,9,08:42:00,08:42:01
L14_T017,PETIT_LANCY_LES_ESSERTS,10,08:44:00,08:44:01
L14_T017,PETIT_LANCY_PLACE,11,08:45:00,08:45:01
L14_T017,PETIT_LANCY_QUIDORT,12,08:47:00,08:47:01
L14_T017,GENEVE_JONCTION,13,08:50:00,08:50:01
L14_T017,GENEVE_PALLADIUM,14,08:52:00,08:52:01
L14_T017,GENEVE_STAND,15,08:55:00,08:55:01
L14_T017,GENEVE_BEL_AIR,16,08:57:00,08:57:01
L14_T017,GENEVE_COUTANCE,17,08:58:00,08:58:01
L14_T017,GENEVE_GARE_CORNAVIN,18,09:01:00,09:01:01
L14_T017,GENEVE_LYON,19,09:02:00,09:02:01
L14_T017,GENEVE_POTERIE,20,09:04:00,09:04:01
L14_T017,GENEVE_SERVETTE,21,09:06:00,09:06:01
L14_T017,GENEVE_VIEUSSEUX,22,09:07:00,09:07:01
L14_T017,VERNIER_BOUCHET,23,09:09:00,09:09:01
L14_T017,VERNIER_BALEXERT,24,09:11:00,09:11:01
L14_T017,VERNIER_AVANCHETS_ETANG,25,09:12:00,09:12:01
L14_T017,VERNIER_BLANDONNET,26,09:14:00,09:14:01
L14_T017,MEYRIN_JARDIN_ALPIN_VIVARIUM,27,09:16:00,09:16:01
L14_T017,MEYRIN_FORUMEYRIN,28,09:18:00,09:18:01
L14_T017,MEYRIN_VAUDAGNE,29,09:19:00,09:19:01
L14_T017,MEYRIN_GRAVIERE,30,09:21:00,09:21:01
L14_T018,BERNEX_VAILLY,1,08:41:00,08:41:01
L14_T018,BERNEX_HAINARD,2,08:42:00,08:42:01
L14_T018,BERNEX_LUCHEPELET,3,08:44:00,08:44:01
L14_T018,BERNEX_PRE_MARAIS,4,08:45:00,08:45:01
L14_T018,BERNEX_P_R,5,08:46:00,08:46:01
L14_T018,CONFIGNON_CROISEE,6,08:48:00,08:48:01
L14_T018,CONFIGNON_LA_DODE,7,08:49:00,08:49:01
L14_T018,ONEX_SALLE_COMMUNALE,8,08:51:00,08:51:01
L14_T018,ONEX_BANDOL,9,08:52:00,08:52:01
L14_T018,PETIT_LANCY_LES_ESSERTS,10,08:54:00,08:54:01
L14_T018,PETIT_LANCY_PLACE,11,08:55:00,08:55:01
L14_T018,PETIT_LANCY_QUIDORT,12,08:57:00,08:57:01
L14_T018,GENEVE_JONCTION,13,09:00:00,09:00:01
L14_T018,GENEVE_PALLADIUM,14,09:02:00,09:02:01
L14_T018,GENEVE_STAND,15,09:05:00,09:05:01
L14_T018,GENEVE_BEL_AIR,16,09:07:00,09:07:01
L14_T018,GENEVE_COUTANCE,17,09:08:00,09:08:01
L14_T018,GENEVE_GARE_CORNAVIN,18,09:11:00,09:11:01
L14_T018,GENEVE_LYON,19,09:12:00,09:12:01
L14_T018,GENEVE_POTERIE,20,09:14:00,09:14:01
L14_T018,GENEVE_SERVETTE,21,09:16:00,09:16:01
L14_T018,GENEVE_VIEUSSEUX,22,09:17:00,09:17:01
L14_T018,VERNIER_BOUCHET,23,09:19:00,09:19:01
L14_T018,VERNIER_BALEXERT,24,09:21:00,09:21:01
L14_T018,VERNIER_AVANCHETS_ETANG,25,09:22:00,09:22:01
L14_T018,VERNIER_BLANDONNET,26,09:24:00,09:24:01
L14_T018,MEYRIN_JARDIN_ALPIN_VIVARIUM,27,09:26:00,09:26:01
L14_T018,MEYRIN_FORUMEYRIN,28,09:28:00,09:28:01
L14_T018,MEYRIN_VAUDAGNE,29,09:29:00,09:29:01
L14_T018,MEYRIN_GRAVIERE,30,09:31:00,09:31:01
L14_T019,BERNEX_VAILLY,1,06:12:00,06:12:01
L14_T019,BERNEX_HAINARD,2,06:13:00,06:13:01
L14_T019,BERNEX_LUCHEPELET,3,06:15:00,06:15:01
L14_T019,BERNEX_PRE_MARAIS,4,06:16:00,06:16:01
L14_T019,BERNEX_P_R,5,06:17:00,06:17:01
L14_T019,CONFIGNON_CROISEE,6,06:19:00,06:19:01
L14_T019,CONFIGNON_LA_DODE,7,06:20:00,06:20:01
L14_T019,ONEX_SALLE_COMMUNALE,8,06:21:00,06:21:01
L14_T019,ONEX_BANDOL,9,06:23:00,06:23:01
L14_T019,PETIT_LANCY_LES_ESSERTS,10,06:24:00,06:24:01
L14_T019,PETIT_LANCY_PLACE,11,06:26:00,06:26:01
L14_T019,PETIT_LANCY_QUIDORT,12,06:27:00,06:27:01
L14_T019,GENEVE_JONCTION,13,06:31:00,06:31:01
L14_T019,GENEVE_PALLADIUM,14,06:32:00,06:32:01
L14_T019,GENEVE_STAND,15,06:35:00,06:35:01
L14_T019,GENEVE_BEL_AIR,16,06:37:00,06:37:01
L14_T019,GENEVE_COUTANCE,17,06:38:00,06:38:01
L14_T019,GENEVE_GARE_CORNAVIN,18,06:41:00,06:41:01
L14_T019,GENEVE_LYON,19,06:42:00,06:42:01
L14_T019,GENEVE_POTERIE,20,06:44:00,06:44:01
L14_T019,GENEVE_SERVETTE,21,06:45:00,06:45:01
L14_T019,GENEVE_VIEUSSEUX,22,06:46:00,06:46:01
L14_T019,VERNIER_BOUCHET,23,06:48:00,06:48:01
L14_T019,VERNIER_BALEXERT,24,06:50:00,06:50:01
L14_T019,VERNIER_AVANCHETS_ETANG,25,06:51:00,06:51:01
L14_T019,VERNIER_BLANDONNET,26,06:53:00,06:53:01
L14_T019,MEYRIN_JARDIN_ALPIN_VIVARIUM,27,06:55:00,06:55:01
L14_T019,MEYRIN_FORUMEYRIN,28,06:57:00,06:57:01
L14_T019,MEYRIN_VAUDAGNE,29,06:58:00,06:58:01
L14_T019,MEYRIN_GRAVIERE,30,07:01:00,07:01:01
L14_T020,BERNEX_VAILLY,1,08:46:00,08:46:01
L14_T020,BERNEX_HAINARD,2,08:47:00,08:47:01
L14_T020,BERNEX_LUCHEPELET,3,08:48:00,08:48:01
L14_T020,BERNEX_PRE_MARAIS,4,08:50:00,08:50:01
L14_T020,BERNEX_P_R,5,08:51:00,08:51:01
L14_T020,CONFIGNON_CROISEE,6,08:52:00,08:52:01
L14_T020,CONFIGNON_LA_DODE,7,08:54:00,08:54:01
L14_T020,ONEX_SALLE_COMMUNALE,8,08:55:00,08:55:01
L14_T020,ONEX_BANDOL,9,08:56:00,08:56:01
L14_T020,PETIT_LANCY_LES_ESSERTS,10,08:58:00,08:58:01
L14_T020,PETIT_LANCY_PLACE,11,09:00:00,09:00:01
L14_T020,PETIT_LANCY_QUIDORT,12,09:01:00,09:01:01
L14_T020,GENEVE_JONCTION,13,09:05:00,09:05:01
L14_T020,GENEVE_PALLADIUM,14,09:06:00,09:06:01
L14_T020,GENEVE_STAND,15,09:09:00,09:09:01
L14_T020,GENEVE_BEL_AIR,16,09:11:00,09:11:01
L14_T020,GENEVE_COUTANCE,17,09:13:00,09:13:01
L14_T020,GENEVE_GARE_CORNAVIN,18,09:15:00,09:15:01
L14_T020,GENEVE_LYON,19,09:17:00,09:17:01
L14_T020,GENEVE_POTERIE,20,09:19:00,09:19:01
L14_T020,GENEVE_SERVETTE,21,09:20:00,09:20:01
L14_T020,GENEVE_VIEUSSEUX,22,09:21:00,09:21:01
L14_T020,VERNIER_BOUCHET,23,09:23:00,09:23:01
L14_T020,VERNIER_BALEXERT,24,09:25:00,09:25:01
L14_T020,VERNIER_AVANCHETS_ETANG,25,09:26:00,09:26:01
L14_T020,VERNIER_BLANDONNET,26,09:28:00,09:28:01
L14_T020,MEYRIN_JARDIN_ALPIN_VIVARIUM,27,09:30:00,09:30:01
L14_T020,MEYRIN_FORUMEYRIN,28,09:32:00,09:32:01
L14_T020,MEYRIN_VAUDAGNE,29,09:33:00,09:33:01
L14_T020,MEYRIN_GRAVIERE,30,09:36:00,09:36:01
L14_T021,BERNEX_VAILLY,1,07:03:00,07:03:01
L14_T021,BERNEX_HAINARD,2,07:04:00,07:04:01
L14_T021,BERNEX_LUCHEPELET,3,07:06:00,07:06:01
L14_T021,BERNEX_PRE_MARAIS,4,07:07:00,07:07:01
L14_T021,BERNEX_P_R,5,07:08:00,07:08:01
L14_T021,CONFIGNON_CROISEE,6,07:09:00,07:09:01
L14_T021,CONFIGNON_LA_DODE,7,07:11:00,07:11:01
L14_T021,ONEX_SALLE_COMMUNALE,8,07:12:00,07:12:01
L14_T021,ONEX_BANDOL,9,07:14:00,07:14:01
L14_T021,PETIT_LANCY_LES_ESSERTS,10,07:15:00,07:15:01
L14_T021,PETIT_LANCY_PLACE,11,07:17:00,07:17:01
L14_T021,PETIT_LANCY_QUIDORT,12,07:19:00,07:19:01
L14_T021,GENEVE_JONCTION,13,07:22:00,07:22:01
L14_T021,GENEVE_PALLADIUM,14,07:24:00,07:24:01
L14_T021,GENEVE_STAND,15,07:26:00,07:26:01
L14_T021,GENEVE_BEL_AIR,16,07:28:00,07:28:01
L14_T021,GENEVE_COUTANCE,17,07:30:00,07:30:01
L14_T021,GENEVE_GARE_CORNAVIN,18,07:33:00,07:33:01
L14_T021,GENEVE_LYON,19,07:34:00,07:34:01
L14_T021,GENEVE_POTERIE,20,07:36:00,07:36:01
L14_T021,GENEVE_SERVETTE,21,07:37:00,07:37:01
L14_T021,GENEVE_VIEUSSEUX,22,07:39:00,07:39:01
L14_T021,VERNIER_BOUCHET,23,07:41:00,07:41:01
L14_T021,VERNIER_BALEXERT,24,07:42:00,07:42:01
L14_T021,VERNIER_AVANCHETS_ETANG,25,07:44:00,07:44:01
L14_T021,VERNIER_BLANDONNET,26,07:45:00,07:45:01
L14_T021,MEYRIN_JARDIN_ALPIN_VIVARIUM,27,07:48:00,07:48:01
L14_T021,MEYRIN_FORUMEYRIN,28,07:50:00,07:50:01
L14_T021,MEYRIN_VAUDAGNE,29,07:51:00,07:51:01
L14_T021,MEYRIN_GRAVIERE,30,07:53:00,07:53:01
L14_T022,BERNEX_VAILLY,1,08:27:00,08:27:01
L14_T022,BERNEX_HAINARD,2,08:28:00,08:28:01
L14_T022,BERNEX_LUCHEPELET,3,08:30:00,08:30:01
L14_T022,BERNEX_PRE_MARAIS,4,08:31:00,08:31:01
L14_T022,BERNEX_P_R,5,08:32:00,08:32:01
L14_T022,CONFIGNON_CROISEE,6,08:33:00,08:33:01
L14_T022,CONFIGNON_LA_DODE,7,08:35:00,08:35:01
L14_T022,ONEX_SALLE_COMMUNALE,8,08:36:00,08:36:01
L14_T022,ONEX_BANDOL,9,08:38:00,08:38:01
L14_T022,PETIT_LANCY_LES_ESSERTS,10,08:39:00,08:39:01
L14_T022,PETIT_LANCY_PLACE,11,08:41:00,08:41:01
L14_T022,PETIT_LANCY_QUIDORT,12,08:43:00,08:43:01
L14_T022,GENEVE_JONCTION,13,08:46:00,08:46:01
L14_T022,GENEVE_PALLADIUM,14,08:48:00,08:48:01
L14_T022,GENEVE_STAND,15,08:51:00,08:51:01
L14_T022,GENEVE_BEL_AIR,16,08:52:00,08:52:01
L14_T022,GENEVE_COUTANCE,17,08:54:00,08:54:01
L14_T022,GENEVE_GARE_CORNAVIN,18,08:57:00,08:57:01
L14_T022,GENEVE_LYON,19,08:58:00,08:58:01
L14_T022,GENEVE_POTERIE,20,09:00:00,09:00:01
L14_T022,GENEVE_SERVETTE,21,09:02:00,09:02:01
L14_T022,GENEVE_VIEUSSEUX,22,09:03:00,09:03:01
L14_T022,VERNIER_BOUCHET,23,09:05:00,09:05:01
L14_T022,VERNIER_BALEXERT,24,09:06:00,09:06:01
L14_T022,VERNIER_AVANCHETS_ETANG,25,09:08:00,09:08:01
L14_T022,VERNIER_BLANDONNET,26,09:09:00,09:09:01
L14_T022,MEYRIN_JARDIN_ALPIN_VIVARIUM,27,09:12:00,09:12:01
L14_T022,MEYRIN_FORUMEYRIN,28,09:13:00,09:13:01
L14_T022,MEYRIN_VAUDAGNE,29,09:15:00,09:15:01
L14_T022,MEYRIN_GRAVIERE,30,09:17:00,09:17:01
L14_T023,BERNEX_VAILLY,1,08:55:00,08:55:01
L14_T023,BERNEX_HAINARD,2,08:56:00,08:56:01
L14_T023,BERNEX_LUCHEPELET,3,08:58:00,08:58:01
L14_T023,BERNEX_PRE_MARAIS,4,08:59:00,08:59:01
L14_T023,BERNEX_P_R,5,09:00:00,09:00:01
L14_T023,CONFIGNON_CROISEE,6,09:01:00,09:01:01
L14_T023,CONFIGNON_LA_DODE,7,09:03:00,09:03:01
L14_T023,ONEX_SALLE_COMMUNALE,8,09:04:00,09:04:01
L14_T023,ONEX_BANDOL,9,09:06:00,09:06:01
L14_T023,PETIT_LANCY_LES_ESSERTS,10,09:07:00,09:07:01
L14_T023,PETIT_LANCY_PLACE,11,09:09:00,09:09:01
L14_T023,PETIT_LANCY_QUIDORT,12,09:11:00,09:11:01
L14_T023,GENEVE_JONCTION,13,09:14:00,09:14:01
L14_T023,GENEVE_PALLADIUM,14,09:16:00,09:16:01
L14_T023,GENEVE_STAND,15,09:19:00,09:19:01
L14_T023,GENEVE_BEL_AIR,16,09:20:00,09:20:01
L14_T023,GENEVE_COUTANCE,17,09:22:00,09:22:01
L14_T023,GENEVE_GARE_CORNAVIN,18,09:25:00,09:25:01
L14_T023,GENEVE_LYON,19,09:26:00,09:26:01
L14_T023,GENEVE_POTERIE,20,09:28:00,09:28:01
L14_T023,GENEVE_SERVETTE,21,09:30:00,09:30:01
L14_T023,GENEVE_VIEUSSEUX,22,09:31:00,09:31:01
L14_T023,VERNIER_BOUCHET,23,09:33:00,09:33:01
L14_T023,VERNIER_BALEXERT,24,09:34:00,09:34:01
L14_T023,VERNIER_AVANCHETS_ETANG,25,09:36:00,09:36:01
L14_T023,VERNIER_BLANDONNET,26,09:37:00,09:37:01
L14_T023,MEYRIN_JARDIN_ALPIN_VIVARIUM,27,09:40:00,09:40:01
L14_T023,MEYRIN_FORUMEYRIN,28,09:41:00,09:41:01
L14_T023,MEYRIN_VAUDAGNE,29,09:43:00,09:43:01
L14_T023,MEYRIN_GRAVIERE,30,09:45:00,09:45:01
L14_T024,BERNEX_VAILLY,1,07:12:00,07:12:01
L14_T024,BERNEX_HAINARD,2,07:13:00,07:13:01
L14_T024,BERNEX_LUCHEPELET,3,07:15:00,07:15:01
L14_T024,BERNEX_PRE_MARAIS,4,07:16:00,07:16:01
L14_T024,BERNEX_P_R,5,07:17:00,07:17:01
L14_T024,CONFIGNON_CROISEE,6,07:18:00,07:18:01
L14_T024,CONFIGNON_LA_DODE,7,07:20:00,07:20:01
L14_T024,ONEX_SALLE_COMMUNALE,8,07:21:00,07:21:01
L14_T024,ONEX_BANDOL,9,07:23:00,07:23:01
L14_T024,PETIT_LANCY_LES_ESSERTS,10,07:24:00,07:24:01
L14_T024,PETIT_LANCY_PLACE,11,07:26:00,07:26:01
L14_T024,PETIT_LANCY_QUIDORT,12,07:28:00,07:28:01
L14_T024,GENEVE_JONCTION,13,07:31:00,07:31:01
L14_T024,GENEVE_PALLADIUM,14,07:33:00,07:33:01
L14_T024,GENEVE_STAND,15,07:36:00,07:36:01
L14_T024,GENEVE_BEL_AIR,16,07:38:00,07:38:01
L14_T024,GENEVE_COUTANCE,17,07:39:00,07:39:01
L14_T024,GENEVE_GARE_CORNAVIN,18,07:42:00,07:42:01
L14_T024,GENEVE_LYON,19,07:44:00,07:44:01
L14_T024,GENEVE_POTERIE,20,07:45:00,07:45:01
L14_T024,GENEVE_SERVETTE,21,07:47:00,07:47:01
L14_T024,GENEVE_VIEUSSEUX,22,07:48:00,07:48:01
L14_T024,VERNIER_BOUCHET,23,07:50:00,07:50:01
L14_T024,VERNIER_BALEXERT,24,07:52:00,07:52:01
L14_T024,VERNIER_AVANCHETS_ETANG,25,07:53:00,07:53:01
L14_T024,VERNIER_BLANDONNET,26,07:55:00,07:55:01
L14_T024,MEYRIN_JARDIN_ALPIN_VIVARIUM,27,07:58:00,07:58:01
L14_T024,MEYRIN_FORUMEYRIN,28,07:59:00,07:59:01
L14_T024,MEYRIN_VAUDAGNE,29,08:01:00,08:01:01
L14_T024,MEYRIN_GRAVIERE,30,08:03:00,08:03:01
L14_T025,BERNEX_VAILLY,1,07:21:00,07:21:01
L14_T025,BERNEX_HAINARD,2,07:22:00,07:22:01
L14_T025,BERNEX_LUCHEPELET,3,07:24:00,07:24:01
L14_T025,BERNEX_PRE_MARAIS,4,07:25:00,07:25:01
L14_T025,BERNEX_P_R,5,07:26:00,07:26:01
L14_T025,CONFIGNON_CROISEE,6,07:27:00,07:27:01
L14_T025,CONFIGNON_LA_DODE,7,07:29:00,07:29:01
L14_T025,ONEX_SALLE_COMMUNALE,8,07:30:00,07:30:01
L14_T025,ONEX_BANDOL,9,07:32:00,07:32:01
L14_T025,PETIT_LANCY_LES_ESSERTS,10,07:34:00,07:34:01
L14_T025,PETIT_LANCY_PLACE,11,07:35:00,07:35:01
L14_T025,PETIT_LANCY_QUIDORT,12,07:37:00,07:37:01
L14_T025,GENEVE_JONCTION,13,07:41:00,07:41:01
L14_T025,GENEVE_PALLADIUM,14,07:43:00,07:43:01
L14_T025,GENEVE_STAND,15,07:46:00,07:46:01
L14_T025,GENEVE_BEL_AIR,16,07:47:00,07:47:01
L14_T025,GENEVE_COUTANCE,17,07:49:00,07:49:01
L14_T025,GENEVE_GARE_CORNAVIN,18,07:52:00,07:52:01
L14_T025,GENEVE_LYON,19,07:53:00,07:53:01
L14_T025,GENEVE_POTERIE,20,07:55:00,07:55:01
L14_T025,GENEVE_SERVETTE,21,07:57:00,07:57:01
L14_T025,GENEVE_VIEUSSEUX,22,07:58:00,07:58:01
L14_T025,VERNIER_BOUCHET,23,08:00:00,08:00:01
L14_T025,VERNIER_BALEXERT,24,08:02:00,08:02:01
L14_T025,VERNIER_AVANCHETS_ETANG,25,08:03:00,08:03:01
L14_T025,VERNIER_BLANDONNET,26,08:05:00,08:05:01
L14_T025,MEYRIN_JARDIN_ALPIN_VIVARIUM,27,08:07:00,08:07:01
L14_T025,MEYRIN_FORUMEYRIN,28,08:09:00,08:09:01
L14_T025,MEYRIN_VAUDAGNE,29,08:10:00,08:10:01
L14_T025,MEYRIN_GRAVIERE,30,08:13:00,08:13:01
L14_T026,BERNEX_VAILLY,1,08:17:00,08:17:01
L14_T026,BERNEX_HAINARD,2,08:18:00,08:18:01
L14_T026,BERNEX_LUCHEPELET,3,08:20:00,08:20:01
L14_T026,BERNEX_PRE_MARAIS,4,08:21:00,08:21:01
L14_T026,BERNEX_P_R,5,08:22:00,08:22:01
L14_T026,CONFIGNON_CROISEE,6,08:24:00,08:24:01
L14_T026,CONFIGNON_LA_DODE,7,08:25:00,08:25:01
L14_T026,ONEX_SALLE_COMMUNALE,8,08:27:00,08:27:01
L14_T026,ONEX_BANDOL,9,08:28:00,08:28:01
L14_T026,PETIT_LANCY_LES_ESSERTS,10,08:30:00,08:30:01
L14_T026,PETIT_LANCY_PLACE,11,08:32:00,08:32:01
L14_T026,PETIT_LANCY_QUIDORT,12,08:33:00,08:33:01
L14_T026,GENEVE_JONCTION,13,08:37:00,08:37:01
L14_T026,GENEVE_PALLADIUM,14,08:38:00,08:38:01
L14_T026,GENEVE_STAND,15,08:41:00,08:41:01
L14_T026,GENEVE_BEL_AIR,16,08:43:00,08:43:01
L14_T026,GENEVE_COUTANCE,17,08:45:00,08:45:01
L14_T026,GENEVE_GARE_CORNAVIN,18,08:47:00,08:47:01
L14_T026,GENEVE_LYON,19,08:49:00,08:49:01
L14_T026,GENEVE_POTERIE,20,08:51:00,08:51:01
L14_T026,GENEVE_SERVETTE,21,08:52:00,08:52:01
L14_T026,GENEVE_VIEUSSEUX,22,08:53:00,08:53:01
L14_T026,VERNIER_BOUCHET,23,08:55:00,08:55:01
L14_T026,VERNIER_BALEXERT,24,08:57:00,08:57:01
L14_T026,VERNIER_AVANCHETS_ETANG,25,08:58:00,08:58:01
L14_T026,VERNIER_BLANDONNET,26,09:00:00,09:00:01
L14_T026,MEYRIN_JARDIN_ALPIN_VIVARIUM,27,09:02:00,09:02:01
L14_T026,MEYRIN_FORUMEYRIN,28,09:04:00,09:04:01
L14_T026,MEYRIN_VAUDAGNE,29,09:05:00,09:05:01
L14_T026,MEYRIN_GRAVIERE,30,09:08:00,09:08:01
L14_T027,BERNEX_VAILLY,1,08:07:00,08:07:01
L14_T027,BERNEX_HAINARD,2,08:08:00,08:08:01
L14_T027,BERNEX_LUCHEPELET,3,08:10:00,08:10:01
L14_T027,BERNEX_PRE_MARAIS,4,08:11:00,08:11:01
L14_T027,BERNEX_P_R,5,08:12:00,08:12:01
L14_T027,CONFIGNON_CROISEE,6,08:14:00,08:14:01
L14_T027,CONFIGNON_LA_DODE,7,08:15:00,08:15:01
L14_T027,ONEX_SALLE_COMMUNALE,8,08:17:00,08:17:01
L14_T027,ONEX_BANDOL,9,08:18:00,08:18:01
L14_T027,PETIT_LANCY_LES_ESSERTS,10,08:20:00,08:20:01
L14_T027,PETIT_LANCY_PLACE,11,08:22:00,08:22:01
L14_T027,PETIT_LANCY_QUIDORT,12,08:23:00,08:23:01
L14_T027,GENEVE_JONCTION,13,08:27:00,08:27:01
L14_T027,GENEVE_PALLADIUM,14,08:29:00,08:29:01
L14_T027,GENEVE_STAND,15,08:32:00,08:32:01
L14_T027,GENEVE_BEL_AIR,16,08:34:00,08:34:01
L14_T027,GENEVE_COUTANCE,17,08:35:00,08:35:01
L14_T027,GENEVE_GARE_CORNAVIN,18,08:38:00,08:38:01
L14_T027,GENEVE_LYON,19,08:39:00,08:39:01
L14_T027,GENEVE_POTERIE,20,08:41:00,08:41:01
L14_T027,GENEVE_SERVETTE,21,08:43:00,08:43:01
L14_T027,GENEVE_VIEUSSEUX,22,08:44:00,08:44:01
L14_T027,VERNIER_BOUCHET,23,08:46:00,08:46:01
L14_T027,VERNIER_BALEXERT,24,08:48:00,08:48:01
L14_T027,VERNIER_AVANCHETS_ETANG,25,08:49:00,08:49:01
L14_T027,VERNIER_BLANDONNET,26,08:51:00,08:51:01
L14_T027,MEYRIN_JARDIN_ALPIN_VIVARIUM,27,08:53:00,08:53:01
L14_T027,MEYRIN_FORUMEYRIN,28,08:55:00,08:55:01
L14_T027,MEYRIN_VAUDAGNE,29,08:56:00,08:56:01
L14_T027,MEYRIN_GRAVIERE,30,08:58:00,08:58:01
L14_T028,BERNEX_VAILLY,1,07:57:00,07:57:01
L14_T028,BERNEX_HAINARD,2,07:58:00,07:58:01
L14_T028,BERNEX_LUCHEPELET,3,08:00:00,08:00:01
L14_T028,BERNEX_PRE_MARAIS,4,08:01:00,08:01:01
L14_T028,BERNEX_P_R,5,08:02:00,08:02:01
L14_T028,CONFIGNON_CROISEE,6,08:04:00,08:04:01
L14_T028,CONFIGNON_LA_DODE,7,08:05:00,08:05:01
L14_T028,ONEX_SALLE_COMMUNALE,8,08:07:00,08:07:01
L14_T028,ONEX_BANDOL,9,08:08:00,08:08:01
L14_T028,PETIT_LANCY_LES_ESSERTS,10,08:10:00,08:10:01
L14_T028,PETIT_LANCY_PLACE,11,08:12:00,08:12:01
L14_T028,PETIT_LANCY_QUIDORT,12,08:13:00,08:13:01
L14_T028,GENEVE_JONCTION,13,08:17:00,08:17:01
L14_T028,GENEVE_PALLADIUM,14,08:19:00,08:19:01
L14_T028,GENEVE_STAND,15,08:22:00,08:22:01
L14_T028,GENEVE_BEL_AIR,16,08:24:00,08:24:01
L14_T028,GENEVE_COUTANCE,17,08:25:00,08:25:01
L14_T028,GENEVE_GARE_CORNAVIN,18,08:28:00,08:28:01
L14_T028,GENEVE_LYON,19,08:30:00,08:30:01
L14_T028,GENEVE_POTERIE,20,08:32:00,08:32:01
L14_T028,GENEVE_SERVETTE,21,08:33:00,08:33:01
L14_T028,GENEVE_VIEUSSEUX,22,08:34:00,08:34:01
L14_T028,VERNIER_BOUCHET,23,08:36:00,08:36:01
L14_T028,VERNIER_BALEXERT,24,08:38:00,08:38:01
L14_T028,VERNIER_AVANCHETS_ETANG,25,08:39:00,08:39:01
L14_T028,VERNIER_BLANDONNET,26,08:41:00,08:41:01
L14_T028,MEYRIN_JARDIN_ALPIN_VIVARIUM,27,08:43:00,08:43:01
L14_T028,MEYRIN_FORUMEYRIN,28,08:45:00,08:45:01
L14_T028,MEYRIN_VAUDAGNE,29,08:46:00,08:46:01
L14_T028,MEYRIN_GRAVIERE,30,08:49:00,08:49:01
L14_T029,BERNEX_VAILLY,1,07:48:00,07:48:01
L14_T029,BERNEX_HAINARD,2,07:49:00,07:49:01
L14_T029,BERNEX_LUCHEPELET,3,07:51:00,07:51:01
L14_T029,BERNEX_PRE_MARAIS,4,07:52:00,07:52:01
L14_T029,BERNEX_P_R,5,07:53:00,07:53:01
L14_T029,CONFIGNON_CROISEE,6,07:55:00,07:55:01
L14_T029,CONFIGNON_LA_DODE,7,07:56:00,07:56:01
L14_T029,ONEX_SALLE_COMMUNALE,8,07:58:00,07:58:01
L14_T029,ONEX_BANDOL,9,07:59:00,07:59:01
L14_T029,PETIT_LANCY_LES_ESSERTS,10,08:01:00,08:01:01
L14_T029,PETIT_LANCY_PLACE,11,08:03:00,08:03:01
L14_T029,PETIT_LANCY_QUIDORT,12,08:04:00,08:04:01
L14_T029,GENEVE_JONCTION,13,08:08:00,08:08:01
L14_T029,GENEVE_PALLADIUM,14,08:10:00,08:10:01
L14_T029,GENEVE_STAND,15,08:13:00,08:13:01
L14_T029,GENEVE_BEL_AIR,16,08:15:00,08:15:01
L14_T029,GENEVE_COUTANCE,17,08:16:00,08:16:01
L14_T029,GENEVE_GARE_CORNAVIN,18,08:19:00,08:19:01
L14_T029,GENEVE_LYON,19,08:21:00,08:21:01
L14_T029,GENEVE_POTERIE,20,08:23:00,08:23:01
L14_T029,GENEVE_SERVETTE,21,08:24:00,08:24:01
L14_T029,GENEVE_VIEUSSEUX,22,08:26:00,08:26:01
L14_T029,VERNIER_BOUCHET,23,08:28:00,08:28:01
L14_T029,VERNIER_BALEXERT,24,08:29:00,08:29:01
L14_T029,VERNIER_AVANCHETS_ETANG,25,08:31:00,08:31:01
L14_T029,VERNIER_BLANDONNET,26,08:32:00,08:32:01
L14_T029,MEYRIN_JARDIN_ALPIN_VIVARIUM,27,08:35:00,08:35:01
L14_T029,MEYRIN_FORUMEYRIN,28,08:36:00,08:36:01
L14_T029,MEYRIN_VAUDAGNE,29,08:38:00,08:38:01
L14_T029,MEYRIN_GRAVIERE,30,08:40:00,08:40:01
L14_T030,BERNEX_VAILLY,1,07:30:00,07:30:01
L14_T030,BERNEX_HAINARD,2,07:31:00,07:31:01
L14_T030,BERNEX_LUCHEPELET,3,07:33:00,07:33:01
L14_T030,BERNEX_PRE_MARAIS,4,07:34:00,07:34:01
L14_T030,BERNEX_P_R,5,07:35:00,07:35:01
L14_T030,CONFIGNON_CROISEE,6,07:37:00,07:37:01
L14_T030,CONFIGNON_LA_DODE,7,07:38:00,07:38:01
L14_T030,ONEX_SALLE_COMMUNALE,8,07:40:00,07:40:01
L14_T030,ONEX_BANDOL,9,07:41:00,07:41:01
L14_T030,PETIT_LANCY_LES_ESSERTS,10,07:43:00,07:43:01
L14_T030,PETIT_LANCY_PLACE,11,07:45:00,07:45:01
L14_T030,PETIT_LANCY_QUIDORT,12,07:46:00,07:46:01
L14_T030,GENEVE_JONCTION,13,07:50:00,07:50:01
L14_T030,GENEVE_PALLADIUM,14,07:52:00,07:52:01
L14_T030,GENEVE_STAND,15,07:55:00,07:55:01
L14_T030,GENEVE_BEL_AIR,16,07:57:00,07:57:01
L14_T030,GENEVE_COUTANCE,17,07:58:00,07:58:01
L14_T030,GENEVE_GARE_CORNAVIN,18,08:01:00,08:01:01
L14_T030,GENEVE_LYON,19,08:03:00,08:03:01
L14_T030,GENEVE_POTERIE,20,08:05:00,08:05:01
L14_T030,GENEVE_SERVETTE,21,08:06:00,08:06:01
L14_T030,GENEVE_VIEUSSEUX,22,08:08:00,08:08:01
L14_T030,VERNIER_BOUCHET,23,08:10:00,08:10:01
L14_T030,VERNIER_BALEXERT,24,08:11:00,08:11:01
L14_T030,VERNIER_AVANCHETS_ETANG,25,08:13:00,08:13:01
L14_T030,VERNIER_BLANDONNET,26,08:14:00,08:14:01
L14_T030,MEYRIN_JARDIN_ALPIN_VIVARIUM,27,08:17:00,08:17:01
L14_T030,MEYRIN_FORUMEYRIN,28,08:19:00,08:19:01
L14_T030,MEYRIN_VAUDAGNE,29,08:20:00,08:20:01
L14_T030,MEYRIN_GRAVIERE,30,08:22:00,08:22:01
L14_T031,BERNEX_VAILLY,1,07:39:00,07:39:01
L14_T031,BERNEX_HAINARD,2,07:40:00,07:40:01
L14_T031,BERNEX_LUCHEPELET,3,07:42:00,07:42:01
L14_T031,BERNEX_PRE_MARAIS,4,07:43:00,07:43:01
L14_T031,BERNEX_P_R,5,07:44:00,07:44:01
L14_T031,CONFIGNON_CROISEE,6,07:46:00,07:46:01
L14_T031,CONFIGNON_LA_DODE,7,07:47:00,07:47:01
L14_T031,ONEX_SALLE_COMMUNALE,8,07:49:00,07:49:01
L14_T031,ONEX_BANDOL,9,07:50:00,07:50:01
L14_T031,PETIT_LANCY_LES_ESSERTS,10,07:52:00,07:52:01
L14_T031,PETIT_LANCY_PLACE,11,07:54:00,07:54:01
L14_T031,PETIT_LANCY_QUIDORT,12,07:56:00,07:56:01
L14_T031,GENEVE_JONCTION,13,07:59:00,07:59:01
L14_T031,GENEVE_PALLADIUM,14,08:01:00,08:01:01
L14_T031,GENEVE_STAND,15,08:04:00,08:04:01
L14_T031,GENEVE_BEL_AIR,16,08:06:00,08:06:01
L14_T031,GENEVE_COUTANCE,17,08:08:00,08:08:01
L14_T031,GENEVE_GARE_CORNAVIN,18,08:11:00,08:11:01
L14_T031,GENEVE_LYON,19,08:12:00,08:12:01
L14_T031,GENEVE_POTERIE,20,08:14:00,08:14:01
L14_T031,GENEVE_SERVETTE,21,08:16:00,08:16:01
L14_T031,GENEVE_VIEUSSEUX,22,08:17:00,08:17:01
L14_T031,VERNIER_BOUCHET,23,08:19:00,08:19:01
L14_T031,VERNIER_BALEXERT,24,08:21:00,08:21:01
L14_T031,VERNIER_AVANCHETS_ETANG,25,08:22:00,08:22:01
L14_T031,VERNIER_BLANDONNET,26,08:24:00,08:24:01
L14_T031,MEYRIN_JARDIN_ALPIN_VIVARIUM,27,08:26:00,08:26:01
L14_T031,MEYRIN_FORUMEYRIN,28,08:28:00,08:28:01
L14_T031,MEYRIN_VAUDAGNE,29,08:29:00,08:29:01
L14_T031,MEYRIN_GRAVIERE,30,08:32:00,08:32:01
L14_T032,BERNEX_VAILLY,1,06:42:00,06:42:01
L14_T032,BERNEX_HAINARD,2,06:44:00,06:44:01
L14_T032,BERNEX_LUCHEPELET,3,06:45:00,06:45:01
L14_T032,BERNEX_PRE_MARAIS,4,06:47:00,06:47:01
L14_T032,BERNEX_P_R,5,06:48:00,06:48:01
L14_T032,CONFIGNON_CROISEE,6,06:49:00,06:49:01
L14_T032,CONFIGNON_LA_DODE,7,06:51:00,06:51:01
L14_T032,ONEX_SALLE_COMMUNALE,8,06:52:00,06:52:01
L14_T032,ONEX_BANDOL,9,06:53:00,06:53:01
L14_T032,PETIT_LANCY_LES_ESSERTS,10,06:55:00,06:55:01
L14_T032,PETIT_LANCY_PLACE,11,06:57:00,06:57:01
L14_T032,PETIT_LANCY_QUIDORT,12,06:58:00,06:58:01
L14_T032,GENEVE_JONCTION,13,07:02:00,07:02:01
L14_T032,GENEVE_PALLADIUM,14,07:03:00,07:03:01
L14_T032,GENEVE_STAND,15,07:06:00,07:06:01
L14_T032,GENEVE_BEL_AIR,16,07:08:00,07:08:01
L14_T032,GENEVE_COUTANCE,17,07:09:00,07:09:01
L14_T032,GENEVE_GARE_CORNAVIN,18,07:12:00,07:12:01
L14_T032,GENEVE_LYON,19,07:13:00,07:13:01
L14_T032,GENEVE_POTERIE,20,07:15:00,07:15:01
L14_T032,GENEVE_SERVETTE,21,07:16:00,07:16:01
L14_T032,GENEVE_VIEUSSEUX,22,07:17:00,07:17:01
L14_T032,VERNIER_BOUCHET,23,07:19:00,07:19:01
L14_T032,VERNIER_BALEXERT,24,07:21:00,07:21:01
L14_T032,VERNIER_AVANCHETS_ETANG,25,07:22:00,07:22:01
L14_T032,VERNIER_BLANDONNET,26,07:24:00,07:24:01
L14_T032,MEYRIN_JARDIN_ALPIN_VIVARIUM,27,07:26:00,07:26:01
L14_T032,MEYRIN_FORUMEYRIN,28,07:28:00,07:28:01
L14_T032,MEYRIN_VAUDAGNE,29,07:29:00,07:29:01
L14_T032,MEYRIN_GRAVIERE,30,07:32:00,07:32:01
L14_T033,BERNEX_VAILLY,1,06:52:00,06:52:01
L14_T033,BERNEX_HAINARD,2,06:54:00,06:54:01
L14_T033,BERNEX_LUCHEPELET,3,06:55:00,06:55:01
L14_T033,BERNEX_PRE_MARAIS,4,06:57:00,06:57:01
L14_T033,BERNEX_P_R,5,06:58:00,06:58:01
L14_T033,CONFIGNON_CROISEE,6,06:59:00,06:59:01
L14_T033,CONFIGNON_LA_DODE,7,07:01:00,07:01:01
L14_T033,ONEX_SALLE_COMMUNALE,8,07:02:00,07:02:01
L14_T033,ONEX_BANDOL,9,07:03:00,07:03:01
L14_T033,PETIT_LANCY_LES_ESSERTS,10,07:05:00,07:05:01
L14_T033,PETIT_LANCY_PLACE,11,07:07:00,07:07:01
L14_T033,PETIT_LANCY_QUIDORT,12,07:08:00,07:08:01
L14_T033,GENEVE_JONCTION,13,07:12:00,07:12:01
L14_T033,GENEVE_PALLADIUM,14,07:13:00,07:13:01
L14_T033,GENEVE_STAND,15,07:16:00,07:16:01
L14_T033,GENEVE_BEL_AIR,16,07:18:00,07:18:01
L14_T033,GENEVE_COUTANCE,17,07:19:00,07:19:01
L14_T033,GENEVE_GARE_CORNAVIN,18,07:22:00,07:22:01
L14_T033,GENEVE_LYON,19,07:23:00,07:23:01
L14_T033,GENEVE_POTERIE,20,07:25:00,07:25:01
L14_T033,GENEVE_SERVETTE,21,07:26:00,07:26:01
L14_T033,GENEVE_VIEUSSEUX,22,07:27:00,07:27:01
L14_T033,VERNIER_BOUCHET,23,07:29:00,07:29:01
L14_T033,VERNIER_BALEXERT,24,07:31:00,07:31:01
L14_T033,VERNIER_AVANCHETS_ETANG,25,07:32:00,07:32:01
L14_T033,VERNIER_BLANDONNET,26,07:34:00,07:34:01
L14_T033,MEYRIN_JARDIN_ALPIN_VIVARIUM,27,07:36:00,07:36:01
L14_T033,MEYRIN_FORUMEYRIN,28,07:38:00,07:38:01
L14_T033,MEYRIN_VAUDAGNE,29,07:39:00,07:39:01
L14_T033,MEYRIN_GRAVIERE,30,07:42:00,07:42:01
L14_T034,BERNEX_VAILLY,1,06:32:00,06:32:01
L14_T034,BERNEX_HAINARD,2,06:34:00,06:34:01
L14_T034,BERNEX_LUCHEPELET,3,06:35:00,06:35:01
L14_T034,BERNEX_PRE_MARAIS,4,06:37:00,06:37:01
L14_T034,BERNEX_P_R,5,06:38:00,06:38:01
L14_T034,CONFIGNON_CROISEE,6,06:39:00,06:39:01
L14_T034,CONFIGNON_LA_DODE,7,06:41:00,06:41:01
L14_T034,ONEX_SALLE_COMMUNALE,8,06:42:00,06:42:01
L14_T034,ONEX_BANDOL,9,06:43:00,06:43:01
L14_T034,PETIT_LANCY_LES_ESSERTS,10,06:45:00,06:45:01
L14_T034,PETIT_LANCY_PLACE,11,06:47:00,06:47:01
L14_T034,PETIT_LANCY_QUIDORT,12,06:48:00,06:48:01
L14_T034,GENEVE_JONCTION,13,06:52:00,06:52:01
L14_T034,GENEVE_PALLADIUM,14,06:53:00,06:53:01
L14_T034,GENEVE_STAND,15,06:56:00,06:56:01
L14_T034,GENEVE_BEL_AIR,16,06:58:00,06:58:01
L14_T034,GENEVE_COUTANCE,17,06:59:00,06:59:01
L14_T034,GENEVE_GARE_CORNAVIN,18,07:02:00,07:02:01
L14_T034,GENEVE_LYON,19,07:03:00,07:03:01
L14_T034,GENEVE_POTERIE,20,07:05:00,07:05:01
L14_T034,GENEVE_SERVETTE,21,07:06:00,07:06:01
L14_T034,GENEVE_VIEUSSEUX,22,07:07:00,07:07:01
L14_T034,VERNIER_BOUCHET,23,07:09:00,07:09:01
L14_T034,VERNIER_BALEXERT,24,07:11:00,07:11:01
L14_T034,VERNIER_AVANCHETS_ETANG,25,07:12:00,07:12:01
L14_T034,VERNIER_BLANDONNET,26,07:14:00,07:14:01
L14_T034,MEYRIN_JARDIN_ALPIN_VIVARIUM,27,07:16:00,07:16:01
L14_T034,MEYRIN_FORUMEYRIN,28,07:18:00,07:18:01
L14_T034,MEYRIN_VAUDAGNE,29,07:19:00,07:19:01
L14_T034,MEYRIN_GRAVIERE,30,07:22:00,07:22:01
L14_T035,BERNEX_VAILLY,1,08:36:00,08:36:01
L14_T035,BERNEX_HAINARD,2,08:37:00,08:37:01
L14_T035,BERNEX_LUCHEPELET,3,08:39:00,08:39:01
L14_T035,BERNEX_PRE_MARAIS,4,08:40:00,08:40:01
L14_T035,BERNEX_P_R,5,08:41:00,08:41:01
L14_T035,CONFIGNON_CROISEE,6,08:42:00,08:42:01
L14_T035,CONFIGNON_LA_DODE,7,08:44:00,08:44:01
L14_T035,ONEX_SALLE_COMMUNALE,8,08:45:00,08:45:01
L14_T035,ONEX_BANDOL,9,08:47:00,08:47:01
L14_T035,PETIT_LANCY_LES_ESSERTS,10,08:48:00,08:48:01
L14_T035,PETIT_LANCY_PLACE,11,08:50:00,08:50:01
L14_T035,PETIT_LANCY_QUIDORT,12,08:52:00,08:52:01
L14_T035,GENEVE_JONCTION,13,08:55:00,08:55:01
L14_T035,GENEVE_PALLADIUM,14,08:57:00,08:57:01
L14_T035,GENEVE_STAND,15,09:00:00,09:00:01
L14_T035,GENEVE_BEL_AIR,16,09:01:00,09:01:01
L14_T035,GENEVE_COUTANCE,17,09:03:00,09:03:01
L14_T035,GENEVE_GARE_CORNAVIN,18,09:06:00,09:06:01
L14_T035,GENEVE_LYON,19,09:07:00,09:07:01
L14_T035,GENEVE_POTERIE,20,09:09:00,09:09:01
L14_T035,GENEVE_SERVETTE,21,09:11:00,09:11:01
L14_T035,GENEVE_VIEUSSEUX,22,09:12:00,09:12:01
L14_T035,VERNIER_BOUCHET,23,09:14:00,09:14:01
L14_T035,VERNIER_BALEXERT,24,09:15:00,09:15:01
L14_T035,VERNIER_AVANCHETS_ETANG,25,09:17:00,09:17:01
L14_T035,VERNIER_BLANDONNET,26,09:18:00,09:18:01
L14_T035,MEYRIN_JARDIN_ALPIN_VIVARIUM,27,09:21:00,09:21:01
L14_T035,MEYRIN_FORUMEYRIN,28,09:22:00,09:22:01
L14_T035,MEYRIN_VAUDAGNE,29,09:24:00,09:24:01
L14_T035,MEYRIN_GRAVIERE,30,09:26:00,09:26:01
L14_T036,VERNIER_BLANDONNET,1,06:28:00,06:28:01
L14_T036,VERNIER_AVANCHETS_ETANG,2,06:29:00,06:29:01
L14_T036,VERNIER_BALEXERT,3,06:30:00,06:30:01
L14_T036,VERNIER_BOUCHET,4,06:32:00,06:32:01
L14_T036,GENEVE_VIEUSSEUX,5,06:34:00,06:34:01
L14_T036,GENEVE_SERVETTE,6,06:36:00,06:36:01
L14_T036,GENEVE_POTERIE,7,06:37:00,06:37:01
L14_T036,GENEVE_LYON,8,06:39:00,06:39:01
L14_T036,GENEVE_GARE_CORNAVIN,9,06:41:00,06:41:01
L14_T036,GENEVE_COUTANCE,10,06:43:00,06:43:01
L14_T036,GENEVE_BEL_AIR,11,06:45:00,06:45:01
L14_T036,GENEVE_STAND,12,06:46:00,06:46:01
L14_T036,GENEVE_PALLADIUM,13,06:49:00,06:49:01
L14_T036,GENEVE_JONCTION,14,06:51:00,06:51:01
L14_T036,PETIT_LANCY_QUIDORT,15,06:54:00,06:54:01
L14_T036,PETIT_LANCY_PLACE,16,06:55:00,06:55:01
L14_T036,PETIT_LANCY_LES_ESSERTS,17,06:57:00,06:57:01
L14_T036,ONEX_BANDOL,18,06:58:00,06:58:01
L14_T036,ONEX_SALLE_COMMUNALE,19,07:00:00,07:00:01
L14_T036,CONFIGNON_LA_DODE,20,07:01:00,07:01:01
L14_T036,CONFIGNON_CROISEE,21,07:02:00,07:02:01
L14_T036,BERNEX_P_R,22,07:04:00,07:04:01
L14_T036,BERNEX_PRE_MARAIS,23,07:05:00,07:05:01
L14_T036,BERNEX_LUCHEPELET,24,07:06:00,07:06:01
L14_T036,BERNEX_HAINARD,25,07:07:00,07:07:01
L14_T036,BERNEX_VAILLY,26,07:09:00,07:09:01
L14_T037,VERNIER_BLANDONNET,1,06:35:00,06:35:01
L14_T037,VERNIER_AVANCHETS_ETANG,2,06:36:00,06:36:01
L14_T037,VERNIER_BALEXERT,3,06:37:00,06:37:01
L14_T037,VERNIER_BOUCHET,4,06:39:00,06:39:01
L14_T037,GENEVE_VIEUSSEUX,5,06:41:00,06:41:01
L14_T037,GENEVE_SERVETTE,6,06:43:00,06:43:01
L14_T037,GENEVE_POTERIE,7,06:44:00,06:44:01
L14_T037,GENEVE_LYON,8,06:46:00,06:46:01
L14_T037,GENEVE_GARE_CORNAVIN,9,06:48:00,06:48:01
L14_T037,GENEVE_COUTANCE,10,06:51:00,06:51:01
L14_T037,GENEVE_BEL_AIR,11,06:52:00,06:52:01
L14_T037,GENEVE_STAND,12,06:53:00,06:53:01
L14_T037,GENEVE_PALLADIUM,13,06:56:00,06:56:01
L14_T037,GENEVE_JONCTION,14,06:59:00,06:59:01
L14_T037,PETIT_LANCY_QUIDORT,15,07:01:00,07:01:01
L14_T037,PETIT_LANCY_PLACE,16,07:03:00,07:03:01
L14_T037,PETIT_LANCY_LES_ESSERTS,17,07:04:00,07:04:01
L14_T037,ONEX_BANDOL,18,07:06:00,07:06:01
L14_T037,ONEX_SALLE_COMMUNALE,19,07:07:00,07:07:01
L14_T037,CONFIGNON_LA_DODE,20,07:09:00,07:09:01
L14_T037,CONFIGNON_CROISEE,21,07:10:00,07:10:01
L14_T037,BERNEX_P_R,22,07:11:00,07:11:01
L14_T037,BERNEX_PRE_MARAIS,23,07:12:00,07:12:01
L14_T037,BERNEX_LUCHEPELET,24,07:13:00,07:13:01
L14_T037,BERNEX_HAINARD,25,07:15:00,07:15:01
L14_T037,BERNEX_VAILLY,26,07:16:00,07:16:01
L14_T038,VERNIER_BLANDONNET,1,06:53:00,06:53:01
L14_T038,VERNIER_AVANCHETS_ETANG,2,06:54:00,06:54:01
L14_T038,VERNIER_BALEXERT,3,06:55:00,06:55:01
L14_T038,VERNIER_BOUCHET,4,06:57:00,06:57:01
L14_T038,GENEVE_VIEUSSEUX,5,06:59:00,06:59:01
L14_T038,GENEVE_SERVETTE,6,07:01:00,07:01:01
L14_T038,GENEVE_POTERIE,7,07:02:00,07:02:01
L14_T038,GENEVE_LYON,8,07:04:00,07:04:01
L14_T038,GENEVE_GARE_CORNAVIN,9,07:06:00,07:06:01
L14_T038,GENEVE_COUTANCE,10,07:09:00,07:09:01
L14_T038,GENEVE_BEL_AIR,11,07:10:00,07:10:01
L14_T038,GENEVE_STAND,12,07:11:00,07:11:01
L14_T038,GENEVE_PALLADIUM,13,07:14:00,07:14:01
L14_T038,GENEVE_JONCTION,14,07:17:00,07:17:01
L14_T038,PETIT_LANCY_QUIDORT,15,07:19:00,07:19:01
L14_T038,PETIT_LANCY_PLACE,16,07:21:00,07:21:01
L14_T038,PETIT_LANCY_LES_ESSERTS,17,07:22:00,07:22:01
L14_T038,ONEX_BANDOL,18,07:24:00,07:24:01
L14_T038,ONEX_SALLE_COMMUNALE,19,07:25:00,07:25:01
L14_T038,CONFIGNON_LA_DODE,20,07:27:00,07:27:01
L14_T038,CONFIGNON_CROISEE,21,07:28:00,07:28:01
L14_T038,BERNEX_P_R,22,07:29:00,07:29:01
L14_T038,BERNEX_PRE_MARAIS,23,07:30:00,07:30:01
L14_T038,BERNEX_LUCHEPELET,24,07:31:00,07:31:01
L14_T038,BERNEX_HAINARD,25,07:33:00,07:33:01
L14_T038,BERNEX_VAILLY,26,07:34:00,07:34:01
L14_T039,VERNIER_BLANDONNET,1,06:40:00,06:40:01
L14_T039,VERNIER_AVANCHETS_ETANG,2,06:41:00,06:41:01
L14_T039,VERNIER_BALEXERT,3,06:42:00,06:42:01
L14_T039,VERNIER_BOUCHET,4,06:44:00,06:44:01
L14_T039,GENEVE_VIEUSSEUX,5,06:46:00,06:46:01
L14_T039,GENEVE_SERVETTE,6,06:48:00,06:48:01
L14_T039,GENEVE_POTERIE,7,06:49:00,06:49:01
L14_T039,GENEVE_LYON,8,06:51:00,06:51:01
L14_T039,GENEVE_GARE_CORNAVIN,9,06:53:00,06:53:01
L14_T039,GENEVE_COUTANCE,10,06:56:00,06:56:01
L14_T039,GENEVE_BEL_AIR,11,06:57:00,06:57:01
L14_T039,GENEVE_STAND,12,06:58:00,06:58:01
L14_T039,GENEVE_PALLADIUM,13,07:01:00,07:01:01
L14_T039,GENEVE_JONCTION,14,07:04:00,07:04:01
L14_T039,PETIT_LANCY_QUIDORT,15,07:06:00,07:06:01
L14_T039,PETIT_LANCY_PLACE,16,07:08:00,07:08:01
L14_T039,PETIT_LANCY_LES_ESSERTS,17,07:09:00,07:09:01
L14_T039,ONEX_BANDOL,18,07:11:00,07:11:01
L14_T039,ONEX_SALLE_COMMUNALE,19,07:12:00,07:12:01
L14_T039,CONFIGNON_LA_DODE,20,07:14:00,07:14:01
L14_T039,CONFIGNON_CROISEE,21,07:15:00,07:15:01
L14_T039,BERNEX_P_R,22,07:16:00,07:16:01
L14_T039,BERNEX_PRE_MARAIS,23,07:17:00,07:17:01
L14_T039,BERNEX_LUCHEPELET,24,07:18:00,07:18:01
L14_T039,BERNEX_HAINARD,25,07:20:00,07:20:01
L14_T039,BERNEX_VAILLY,26,07:21:00,07:21:01
L14_T040,MEYRIN_GRAVIERE,1,07:09:00,07:09:01
L14_T040,MEYRIN_VAUDAGNE,2,07:10:00,07:10:01
L14_T040,MEYRIN_FORUMEYRIN,3,07:12:00,07:12:01
L14_T040,MEYRIN_JARDIN_ALPIN_VIVARIUM,4,07:14:00,07:14:01
L14_T040,VERNIER_BLANDONNET,5,07:17:00,07:17:01
L14_T040,VERNIER_AVANCHETS_ETANG,6,07:18:00,07:18:01
L14_T040,VERNIER_BALEXERT,7,07:19:00,07:19:01
L14_T040,VERNIER_BOUCHET,8,07:21:00,07:21:01
L14_T040,GENEVE_VIEUSSEUX,9,07:23:00,07:23:01
L14_T040,GENEVE_SERVETTE,10,07:25:00,07:25:01
L14_T040,GENEVE_POTERIE,11,07:26:00,07:26:01
L14_T040,GENEVE_LYON,12,07:28:00,07:28:01
L14_T040,GENEVE_GARE_CORNAVIN,13,07:30:00,07:30:01
L14_T040,GENEVE_COUTANCE,14,07:33:00,07:33:01
L14_T040,GENEVE_BEL_AIR,15,07:34:00,07:34:01
L14_T040,GENEVE_STAND,16,07:35:00,07:35:01
L14_T040,GENEVE_PALLADIUM,17,07:39:00,07:39:01
L14_T040,GENEVE_JONCTION,18,07:41:00,07:41:01
L14_T040,PETIT_LANCY_QUIDORT,19,07:44:00,07:44:01
L14_T040,PETIT_LANCY_PLACE,20,07:46:00,07:46:01
L14_T040,PETIT_LANCY_LES_ESSERTS,21,07:47:00,07:47:01
L14_T040,ONEX_BANDOL,22,07:49:00,07:49:01
L14_T040,ONEX_SALLE_COMMUNALE,23,07:50:00,07:50:01
L14_T040,CONFIGNON_LA_DODE,24,07:52:00,07:52:01
L14_T040,CONFIGNON_CROISEE,25,07:53:00,07:53:01
L14_T040,BERNEX_P_R,26,07:55:00,07:55:01
L14_T040,BERNEX_PRE_MARAIS,27,07:56:00,07:56:01
L14_T040,BERNEX_LUCHEPELET,28,07:56:02,07:56:03
L14_T040,BERNEX_HAINARD,29,07:58:00,07:58:01
L14_T040,BERNEX_VAILLY,30,08:00:00,08:00:01
L14_T041,MEYRIN_GRAVIERE,1,08:25:00,08:25:01
L14_T041,MEYRIN_VAUDAGNE,2,08:26:00,08:26:01
L14_T041,MEYRIN_FORUMEYRIN,3,08:28:00,08:28:01
L14_T041,MEYRIN_JARDIN_ALPIN_VIVARIUM,4,08:30:00,08:30:01
L14_T041,VERNIER_BLANDONNET,5,08:33:00,08:33:01
L14_T041,VERNIER_AVANCHETS_ETANG,6,08:34:00,08:34:01
L14_T041,VERNIER_BALEXERT,7,08:36:00,08:36:01
L14_T041,VERNIER_BOUCHET,8,08:38:00,08:38:01
L14_T041,GENEVE_VIEUSSEUX,9,08:40:00,08:40:01
L14_T041,GENEVE_SERVETTE,10,08:41:00,08:41:01
L14_T041,GENEVE_POTERIE,11,08:43:00,08:43:01
L14_T041,GENEVE_LYON,12,08:45:00,08:45:01
L14_T041,GENEVE_GARE_CORNAVIN,13,08:46:00,08:46:01
L14_T041,GENEVE_COUTANCE,14,08:49:00,08:49:01
L14_T041,GENEVE_BEL_AIR,15,08:50:00,08:50:01
L14_T041,GENEVE_STAND,16,08:51:00,08:51:01
L14_T041,GENEVE_PALLADIUM,17,08:55:00,08:55:01
L14_T041,GENEVE_JONCTION,18,08:57:00,08:57:01
L14_T041,PETIT_LANCY_QUIDORT,19,09:00:00,09:00:01
L14_T041,PETIT_LANCY_PLACE,20,09:02:00,09:02:01
L14_T041,PETIT_LANCY_LES_ESSERTS,21,09:03:00,09:03:01
L14_T041,ONEX_BANDOL,22,09:05:00,09:05:01
L14_T041,ONEX_SALLE_COMMUNALE,23,09:06:00,09:06:01
L14_T041,CONFIGNON_LA_DODE,24,09:08:00,09:08:01
L14_T041,CONFIGNON_CROISEE,25,09:09:00,09:09:01
L14_T041,BERNEX_P_R,26,09:11:00,09:11:01
L14_T041,BERNEX_PRE_MARAIS,27,09:12:00,09:12:01
L14_T041,BERNEX_LUCHEPELET,28,09:12:02,09:12:03
L14_T041,BERNEX_HAINARD,29,09:14:00,09:14:01
L14_T041,BERNEX_VAILLY,30,09:16:00,09:16:01
L14_T042,MEYRIN_GRAVIERE,1,08:06:00,08:06:01
L14_T042,MEYRIN_VAUDAGNE,2,08:07:00,08:07:01
L14_T042,MEYRIN_FORUMEYRIN,3,08:09:00,08:09:01
L14_T042,MEYRIN_JARDIN_ALPIN_VIVARIUM,4,08:11:00,08:11:01
L14_T042,VERNIER_BLANDONNET,5,08:14:00,08:14:01
L14_T042,VERNIER_AVANCHETS_ETANG,6,08:16:00,08:16:01
L14_T042,VERNIER_BALEXERT,7,08:17:00,08:17:01
L14_T042,VERNIER_BOUCHET,8,08:19:00,08:19:01
L14_T042,GENEVE_VIEUSSEUX,9,08:21:00,08:21:01
L14_T042,GENEVE_SERVETTE,10,08:23:00,08:23:01
L14_T042,GENEVE_POTERIE,11,08:24:00,08:24:01
L14_T042,GENEVE_LYON,12,08:26:00,08:26:01
L14_T042,GENEVE_GARE_CORNAVIN,13,08:28:00,08:28:01
L14_T042,GENEVE_COUTANCE,14,08:31:00,08:31:01
L14_T042,GENEVE_BEL_AIR,15,08:32:00,08:32:01
L14_T042,GENEVE_STAND,16,08:33:00,08:33:01
L14_T042,GENEVE_PALLADIUM,17,08:37:00,08:37:01
L14_T042,GENEVE_JONCTION,18,08:39:00,08:39:01
L14_T042,PETIT_LANCY_QUIDORT,19,08:42:00,08:42:01
L14_T042,PETIT_LANCY_PLACE,20,08:44:00,08:44:01
L14_T042,PETIT_LANCY_LES_ESSERTS,21,08:45:00,08:45:01
L14_T042,ONEX_BANDOL,22,08:47:00,08:47:01
L14_T042,ONEX_SALLE_COMMUNALE,23,08:48:00,08:48:01
L14_T042,CONFIGNON_LA_DODE,24,08:50:00,08:50:01
L14_T042,CONFIGNON_CROISEE,25,08:51:00,08:51:01
L14_T042,BERNEX_P_R,26,08:53:00,08:53:01
L14_T042,BERNEX_PRE_MARAIS,27,08:54:00,08:54:01
L14_T042,BERNEX_LUCHEPELET,28,08:54:02,08:54:03
L14_T042,BERNEX_HAINARD,29,08:56:00,08:56:01
L14_T042,BERNEX_VAILLY,30,08:58:00,08:58:01
L14_T043,MEYRIN_GRAVIERE,1,06:14:00,06:14:01
L14_T043,MEYRIN_VAUDAGNE,2,06:16:00,06:16:01
L14_T043,MEYRIN_FORUMEYRIN,3,06:17:00,06:17:01
L14_T043,MEYRIN_JARDIN_ALPIN_VIVARIUM,4,06:19:00,06:19:01
L14_T043,VERNIER_BLANDONNET,5,06:22:00,06:22:01
L14_T043,VERNIER_AVANCHETS_ETANG,6,06:23:00,06:23:01
L14_T043,VERNIER_BALEXERT,7,06:24:00,06:24:01
L14_T043,VERNIER_BOUCHET,8,06:26:00,06:26:01
L14_T043,GENEVE_VIEUSSEUX,9,06:28:00,06:28:01
L14_T043,GENEVE_SERVETTE,10,06:30:00,06:30:01
L14_T043,GENEVE_POTERIE,11,06:31:00,06:31:01
L14_T043,GENEVE_LYON,12,06:33:00,06:33:01
L14_T043,GENEVE_GARE_CORNAVIN,13,06:35:00,06:35:01
L14_T043,GENEVE_COUTANCE,14,06:37:00,06:37:01
L14_T043,GENEVE_BEL_AIR,15,06:39:00,06:39:01
L14_T043,GENEVE_STAND,16,06:40:00,06:40:01
L14_T043,GENEVE_PALLADIUM,17,06:43:00,06:43:01
L14_T043,GENEVE_JONCTION,18,06:45:00,06:45:01
L14_T043,PETIT_LANCY_QUIDORT,19,06:48:00,06:48:01
L14_T043,PETIT_LANCY_PLACE,20,06:49:00,06:49:01
L14_T043,PETIT_LANCY_LES_ESSERTS,21,06:51:00,06:51:01
L14_T043,ONEX_BANDOL,22,06:52:00,06:52:01
L14_T043,ONEX_SALLE_COMMUNALE,23,06:54:00,06:54:01
L14_T043,CONFIGNON_LA_DODE,24,06:55:00,06:55:01
L14_T043,CONFIGNON_CROISEE,25,06:56:00,06:56:01
L14_T043,BERNEX_P_R,26,06:58:00,06:58:01
L14_T043,BERNEX_PRE_MARAIS,27,06:59:00,06:59:01
L14_T043,BERNEX_LUCHEPELET,28,07:00:00,07:00:01
L14_T043,BERNEX_HAINARD,29,07:01:00,07:01:01
L14_T043,BERNEX_VAILLY,30,07:03:00,07:03:01
L14_T044,MEYRIN_GRAVIERE,1,06:59:00,06:59:01
L14_T044,MEYRIN_VAUDAGNE,2,07:01:00,07:01:01
L14_T044,MEYRIN_FORUMEYRIN,3,07:02:00,07:02:01
L14_T044,MEYRIN_JARDIN_ALPIN_VIVARIUM,4,07:04:00,07:04:01
L14_T044,VERNIER_BLANDONNET,5,07:07:00,07:07:01
L14_T044,VERNIER_AVANCHETS_ETANG,6,07:09:00,07:09:01
L14_T044,VERNIER_BALEXERT,7,07:10:00,07:10:01
L14_T044,VERNIER_BOUCHET,8,07:12:00,07:12:01
L14_T044,GENEVE_VIEUSSEUX,9,07:14:00,07:14:01
L14_T044,GENEVE_SERVETTE,10,07:15:00,07:15:01
L14_T044,GENEVE_POTERIE,11,07:17:00,07:17:01
L14_T044,GENEVE_LYON,12,07:19:00,07:19:01
L14_T044,GENEVE_GARE_CORNAVIN,13,07:20:00,07:20:01
L14_T044,GENEVE_COUTANCE,14,07:23:00,07:23:01
L14_T044,GENEVE_BEL_AIR,15,07:25:00,07:25:01
L14_T044,GENEVE_STAND,16,07:26:00,07:26:01
L14_T044,GENEVE_PALLADIUM,17,07:29:00,07:29:01
L14_T044,GENEVE_JONCTION,18,07:31:00,07:31:01
L14_T044,PETIT_LANCY_QUIDORT,19,07:34:00,07:34:01
L14_T044,PETIT_LANCY_PLACE,20,07:35:00,07:35:01
L14_T044,PETIT_LANCY_LES_ESSERTS,21,07:37:00,07:37:01
L14_T044,ONEX_BANDOL,22,07:38:00,07:38:01
L14_T044,ONEX_SALLE_COMMUNALE,23,07:40:00,07:40:01
L14_T044,CONFIGNON_LA_DODE,24,07:41:00,07:41:01
L14_T044,CONFIGNON_CROISEE,25,07:43:00,07:43:01
L14_T044,BERNEX_P_R,26,07:44:00,07:44:01
L14_T044,BERNEX_PRE_MARAIS,27,07:45:00,07:45:01
L14_T044,BERNEX_LUCHEPELET,28,07:46:00,07:46:01
L14_T044,BERNEX_HAINARD,29,07:48:00,07:48:01
L14_T044,BERNEX_VAILLY,30,07:49:00,07:49:01
L14_T045,MEYRIN_GRAVIERE,1,07:17:00,07:17:01
L14_T045,MEYRIN_VAUDAGNE,2,07:19:00,07:19:01
L14_T045,MEYRIN_FORUMEYRIN,3,07:20:00,07:20:01
L14_T045,MEYRIN_JARDIN_ALPIN_VIVARIUM,4,07:22:00,07:22:01
L14_T045,VERNIER_BLANDONNET,5,07:25:00,07:25:01
L14_T045,VERNIER_AVANCHETS_ETANG,6,07:27:00,07:27:01
L14_T045,VERNIER_BALEXERT,7,07:28:00,07:28:01
L14_T045,VERNIER_BOUCHET,8,07:30:00,07:30:01
L14_T045,GENEVE_VIEUSSEUX,9,07:32:00,07:32:01
L14_T045,GENEVE_SERVETTE,10,07:33:00,07:33:01
L14_T045,GENEVE_POTERIE,11,07:35:00,07:35:01
L14_T045,GENEVE_LYON,12,07:37:00,07:37:01
L14_T045,GENEVE_GARE_CORNAVIN,13,07:39:00,07:39:01
L14_T045,GENEVE_COUTANCE,14,07:41:00,07:41:01
L14_T045,GENEVE_BEL_AIR,15,07:43:00,07:43:01
L14_T045,GENEVE_STAND,16,07:44:00,07:44:01
L14_T045,GENEVE_PALLADIUM,17,07:47:00,07:47:01
L14_T045,GENEVE_JONCTION,18,07:50:00,07:50:01
L14_T045,PETIT_LANCY_QUIDORT,19,07:53:00,07:53:01
L14_T045,PETIT_LANCY_PLACE,20,07:54:00,07:54:01
L14_T045,PETIT_LANCY_LES_ESSERTS,21,07:56:00,07:56:01
L14_T045,ONEX_BANDOL,22,07:57:00,07:57:01
L14_T045,ONEX_SALLE_COMMUNALE,23,07:59:00,07:59:01
L14_T045,CONFIGNON_LA_DODE,24,08:00:00,08:00:01
L14_T045,CONFIGNON_CROISEE,25,08:02:00,08:02:01
L14_T045,BERNEX_P_R,26,08:03:00,08:03:01
L14_T045,BERNEX_PRE_MARAIS,27,08:04:00,08:04:01
L14_T045,BERNEX_LUCHEPELET,28,08:05:00,08:05:01
L14_T045,BERNEX_HAINARD,29,08:07:00,08:07:01
L14_T045,BERNEX_VAILLY,30,08:08:00,08:08:01
L14_T046,MEYRIN_GRAVIERE,1,08:52:00,08:52:01
L14_T046,MEYRIN_VAUDAGNE,2,08:54:00,08:54:01
L14_T046,MEYRIN_FORUMEYRIN,3,08:55:00,08:55:01
L14_T046,MEYRIN_JARDIN_ALPIN_VIVARIUM,4,08:57:00,08:57:01
L14_T046,VERNIER_BLANDONNET,5,09:00:00,09:00:01
L14_T046,VERNIER_AVANCHETS_ETANG,6,09:02:00,09:02:01
L14_T046,VERNIER_BALEXERT,7,09:03:00,09:03:01
L14_T046,VERNIER_BOUCHET,8,09:05:00,09:05:01
L14_T046,GENEVE_VIEUSSEUX,9,09:07:00,09:07:01
L14_T046,GENEVE_SERVETTE,10,09:09:00,09:09:01
L14_T046,GENEVE_POTERIE,11,09:10:00,09:10:01
L14_T046,GENEVE_LYON,12,09:12:00,09:12:01
L14_T046,GENEVE_GARE_CORNAVIN,13,09:14:00,09:14:01
L14_T046,GENEVE_COUTANCE,14,09:16:00,09:16:01
L14_T046,GENEVE_BEL_AIR,15,09:18:00,09:18:01
L14_T046,GENEVE_STAND,16,09:19:00,09:19:01
L14_T046,GENEVE_PALLADIUM,17,09:22:00,09:22:01
L14_T046,GENEVE_JONCTION,18,09:25:00,09:25:01
L14_T046,PETIT_LANCY_QUIDORT,19,09:27:00,09:27:01
L14_T046,PETIT_LANCY_PLACE,20,09:29:00,09:29:01
L14_T046,PETIT_LANCY_LES_ESSERTS,21,09:31:00,09:31:01
L14_T046,ONEX_BANDOL,22,09:32:00,09:32:01
L14_T046,ONEX_SALLE_COMMUNALE,23,09:34:00,09:34:01
L14_T046,CONFIGNON_LA_DODE,24,09:35:00,09:35:01
L14_T046,CONFIGNON_CROISEE,25,09:36:00,09:36:01
L14_T046,BERNEX_P_R,26,09:38:00,09:38:01
L14_T046,BERNEX_PRE_MARAIS,27,09:39:00,09:39:01
L14_T046,BERNEX_LUCHEPELET,28,09:40:00,09:40:01
L14_T046,BERNEX_HAINARD,29,09:41:00,09:41:01
L14_T046,BERNEX_VAILLY,30,09:43:00,09:43:01
L14_T047,MEYRIN_GRAVIERE,1,08:43:00,08:43:01
L14_T047,MEYRIN_VAUDAGNE,2,08:45:00,08:45:01
L14_T047,MEYRIN_FORUMEYRIN,3,08:46:00,08:46:01
L14_T047,MEYRIN_JARDIN_ALPIN_VIVARIUM,4,08:48:00,08:48:01
L14_T047,VERNIER_BLANDONNET,5,08:51:00,08:51:01
L14_T047,VERNIER_AVANCHETS_ETANG,6,08:53:00,08:53:01
L14_T047,VERNIER_BALEXERT,7,08:54:00,08:54:01
L14_T047,VERNIER_BOUCHET,8,08:56:00,08:56:01
L14_T047,GENEVE_VIEUSSEUX,9,08:58:00,08:58:01
L14_T047,GENEVE_SERVETTE,10,09:00:00,09:00:01
L14_T047,GENEVE_POTERIE,11,09:01:00,09:01:01
L14_T047,GENEVE_LYON,12,09:03:00,09:03:01
L14_T047,GENEVE_GARE_CORNAVIN,13,09:05:00,09:05:01
L14_T047,GENEVE_COUTANCE,14,09:07:00,09:07:01
L14_T047,GENEVE_BEL_AIR,15,09:09:00,09:09:01
L14_T047,GENEVE_STAND,16,09:10:00,09:10:01
L14_T047,GENEVE_PALLADIUM,17,09:13:00,09:13:01
L14_T047,GENEVE_JONCTION,18,09:16:00,09:16:01
L14_T047,PETIT_LANCY_QUIDORT,19,09:18:00,09:18:01
L14_T047,PETIT_LANCY_PLACE,20,09:20:00,09:20:01
L14_T047,PETIT_LANCY_LES_ESSERTS,21,09:22:00,09:22:01
L14_T047,ONEX_BANDOL,22,09:23:00,09:23:01
L14_T047,ONEX_SALLE_COMMUNALE,23,09:25:00,09:25:01
L14_T047,CONFIGNON_LA_DODE,24,09:26:00,09:26:01
L14_T047,CONFIGNON_CROISEE,25,09:27:00,09:27:01
L14_T047,BERNEX_P_R,26,09:29:00,09:29:01
L14_T047,BERNEX_PRE_MARAIS,27,09:30:00,09:30:01
L14_T047,BERNEX_LUCHEPELET,28,09:31:00,09:31:01
L14_T047,BERNEX_HAINARD,29,09:32:00,09:32:01
L14_T047,BERNEX_VAILLY,30,09:34:00,09:34:01
L14_T048,MEYRIN_GRAVIERE,1,07:56:00,07:56:01
L14_T048,MEYRIN_VAUDAGNE,2,07:58:00,07:58:01
L14_T048,MEYRIN_FORUMEYRIN,3,07:59:00,07:59:01
L14_T048,MEYRIN_JARDIN_ALPIN_VIVARIUM,4,08:01:00,08:01:01
L14_T048,VERNIER_BLANDONNET,5,08:04:00,08:04:01
L14_T048,VERNIER_AVANCHETS_ETANG,6,08:06:00,08:06:01
L14_T048,VERNIER_BALEXERT,7,08:07:00,08:07:01
L14_T048,VERNIER_BOUCHET,8,08:09:00,08:09:01
L14_T048,GENEVE_VIEUSSEUX,9,08:11:00,08:11:01
L14_T048,GENEVE_SERVETTE,10,08:13:00,08:13:01
L14_T048,GENEVE_POTERIE,11,08:14:00,08:14:01
L14_T048,GENEVE_LYON,12,08:17:00,08:17:01
L14_T048,GENEVE_GARE_CORNAVIN,13,08:18:00,08:18:01
L14_T048,GENEVE_COUTANCE,14,08:21:00,08:21:01
L14_T048,GENEVE_BEL_AIR,15,08:23:00,08:23:01
L14_T048,GENEVE_STAND,16,08:24:00,08:24:01
L14_T048,GENEVE_PALLADIUM,17,08:27:00,08:27:01
L14_T048,GENEVE_JONCTION,18,08:30:00,08:30:01
L14_T048,PETIT_LANCY_QUIDORT,19,08:32:00,08:32:01
L14_T048,PETIT_LANCY_PLACE,20,08:34:00,08:34:01
L14_T048,PETIT_LANCY_LES_ESSERTS,21,08:36:00,08:36:01
L14_T048,ONEX_BANDOL,22,08:37:00,08:37:01
L14_T048,ONEX_SALLE_COMMUNALE,23,08:39:00,08:39:01
L14_T048,CONFIGNON_LA_DODE,24,08:40:00,08:40:01
L14_T048,CONFIGNON_CROISEE,25,08:41:00,08:41:01
L14_T048,BERNEX_P_R,26,08:43:00,08:43:01
L14_T048,BERNEX_PRE_MARAIS,27,08:44:00,08:44:01
L14_T048,BERNEX_LUCHEPELET,28,08:45:00,08:45:01
L14_T048,BERNEX_HAINARD,29,08:46:00,08:46:01
L14_T048,BERNEX_VAILLY,30,08:48:00,08:48:01
L14_T049,MEYRIN_GRAVIERE,1,08:15:00,08:15:01
L14_T049,MEYRIN_VAUDAGNE,2,08:17:00,08:17:01
L14_T049,MEYRIN_FORUMEYRIN,3,08:19:00,08:19:01
L14_T049,MEYRIN_JARDIN_ALPIN_VIVARIUM,4,08:20:00,08:20:01
L14_T049,VERNIER_BLANDONNET,5,08:23:00,08:23:01
L14_T049,VERNIER_AVANCHETS_ETANG,6,08:25:00,08:25:01
L14_T049,VERNIER_BALEXERT,7,08:27:00,08:27:01
L14_T049,VERNIER_BOUCHET,8,08:29:00,08:29:01
L14_T049,GENEVE_VIEUSSEUX,9,08:31:00,08:31:01
L14_T049,GENEVE_SERVETTE,10,08:32:00,08:32:01
L14_T049,GENEVE_POTERIE,11,08:34:00,08:34:01
L14_T049,GENEVE_LYON,12,08:36:00,08:36:01
L14_T049,GENEVE_GARE_CORNAVIN,13,08:37:00,08:37:01
L14_T049,GENEVE_COUTANCE,14,08:40:00,08:40:01
L14_T049,GENEVE_BEL_AIR,15,08:41:00,08:41:01
L14_T049,GENEVE_STAND,16,08:42:00,08:42:01
L14_T049,GENEVE_PALLADIUM,17,08:46:00,08:46:01
L14_T049,GENEVE_JONCTION,18,08:48:00,08:48:01
L14_T049,PETIT_LANCY_QUIDORT,19,08:51:00,08:51:01
L14_T049,PETIT_LANCY_PLACE,20,08:53:00,08:53:01
L14_T049,PETIT_LANCY_LES_ESSERTS,21,08:54:00,08:54:01
L14_T049,ONEX_BANDOL,22,08:56:00,08:56:01
L14_T049,ONEX_SALLE_COMMUNALE,23,08:57:00,08:57:01
L14_T049,CONFIGNON_LA_DODE,24,08:59:00,08:59:01
L14_T049,CONFIGNON_CROISEE,25,09:00:00,09:00:01
L14_T049,BERNEX_P_R,26,09:02:00,09:02:01
L14_T049,BERNEX_PRE_MARAIS,27,09:03:00,09:03:01
L14_T049,BERNEX_LUCHEPELET,28,09:03:02,09:03:03
L14_T049,BERNEX_HAINARD,29,09:05:00,09:05:01
L14_T049,BERNEX_VAILLY,30,09:07:00,09:07:01
L14_T050,MEYRIN_GRAVIERE,1,07:36:00,07:36:01
L14_T050,MEYRIN_VAUDAGNE,2,07:38:00,07:38:01
L14_T050,MEYRIN_FORUMEYRIN,3,07:40:00,07:40:01
L14_T050,MEYRIN_JARDIN_ALPIN_VIVARIUM,4,07:41:00,07:41:01
L14_T050,VERNIER_BLANDONNET,5,07:44:00,07:44:01
L14_T050,VERNIER_AVANCHETS_ETANG,6,07:46:00,07:46:01
L14_T050,VERNIER_BALEXERT,7,07:48:00,07:48:01
L14_T050,VERNIER_BOUCHET,8,07:50:00,07:50:01
L14_T050,GENEVE_VIEUSSEUX,9,07:52:00,07:52:01
L14_T050,GENEVE_SERVETTE,10,07:53:00,07:53:01
L14_T050,GENEVE_POTERIE,11,07:55:00,07:55:01
L14_T050,GENEVE_LYON,12,07:57:00,07:57:01
L14_T050,GENEVE_GARE_CORNAVIN,13,07:59:00,07:59:01
L14_T050,GENEVE_COUTANCE,14,08:01:00,08:01:01
L14_T050,GENEVE_BEL_AIR,15,08:03:00,08:03:01
L14_T050,GENEVE_STAND,16,08:04:00,08:04:01
L14_T050,GENEVE_PALLADIUM,17,08:07:00,08:07:01
L14_T050,GENEVE_JONCTION,18,08:10:00,08:10:01
L14_T050,PETIT_LANCY_QUIDORT,19,08:13:00,08:13:01
L14_T050,PETIT_LANCY_PLACE,20,08:14:00,08:14:01
L14_T050,PETIT_LANCY_LES_ESSERTS,21,08:16:00,08:16:01
L14_T050,ONEX_BANDOL,22,08:17:00,08:17:01
L14_T050,ONEX_SALLE_COMMUNALE,23,08:19:00,08:19:01
L14_T050,CONFIGNON_LA_DODE,24,08:20:00,08:20:01
L14_T050,CONFIGNON_CROISEE,25,08:22:00,08:22:01
L14_T050,BERNEX_P_R,26,08:23:00,08:23:01
L14_T050,BERNEX_PRE_MARAIS,27,08:24:00,08:24:01
L14_T050,BERNEX_LUCHEPELET,28,08:25:00,08:25:01
L14_T050,BERNEX_HAINARD,29,08:27:00,08:27:01
L14_T050,BERNEX_VAILLY,30,08:28:00,08:28:01
L14_T051,MEYRIN_GRAVIERE,1,07:26:00,07:26:01
L14_T051,MEYRIN_VAUDAGNE,2,07:28:00,07:28:01
L14_T051,MEYRIN_FORUMEYRIN,3,07:30:00,07:30:01
L14_T051,MEYRIN_JARDIN_ALPIN_VIVARIUM,4,07:31:00,07:31:01
L14_T051,VERNIER_BLANDONNET,5,07:34:00,07:34:01
L14_T051,VERNIER_AVANCHETS_ETANG,6,07:36:00,07:36:01
L14_T051,VERNIER_BALEXERT,7,07:38:00,07:38:01
L14_T051,VERNIER_BOUCHET,8,07:40:00,07:40:01
L14_T051,GENEVE_VIEUSSEUX,9,07:42:00,07:42:01
L14_T051,GENEVE_SERVETTE,10,07:43:00,07:43:01
L14_T051,GENEVE_POTERIE,11,07:45:00,07:45:01
L14_T051,GENEVE_LYON,12,07:47:00,07:47:01
L14_T051,GENEVE_GARE_CORNAVIN,13,07:49:00,07:49:01
L14_T051,GENEVE_COUTANCE,14,07:51:00,07:51:01
L14_T051,GENEVE_BEL_AIR,15,07:53:00,07:53:01
L14_T051,GENEVE_STAND,16,07:54:00,07:54:01
L14_T051,GENEVE_PALLADIUM,17,07:57:00,07:57:01
L14_T051,GENEVE_JONCTION,18,08:00:00,08:00:01
L14_T051,PETIT_LANCY_QUIDORT,19,08:03:00,08:03:01
L14_T051,PETIT_LANCY_PLACE,20,08:04:00,08:04:01
L14_T051,PETIT_LANCY_LES_ESSERTS,21,08:06:00,08:06:01
L14_T051,ONEX_BANDOL,22,08:07:00,08:07:01
L14_T051,ONEX_SALLE_COMMUNALE,23,08:09:00,08:09:01
L14_T051,CONFIGNON_LA_DODE,24,08:10:00,08:10:01
L14_T051,CONFIGNON_CROISEE,25,08:12:00,08:12:01
L14_T051,BERNEX_P_R,26,08:13:00,08:13:01
L14_T051,BERNEX_PRE_MARAIS,27,08:14:00,08:14:01
L14_T051,BERNEX_LUCHEPELET,28,08:15:00,08:15:01
L14_T051,BERNEX_HAINARD,29,08:17:00,08:17:01
L14_T051,BERNEX_VAILLY,30,08:18:00,08:18:01
L14_T052,MEYRIN_GRAVIERE,1,07:46:00,07:46:01
L14_T052,MEYRIN_VAUDAGNE,2,07:48:00,07:48:01
L14_T052,MEYRIN_FORUMEYRIN,3,07:50:00,07:50:01
L14_T052,MEYRIN_JARDIN_ALPIN_VIVARIUM,4,07:51:00,07:51:01
L14_T052,VERNIER_BLANDONNET,5,07:54:00,07:54:01
L14_T052,VERNIER_AVANCHETS_ETANG,6,07:56:00,07:56:01
L14_T052,VERNIER_BALEXERT,7,07:58:00,07:58:01
L14_T052,VERNIER_BOUCHET,8,08:00:00,08:00:01
L14_T052,GENEVE_VIEUSSEUX,9,08:02:00,08:02:01
L14_T052,GENEVE_SERVETTE,10,08:03:00,08:03:01
L14_T052,GENEVE_POTERIE,11,08:05:00,08:05:01
L14_T052,GENEVE_LYON,12,08:07:00,08:07:01
L14_T052,GENEVE_GARE_CORNAVIN,13,08:09:00,08:09:01
L14_T052,GENEVE_COUTANCE,14,08:11:00,08:11:01
L14_T052,GENEVE_BEL_AIR,15,08:13:00,08:13:01
L14_T052,GENEVE_STAND,16,08:14:00,08:14:01
L14_T052,GENEVE_PALLADIUM,17,08:17:00,08:17:01
L14_T052,GENEVE_JONCTION,18,08:20:00,08:20:01
L14_T052,PETIT_LANCY_QUIDORT,19,08:23:00,08:23:01
L14_T052,PETIT_LANCY_PLACE,20,08:24:00,08:24:01
L14_T052,PETIT_LANCY_LES_ESSERTS,21,08:26:00,08:26:01
L14_T052,ONEX_BANDOL,22,08:27:00,08:27:01
L14_T052,ONEX_SALLE_COMMUNALE,23,08:29:00,08:29:01
L14_T052,CONFIGNON_LA_DODE,24,08:30:00,08:30:01
L14_T052,CONFIGNON_CROISEE,25,08:32:00,08:32:01
L14_T052,BERNEX_P_R,26,08:33:00,08:33:01
L14_T052,BERNEX_PRE_MARAIS,27,08:34:00,08:34:01
L14_T052,BERNEX_LUCHEPELET,28,08:35:00,08:35:01
L14_T052,BERNEX_HAINARD,29,08:37:00,08:37:01
L14_T052,BERNEX_VAILLY,30,08:38:00,08:38:01
L14_T053,MEYRIN_GRAVIERE,1,08:34:00,08:34:01
L14_T053,MEYRIN_VAUDAGNE,2,08:35:00,08:35:01
L14_T053,MEYRIN_FORUMEYRIN,3,08:37:00,08:37:01
L14_T053,MEYRIN_JARDIN_ALPIN_VIVARIUM,4,08:39:00,08:39:01
L14_T053,VERNIER_BLANDONNET,5,08:42:00,08:42:01
L14_T053,VERNIER_AVANCHETS_ETANG,6,08:43:00,08:43:01
L14_T053,VERNIER_BALEXERT,7,08:45:00,08:45:01
L14_T053,VERNIER_BOUCHET,8,08:47:00,08:47:01
L14_T053,GENEVE_VIEUSSEUX,9,08:49:00,08:49:01
L14_T053,GENEVE_SERVETTE,10,08:50:00,08:50:01
L14_T053,GENEVE_POTERIE,11,08:52:00,08:52:01
L14_T053,GENEVE_LYON,12,08:54:00,08:54:01
L14_T053,GENEVE_GARE_CORNAVIN,13,08:55:00,08:55:01
L14_T053,GENEVE_COUTANCE,14,08:58:00,08:58:01
L14_T053,GENEVE_BEL_AIR,15,08:59:00,08:59:01
L14_T053,GENEVE_STAND,16,09:00:00,09:00:01
L14_T053,GENEVE_PALLADIUM,17,09:04:00,09:04:01
L14_T053,GENEVE_JONCTION,18,09:06:00,09:06:01
L14_T053,PETIT_LANCY_QUIDORT,19,09:09:00,09:09:01
L14_T053,PETIT_LANCY_PLACE,20,09:11:00,09:11:01
L14_T053,PETIT_LANCY_LES_ESSERTS,21,09:12:00,09:12:01
L14_T053,ONEX_BANDOL,22,09:14:00,09:14:01
L14_T053,ONEX_SALLE_COMMUNALE,23,09:15:00,09:15:01
L14_T053,CONFIGNON_LA_DODE,24,09:17:00,09:17:01
L14_T053,CONFIGNON_CROISEE,25,09:18:00,09:18:01
L14_T053,BERNEX_P_R,26,09:20:00,09:20:01
L14_T053,BERNEX_PRE_MARAIS,27,09:21:00,09:21:01
L14_T053,BERNEX_LUCHEPELET,28,09:21:02,09:21:03
L14_T053,BERNEX_HAINARD,29,09:23:00,09:23:01
L14_T053,BERNEX_VAILLY,30,09:25:00,09:25:01
L14_T054,MEYRIN_GRAVIERE,1,06:48:00,06:48:01
L14_T054,MEYRIN_VAUDAGNE,2,06:50:00,06:50:01
L14_T054,MEYRIN_FORUMEYRIN,3,06:51:00,06:51:01
L14_T054,MEYRIN_JARDIN_ALPIN_VIVARIUM,4,06:53:00,06:53:01
L14_T054,VERNIER_BLANDONNET,5,06:56:00,06:56:01
L14_T054,VERNIER_AVANCHETS_ETANG,6,06:58:00,06:58:01
L14_T054,VERNIER_BALEXERT,7,06:59:00,06:59:01
L14_T054,VERNIER_BOUCHET,8,07:01:00,07:01:01
L14_T054,GENEVE_VIEUSSEUX,9,07:03:00,07:03:01
L14_T054,GENEVE_SERVETTE,10,07:04:00,07:04:01
L14_T054,GENEVE_POTERIE,11,07:06:00,07:06:01
L14_T054,GENEVE_LYON,12,07:08:00,07:08:01
L14_T054,GENEVE_GARE_CORNAVIN,13,07:09:00,07:09:01
L14_T054,GENEVE_COUTANCE,14,07:12:00,07:12:01
L14_T054,GENEVE_BEL_AIR,15,07:14:00,07:14:01
L14_T054,GENEVE_STAND,16,07:15:00,07:15:01
L14_T054,GENEVE_PALLADIUM,17,07:18:00,07:18:01
L14_T054,GENEVE_JONCTION,18,07:20:00,07:20:01
L14_T054,PETIT_LANCY_QUIDORT,19,07:23:00,07:23:01
L14_T054,PETIT_LANCY_PLACE,20,07:24:00,07:24:01
L14_T054,PETIT_LANCY_LES_ESSERTS,21,07:26:00,07:26:01
L14_T054,ONEX_BANDOL,22,07:27:00,07:27:01
L14_T054,ONEX_SALLE_COMMUNALE,23,07:29:00,07:29:01
L14_T054,CONFIGNON_LA_DODE,24,07:30:00,07:30:01
L14_T054,CONFIGNON_CROISEE,25,07:31:00,07:31:01
L14_T054,BERNEX_P_R,26,07:33:00,07:33:01
L14_T054,BERNEX_PRE_MARAIS,27,07:34:00,07:34:01
L14_T054,BERNEX_LUCHEPELET,28,07:34:02,07:34:03
L14_T054,BERNEX_HAINARD,29,07:36:00,07:36:01
L14_T054,BERNEX_VAILLY,30,07:38:00,07:38:01
L14_T055,MEYRIN_GRAVIERE,1,06:34:00,06:34:01
L14_T055,MEYRIN_VAUDAGNE,2,06:36:00,06:36:01
L14_T055,MEYRIN_FORUMEYRIN,3,06:38:00,06:38:01
L14_T055,MEYRIN_JARDIN_ALPIN_VIVARIUM,4,06:39:00,06:39:01
L14_T055,VERNIER_BLANDONNET,5,06:42:00,06:42:01
L14_T055,VERNIER_AVANCHETS_ETANG,6,06:44:00,06:44:01
L14_T055,VERNIER_BALEXERT,7,06:45:00,06:45:01
L14_T055,VERNIER_BOUCHET,8,06:47:00,06:47:01
L14_T055,GENEVE_VIEUSSEUX,9,06:49:00,06:49:01
L14_T055,GENEVE_SERVETTE,10,06:51:00,06:51:01
L14_T055,GENEVE_POTERIE,11,06:52:00,06:52:01
L14_T055,GENEVE_LYON,12,06:54:00,06:54:01
L14_T055,GENEVE_GARE_CORNAVIN,13,06:56:00,06:56:01
L14_T055,GENEVE_COUTANCE,14,06:58:00,06:58:01
L14_T055,GENEVE_BEL_AIR,15,07:00:00,07:00:01
L14_T055,GENEVE_STAND,16,07:01:00,07:01:01
L14_T055,GENEVE_PALLADIUM,17,07:04:00,07:04:01
L14_T055,GENEVE_JONCTION,18,07:06:00,07:06:01
L14_T055,PETIT_LANCY_QUIDORT,19,07:09:00,07:09:01
L14_T055,PETIT_LANCY_PLACE,20,07:10:00,07:10:01
L14_T055,PETIT_LANCY_LES_ESSERTS,21,07:12:00,07:12:01
L14_T055,ONEX_BANDOL,22,07:13:00,07:13:01
L14_T055,ONEX_SALLE_COMMUNALE,23,07:15:00,07:15:01
L14_T055,CONFIGNON_LA_DODE,24,07:16:00,07:16:01
L14_T055,CONFIGNON_CROISEE,25,07:17:00,07:17:01
L14_T055,BERNEX_P_R,26,07:19:00,07:19:01
L14_T055,BERNEX_PRE_MARAIS,27,07:20:00,07:20:01
L14_T055,BERNEX_LUCHEPELET,28,07:21:00,07:21:01
L14_T055,BERNEX_HAINARD,29,07:22:00,07:22:01
L14_T055,BERNEX_VAILLY,30,07:24:00,07:24:01
L14_T056,MEYRIN_GRAVIERE,1,07:04:00,07:04:01
L14_T056,MEYRIN_VAUDAGNE,2,07:05:00,07:05:01
L14_T056,MEYRIN_FORUMEYRIN,3,07:07:00,07:07:01
L14_T056,MEYRIN_JARDIN_ALPIN_VIVARIUM,4,07:09:00,07:09:01
L14_T056,VERNIER_BLANDONNET,5,07:12:00,07:12:01
L14_T056,VERNIER_AVANCHETS_ETANG,6,07:13:00,07:13:01
L14_T056,VERNIER_BALEXERT,7,07:14:00,07:14:01
L14_T056,VERNIER_BOUCHET,8,07:16:00,07:16:01
L14_T056,GENEVE_VIEUSSEUX,9,07:18:00,07:18:01
L14_T056,GENEVE_SERVETTE,10,07:20:00,07:20:01
L14_T056,GENEVE_POTERIE,11,07:21:00,07:21:01
L14_T056,GENEVE_LYON,12,07:23:00,07:23:01
L14_T056,GENEVE_GARE_CORNAVIN,13,07:25:00,07:25:01
L14_T056,GENEVE_COUTANCE,14,07:28:00,07:28:01
L14_T056,GENEVE_BEL_AIR,15,07:29:00,07:29:01
L14_T056,GENEVE_STAND,16,07:30:00,07:30:01
L14_T056,GENEVE_PALLADIUM,17,07:33:00,07:33:01
L14_T056,GENEVE_JONCTION,18,07:36:00,07:36:01
L14_T056,PETIT_LANCY_QUIDORT,19,07:39:00,07:39:01
L14_T056,PETIT_LANCY_PLACE,20,07:40:00,07:40:01
L14_T056,PETIT_LANCY_LES_ESSERTS,21,07:42:00,07:42:01
L14_T056,ONEX_BANDOL,22,07:43:00,07:43:01
L14_T056,ONEX_SALLE_COMMUNALE,23,07:45:00,07:45:01
L14_T056,CONFIGNON_LA_DODE,24,07:46:00,07:46:01
L14_T056,CONFIGNON_CROISEE,25,07:48:00,07:48:01
L14_T056,BERNEX_P_R,26,07:49:00,07:49:01
L14_T056,BERNEX_PRE_MARAIS,27,07:50:00,07:50:01
L14_T056,BERNEX_LUCHEPELET,28,07:51:00,07:51:01
L14_T056,BERNEX_HAINARD,29,07:53:00,07:53:01
L14_T056,BERNEX_VAILLY,30,07:54:00,07:54:01
L14_T057,MEYRIN_GRAVIERE,1,08:57:00,08:57:01
L14_T057,MEYRIN_VAUDAGNE,2,08:58:00,08:58:01
L14_T057,MEYRIN_FORUMEYRIN,3,09:00:00,09:00:01
L14_T057,MEYRIN_JARDIN_ALPIN_VIVARIUM,4,09:02:00,09:02:01
L14_T057,VERNIER_BLANDONNET,5,09:05:00,09:05:01
L14_T057,VERNIER_AVANCHETS_ETANG,6,09:06:00,09:06:01
L14_T057,VERNIER_BALEXERT,7,09:08:00,09:08:01
L14_T057,VERNIER_BOUCHET,8,09:10:00,09:10:01
L14_T057,GENEVE_VIEUSSEUX,9,09:12:00,09:12:01
L14_T057,GENEVE_SERVETTE,10,09:13:00,09:13:01
L14_T057,GENEVE_POTERIE,11,09:15:00,09:15:01
L14_T057,GENEVE_LYON,12,09:17:00,09:17:01
L14_T057,GENEVE_GARE_CORNAVIN,13,09:18:00,09:18:01
L14_T057,GENEVE_COUTANCE,14,09:21:00,09:21:01
L14_T057,GENEVE_BEL_AIR,15,09:22:00,09:22:01
L14_T057,GENEVE_STAND,16,09:23:00,09:23:01
L14_T057,GENEVE_PALLADIUM,17,09:27:00,09:27:01
L14_T057,GENEVE_JONCTION,18,09:29:00,09:29:01
L14_T057,PETIT_LANCY_QUIDORT,19,09:32:00,09:32:01
L14_T057,PETIT_LANCY_PLACE,20,09:34:00,09:34:01
L14_T057,PETIT_LANCY_LES_ESSERTS,21,09:35:00,09:35:01
L14_T057,ONEX_BANDOL,22,09:37:00,09:37:01
L14_T057,ONEX_SALLE_COMMUNALE,23,09:38:00,09:38:01
L14_T057,CONFIGNON_LA_DODE,24,09:40:00,09:40:01
L14_T057,CONFIGNON_CROISEE,25,09:41:00,09:41:01
L14_T057,BERNEX_P_R,26,09:43:00,09:43:01
L14_T057,BERNEX_PRE_MARAIS,27,09:44:00,09:44:01
L14_T057,BERNEX_LUCHEPELET,28,09:44:02,09:44:03
L14_T057,BERNEX_HAINARD,29,09:46:00,09:46:01
L14_T057,BERNEX_VAILLY,30,09:48:00,09:48:01
L14_T058,MEYRIN_GRAVIERE,1,08:48:00,08:48:01
L14_T058,MEYRIN_VAUDAGNE,2,08:49:00,08:49:01
L14_T058,MEYRIN_FORUMEYRIN,3,08:51:00,08:51:01
L14_T058,MEYRIN_JARDIN_ALPIN_VIVARIUM,4,08:53:00,08:53:01
L14_T058,VERNIER_BLANDONNET,5,08:56:00,08:56:01
L14_T058,VERNIER_AVANCHETS_ETANG,6,08:57:00,08:57:01
L14_T058,VERNIER_BALEXERT,7,08:59:00,08:59:01
L14_T058,VERNIER_BOUCHET,8,09:01:00,09:01:01
L14_T058,GENEVE_VIEUSSEUX,9,09:03:00,09:03:01
L14_T058,GENEVE_SERVETTE,10,09:04:00,09:04:01
L14_T058,GENEVE_POTERIE,11,09:06:00,09:06:01
L14_T058,GENEVE_LYON,12,09:08:00,09:08:01
L14_T058,GENEVE_GARE_CORNAVIN,13,09:09:00,09:09:01
L14_T058,GENEVE_COUTANCE,14,09:12:00,09:12:01
L14_T058,GENEVE_BEL_AIR,15,09:13:00,09:13:01
L14_T058,GENEVE_STAND,16,09:14:00,09:14:01
L14_T058,GENEVE_PALLADIUM,17,09:18:00,09:18:01
L14_T058,GENEVE_JONCTION,18,09:20:00,09:20:01
L14_T058,PETIT_LANCY_QUIDORT,19,09:23:00,09:23:01
L14_T058,PETIT_LANCY_PLACE,20,09:25:00,09:25:01
L14_T058,PETIT_LANCY_LES_ESSERTS,21,09:26:00,09:26:01
L14_T058,ONEX_BANDOL,22,09:28:00,09:28:01
L14_T058,ONEX_SALLE_COMMUNALE,23,09:29:00,09:29:01
L14_T058,CONFIGNON_LA_DODE,24,09:31:00,09:31:01
L14_T058,CONFIGNON_CROISEE,25,09:32:00,09:32:01
L14_T058,BERNEX_P_R,26,09:34:00,09:34:01
L14_T058,BERNEX_PRE_MARAIS,27,09:35:00,09:35:01
L14_T058,BERNEX_LUCHEPELET,28,09:35:02,09:35:03
L14_T058,BERNEX_HAINARD,29,09:37:00,09:37:01
L14_T058,BERNEX_VAILLY,30,09:39:00,09:39:01
L14_T059,MEYRIN_GRAVIERE,1,08:39:00,08:39:01
L14_T059,MEYRIN_VAUDAGNE,2,08:40:00,08:40:01
L14_T059,MEYRIN_FORUMEYRIN,3,08:42:00,08:42:01
L14_T059,MEYRIN_JARDIN_ALPIN_VIVARIUM,4,08:44:00,08:44:01
L14_T059,VERNIER_BLANDONNET,5,08:47:00,08:47:01
L14_T059,VERNIER_AVANCHETS_ETANG,6,08:48:00,08:48:01
L14_T059,VERNIER_BALEXERT,7,08:50:00,08:50:01
L14_T059,VERNIER_BOUCHET,8,08:52:00,08:52:01
L14_T059,GENEVE_VIEUSSEUX,9,08:54:00,08:54:01
L14_T059,GENEVE_SERVETTE,10,08:55:00,08:55:01
L14_T059,GENEVE_POTERIE,11,08:57:00,08:57:01
L14_T059,GENEVE_LYON,12,08:59:00,08:59:01
L14_T059,GENEVE_GARE_CORNAVIN,13,09:00:00,09:00:01
L14_T059,GENEVE_COUTANCE,14,09:03:00,09:03:01
L14_T059,GENEVE_BEL_AIR,15,09:04:00,09:04:01
L14_T059,GENEVE_STAND,16,09:05:00,09:05:01
L14_T059,GENEVE_PALLADIUM,17,09:09:00,09:09:01
L14_T059,GENEVE_JONCTION,18,09:11:00,09:11:01
L14_T059,PETIT_LANCY_QUIDORT,19,09:14:00,09:14:01
L14_T059,PETIT_LANCY_PLACE,20,09:16:00,09:16:01
L14_T059,PETIT_LANCY_LES_ESSERTS,21,09:17:00,09:17:01
L14_T059,ONEX_BANDOL,22,09:19:00,09:19:01
L14_T059,ONEX_SALLE_COMMUNALE,23,09:20:00,09:20:01
L14_T059,CONFIGNON_LA_DODE,24,09:22:00,09:22:01
L14_T059,CONFIGNON_CROISEE,25,09:23:00,09:23:01
L14_T059,BERNEX_P_R,26,09:25:00,09:25:01
L14_T059,BERNEX_PRE_MARAIS,27,09:26:00,09:26:01
L14_T059,BERNEX_LUCHEPELET,28,09:26:02,09:26:03
L14_T059,BERNEX_HAINARD,29,09:28:00,09:28:01
L14_T059,BERNEX_VAILLY,30,09:30:00,09:30:01
L14_T060,MEYRIN_GRAVIERE,1,07:32:00,07:32:01
L14_T060,MEYRIN_VAUDAGNE,2,07:33:00,07:33:01
L14_T060,MEYRIN_FORUMEYRIN,3,07:35:00,07:35:01
L14_T060,MEYRIN_JARDIN_ALPIN_VIVARIUM,4,07:37:00,07:37:01
L14_T060,VERNIER_BLANDONNET,5,07:40:00,07:40:01
L14_T060,VERNIER_AVANCHETS_ETANG,6,07:42:00,07:42:01
L14_T060,VERNIER_BALEXERT,7,07:43:00,07:43:01
L14_T060,VERNIER_BOUCHET,8,07:45:00,07:45:01
L14_T060,GENEVE_VIEUSSEUX,9,07:47:00,07:47:01
L14_T060,GENEVE_SERVETTE,10,07:49:00,07:49:01
L14_T060,GENEVE_POTERIE,11,07:50:00,07:50:01
L14_T060,GENEVE_LYON,12,07:52:00,07:52:01
L14_T060,GENEVE_GARE_CORNAVIN,13,07:54:00,07:54:01
L14_T060,GENEVE_COUTANCE,14,07:57:00,07:57:01
L14_T060,GENEVE_BEL_AIR,15,07:58:00,07:58:01
L14_T060,GENEVE_STAND,16,07:59:00,07:59:01
L14_T060,GENEVE_PALLADIUM,17,08:03:00,08:03:01
L14_T060,GENEVE_JONCTION,18,08:05:00,08:05:01
L14_T060,PETIT_LANCY_QUIDORT,19,08:08:00,08:08:01
L14_T060,PETIT_LANCY_PLACE,20,08:10:00,08:10:01
L14_T060,PETIT_LANCY_LES_ESSERTS,21,08:11:00,08:11:01
L14_T060,ONEX_BANDOL,22,08:13:00,08:13:01
L14_T060,ONEX_SALLE_COMMUNALE,23,08:14:00,08:14:01
L14_T060,CONFIGNON_LA_DODE,24,08:16:00,08:16:01
L14_T060,CONFIGNON_CROISEE,25,08:17:00,08:17:01
L14_T060,BERNEX_P_R,26,08:19:00,08:19:01
L14_T060,BERNEX_PRE_MARAIS,27,08:20:00,08:20:01
L14_T060,BERNEX_LUCHEPELET,28,08:20:02,08:20:03
L14_T060,BERNEX_HAINARD,29,08:22:00,08:22:01
L14_T060,BERNEX_VAILLY,30,08:24:00,08:24:01
L14_T061,MEYRIN_GRAVIERE,1,07:42:00,07:42:01
L14_T061,MEYRIN_VAUDAGNE,2,07:43:00,07:43:01
L14_T061,MEYRIN_FORUMEYRIN,3,07:45:00,07:45:01
L14_T061,MEYRIN_JARDIN_ALPIN_VIVARIUM,4,07:47:00,07:47:01
L14_T061,VERNIER_BLANDONNET,5,07:50:00,07:50:01
L14_T061,VERNIER_AVANCHETS_ETANG,6,07:52:00,07:52:01
L14_T061,VERNIER_BALEXERT,7,07:53:00,07:53:01
L14_T061,VERNIER_BOUCHET,8,07:55:00,07:55:01
L14_T061,GENEVE_VIEUSSEUX,9,07:57:00,07:57:01
L14_T061,GENEVE_SERVETTE,10,07:59:00,07:59:01
L14_T061,GENEVE_POTERIE,11,08:00:00,08:00:01
L14_T061,GENEVE_LYON,12,08:02:00,08:02:01
L14_T061,GENEVE_GARE_CORNAVIN,13,08:04:00,08:04:01
L14_T061,GENEVE_COUTANCE,14,08:07:00,08:07:01
L14_T061,GENEVE_BEL_AIR,15,08:08:00,08:08:01
L14_T061,GENEVE_STAND,16,08:09:00,08:09:01
L14_T061,GENEVE_PALLADIUM,17,08:13:00,08:13:01
L14_T061,GENEVE_JONCTION,18,08:15:00,08:15:01
L14_T061,PETIT_LANCY_QUIDORT,19,08:18:00,08:18:01
L14_T061,PETIT_LANCY_PLACE,20,08:20:00,08:20:01
L14_T061,PETIT_LANCY_LES_ESSERTS,21,08:21:00,08:21:01
L14_T061,ONEX_BANDOL,22,08:23:00,08:23:01
L14_T061,ONEX_SALLE_COMMUNALE,23,08:24:00,08:24:01
L14_T061,CONFIGNON_LA_DODE,24,08:26:00,08:26:01
L14_T061,CONFIGNON_CROISEE,25,08:27:00,08:27:01
L14_T061,BERNEX_P_R,26,08:29:00,08:29:01
L14_T061,BERNEX_PRE_MARAIS,27,08:30:00,08:30:01
L14_T061,BERNEX_LUCHEPELET,28,08:30:02,08:30:03
L14_T061,BERNEX_HAINARD,29,08:32:00,08:32:01
L14_T061,BERNEX_VAILLY,30,08:34:00,08:34:01
L14_T062,MEYRIN_JARDIN_ALPIN_VIVARIUM,1,07:14:00,07:14:01
L14_T062,MEYRIN_FORUMEYRIN,2,07:15:00,07:15:01
L14_T062,MEYRIN_VAUDAGNE,3,07:17:00,07:17:01
L14_T062,MEYRIN_GRAVIERE,4,07:19:00,07:19:01
L14_T063,MEYRIN_GRAVIERE,1,06:53:00,06:53:01
L14_T063,MEYRIN_VAUDAGNE,2,06:55:00,06:55:01
L14_T063,MEYRIN_FORUMEYRIN,3,06:56:00,06:56:01
L14_T063,MEYRIN_JARDIN_ALPIN_VIVARIUM,4,06:58:00,06:58:01
L14_T063,VERNIER_BLANDONNET,5,07:01:00,07:01:01
L14_T063,VERNIER_AVANCHETS_ETANG,6,07:03:00,07:03:01
L14_T063,VERNIER_BALEXERT,7,07:04:00,07:04:01
L14_T063,VERNIER_BOUCHET,8,07:06:00,07:06:01
L14_T063,GENEVE_VIEUSSEUX,9,07:08:00,07:08:01
L14_T063,GENEVE_SERVETTE,10,07:09:00,07:09:01
L14_T063,GENEVE_POTERIE,11,07:11:00,07:11:01
L14_T063,GENEVE_LYON,12,07:13:00,07:13:01
L14_T063,GENEVE_GARE_CORNAVIN,13,07:14:00,07:14:01
L14_T063,GENEVE_COUTANCE,14,07:17:00,07:17:01
L14_T063,GENEVE_BEL_AIR,15,07:19:00,07:19:01
L14_T063,GENEVE_STAND,16,07:20:00,07:20:01
L14_T063,GENEVE_PALLADIUM,17,07:23:00,07:23:01
L14_T063,GENEVE_JONCTION,18,07:25:00,07:25:01
L14_T063,PETIT_LANCY_QUIDORT,19,07:28:00,07:28:01
L14_T063,PETIT_LANCY_PLACE,20,07:29:00,07:29:01
L14_T063,PETIT_LANCY_LES_ESSERTS,21,07:31:00,07:31:01
L14_T063,ONEX_BANDOL,22,07:32:00,07:32:01
L14_T063,ONEX_SALLE_COMMUNALE,23,07:34:00,07:34:01
L14_T063,CONFIGNON_LA_DODE,24,07:35:00,07:35:01
L14_T063,CONFIGNON_CROISEE,25,07:36:00,07:36:01
L14_T063,BERNEX_P_R,26,07:38:00,07:38:01
L14_T063,BERNEX_PRE_MARAIS,27,07:39:00,07:39:01
L14_T063,BERNEX_LUCHEPELET,28,07:40:00,07:40:01
L14_T063,BERNEX_HAINARD,29,07:41:00,07:41:01
L14_T063,BERNEX_VAILLY,30,07:43:00,07:43:01
L14_T064,MEYRIN_GRAVIERE,1,07:13:00,07:13:01
L14_T064,MEYRIN_VAUDAGNE,2,07:15:00,07:15:01
L14_T064,MEYRIN_FORUMEYRIN,3,07:16:00,07:16:01
L14_T064,MEYRIN_JARDIN_ALPIN_VIVARIUM,4,07:18:00,07:18:01
L14_T064,VERNIER_BLANDONNET,5,07:21:00,07:21:01
L14_T064,VERNIER_AVANCHETS_ETANG,6,07:23:00,07:23:01
L14_T064,VERNIER_BALEXERT,7,07:24:00,07:24:01
L14_T064,VERNIER_BOUCHET,8,07:26:00,07:26:01
L14_T064,GENEVE_VIEUSSEUX,9,07:28:00,07:28:01
L14_T064,GENEVE_SERVETTE,10,07:29:00,07:29:01
L14_T064,GENEVE_POTERIE,11,07:31:00,07:31:01
L14_T064,GENEVE_LYON,12,07:33:00,07:33:01
L14_T064,GENEVE_GARE_CORNAVIN,13,07:34:00,07:34:01
L14_T064,GENEVE_COUTANCE,14,07:37:00,07:37:01
L14_T064,GENEVE_BEL_AIR,15,07:39:00,07:39:01
L14_T064,GENEVE_STAND,16,07:40:00,07:40:01
L14_T064,GENEVE_PALLADIUM,17,07:43:00,07:43:01
L14_T064,GENEVE_JONCTION,18,07:46:00,07:46:01
L14_T064,PETIT_LANCY_QUIDORT,19,07:48:00,07:48:01
L14_T064,PETIT_LANCY_PLACE,20,07:50:00,07:50:01
L14_T064,PETIT_LANCY_LES_ESSERTS,21,07:52:00,07:52:01
L14_T064,ONEX_BANDOL,22,07:53:00,07:53:01
L14_T064,ONEX_SALLE_COMMUNALE,23,07:55:00,07:55:01
L14_T064,CONFIGNON_LA_DODE,24,07:56:00,07:56:01
L14_T064,CONFIGNON_CROISEE,25,07:57:00,07:57:01
L14_T064,BERNEX_P_R,26,07:59:00,07:59:01
L14_T064,BERNEX_PRE_MARAIS,27,08:00:00,08:00:01
L14_T064,BERNEX_LUCHEPELET,28,08:01:00,08:01:01
L14_T064,BERNEX_HAINARD,29,08:02:00,08:02:01
L14_T064,BERNEX_VAILLY,30,08:04:00,08:04:01
L14_T065,MEYRIN_GRAVIERE,1,08:20:00,08:20:01
L14_T065,MEYRIN_VAUDAGNE,2,08:22:00,08:22:01
L14_T065,MEYRIN_FORUMEYRIN,3,08:23:00,08:23:01
L14_T065,MEYRIN_JARDIN_ALPIN_VIVARIUM,4,08:25:00,08:25:01
L14_T065,VERNIER_BLANDONNET,5,08:28:00,08:28:01
L14_T065,VERNIER_AVANCHETS_ETANG,6,08:30:00,08:30:01
L14_T065,VERNIER_BALEXERT,7,08:31:00,08:31:01
L14_T065,VERNIER_BOUCHET,8,08:33:00,08:33:01
L14_T065,GENEVE_VIEUSSEUX,9,08:35:00,08:35:01
L14_T065,GENEVE_SERVETTE,10,08:37:00,08:37:01
L14_T065,GENEVE_POTERIE,11,08:38:00,08:38:01
L14_T065,GENEVE_LYON,12,08:40:00,08:40:01
L14_T065,GENEVE_GARE_CORNAVIN,13,08:42:00,08:42:01
L14_T065,GENEVE_COUTANCE,14,08:44:00,08:44:01
L14_T065,GENEVE_BEL_AIR,15,08:46:00,08:46:01
L14_T065,GENEVE_STAND,16,08:47:00,08:47:01
L14_T065,GENEVE_PALLADIUM,17,08:50:00,08:50:01
L14_T065,GENEVE_JONCTION,18,08:53:00,08:53:01
L14_T065,PETIT_LANCY_QUIDORT,19,08:56:00,08:56:01
L14_T065,PETIT_LANCY_PLACE,20,08:57:00,08:57:01
L14_T065,PETIT_LANCY_LES_ESSERTS,21,08:59:00,08:59:01
L14_T065,ONEX_BANDOL,22,09:00:00,09:00:01
L14_T065,ONEX_SALLE_COMMUNALE,23,09:02:00,09:02:01
L14_T065,CONFIGNON_LA_DODE,24,09:03:00,09:03:01
L14_T065,CONFIGNON_CROISEE,25,09:05:00,09:05:01
L14_T065,BERNEX_P_R,26,09:06:00,09:06:01
L14_T065,BERNEX_PRE_MARAIS,27,09:07:00,09:07:01
L14_T065,BERNEX_LUCHEPELET,28,09:08:00,09:08:01
L14_T065,BERNEX_HAINARD,29,09:10:00,09:10:01
L14_T065,BERNEX_VAILLY,30,09:11:00,09:11:01
L14_T066,MEYRIN_GRAVIERE,1,07:22:00,07:22:01
L14_T066,MEYRIN_VAUDAGNE,2,07:24:00,07:24:01
L14_T066,MEYRIN_FORUMEYRIN,3,07:25:00,07:25:01
L14_T066,MEYRIN_JARDIN_ALPIN_VIVARIUM,4,07:27:00,07:27:01
L14_T066,VERNIER_BLANDONNET,5,07:30:00,07:30:01
L14_T066,VERNIER_AVANCHETS_ETANG,6,07:32:00,07:32:01
L14_T066,VERNIER_BALEXERT,7,07:33:00,07:33:01
L14_T066,VERNIER_BOUCHET,8,07:35:00,07:35:01
L14_T066,GENEVE_VIEUSSEUX,9,07:37:00,07:37:01
L14_T066,GENEVE_SERVETTE,10,07:39:00,07:39:01
L14_T066,GENEVE_POTERIE,11,07:40:00,07:40:01
L14_T066,GENEVE_LYON,12,07:43:00,07:43:01
L14_T066,GENEVE_GARE_CORNAVIN,13,07:44:00,07:44:01
L14_T066,GENEVE_COUTANCE,14,07:47:00,07:47:01
L14_T066,GENEVE_BEL_AIR,15,07:49:00,07:49:01
L14_T066,GENEVE_STAND,16,07:50:00,07:50:01
L14_T066,GENEVE_PALLADIUM,17,07:53:00,07:53:01
L14_T066,GENEVE_JONCTION,18,07:56:00,07:56:01
L14_T066,PETIT_LANCY_QUIDORT,19,07:58:00,07:58:01
L14_T066,PETIT_LANCY_PLACE,20,08:00:00,08:00:01
L14_T066,PETIT_LANCY_LES_ESSERTS,21,08:02:00,08:02:01
L14_T066,ONEX_BANDOL,22,08:03:00,08:03:01
L14_T066,ONEX_SALLE_COMMUNALE,23,08:05:00,08:05:01
L14_T066,CONFIGNON_LA_DODE,24,08:06:00,08:06:01
L14_T066,CONFIGNON_CROISEE,25,08:07:00,08:07:01
L14_T066,BERNEX_P_R,26,08:09:00,08:09:01
L14_T066,BERNEX_PRE_MARAIS,27,08:10:00,08:10:01
L14_T066,BERNEX_LUCHEPELET,28,08:11:00,08:11:01
L14_T066,BERNEX_HAINARD,29,08:12:00,08:12:01
L14_T066,BERNEX_VAILLY,30,08:14:00,08:14:01
L14_T067,MEYRIN_GRAVIERE,1,07:51:00,07:51:01
L14_T067,MEYRIN_VAUDAGNE,2,07:53:00,07:53:01
L14_T067,MEYRIN_FORUMEYRIN,3,07:54:00,07:54:01
L14_T067,MEYRIN_JARDIN_ALPIN_VIVARIUM,4,07:56:00,07:56:01
L14_T067,VERNIER_BLANDONNET,5,07:59:00,07:59:01
L14_T067,VERNIER_AVANCHETS_ETANG,6,08:01:00,08:01:01
L14_T067,VERNIER_BALEXERT,7,08:02:00,08:02:01
L14_T067,VERNIER_BOUCHET,8,08:04:00,08:04:01
L14_T067,GENEVE_VIEUSSEUX,9,08:06:00,08:06:01
L14_T067,GENEVE_SERVETTE,10,08:08:00,08:08:01
L14_T067,GENEVE_POTERIE,11,08:09:00,08:09:01
L14_T067,GENEVE_LYON,12,08:12:00,08:12:01
L14_T067,GENEVE_GARE_CORNAVIN,13,08:13:00,08:13:01
L14_T067,GENEVE_COUTANCE,14,08:16:00,08:16:01
L14_T067,GENEVE_BEL_AIR,15,08:18:00,08:18:01
L14_T067,GENEVE_STAND,16,08:19:00,08:19:01
L14_T067,GENEVE_PALLADIUM,17,08:22:00,08:22:01
L14_T067,GENEVE_JONCTION,18,08:25:00,08:25:01
L14_T067,PETIT_LANCY_QUIDORT,19,08:27:00,08:27:01
L14_T067,PETIT_LANCY_PLACE,20,08:29:00,08:29:01
L14_T067,PETIT_LANCY_LES_ESSERTS,21,08:31:00,08:31:01
L14_T067,ONEX_BANDOL,22,08:32:00,08:32:01
L14_T067,ONEX_SALLE_COMMUNALE,23,08:34:00,08:34:01
L14_T067,CONFIGNON_LA_DODE,24,08:35:00,08:35:01
L14_T067,CONFIGNON_CROISEE,25,08:36:00,08:36:01
L14_T067,BERNEX_P_R,26,08:38:00,08:38:01
L14_T067,BERNEX_PRE_MARAIS,27,08:39:00,08:39:01
L14_T067,BERNEX_LUCHEPELET,28,08:40:00,08:40:01
L14_T067,BERNEX_HAINARD,29,08:41:00,08:41:01
L14_T067,BERNEX_VAILLY,30,08:43:00,08:43:01
L14_T068,MEYRIN_GRAVIERE,1,08:01:00,08:01:01
L14_T068,MEYRIN_VAUDAGNE,2,08:03:00,08:03:01
L14_T068,MEYRIN_FORUMEYRIN,3,08:04:00,08:04:01
L14_T068,MEYRIN_JARDIN_ALPIN_VIVARIUM,4,08:06:00,08:06:01
L14_T068,VERNIER_BLANDONNET,5,08:09:00,08:09:01
L14_T068,VERNIER_AVANCHETS_ETANG,6,08:11:00,08:11:01
L14_T068,VERNIER_BALEXERT,7,08:12:00,08:12:01
L14_T068,VERNIER_BOUCHET,8,08:14:00,08:14:01
L14_T068,GENEVE_VIEUSSEUX,9,08:16:00,08:16:01
L14_T068,GENEVE_SERVETTE,10,08:18:00,08:18:01
L14_T068,GENEVE_POTERIE,11,08:19:00,08:19:01
L14_T068,GENEVE_LYON,12,08:22:00,08:22:01
L14_T068,GENEVE_GARE_CORNAVIN,13,08:23:00,08:23:01
L14_T068,GENEVE_COUTANCE,14,08:26:00,08:26:01
L14_T068,GENEVE_BEL_AIR,15,08:28:00,08:28:01
L14_T068,GENEVE_STAND,16,08:29:00,08:29:01
L14_T068,GENEVE_PALLADIUM,17,08:32:00,08:32:01
L14_T068,GENEVE_JONCTION,18,08:35:00,08:35:01
L14_T068,PETIT_LANCY_QUIDORT,19,08:37:00,08:37:01
L14_T068,PETIT_LANCY_PLACE,20,08:39:00,08:39:01
L14_T068,PETIT_LANCY_LES_ESSERTS,21,08:41:00,08:41:01
L14_T068,ONEX_BANDOL,22,08:42:00,08:42:01
L14_T068,ONEX_SALLE_COMMUNALE,23,08:44:00,08:44:01
L14_T068,CONFIGNON_LA_DODE,24,08:45:00,08:45:01
L14_T068,CONFIGNON_CROISEE,25,08:46:00,08:46:01
L14_T068,BERNEX_P_R,26,08:48:00,08:48:01
L14_T068,BERNEX_PRE_MARAIS,27,08:49:00,08:49:01
L14_T068,BERNEX_LUCHEPELET,28,08:50:00,08:50:01
L14_T068,BERNEX_HAINARD,29,08:51:00,08:51:01
L14_T068,BERNEX_VAILLY,30,08:53:00,08:53:01
L14_T069,MEYRIN_GRAVIERE,1,08:10:00,08:10:01
L14_T069,MEYRIN_VAUDAGNE,2,08:12:00,08:12:01
L14_T069,MEYRIN_FORUMEYRIN,3,08:14:00,08:14:01
L14_T069,MEYRIN_JARDIN_ALPIN_VIVARIUM,4,08:15:00,08:15:01
L14_T069,VERNIER_BLANDONNET,5,08:18:00,08:18:01
L14_T069,VERNIER_AVANCHETS_ETANG,6,08:20:00,08:20:01
L14_T069,VERNIER_BALEXERT,7,08:22:00,08:22:01
L14_T069,VERNIER_BOUCHET,8,08:24:00,08:24:01
L14_T069,GENEVE_VIEUSSEUX,9,08:26:00,08:26:01
L14_T069,GENEVE_SERVETTE,10,08:27:00,08:27:01
L14_T069,GENEVE_POTERIE,11,08:29:00,08:29:01
L14_T069,GENEVE_LYON,12,08:31:00,08:31:01
L14_T069,GENEVE_GARE_CORNAVIN,13,08:33:00,08:33:01
L14_T069,GENEVE_COUTANCE,14,08:35:00,08:35:01
L14_T069,GENEVE_BEL_AIR,15,08:37:00,08:37:01
L14_T069,GENEVE_STAND,16,08:38:00,08:38:01
L14_T069,GENEVE_PALLADIUM,17,08:41:00,08:41:01
L14_T069,GENEVE_JONCTION,18,08:44:00,08:44:01
L14_T069,PETIT_LANCY_QUIDORT,19,08:46:00,08:46:01
L14_T069,PETIT_LANCY_PLACE,20,08:48:00,08:48:01
L14_T069,PETIT_LANCY_LES_ESSERTS,21,08:50:00,08:50:01
L14_T069,ONEX_BANDOL,22,08:51:00,08:51:01
L14_T069,ONEX_SALLE_COMMUNALE,23,08:53:00,08:53:01
L14_T069,CONFIGNON_LA_DODE,24,08:54:00,08:54:01
L14_T069,CONFIGNON_CROISEE,25,08:55:00,08:55:01
L14_T069,BERNEX_P_R,26,08:57:00,08:57:01
L14_T069,BERNEX_PRE_MARAIS,27,08:58:00,08:58:01
L14_T069,BERNEX_LUCHEPELET,28,08:59:00,08:59:01
L14_T069,BERNEX_HAINARD,29,09:00:00,09:00:01
L14_T069,BERNEX_VAILLY,30,09:02:00,09:02:01
L14_T070,MEYRIN_GRAVIERE,1,06:24:00,06:24:01
L14_T070,MEYRIN_VAUDAGNE,2,06:26:00,06:26:01
L14_T070,MEYRIN_FORUMEYRIN,3,06:27:00,06:27:01
L14_T070,MEYRIN_JARDIN_ALPIN_VIVARIUM,4,06:29:00,06:29:01
L14_T070,VERNIER_BLANDONNET,5,06:32:00,06:32:01
L14_T070,VERNIER_AVANCHETS_ETANG,6,06:33:00,06:33:01
L14_T070,VERNIER_BALEXERT,7,06:34:00,06:34:01
L14_T070,VERNIER_BOUCHET,8,06:36:00,06:36:01
L14_T070,GENEVE_VIEUSSEUX,9,06:38:00,06:38:01
L14_T070,GENEVE_SERVETTE,10,06:40:00,06:40:01
L14_T070,GENEVE_POTERIE,11,06:41:00,06:41:01
L14_T070,GENEVE_LYON,12,06:43:00,06:43:01
L14_T070,GENEVE_GARE_CORNAVIN,13,06:45:00,06:45:01
L14_T070,GENEVE_COUTANCE,14,06:48:00,06:48:01
L14_T070,GENEVE_BEL_AIR,15,06:49:00,06:49:01
L14_T070,GENEVE_STAND,16,06:50:00,06:50:01
L14_T070,GENEVE_PALLADIUM,17,06:53:00,06:53:01
L14_T070,GENEVE_JONCTION,18,06:56:00,06:56:01
L14_T070,PETIT_LANCY_QUIDORT,19,06:58:00,06:58:01
L14_T070,PETIT_LANCY_PLACE,20,07:00:00,07:00:01
L14_T070,PETIT_LANCY_LES_ESSERTS,21,07:01:00,07:01:01
L14_T070,ONEX_BANDOL,22,07:03:00,07:03:01
L14_T070,ONEX_SALLE_COMMUNALE,23,07:04:00,07:04:01
L14_T070,CONFIGNON_LA_DODE,24,07:06:00,07:06:01
L14_T070,CONFIGNON_CROISEE,25,07:07:00,07:07:01
L14_T070,BERNEX_P_R,26,07:08:00,07:08:01
L14_T070,BERNEX_PRE_MARAIS,27,07:09:00,07:09:01
L14_T070,BERNEX_LUCHEPELET,28,07:10:00,07:10:01
L14_T070,BERNEX_HAINARD,29,07:12:00,07:12:01
L14_T070,BERNEX_VAILLY,30,07:13:00,07:13:01
L14_T071,MEYRIN_GRAVIERE,1,06:42:00,06:42:01
L14_T071,MEYRIN_VAUDAGNE,2,06:44:00,06:44:01
L14_T071,MEYRIN_FORUMEYRIN,3,06:46:00,06:46:01
L14_T071,MEYRIN_JARDIN_ALPIN_VIVARIUM,4,06:47:00,06:47:01
L14_T071,VERNIER_BLANDONNET,5,06:50:00,06:50:01
L14_T071,VERNIER_AVANCHETS_ETANG,6,06:52:00,06:52:01
L14_T071,VERNIER_BALEXERT,7,06:53:00,06:53:01
L14_T071,VERNIER_BOUCHET,8,06:55:00,06:55:01
L14_T071,GENEVE_VIEUSSEUX,9,06:57:00,06:57:01
L14_T071,GENEVE_SERVETTE,10,06:59:00,06:59:01
L14_T071,GENEVE_POTERIE,11,07:00:00,07:00:01
L14_T071,GENEVE_LYON,12,07:02:00,07:02:01
L14_T071,GENEVE_GARE_CORNAVIN,13,07:04:00,07:04:01
L14_T071,GENEVE_COUTANCE,14,07:06:00,07:06:01
L14_T071,GENEVE_BEL_AIR,15,07:08:00,07:08:01
L14_T071,GENEVE_STAND,16,07:09:00,07:09:01
L14_T071,GENEVE_PALLADIUM,17,07:12:00,07:12:01
L14_T071,GENEVE_JONCTION,18,07:14:00,07:14:01
L14_T071,PETIT_LANCY_QUIDORT,19,07:17:00,07:17:01
L14_T071,PETIT_LANCY_PLACE,20,07:18:00,07:18:01
L14_T071,PETIT_LANCY_LES_ESSERTS,21,07:20:00,07:20:01
L14_T071,ONEX_BANDOL,22,07:21:00,07:21:01
L14_T071,ONEX_SALLE_COMMUNALE,23,07:23:00,07:23:01
L14_T071,CONFIGNON_LA_DODE,24,07:24:00,07:24:01
L14_T071,CONFIGNON_CROISEE,25,07:25:00,07:25:01
L14_T071,BERNEX_P_R,26,07:27:00,07:27:01
L14_T071,BERNEX_PRE_MARAIS,27,07:28:00,07:28:01
L14_T071,BERNEX_LUCHEPELET,28,07:29:00,07:29:01
L14_T071,BERNEX_HAINARD,29,07:30:00,07:30:01
L14_T071,BERNEX_VAILLY,30,07:32:00,07:32:01
L14_T072,MEYRIN_GRAVIERE,1,08:29:00,08:29:01
L14_T072,MEYRIN_VAUDAGNE,2,08:31:00,08:31:01
L14_T072,MEYRIN_FORUMEYRIN,3,08:33:00,08:33:01
L14_T072,MEYRIN_JARDIN_ALPIN_VIVARIUM,4,08:34:00,08:34:01
L14_T072,VERNIER_BLANDONNET,5,08:37:00,08:37:01
L14_T072,VERNIER_AVANCHETS_ETANG,6,08:39:00,08:39:01
L14_T072,VERNIER_BALEXERT,7,08:40:00,08:40:01
L14_T072,VERNIER_BOUCHET,8,08:42:00,08:42:01
L14_T072,GENEVE_VIEUSSEUX,9,08:44:00,08:44:01
L14_T072,GENEVE_SERVETTE,10,08:46:00,08:46:01
L14_T072,GENEVE_POTERIE,11,08:47:00,08:47:01
L14_T072,GENEVE_LYON,12,08:49:00,08:49:01
L14_T072,GENEVE_GARE_CORNAVIN,13,08:51:00,08:51:01
L14_T072,GENEVE_COUTANCE,14,08:53:00,08:53:01
L14_T072,GENEVE_BEL_AIR,15,08:55:00,08:55:01
L14_T072,GENEVE_STAND,16,08:56:00,08:56:01
L14_T072,GENEVE_PALLADIUM,17,08:59:00,08:59:01
L14_T072,GENEVE_JONCTION,18,09:02:00,09:02:01
L14_T072,PETIT_LANCY_QUIDORT,19,09:05:00,09:05:01
L14_T072,PETIT_LANCY_PLACE,20,09:06:00,09:06:01
L14_T072,PETIT_LANCY_LES_ESSERTS,21,09:08:00,09:08:01
L14_T072,ONEX_BANDOL,22,09:09:00,09:09:01
L14_T072,ONEX_SALLE_COMMUNALE,23,09:11:00,09:11:01
L14_T072,CONFIGNON_LA_DODE,24,09:12:00,09:12:01
L14_T072,CONFIGNON_CROISEE,25,09:14:00,09:14:01
L14_T072,BERNEX_P_R,26,09:15:00,09:15:01
L14_T072,BERNEX_PRE_MARAIS,27,09:16:00,09:16:01
L14_T072,BERNEX_LUCHEPELET,28,09:17:00,09:17:01
L14_T072,BERNEX_HAINARD,29,09:19:00,09:19:01
L14_T072,BERNEX_VAILLY,30,09:20:00,09:20:01
L18_T001,GRAND_LANCY_PALETTES,1,06:48:00,06:48:01
L18_T001,GRAND_LANCY_PONTETS,2,06:49:00,06:49:01
L18_T001,PLAN_LES_OUATES_TREFLE_BLANC,3,06:51:00,06:51:01
L18_T001,LANCY_BACHET_GARE,4,06:53:00,06:53:01
L18_T001,GRAND_LANCY_DE_STAEL,5,06:54:00,06:54:01
L18_T001,CAROUGE_GE_RONDEAU,6,06:56:00,06:56:01
L18_T001,CAROUGE_GE_ANCIENNE,7,06:57:00,06:57:01
L18_T001,CAROUGE_GE_MARCHE,8,06:59:00,06:59:01
L18_T001,CAROUGE_GE_ARMES,9,07:00:00,07:00:01
L18_T001,GENEVE_BLANCHE,10,07:02:00,07:02:01
L18_T001,GENEVE_AUGUSTINS,11,07:04:00,07:04:01
L18_T001,GENEVE_PONT_D_ARVE,12,07:05:00,07:05:01
L18_T001,GENEVE_PLAINPALAIS,13,07:06:00,07:06:01
L18_T001,GENEVE_PLACE_DE_NEUVE,14,07:08:00,07:08:01
L18_T001,GENEVE_BEL_AIR,15,07:10:00,07:10:01
L18_T001,GENEVE_COUTANCE,16,07:12:00,07:12:01
L18_T001,GENEVE_GARE_CORNAVIN,17,07:14:00,07:14:01
L18_T001,GENEVE_LYON,18,07:16:00,07:16:01
L18_T001,GENEVE_POTERIE,19,07:17:00,07:17:01
L18_T001,GENEVE_SERVETTE,20,07:19:00,07:19:01
L18_T001,GENEVE_VIEUSSEUX,21,07:20:00,07:20:01
L18_T001,VERNIER_BOUCHET,22,07:22:00,07:22:01
L18_T001,VERNIER_BALEXERT,23,07:23:00,07:23:01
L18_T001,VERNIER_AVANCHETS_ETANG,24,07:25:00,07:25:01
L18_T001,VERNIER_BLANDONNET,25,07:26:00,07:26:01
L18_T001,MEYRIN_JARDIN_ALPIN_VIVARIUM,26,07:29:00,07:29:01
L18_T001,MEYRIN_BOIS_DU_LAN,27,07:30:00,07:30:01
L18_T001,MEYRIN_VILLAGE,28,07:32:00,07:32:01
L18_T001,MEYRIN_HOPITAL_DE_LA_TOUR,29,07:33:00,07:33:01
L18_T001,MEYRIN_MAISONNEX,30,07:34:00,07:34:01
L18_T001,MEYRIN_CERN,31,07:35:00,07:35:01
L18_T002,GRAND_LANCY_PALETTES,1,06:28:00,06:28:01
L18_T002,GRAND_LANCY_PONTETS,2,06:29:00,06:29:01
L18_T002,PLAN_LES_OUATES_TREFLE_BLANC,3,06:31:00,06:31:01
L18_T002,LANCY_BACHET_GARE,4,06:33:00,06:33:01
L18_T002,GRAND_LANCY_DE_STAEL,5,06:34:00,06:34:01
L18_T002,CAROUGE_GE_RONDEAU,6,06:36:00,06:36:01
L18_T002,CAROUGE_GE_ANCIENNE,7,06:37:00,06:37:01
L18_T002,CAROUGE_GE_MARCHE,8,06:39:00,06:39:01
L18_T002,CAROUGE_GE_ARMES,9,06:40:00,06:40:01
L18_T002,GENEVE_BLANCHE,10,06:42:00,06:42:01
L18_T002,GENEVE_AUGUSTINS,11,06:44:00,06:44:01
L18_T002,GENEVE_PONT_D_ARVE,12,06:45:00,06:45:01
L18_T002,GENEVE_PLAINPALAIS,13,06:46:00,06:46:01
L18_T002,GENEVE_PLACE_DE_NEUVE,14,06:48:00,06:48:01
L18_T002,GENEVE_BEL_AIR,15,06:50:00,06:50:01
L18_T002,GENEVE_COUTANCE,16,06:52:00,06:52:01
L18_T002,GENEVE_GARE_CORNAVIN,17,06:54:00,06:54:01
L18_T002,GENEVE_LYON,18,06:56:00,06:56:01
L18_T002,GENEVE_POTERIE,19,06:57:00,06:57:01
L18_T002,GENEVE_SERVETTE,20,06:59:00,06:59:01
L18_T002,GENEVE_VIEUSSEUX,21,07:00:00,07:00:01
L18_T002,VERNIER_BOUCHET,22,07:02:00,07:02:01
L18_T002,VERNIER_BALEXERT,23,07:03:00,07:03:01
L18_T002,VERNIER_AVANCHETS_ETANG,24,07:05:00,07:05:01
L18_T002,VERNIER_BLANDONNET,25,07:06:00,07:06:01
L18_T002,MEYRIN_JARDIN_ALPIN_VIVARIUM,26,07:09:00,07:09:01
L18_T002,MEYRIN_BOIS_DU_LAN,27,07:10:00,07:10:01
L18_T002,MEYRIN_VILLAGE,28,07:12:00,07:12:01
L18_T002,MEYRIN_HOPITAL_DE_LA_TOUR,29,07:13:00,07:13:01
L18_T002,MEYRIN_MAISONNEX,30,07:14:00,07:14:01
L18_T002,MEYRIN_CERN,31,07:15:00,07:15:01
L18_T003,GRAND_LANCY_PALETTES,1,08:03:00,08:03:01
L18_T003,GRAND_LANCY_PONTETS,2,08:04:00,08:04:01
L18_T003,PLAN_LES_OUATES_TREFLE_BLANC,3,08:06:00,08:06:01
L18_T003,LANCY_BACHET_GARE,4,08:08:00,08:08:01
L18_T003,GRAND_LANCY_DE_STAEL,5,08:09:00,08:09:01
L18_T003,CAROUGE_GE_RONDEAU,6,08:12:00,08:12:01
L18_T003,CAROUGE_GE_ANCIENNE,7,08:13:00,08:13:01
L18_T003,CAROUGE_GE_MARCHE,8,08:14:00,08:14:01
L18_T003,CAROUGE_GE_ARMES,9,08:16:00,08:16:01
L18_T003,GENEVE_BLANCHE,10,08:18:00,08:18:01
L18_T003,GENEVE_AUGUSTINS,11,08:19:00,08:19:01
L18_T003,GENEVE_PONT_D_ARVE,12,08:21:00,08:21:01
L18_T003,GENEVE_PLAINPALAIS,13,08:22:00,08:22:01
L18_T003,GENEVE_PLACE_DE_NEUVE,14,08:24:00,08:24:01
L18_T003,GENEVE_BEL_AIR,15,08:27:00,08:27:01
L18_T003,GENEVE_COUTANCE,16,08:28:00,08:28:01
L18_T003,GENEVE_GARE_CORNAVIN,17,08:31:00,08:31:01
L18_T003,GENEVE_LYON,18,08:33:00,08:33:01
L18_T003,GENEVE_POTERIE,19,08:35:00,08:35:01
L18_T003,GENEVE_SERVETTE,20,08:36:00,08:36:01
L18_T003,GENEVE_VIEUSSEUX,21,08:37:00,08:37:01
L18_T003,VERNIER_BOUCHET,22,08:39:00,08:39:01
L18_T003,VERNIER_BALEXERT,23,08:41:00,08:41:01
L18_T003,VERNIER_AVANCHETS_ETANG,24,08:42:00,08:42:01
L18_T003,VERNIER_BLANDONNET,25,08:44:00,08:44:01
L18_T003,MEYRIN_JARDIN_ALPIN_VIVARIUM,26,08:46:00,08:46:01
L18_T003,MEYRIN_BOIS_DU_LAN,27,08:47:00,08:47:01
L18_T003,MEYRIN_VILLAGE,28,08:49:00,08:49:01
L18_T003,MEYRIN_HOPITAL_DE_LA_TOUR,29,08:51:00,08:51:01
L18_T003,MEYRIN_MAISONNEX,30,08:52:00,08:52:01
L18_T003,MEYRIN_CERN,31,08:53:00,08:53:01
L18_T004,GRAND_LANCY_PALETTES,1,07:07:00,07:07:01
L18_T004,GRAND_LANCY_PONTETS,2,07:09:00,07:09:01
L18_T004,PLAN_LES_OUATES_TREFLE_BLANC,3,07:10:00,07:10:01
L18_T004,LANCY_BACHET_GARE,4,07:12:00,07:12:01
L18_T004,GRAND_LANCY_DE_STAEL,5,07:14:00,07:14:01
L18_T004,CAROUGE_GE_RONDEAU,6,07:16:00,07:16:01
L18_T004,CAROUGE_GE_ANCIENNE,7,07:17:00,07:17:01
L18_T004,CAROUGE_GE_MARCHE,8,07:18:00,07:18:01
L18_T004,CAROUGE_GE_ARMES,9,07:20:00,07:20:01
L18_T004,GENEVE_BLANCHE,10,07:22:00,07:22:01
L18_T004,GENEVE_AUGUSTINS,11,07:23:00,07:23:01
L18_T004,GENEVE_PONT_D_ARVE,12,07:25:00,07:25:01
L18_T004,GENEVE_PLAINPALAIS,13,07:26:00,07:26:01
L18_T004,GENEVE_PLACE_DE_NEUVE,14,07:28:00,07:28:01
L18_T004,GENEVE_BEL_AIR,15,07:30:00,07:30:01
L18_T004,GENEVE_COUTANCE,16,07:32:00,07:32:01
L18_T004,GENEVE_GARE_CORNAVIN,17,07:35:00,07:35:01
L18_T004,GENEVE_LYON,18,07:36:00,07:36:01
L18_T004,GENEVE_POTERIE,19,07:38:00,07:38:01
L18_T004,GENEVE_SERVETTE,20,07:40:00,07:40:01
L18_T004,GENEVE_VIEUSSEUX,21,07:41:00,07:41:01
L18_T004,VERNIER_BOUCHET,22,07:43:00,07:43:01
L18_T004,VERNIER_BALEXERT,23,07:45:00,07:45:01
L18_T004,VERNIER_AVANCHETS_ETANG,24,07:46:00,07:46:01
L18_T004,VERNIER_BLANDONNET,25,07:48:00,07:48:01
L18_T004,MEYRIN_JARDIN_ALPIN_VIVARIUM,26,07:50:00,07:50:01
L18_T004,MEYRIN_BOIS_DU_LAN,27,07:51:00,07:51:01
L18_T004,MEYRIN_VILLAGE,28,07:53:00,07:53:01
L18_T004,MEYRIN_HOPITAL_DE_LA_TOUR,29,07:55:00,07:55:01
L18_T004,MEYRIN_MAISONNEX,30,07:56:00,07:56:01
L18_T004,MEYRIN_CERN,31,07:57:00,07:57:01
L18_T005,GRAND_LANCY_PALETTES,1,08:40:00,08:40:01
L18_T005,GRAND_LANCY_PONTETS,2,08:42:00,08:42:01
L18_T005,PLAN_LES_OUATES_TREFLE_BLANC,3,08:43:00,08:43:01
L18_T005,LANCY_BACHET_GARE,4,08:45:00,08:45:01
L18_T005,GRAND_LANCY_DE_STAEL,5,08:47:00,08:47:01
L18_T005,CAROUGE_GE_RONDEAU,6,08:49:00,08:49:01
L18_T005,CAROUGE_GE_ANCIENNE,7,08:50:00,08:50:01
L18_T005,CAROUGE_GE_MARCHE,8,08:51:00,08:51:01
L18_T005,CAROUGE_GE_ARMES,9,08:53:00,08:53:01
L18_T005,GENEVE_BLANCHE,10,08:55:00,08:55:01
L18_T005,GENEVE_AUGUSTINS,11,08:57:00,08:57:01
L18_T005,GENEVE_PONT_D_ARVE,12,08:58:00,08:58:01
L18_T005,GENEVE_PLAINPALAIS,13,09:00:00,09:00:01
L18_T005,GENEVE_PLACE_DE_NEUVE,14,09:01:00,09:01:01
L18_T005,GENEVE_BEL_AIR,15,09:04:00,09:04:01
L18_T005,GENEVE_COUTANCE,16,09:06:00,09:06:01
L18_T005,GENEVE_GARE_CORNAVIN,17,09:08:00,09:08:01
L18_T005,GENEVE_LYON,18,09:10:00,09:10:01
L18_T005,GENEVE_POTERIE,19,09:12:00,09:12:01
L18_T005,GENEVE_SERVETTE,20,09:13:00,09:13:01
L18_T005,GENEVE_VIEUSSEUX,21,09:14:00,09:14:01
L18_T005,VERNIER_BOUCHET,22,09:16:00,09:16:01
L18_T005,VERNIER_BALEXERT,23,09:18:00,09:18:01
L18_T005,VERNIER_AVANCHETS_ETANG,24,09:19:00,09:19:01
L18_T005,VERNIER_BLANDONNET,25,09:21:00,09:21:01
L18_T005,MEYRIN_JARDIN_ALPIN_VIVARIUM,26,09:23:00,09:23:01
L18_T005,MEYRIN_BOIS_DU_LAN,27,09:24:00,09:24:01
L18_T005,MEYRIN_VILLAGE,28,09:26:00,09:26:01
L18_T005,MEYRIN_HOPITAL_DE_LA_TOUR,29,09:28:00,09:28:01
L18_T005,MEYRIN_MAISONNEX,30,09:29:00,09:29:01
L18_T005,MEYRIN_CERN,31,09:30:00,09:30:01
L18_T006,GRAND_LANCY_PALETTES,1,08:59:00,08:59:01
L18_T006,GRAND_LANCY_PONTETS,2,09:01:00,09:01:01
L18_T006,PLAN_LES_OUATES_TREFLE_BLANC,3,09:02:00,09:02:01
L18_T006,LANCY_BACHET_GARE,4,09:04:00,09:04:01
L18_T006,GRAND_LANCY_DE_STAEL,5,09:06:00,09:06:01
L18_T006,CAROUGE_GE_RONDEAU,6,09:08:00,09:08:01
L18_T006,CAROUGE_GE_ANCIENNE,7,09:09:00,09:09:01
L18_T006,CAROUGE_GE_MARCHE,8,09:10:00,09:10:01
L18_T006,CAROUGE_GE_ARMES,9,09:12:00,09:12:01
L18_T006,GENEVE_BLANCHE,10,09:14:00,09:14:01
L18_T006,GENEVE_AUGUSTINS,11,09:16:00,09:16:01
L18_T006,GENEVE_PONT_D_ARVE,12,09:17:00,09:17:01
L18_T006,GENEVE_PLAINPALAIS,13,09:19:00,09:19:01
L18_T006,GENEVE_PLACE_DE_NEUVE,14,09:20:00,09:20:01
L18_T006,GENEVE_BEL_AIR,15,09:23:00,09:23:01
L18_T006,GENEVE_COUTANCE,16,09:25:00,09:25:01
L18_T006,GENEVE_GARE_CORNAVIN,17,09:27:00,09:27:01
L18_T006,GENEVE_LYON,18,09:29:00,09:29:01
L18_T006,GENEVE_POTERIE,19,09:31:00,09:31:01
L18_T006,GENEVE_SERVETTE,20,09:32:00,09:32:01
L18_T006,GENEVE_VIEUSSEUX,21,09:33:00,09:33:01
L18_T006,VERNIER_BOUCHET,22,09:35:00,09:35:01
L18_T006,VERNIER_BALEXERT,23,09:37:00,09:37:01
L18_T006,VERNIER_AVANCHETS_ETANG,24,09:38:00,09:38:01
L18_T006,VERNIER_BLANDONNET,25,09:40:00,09:40:01
L18_T006,MEYRIN_JARDIN_ALPIN_VIVARIUM,26,09:42:00,09:42:01
L18_T006,MEYRIN_BOIS_DU_LAN,27,09:43:00,09:43:01
L18_T006,MEYRIN_VILLAGE,28,09:45:00,09:45:01
L18_T006,MEYRIN_HOPITAL_DE_LA_TOUR,29,09:47:00,09:47:01
L18_T006,MEYRIN_MAISONNEX,30,09:48:00,09:48:01
L18_T006,MEYRIN_CERN,31,09:49:00,09:49:01
L18_T007,GRAND_LANCY_PALETTES,1,07:44:00,07:44:01
L18_T007,GRAND_LANCY_PONTETS,2,07:46:00,07:46:01
L18_T007,PLAN_LES_OUATES_TREFLE_BLANC,3,07:47:00,07:47:01
L18_T007,LANCY_BACHET_GARE,4,07:49:00,07:49:01
L18_T007,GRAND_LANCY_DE_STAEL,5,07:51:00,07:51:01
L18_T007,CAROUGE_GE_RONDEAU,6,07:53:00,07:53:01
L18_T007,CAROUGE_GE_ANCIENNE,7,07:54:00,07:54:01
L18_T007,CAROUGE_GE_MARCHE,8,07:55:00,07:55:01
L18_T007,CAROUGE_GE_ARMES,9,07:57:00,07:57:01
L18_T007,GENEVE_BLANCHE,10,07:59:00,07:59:01
L18_T007,GENEVE_AUGUSTINS,11,08:01:00,08:01:01
L18_T007,GENEVE_PONT_D_ARVE,12,08:02:00,08:02:01
L18_T007,GENEVE_PLAINPALAIS,13,08:04:00,08:04:01
L18_T007,GENEVE_PLACE_DE_NEUVE,14,08:05:00,08:05:01
L18_T007,GENEVE_BEL_AIR,15,08:08:00,08:08:01
L18_T007,GENEVE_COUTANCE,16,08:10:00,08:10:01
L18_T007,GENEVE_GARE_CORNAVIN,17,08:13:00,08:13:01
L18_T007,GENEVE_LYON,18,08:14:00,08:14:01
L18_T007,GENEVE_POTERIE,19,08:16:00,08:16:01
L18_T007,GENEVE_SERVETTE,20,08:18:00,08:18:01
L18_T007,GENEVE_VIEUSSEUX,21,08:19:00,08:19:01
L18_T007,VERNIER_BOUCHET,22,08:21:00,08:21:01
L18_T007,VERNIER_BALEXERT,23,08:23:00,08:23:01
L18_T007,VERNIER_AVANCHETS_ETANG,24,08:24:00,08:24:01
L18_T007,VERNIER_BLANDONNET,25,08:26:00,08:26:01
L18_T007,MEYRIN_JARDIN_ALPIN_VIVARIUM,26,08:28:00,08:28:01
L18_T007,MEYRIN_BOIS_DU_LAN,27,08:29:00,08:29:01
L18_T007,MEYRIN_VILLAGE,28,08:31:00,08:31:01
L18_T007,MEYRIN_HOPITAL_DE_LA_TOUR,29,08:33:00,08:33:01
L18_T007,MEYRIN_MAISONNEX,30,08:34:00,08:34:01
L18_T007,MEYRIN_CERN,31,08:35:00,08:35:01
L18_T008,GRAND_LANCY_PALETTES,1,08:21:00,08:21:01
L18_T008,GRAND_LANCY_PONTETS,2,08:23:00,08:23:01
L18_T008,PLAN_LES_OUATES_TREFLE_BLANC,3,08:24:00,08:24:01
L18_T008,LANCY_BACHET_GARE,4,08:26:00,08:26:01
L18_T008,GRAND_LANCY_DE_STAEL,5,08:28:00,08:28:01
L18_T008,CAROUGE_GE_RONDEAU,6,08:30:00,08:30:01
L18_T008,CAROUGE_GE_ANCIENNE,7,08:31:00,08:31:01
L18_T008,CAROUGE_GE_MARCHE,8,08:33:00,08:33:01
L18_T008,CAROUGE_GE_ARMES,9,08:35:00,08:35:01
L18_T008,GENEVE_BLANCHE,10,08:36:00,08:36:01
L18_T008,GENEVE_AUGUSTINS,11,08:38:00,08:38:01
L18_T008,GENEVE_PONT_D_ARVE,12,08:39:00,08:39:01
L18_T008,GENEVE_PLAINPALAIS,13,08:41:00,08:41:01
L18_T008,GENEVE_PLACE_DE_NEUVE,14,08:43:00,08:43:01
L18_T008,GENEVE_BEL_AIR,15,08:45:00,08:45:01
L18_T008,GENEVE_COUTANCE,16,08:47:00,08:47:01
L18_T008,GENEVE_GARE_CORNAVIN,17,08:50:00,08:50:01
L18_T008,GENEVE_LYON,18,08:51:00,08:51:01
L18_T008,GENEVE_POTERIE,19,08:53:00,08:53:01
L18_T008,GENEVE_SERVETTE,20,08:55:00,08:55:01
L18_T008,GENEVE_VIEUSSEUX,21,08:56:00,08:56:01
L18_T008,VERNIER_BOUCHET,22,08:58:00,08:58:01
L18_T008,VERNIER_BALEXERT,23,08:59:00,08:59:01
L18_T008,VERNIER_AVANCHETS_ETANG,24,09:01:00,09:01:01
L18_T008,VERNIER_BLANDONNET,25,09:02:00,09:02:01
L18_T008,MEYRIN_JARDIN_ALPIN_VIVARIUM,26,09:05:00,09:05:01
L18_T008,MEYRIN_BOIS_DU_LAN,27,09:06:00,09:06:01
L18_T008,MEYRIN_VILLAGE,28,09:07:00,09:07:01
L18_T008,MEYRIN_HOPITAL_DE_LA_TOUR,29,09:09:00,09:09:01
L18_T008,MEYRIN_MAISONNEX,30,09:10:00,09:10:01
L18_T008,MEYRIN_CERN,31,09:11:00,09:11:01
L18_T009,GRAND_LANCY_PALETTES,1,07:25:00,07:25:01
L18_T009,GRAND_LANCY_PONTETS,2,07:27:00,07:27:01
L18_T009,PLAN_LES_OUATES_TREFLE_BLANC,3,07:28:00,07:28:01
L18_T009,LANCY_BACHET_GARE,4,07:30:00,07:30:01
L18_T009,GRAND_LANCY_DE_STAEL,5,07:32:00,07:32:01
L18_T009,CAROUGE_GE_RONDEAU,6,07:34:00,07:34:01
L18_T009,CAROUGE_GE_ANCIENNE,7,07:35:00,07:35:01
L18_T009,CAROUGE_GE_MARCHE,8,07:37:00,07:37:01
L18_T009,CAROUGE_GE_ARMES,9,07:39:00,07:39:01
L18_T009,GENEVE_BLANCHE,10,07:40:00,07:40:01
L18_T009,GENEVE_AUGUSTINS,11,07:42:00,07:42:01
L18_T009,GENEVE_PONT_D_ARVE,12,07:43:00,07:43:01
L18_T009,GENEVE_PLAINPALAIS,13,07:45:00,07:45:01
L18_T009,GENEVE_PLACE_DE_NEUVE,14,07:47:00,07:47:01
L18_T009,GENEVE_BEL_AIR,15,07:49:00,07:49:01
L18_T009,GENEVE_COUTANCE,16,07:51:00,07:51:01
L18_T009,GENEVE_GARE_CORNAVIN,17,07:54:00,07:54:01
L18_T009,GENEVE_LYON,18,07:55:00,07:55:01
L18_T009,GENEVE_POTERIE,19,07:57:00,07:57:01
L18_T009,GENEVE_SERVETTE,20,07:59:00,07:59:01
L18_T009,GENEVE_VIEUSSEUX,21,08:00:00,08:00:01
L18_T009,VERNIER_BOUCHET,22,08:02:00,08:02:01
L18_T009,VERNIER_BALEXERT,23,08:04:00,08:04:01
L18_T009,VERNIER_AVANCHETS_ETANG,24,08:05:00,08:05:01
L18_T009,VERNIER_BLANDONNET,25,08:07:00,08:07:01
L18_T009,MEYRIN_JARDIN_ALPIN_VIVARIUM,26,08:09:00,08:09:01
L18_T009,MEYRIN_BOIS_DU_LAN,27,08:10:00,08:10:01
L18_T009,MEYRIN_VILLAGE,28,08:12:00,08:12:01
L18_T009,MEYRIN_HOPITAL_DE_LA_TOUR,29,08:14:00,08:14:01
L18_T009,MEYRIN_MAISONNEX,30,08:15:00,08:15:01
L18_T009,MEYRIN_CERN,31,08:16:00,08:16:01
L18_T010,GRAND_LANCY_PALETTES,1,06:38:00,06:38:01
L18_T010,GRAND_LANCY_PONTETS,2,06:39:00,06:39:01
L18_T010,PLAN_LES_OUATES_TREFLE_BLANC,3,06:41:00,06:41:01
L18_T010,LANCY_BACHET_GARE,4,06:43:00,06:43:01
L18_T010,GRAND_LANCY_DE_STAEL,5,06:44:00,06:44:01
L18_T010,CAROUGE_GE_RONDEAU,6,06:46:00,06:46:01
L18_T010,CAROUGE_GE_ANCIENNE,7,06:47:00,06:47:01
L18_T010,CAROUGE_GE_MARCHE,8,06:49:00,06:49:01
L18_T010,CAROUGE_GE_ARMES,9,06:50:00,06:50:01
L18_T010,GENEVE_BLANCHE,10,06:52:00,06:52:01
L18_T010,GENEVE_AUGUSTINS,11,06:54:00,06:54:01
L18_T010,GENEVE_PONT_D_ARVE,12,06:55:00,06:55:01
L18_T010,GENEVE_PLAINPALAIS,13,06:56:00,06:56:01
L18_T010,GENEVE_PLACE_DE_NEUVE,14,06:58:00,06:58:01
L18_T010,GENEVE_BEL_AIR,15,07:00:00,07:00:01
L18_T010,GENEVE_COUTANCE,16,07:02:00,07:02:01
L18_T010,GENEVE_GARE_CORNAVIN,17,07:04:00,07:04:01
L18_T010,GENEVE_LYON,18,07:06:00,07:06:01
L18_T010,GENEVE_POTERIE,19,07:07:00,07:07:01
L18_T010,GENEVE_SERVETTE,20,07:09:00,07:09:01
L18_T010,GENEVE_VIEUSSEUX,21,07:10:00,07:10:01
L18_T010,VERNIER_BOUCHET,22,07:12:00,07:12:01
L18_T010,VERNIER_BALEXERT,23,07:13:00,07:13:01
L18_T010,VERNIER_AVANCHETS_ETANG,24,07:15:00,07:15:01
L18_T010,VERNIER_BLANDONNET,25,07:16:00,07:16:01
L18_T010,MEYRIN_JARDIN_ALPIN_VIVARIUM,26,07:19:00,07:19:01
L18_T010,MEYRIN_BOIS_DU_LAN,27,07:20:00,07:20:01
L18_T010,MEYRIN_VILLAGE,28,07:22:00,07:22:01
L18_T010,MEYRIN_HOPITAL_DE_LA_TOUR,29,07:23:00,07:23:01
L18_T010,MEYRIN_MAISONNEX,30,07:24:00,07:24:01
L18_T010,MEYRIN_CERN,31,07:25:00,07:25:01
L18_T011,GRAND_LANCY_PALETTES,1,06:58:00,06:58:01
L18_T011,GRAND_LANCY_PONTETS,2,06:59:00,06:59:01
L18_T011,PLAN_LES_OUATES_TREFLE_BLANC,3,07:01:00,07:01:01
L18_T011,LANCY_BACHET_GARE,4,07:03:00,07:03:01
L18_T011,GRAND_LANCY_DE_STAEL,5,07:04:00,07:04:01
L18_T011,CAROUGE_GE_RONDEAU,6,07:06:00,07:06:01
L18_T011,CAROUGE_GE_ANCIENNE,7,07:07:00,07:07:01
L18_T011,CAROUGE_GE_MARCHE,8,07:09:00,07:09:01
L18_T011,CAROUGE_GE_ARMES,9,07:10:00,07:10:01
L18_T011,GENEVE_BLANCHE,10,07:12:00,07:12:01
L18_T011,GENEVE_AUGUSTINS,11,07:14:00,07:14:01
L18_T011,GENEVE_PONT_D_ARVE,12,07:15:00,07:15:01
L18_T011,GENEVE_PLAINPALAIS,13,07:16:00,07:16:01
L18_T011,GENEVE_PLACE_DE_NEUVE,14,07:18:00,07:18:01
L18_T011,GENEVE_BEL_AIR,15,07:20:00,07:20:01
L18_T011,GENEVE_COUTANCE,16,07:22:00,07:22:01
L18_T011,GENEVE_GARE_CORNAVIN,17,07:24:00,07:24:01
L18_T011,GENEVE_LYON,18,07:26:00,07:26:01
L18_T011,GENEVE_POTERIE,19,07:27:00,07:27:01
L18_T011,GENEVE_SERVETTE,20,07:29:00,07:29:01
L18_T011,GENEVE_VIEUSSEUX,21,07:30:00,07:30:01
L18_T011,VERNIER_BOUCHET,22,07:32:00,07:32:01
L18_T011,VERNIER_BALEXERT,23,07:33:00,07:33:01
L18_T011,VERNIER_AVANCHETS_ETANG,24,07:35:00,07:35:01
L18_T011,VERNIER_BLANDONNET,25,07:36:00,07:36:01
L18_T011,MEYRIN_JARDIN_ALPIN_VIVARIUM,26,07:39:00,07:39:01
L18_T011,MEYRIN_BOIS_DU_LAN,27,07:40:00,07:40:01
L18_T011,MEYRIN_VILLAGE,28,07:42:00,07:42:01
L18_T011,MEYRIN_HOPITAL_DE_LA_TOUR,29,07:43:00,07:43:01
L18_T011,MEYRIN_MAISONNEX,30,07:44:00,07:44:01
L18_T011,MEYRIN_CERN,31,07:45:00,07:45:01
L18_T012,GRAND_LANCY_PALETTES,1,08:12:00,08:12:01
L18_T012,GRAND_LANCY_PONTETS,2,08:13:00,08:13:01
L18_T012,PLAN_LES_OUATES_TREFLE_BLANC,3,08:15:00,08:15:01
L18_T012,LANCY_BACHET_GARE,4,08:17:00,08:17:01
L18_T012,GRAND_LANCY_DE_STAEL,5,08:18:00,08:18:01
L18_T012,CAROUGE_GE_RONDEAU,6,08:21:00,08:21:01
L18_T012,CAROUGE_GE_ANCIENNE,7,08:22:00,08:22:01
L18_T012,CAROUGE_GE_MARCHE,8,08:23:00,08:23:01
L18_T012,CAROUGE_GE_ARMES,9,08:25:00,08:25:01
L18_T012,GENEVE_BLANCHE,10,08:27:00,08:27:01
L18_T012,GENEVE_AUGUSTINS,11,08:28:00,08:28:01
L18_T012,GENEVE_PONT_D_ARVE,12,08:30:00,08:30:01
L18_T012,GENEVE_PLAINPALAIS,13,08:31:00,08:31:01
L18_T012,GENEVE_PLACE_DE_NEUVE,14,08:33:00,08:33:01
L18_T012,GENEVE_BEL_AIR,15,08:36:00,08:36:01
L18_T012,GENEVE_COUTANCE,16,08:37:00,08:37:01
L18_T012,GENEVE_GARE_CORNAVIN,17,08:40:00,08:40:01
L18_T012,GENEVE_LYON,18,08:41:00,08:41:01
L18_T012,GENEVE_POTERIE,19,08:43:00,08:43:01
L18_T012,GENEVE_SERVETTE,20,08:45:00,08:45:01
L18_T012,GENEVE_VIEUSSEUX,21,08:46:00,08:46:01
L18_T012,VERNIER_BOUCHET,22,08:48:00,08:48:01
L18_T012,VERNIER_BALEXERT,23,08:50:00,08:50:01
L18_T012,VERNIER_AVANCHETS_ETANG,24,08:51:00,08:51:01
L18_T012,VERNIER_BLANDONNET,25,08:53:00,08:53:01
L18_T012,MEYRIN_JARDIN_ALPIN_VIVARIUM,26,08:55:00,08:55:01
L18_T012,MEYRIN_BOIS_DU_LAN,27,08:56:00,08:56:01
L18_T012,MEYRIN_VILLAGE,28,08:58:00,08:58:01
L18_T012,MEYRIN_HOPITAL_DE_LA_TOUR,29,08:59:00,08:59:01
L18_T012,MEYRIN_MAISONNEX,30,09:00:00,09:00:01
L18_T012,MEYRIN_CERN,31,09:01:00,09:01:01
L18_T013,GRAND_LANCY_PALETTES,1,08:31:00,08:31:01
L18_T013,GRAND_LANCY_PONTETS,2,08:32:00,08:32:01
L18_T013,PLAN_LES_OUATES_TREFLE_BLANC,3,08:34:00,08:34:01
L18_T013,LANCY_BACHET_GARE,4,08:36:00,08:36:01
L18_T013,GRAND_LANCY_DE_STAEL,5,08:37:00,08:37:01
L18_T013,CAROUGE_GE_RONDEAU,6,08:40:00,08:40:01
L18_T013,CAROUGE_GE_ANCIENNE,7,08:41:00,08:41:01
L18_T013,CAROUGE_GE_MARCHE,8,08:42:00,08:42:01
L18_T013,CAROUGE_GE_ARMES,9,08:44:00,08:44:01
L18_T013,GENEVE_BLANCHE,10,08:46:00,08:46:01
L18_T013,GENEVE_AUGUSTINS,11,08:47:00,08:47:01
L18_T013,GENEVE_PONT_D_ARVE,12,08:49:00,08:49:01
L18_T013,GENEVE_PLAINPALAIS,13,08:50:00,08:50:01
L18_T013,GENEVE_PLACE_DE_NEUVE,14,08:52:00,08:52:01
L18_T013,GENEVE_BEL_AIR,15,08:55:00,08:55:01
L18_T013,GENEVE_COUTANCE,16,08:56:00,08:56:01
L18_T013,GENEVE_GARE_CORNAVIN,17,08:59:00,08:59:01
L18_T013,GENEVE_LYON,18,09:00:00,09:00:01
L18_T013,GENEVE_POTERIE,19,09:02:00,09:02:01
L18_T013,GENEVE_SERVETTE,20,09:04:00,09:04:01
L18_T013,GENEVE_VIEUSSEUX,21,09:05:00,09:05:01
L18_T013,VERNIER_BOUCHET,22,09:07:00,09:07:01
L18_T013,VERNIER_BALEXERT,23,09:09:00,09:09:01
L18_T013,VERNIER_AVANCHETS_ETANG,24,09:10:00,09:10:01
L18_T013,VERNIER_BLANDONNET,25,09:12:00,09:12:01
L18_T013,MEYRIN_JARDIN_ALPIN_VIVARIUM,26,09:14:00,09:14:01
L18_T013,MEYRIN_BOIS_DU_LAN,27,09:15:00,09:15:01
L18_T013,MEYRIN_VILLAGE,28,09:17:00,09:17:01
L18_T013,MEYRIN_HOPITAL_DE_LA_TOUR,29,09:18:00,09:18:01
L18_T013,MEYRIN_MAISONNEX,30,09:19:00,09:19:01
L18_T013,MEYRIN_CERN,31,09:20:00,09:20:01
L18_T014,GRAND_LANCY_PALETTES,1,08:50:00,08:50:01
L18_T014,GRAND_LANCY_PONTETS,2,08:51:00,08:51:01
L18_T014,PLAN_LES_OUATES_TREFLE_BLANC,3,08:53:00,08:53:01
L18_T014,LANCY_BACHET_GARE,4,08:55:00,08:55:01
L18_T014,GRAND_LANCY_DE_STAEL,5,08:56:00,08:56:01
L18_T014,CAROUGE_GE_RONDEAU,6,08:59:00,08:59:01
L18_T014,CAROUGE_GE_ANCIENNE,7,09:00:00,09:00:01
L18_T014,CAROUGE_GE_MARCHE,8,09:01:00,09:01:01
L18_T014,CAROUGE_GE_ARMES,9,09:03:00,09:03:01
L18_T014,GENEVE_BLANCHE,10,09:05:00,09:05:01
L18_T014,GENEVE_AUGUSTINS,11,09:06:00,09:06:01
L18_T014,GENEVE_PONT_D_ARVE,12,09:08:00,09:08:01
L18_T014,GENEVE_PLAINPALAIS,13,09:09:00,09:09:01
L18_T014,GENEVE_PLACE_DE_NEUVE,14,09:11:00,09:11:01
L18_T014,GENEVE_BEL_AIR,15,09:14:00,09:14:01
L18_T014,GENEVE_COUTANCE,16,09:15:00,09:15:01
L18_T014,GENEVE_GARE_CORNAVIN,17,09:18:00,09:18:01
L18_T014,GENEVE_LYON,18,09:19:00,09:19:01
L18_T014,GENEVE_POTERIE,19,09:21:00,09:21:01
L18_T014,GENEVE_SERVETTE,20,09:23:00,09:23:01
L18_T014,GENEVE_VIEUSSEUX,21,09:24:00,09:24:01
L18_T014,VERNIER_BOUCHET,22,09:26:00,09:26:01
L18_T014,VERNIER_BALEXERT,23,09:28:00,09:28:01
L18_T014,VERNIER_AVANCHETS_ETANG,24,09:29:00,09:29:01
L18_T014,VERNIER_BLANDONNET,25,09:31:00,09:31:01
L18_T014,MEYRIN_JARDIN_ALPIN_VIVARIUM,26,09:33:00,09:33:01
L18_T014,MEYRIN_BOIS_DU_LAN,27,09:34:00,09:34:01
L18_T014,MEYRIN_VILLAGE,28,09:36:00,09:36:01
L18_T014,MEYRIN_HOPITAL_DE_LA_TOUR,29,09:37:00,09:37:01
L18_T014,MEYRIN_MAISONNEX,30,09:38:00,09:38:01
L18_T014,MEYRIN_CERN,31,09:39:00,09:39:01
L18_T015,GRAND_LANCY_PALETTES,1,07:35:00,07:35:01
L18_T015,GRAND_LANCY_PONTETS,2,07:36:00,07:36:01
L18_T015,PLAN_LES_OUATES_TREFLE_BLANC,3,07:38:00,07:38:01
L18_T015,LANCY_BACHET_GARE,4,07:40:00,07:40:01
L18_T015,GRAND_LANCY_DE_STAEL,5,07:41:00,07:41:01
L18_T015,CAROUGE_GE_RONDEAU,6,07:44:00,07:44:01
L18_T015,CAROUGE_GE_ANCIENNE,7,07:45:00,07:45:01
L18_T015,CAROUGE_GE_MARCHE,8,07:46:00,07:46:01
L18_T015,CAROUGE_GE_ARMES,9,07:48:00,07:48:01
L18_T015,GENEVE_BLANCHE,10,07:50:00,07:50:01
L18_T015,GENEVE_AUGUSTINS,11,07:51:00,07:51:01
L18_T015,GENEVE_PONT_D_ARVE,12,07:53:00,07:53:01
L18_T015,GENEVE_PLAINPALAIS,13,07:54:00,07:54:01
L18_T015,GENEVE_PLACE_DE_NEUVE,14,07:56:00,07:56:01
L18_T015,GENEVE_BEL_AIR,15,07:59:00,07:59:01
L18_T015,GENEVE_COUTANCE,16,08:00:00,08:00:01
L18_T015,GENEVE_GARE_CORNAVIN,17,08:03:00,08:03:01
L18_T015,GENEVE_LYON,18,08:05:00,08:05:01
L18_T015,GENEVE_POTERIE,19,08:07:00,08:07:01
L18_T015,GENEVE_SERVETTE,20,08:08:00,08:08:01
L18_T015,GENEVE_VIEUSSEUX,21,08:10:00,08:10:01
L18_T015,VERNIER_BOUCHET,22,08:12:00,08:12:01
L18_T015,VERNIER_BALEXERT,23,08:13:00,08:13:01
L18_T015,VERNIER_AVANCHETS_ETANG,24,08:15:00,08:15:01
L18_T015,VERNIER_BLANDONNET,25,08:16:00,08:16:01
L18_T015,MEYRIN_JARDIN_ALPIN_VIVARIUM,26,08:19:00,08:19:01
L18_T015,MEYRIN_BOIS_DU_LAN,27,08:20:00,08:20:01
L18_T015,MEYRIN_VILLAGE,28,08:22:00,08:22:01
L18_T015,MEYRIN_HOPITAL_DE_LA_TOUR,29,08:23:00,08:23:01
L18_T015,MEYRIN_MAISONNEX,30,08:24:00,08:24:01
L18_T015,MEYRIN_CERN,31,08:25:00,08:25:01
L18_T016,GRAND_LANCY_PALETTES,1,07:16:00,07:16:01
L18_T016,GRAND_LANCY_PONTETS,2,07:18:00,07:18:01
L18_T016,PLAN_LES_OUATES_TREFLE_BLANC,3,07:19:00,07:19:01
L18_T016,LANCY_BACHET_GARE,4,07:21:00,07:21:01
L18_T016,GRAND_LANCY_DE_STAEL,5,07:23:00,07:23:01
L18_T016,CAROUGE_GE_RONDEAU,6,07:25:00,07:25:01
L18_T016,CAROUGE_GE_ANCIENNE,7,07:26:00,07:26:01
L18_T016,CAROUGE_GE_MARCHE,8,07:27:00,07:27:01
L18_T016,CAROUGE_GE_ARMES,9,07:29:00,07:29:01
L18_T016,GENEVE_BLANCHE,10,07:31:00,07:31:01
L18_T016,GENEVE_AUGUSTINS,11,07:33:00,07:33:01
L18_T016,GENEVE_PONT_D_ARVE,12,07:34:00,07:34:01
L18_T016,GENEVE_PLAINPALAIS,13,07:36:00,07:36:01
L18_T016,GENEVE_PLACE_DE_NEUVE,14,07:37:00,07:37:01
L18_T016,GENEVE_BEL_AIR,15,07:40:00,07:40:01
L18_T016,GENEVE_COUTANCE,16,07:41:00,07:41:01
L18_T016,GENEVE_GARE_CORNAVIN,17,07:44:00,07:44:01
L18_T016,GENEVE_LYON,18,07:46:00,07:46:01
L18_T016,GENEVE_POTERIE,19,07:47:00,07:47:01
L18_T016,GENEVE_SERVETTE,20,07:49:00,07:49:01
L18_T016,GENEVE_VIEUSSEUX,21,07:50:00,07:50:01
L18_T016,VERNIER_BOUCHET,22,07:52:00,07:52:01
L18_T016,VERNIER_BALEXERT,23,07:54:00,07:54:01
L18_T016,VERNIER_AVANCHETS_ETANG,24,07:55:00,07:55:01
L18_T016,VERNIER_BLANDONNET,25,07:57:00,07:57:01
L18_T016,MEYRIN_JARDIN_ALPIN_VIVARIUM,26,08:00:00,08:00:01
L18_T016,MEYRIN_BOIS_DU_LAN,27,08:01:00,08:01:01
L18_T016,MEYRIN_VILLAGE,28,08:02:00,08:02:01
L18_T016,MEYRIN_HOPITAL_DE_LA_TOUR,29,08:04:00,08:04:01
L18_T016,MEYRIN_MAISONNEX,30,08:05:00,08:05:01
L18_T016,MEYRIN_CERN,31,08:06:00,08:06:01
L18_T017,GRAND_LANCY_PALETTES,1,07:53:00,07:53:01
L18_T017,GRAND_LANCY_PONTETS,2,07:55:00,07:55:01
L18_T017,PLAN_LES_OUATES_TREFLE_BLANC,3,07:56:00,07:56:01
L18_T017,LANCY_BACHET_GARE,4,07:58:00,07:58:01
L18_T017,GRAND_LANCY_DE_STAEL,5,08:00:00,08:00:01
L18_T017,CAROUGE_GE_RONDEAU,6,08:02:00,08:02:01
L18_T017,CAROUGE_GE_ANCIENNE,7,08:03:00,08:03:01
L18_T017,CAROUGE_GE_MARCHE,8,08:05:00,08:05:01
L18_T017,CAROUGE_GE_ARMES,9,08:07:00,08:07:01
L18_T017,GENEVE_BLANCHE,10,08:08:00,08:08:01
L18_T017,GENEVE_AUGUSTINS,11,08:10:00,08:10:01
L18_T017,GENEVE_PONT_D_ARVE,12,08:11:00,08:11:01
L18_T017,GENEVE_PLAINPALAIS,13,08:13:00,08:13:01
L18_T017,GENEVE_PLACE_DE_NEUVE,14,08:15:00,08:15:01
L18_T017,GENEVE_BEL_AIR,15,08:17:00,08:17:01
L18_T017,GENEVE_COUTANCE,16,08:19:00,08:19:01
L18_T017,GENEVE_GARE_CORNAVIN,17,08:22:00,08:22:01
L18_T017,GENEVE_LYON,18,08:23:00,08:23:01
L18_T017,GENEVE_POTERIE,19,08:25:00,08:25:01
L18_T017,GENEVE_SERVETTE,20,08:27:00,08:27:01
L18_T017,GENEVE_VIEUSSEUX,21,08:28:00,08:28:01
L18_T017,VERNIER_BOUCHET,22,08:30:00,08:30:01
L18_T017,VERNIER_BALEXERT,23,08:32:00,08:32:01
L18_T017,VERNIER_AVANCHETS_ETANG,24,08:33:00,08:33:01
L18_T017,VERNIER_BLANDONNET,25,08:35:00,08:35:01
L18_T017,MEYRIN_JARDIN_ALPIN_VIVARIUM,26,08:37:00,08:37:01
L18_T017,MEYRIN_BOIS_DU_LAN,27,08:38:00,08:38:01
L18_T017,MEYRIN_VILLAGE,28,08:40:00,08:40:01
L18_T017,MEYRIN_HOPITAL_DE_LA_TOUR,29,08:42:00,08:42:01
L18_T017,MEYRIN_MAISONNEX,30,08:43:00,08:43:01
L18_T017,MEYRIN_CERN,31,08:44:00,08:44:01
L18_T018,LANCY_BACHET_GARE,1,07:29:00,07:29:01
L18_T018,PLAN_LES_OUATES_TREFLE_BLANC,2,07:30:00,07:30:01
L18_T018,GRAND_LANCY_PONTETS,3,07:31:00,07:31:01
L18_T018,GRAND_LANCY_PALETTES,4,07:33:00,07:33:01
L18_T019,MEYRIN_CERN,1,06:29:00,06:29:01
L18_T019,MEYRIN_MAISONNEX,2,06:29:02,06:29:03
L18_T019,MEYRIN_HOPITAL_DE_LA_TOUR,3,06:31:00,06:31:01
L18_T019,MEYRIN_VILLAGE,4,06:33:00,06:33:01
L18_T019,MEYRIN_BOIS_DU_LAN,5,06:34:00,06:34:01
L18_T019,MEYRIN_JARDIN_ALPIN_VIVARIUM,6,06:35:00,06:35:01
L18_T019,VERNIER_BLANDONNET,7,06:38:00,06:38:01
L18_T019,VERNIER_AVANCHETS_ETANG,8,06:40:00,06:40:01
L18_T019,VERNIER_BALEXERT,9,06:41:00,06:41:01
L18_T019,VERNIER_BOUCHET,10,06:43:00,06:43:01
L18_T019,GENEVE_VIEUSSEUX,11,06:45:00,06:45:01
L18_T019,GENEVE_SERVETTE,12,06:46:00,06:46:01
L18_T019,GENEVE_POTERIE,13,06:48:00,06:48:01
L18_T019,GENEVE_LYON,14,06:50:00,06:50:01
L18_T019,GENEVE_GARE_CORNAVIN,15,06:51:00,06:51:01
L18_T019,GENEVE_COUTANCE,16,06:54:00,06:54:01
L18_T019,GENEVE_BEL_AIR,17,06:56:00,06:56:01
L18_T019,GENEVE_PLACE_DE_NEUVE,18,06:58:00,06:58:01
L18_T019,GENEVE_PLAINPALAIS,19,07:00:00,07:00:01
L18_T019,GENEVE_PONT_D_ARVE,20,07:01:00,07:01:01
L18_T019,GENEVE_AUGUSTINS,21,07:02:00,07:02:01
L18_T019,GENEVE_BLANCHE,22,07:04:00,07:04:01
L18_T019,CAROUGE_GE_ARMES,23,07:05:00,07:05:01
L18_T019,CAROUGE_GE_MARCHE,24,07:06:00,07:06:01
L18_T019,CAROUGE_GE_ANCIENNE,25,07:08:00,07:08:01
L18_T019,CAROUGE_GE_RONDEAU,26,07:09:00,07:09:01
L18_T019,GRAND_LANCY_DE_STAEL,27,07:12:00,07:12:01
L18_T019,LANCY_BACHET_GARE,28,07:13:00,07:13:01
L18_T019,PLAN_LES_OUATES_TREFLE_BLANC,29,07:14:00,07:14:01
L18_T019,GRAND_LANCY_PONTETS,30,07:16:00,07:16:01
L18_T019,GRAND_LANCY_PALETTES,31,07:18:00,07:18:01
L18_T020,MEYRIN_CERN,1,07:00:00,07:00:01
L18_T020,MEYRIN_MAISONNEX,2,07:01:00,07:01:01
L18_T020,MEYRIN_HOPITAL_DE_LA_TOUR,3,07:02:00,07:02:01
L18_T020,MEYRIN_VILLAGE,4,07:04:00,07:04:01
L18_T020,MEYRIN_BOIS_DU_LAN,5,07:05:00,07:05:01
L18_T020,MEYRIN_JARDIN_ALPIN_VIVARIUM,6,07:07:00,07:07:01
L18_T020,VERNIER_BLANDONNET,7,07:09:00,07:09:01
L18_T020,VERNIER_AVANCHETS_ETANG,8,07:11:00,07:11:01
L18_T020,VERNIER_BALEXERT,9,07:12:00,07:12:01
L18_T020,VERNIER_BOUCHET,10,07:14:00,07:14:01
L18_T020,GENEVE_VIEUSSEUX,11,07:16:00,07:16:01
L18_T020,GENEVE_SERVETTE,12,07:18:00,07:18:01
L18_T020,GENEVE_POTERIE,13,07:19:00,07:19:01
L18_T020,GENEVE_LYON,14,07:21:00,07:21:01
L18_T020,GENEVE_GARE_CORNAVIN,15,07:23:00,07:23:01
L18_T020,GENEVE_COUTANCE,16,07:25:00,07:25:01
L18_T020,GENEVE_BEL_AIR,17,07:27:00,07:27:01
L18_T020,GENEVE_PLACE_DE_NEUVE,18,07:29:00,07:29:01
L18_T020,GENEVE_PLAINPALAIS,19,07:31:00,07:31:01
L18_T020,GENEVE_PONT_D_ARVE,20,07:32:00,07:32:01
L18_T020,GENEVE_AUGUSTINS,21,07:34:00,07:34:01
L18_T020,GENEVE_BLANCHE,22,07:35:00,07:35:01
L18_T020,CAROUGE_GE_ARMES,23,07:37:00,07:37:01
L18_T020,CAROUGE_GE_MARCHE,24,07:38:00,07:38:01
L18_T020,CAROUGE_GE_ANCIENNE,25,07:40:00,07:40:01
L18_T020,CAROUGE_GE_RONDEAU,26,07:41:00,07:41:01
L18_T020,GRAND_LANCY_DE_STAEL,27,07:43:00,07:43:01
L18_T020,LANCY_BACHET_GARE,28,07:45:00,07:45:01
L18_T020,PLAN_LES_OUATES_TREFLE_BLANC,29,07:46:00,07:46:01
L18_T020,GRAND_LANCY_PONTETS,30,07:48:00,07:48:01
L18_T020,GRAND_LANCY_PALETTES,31,07:50:00,07:50:01
L18_T021,MEYRIN_CERN,1,08:16:00,08:16:01
L18_T021,MEYRIN_MAISONNEX,2,08:17:00,08:17:01
L18_T021,MEYRIN_HOPITAL_DE_LA_TOUR,3,08:18:00,08:18:01
L18_T021,MEYRIN_VILLAGE,4,08:20:00,08:20:01
L18_T021,MEYRIN_BOIS_DU_LAN,5,08:21:00,08:21:01
L18_T021,MEYRIN_JARDIN_ALPIN_VIVARIUM,6,08:23:00,08:23:01
L18_T021,VERNIER_BLANDONNET,7,08:26:00,08:26:01
L18_T021,VERNIER_AVANCHETS_ETANG,8,08:28:00,08:28:01
L18_T021,VERNIER_BALEXERT,9,08:29:00,08:29:01
L18_T021,VERNIER_BOUCHET,10,08:31:00,08:31:01
L18_T021,GENEVE_VIEUSSEUX,11,08:33:00,08:33:01
L18_T021,GENEVE_SERVETTE,12,08:35:00,08:35:01
L18_T021,GENEVE_POTERIE,13,08:36:00,08:36:01
L18_T021,GENEVE_LYON,14,08:38:00,08:38:01
L18_T021,GENEVE_GARE_CORNAVIN,15,08:40:00,08:40:01
L18_T021,GENEVE_COUTANCE,16,08:42:00,08:42:01
L18_T021,GENEVE_BEL_AIR,17,08:44:00,08:44:01
L18_T021,GENEVE_PLACE_DE_NEUVE,18,08:46:00,08:46:01
L18_T021,GENEVE_PLAINPALAIS,19,08:48:00,08:48:01
L18_T021,GENEVE_PONT_D_ARVE,20,08:49:00,08:49:01
L18_T021,GENEVE_AUGUSTINS,21,08:51:00,08:51:01
L18_T021,GENEVE_BLANCHE,22,08:52:00,08:52:01
L18_T021,CAROUGE_GE_ARMES,23,08:54:00,08:54:01
L18_T021,CAROUGE_GE_MARCHE,24,08:55:00,08:55:01
L18_T021,CAROUGE_GE_ANCIENNE,25,08:57:00,08:57:01
L18_T021,CAROUGE_GE_RONDEAU,26,08:58:00,08:58:01
L18_T021,GRAND_LANCY_DE_STAEL,27,09:00:00,09:00:01
L18_T021,LANCY_BACHET_GARE,28,09:02:00,09:02:01
L18_T021,PLAN_LES_OUATES_TREFLE_BLANC,29,09:03:00,09:03:01
L18_T021,GRAND_LANCY_PONTETS,30,09:05:00,09:05:01
L18_T021,GRAND_LANCY_PALETTES,31,09:07:00,09:07:01
L18_T022,MEYRIN_CERN,1,07:18:00,07:18:01
L18_T022,MEYRIN_MAISONNEX,2,07:19:00,07:19:01
L18_T022,MEYRIN_HOPITAL_DE_LA_TOUR,3,07:21:00,07:21:01
L18_T022,MEYRIN_VILLAGE,4,07:22:00,07:22:01
L18_T022,MEYRIN_BOIS_DU_LAN,5,07:24:00,07:24:01
L18_T022,MEYRIN_JARDIN_ALPIN_VIVARIUM,6,07:25:00,07:25:01
L18_T022,VERNIER_BLANDONNET,7,07:28:00,07:28:01
L18_T022,VERNIER_AVANCHETS_ETANG,8,07:29:00,07:29:01
L18_T022,VERNIER_BALEXERT,9,07:30:00,07:30:01
L18_T022,VERNIER_BOUCHET,10,07:32:00,07:32:01
L18_T022,GENEVE_VIEUSSEUX,11,07:34:00,07:34:01
L18_T022,GENEVE_SERVETTE,12,07:36:00,07:36:01
L18_T022,GENEVE_POTERIE,13,07:37:00,07:37:01
L18_T022,GENEVE_LYON,14,07:40:00,07:40:01
L18_T022,GENEVE_GARE_CORNAVIN,15,07:41:00,07:41:01
L18_T022,GENEVE_COUTANCE,16,07:44:00,07:44:01
L18_T022,GENEVE_BEL_AIR,17,07:46:00,07:46:01
L18_T022,GENEVE_PLACE_DE_NEUVE,18,07:48:00,07:48:01
L18_T022,GENEVE_PLAINPALAIS,19,07:50:00,07:50:01
L18_T022,GENEVE_PONT_D_ARVE,20,07:51:00,07:51:01
L18_T022,GENEVE_AUGUSTINS,21,07:53:00,07:53:01
L18_T022,GENEVE_BLANCHE,22,07:54:00,07:54:01
L18_T022,CAROUGE_GE_ARMES,23,07:56:00,07:56:01
L18_T022,CAROUGE_GE_MARCHE,24,07:57:00,07:57:01
L18_T022,CAROUGE_GE_ANCIENNE,25,07:59:00,07:59:01
L18_T022,CAROUGE_GE_RONDEAU,26,08:00:00,08:00:01
L18_T022,GRAND_LANCY_DE_STAEL,27,08:02:00,08:02:01
L18_T022,LANCY_BACHET_GARE,28,08:04:00,08:04:01
L18_T022,PLAN_LES_OUATES_TREFLE_BLANC,29,08:05:00,08:05:01
L18_T022,GRAND_LANCY_PONTETS,30,08:07:00,08:07:01
L18_T022,GRAND_LANCY_PALETTES,31,08:09:00,08:09:01
L18_T023,MEYRIN_CERN,1,07:37:00,07:37:01
L18_T023,MEYRIN_MAISONNEX,2,07:38:00,07:38:01
L18_T023,MEYRIN_HOPITAL_DE_LA_TOUR,3,07:40:00,07:40:01
L18_T023,MEYRIN_VILLAGE,4,07:41:00,07:41:01
L18_T023,MEYRIN_BOIS_DU_LAN,5,07:43:00,07:43:01
L18_T023,MEYRIN_JARDIN_ALPIN_VIVARIUM,6,07:44:00,07:44:01
L18_T023,VERNIER_BLANDONNET,7,07:47:00,07:47:01
L18_T023,VERNIER_AVANCHETS_ETANG,8,07:49:00,07:49:01
L18_T023,VERNIER_BALEXERT,9,07:50:00,07:50:01
L18_T023,VERNIER_BOUCHET,10,07:52:00,07:52:01
L18_T023,GENEVE_VIEUSSEUX,11,07:54:00,07:54:01
L18_T023,GENEVE_SERVETTE,12,07:56:00,07:56:01
L18_T023,GENEVE_POTERIE,13,07:57:00,07:57:01
L18_T023,GENEVE_LYON,14,08:00:00,08:00:01
L18_T023,GENEVE_GARE_CORNAVIN,15,08:01:00,08:01:01
L18_T023,GENEVE_COUTANCE,16,08:04:00,08:04:01
L18_T023,GENEVE_BEL_AIR,17,08:06:00,08:06:01
L18_T023,GENEVE_PLACE_DE_NEUVE,18,08:08:00,08:08:01
L18_T023,GENEVE_PLAINPALAIS,19,08:10:00,08:10:01
L18_T023,GENEVE_PONT_D_ARVE,20,08:11:00,08:11:01
L18_T023,GENEVE_AUGUSTINS,21,08:13:00,08:13:01
L18_T023,GENEVE_BLANCHE,22,08:14:00,08:14:01
L18_T023,CAROUGE_GE_ARMES,23,08:16:00,08:16:01
L18_T023,CAROUGE_GE_MARCHE,24,08:17:00,08:17:01
L18_T023,CAROUGE_GE_ANCIENNE,25,08:19:00,08:19:01
L18_T023,CAROUGE_GE_RONDEAU,26,08:20:00,08:20:01
L18_T023,GRAND_LANCY_DE_STAEL,27,08:22:00,08:22:01
L18_T023,LANCY_BACHET_GARE,28,08:24:00,08:24:01
L18_T023,PLAN_LES_OUATES_TREFLE_BLANC,29,08:25:00,08:25:01
L18_T023,GRAND_LANCY_PONTETS,30,08:27:00,08:27:01
L18_T023,GRAND_LANCY_PALETTES,31,08:29:00,08:29:01
L18_T024,MEYRIN_CERN,1,08:34:00,08:34:01
L18_T024,MEYRIN_MAISONNEX,2,08:35:00,08:35:01
L18_T024,MEYRIN_HOPITAL_DE_LA_TOUR,3,08:37:00,08:37:01
L18_T024,MEYRIN_VILLAGE,4,08:39:00,08:39:01
L18_T024,MEYRIN_BOIS_DU_LAN,5,08:40:00,08:40:01
L18_T024,MEYRIN_JARDIN_ALPIN_VIVARIUM,6,08:42:00,08:42:01
L18_T024,VERNIER_BLANDONNET,7,08:44:00,08:44:01
L18_T024,VERNIER_AVANCHETS_ETANG,8,08:46:00,08:46:01
L18_T024,VERNIER_BALEXERT,9,08:47:00,08:47:01
L18_T024,VERNIER_BOUCHET,10,08:49:00,08:49:01
L18_T024,GENEVE_VIEUSSEUX,11,08:51:00,08:51:01
L18_T024,GENEVE_SERVETTE,12,08:53:00,08:53:01
L18_T024,GENEVE_POTERIE,13,08:54:00,08:54:01
L18_T024,GENEVE_LYON,14,08:56:00,08:56:01
L18_T024,GENEVE_GARE_CORNAVIN,15,08:58:00,08:58:01
L18_T024,GENEVE_COUTANCE,16,09:00:00,09:00:01
L18_T024,GENEVE_BEL_AIR,17,09:02:00,09:02:01
L18_T024,GENEVE_PLACE_DE_NEUVE,18,09:04:00,09:04:01
L18_T024,GENEVE_PLAINPALAIS,19,09:06:00,09:06:01
L18_T024,GENEVE_PONT_D_ARVE,20,09:08:00,09:08:01
L18_T024,GENEVE_AUGUSTINS,21,09:09:00,09:09:01
L18_T024,GENEVE_BLANCHE,22,09:10:00,09:10:01
L18_T024,CAROUGE_GE_ARMES,23,09:12:00,09:12:01
L18_T024,CAROUGE_GE_MARCHE,24,09:13:00,09:13:01
L18_T024,CAROUGE_GE_ANCIENNE,25,09:15:00,09:15:01
L18_T024,CAROUGE_GE_RONDEAU,26,09:16:00,09:16:01
L18_T024,GRAND_LANCY_DE_STAEL,27,09:19:00,09:19:01
L18_T024,LANCY_BACHET_GARE,28,09:20:00,09:20:01
L18_T024,PLAN_LES_OUATES_TREFLE_BLANC,29,09:22:00,09:22:01
L18_T024,GRAND_LANCY_PONTETS,30,09:23:00,09:23:01
L18_T024,GRAND_LANCY_PALETTES,31,09:25:00,09:25:01
L18_T025,MEYRIN_CERN,1,08:52:00,08:52:01
L18_T025,MEYRIN_MAISONNEX,2,08:53:00,08:53:01
L18_T025,MEYRIN_HOPITAL_DE_LA_TOUR,3,08:55:00,08:55:01
L18_T025,MEYRIN_VILLAGE,4,08:57:00,08:57:01
L18_T025,MEYRIN_BOIS_DU_LAN,5,08:58:00,08:58:01
L18_T025,MEYRIN_JARDIN_ALPIN_VIVARIUM,6,09:00:00,09:00:01
L18_T025,VERNIER_BLANDONNET,7,09:02:00,09:02:01
L18_T025,VERNIER_AVANCHETS_ETANG,8,09:04:00,09:04:01
L18_T025,VERNIER_BALEXERT,9,09:05:00,09:05:01
L18_T025,VERNIER_BOUCHET,10,09:07:00,09:07:01
L18_T025,GENEVE_VIEUSSEUX,11,09:09:00,09:09:01
L18_T025,GENEVE_SERVETTE,12,09:11:00,09:11:01
L18_T025,GENEVE_POTERIE,13,09:12:00,09:12:01
L18_T025,GENEVE_LYON,14,09:14:00,09:14:01
L18_T025,GENEVE_GARE_CORNAVIN,15,09:16:00,09:16:01
L18_T025,GENEVE_COUTANCE,16,09:18:00,09:18:01
L18_T025,GENEVE_BEL_AIR,17,09:20:00,09:20:01
L18_T025,GENEVE_PLACE_DE_NEUVE,18,09:22:00,09:22:01
L18_T025,GENEVE_PLAINPALAIS,19,09:24:00,09:24:01
L18_T025,GENEVE_PONT_D_ARVE,20,09:26:00,09:26:01
L18_T025,GENEVE_AUGUSTINS,21,09:27:00,09:27:01
L18_T025,GENEVE_BLANCHE,22,09:28:00,09:28:01
L18_T025,CAROUGE_GE_ARMES,23,09:30:00,09:30:01
L18_T025,CAROUGE_GE_MARCHE,24,09:31:00,09:31:01
L18_T025,CAROUGE_GE_ANCIENNE,25,09:33:00,09:33:01
L18_T025,CAROUGE_GE_RONDEAU,26,09:34:00,09:34:01
L18_T025,GRAND_LANCY_DE_STAEL,27,09:37:00,09:37:01
L18_T025,LANCY_BACHET_GARE,28,09:38:00,09:38:01
L18_T025,PLAN_LES_OUATES_TREFLE_BLANC,29,09:40:00,09:40:01
L18_T025,GRAND_LANCY_PONTETS,30,09:41:00,09:41:01
L18_T025,GRAND_LANCY_PALETTES,31,09:43:00,09:43:01
L18_T026,MEYRIN_CERN,1,07:56:00,07:56:01
L18_T026,MEYRIN_MAISONNEX,2,07:57:00,07:57:01
L18_T026,MEYRIN_HOPITAL_DE_LA_TOUR,3,07:59:00,07:59:01
L18_T026,MEYRIN_VILLAGE,4,08:01:00,08:01:01
L18_T026,MEYRIN_BOIS_DU_LAN,5,08:02:00,08:02:01
L18_T026,MEYRIN_JARDIN_ALPIN_VIVARIUM,6,08:04:00,08:04:01
L18_T026,VERNIER_BLANDONNET,7,08:06:00,08:06:01
L18_T026,VERNIER_AVANCHETS_ETANG,8,08:08:00,08:08:01
L18_T026,VERNIER_BALEXERT,9,08:10:00,08:10:01
L18_T026,VERNIER_BOUCHET,10,08:12:00,08:12:01
L18_T026,GENEVE_VIEUSSEUX,11,08:14:00,08:14:01
L18_T026,GENEVE_SERVETTE,12,08:15:00,08:15:01
L18_T026,GENEVE_POTERIE,13,08:17:00,08:17:01
L18_T026,GENEVE_LYON,14,08:19:00,08:19:01
L18_T026,GENEVE_GARE_CORNAVIN,15,08:21:00,08:21:01
L18_T026,GENEVE_COUTANCE,16,08:23:00,08:23:01
L18_T026,GENEVE_BEL_AIR,17,08:25:00,08:25:01
L18_T026,GENEVE_PLACE_DE_NEUVE,18,08:27:00,08:27:01
L18_T026,GENEVE_PLAINPALAIS,19,08:29:00,08:29:01
L18_T026,GENEVE_PONT_D_ARVE,20,08:31:00,08:31:01
L18_T026,GENEVE_AUGUSTINS,21,08:32:00,08:32:01
L18_T026,GENEVE_BLANCHE,22,08:33:00,08:33:01
L18_T026,CAROUGE_GE_ARMES,23,08:35:00,08:35:01
L18_T026,CAROUGE_GE_MARCHE,24,08:36:00,08:36:01
L18_T026,CAROUGE_GE_ANCIENNE,25,08:38:00,08:38:01
L18_T026,CAROUGE_GE_RONDEAU,26,08:39:00,08:39:01
L18_T026,GRAND_LANCY_DE_STAEL,27,08:42:00,08:42:01
L18_T026,LANCY_BACHET_GARE,28,08:43:00,08:43:01
L18_T026,PLAN_LES_OUATES_TREFLE_BLANC,29,08:45:00,08:45:01
L18_T026,GRAND_LANCY_PONTETS,30,08:46:00,08:46:01
L18_T026,GRAND_LANCY_PALETTES,31,08:48:00,08:48:01
L18_T027,MEYRIN_CERN,1,06:16:00,06:16:01
L18_T027,MEYRIN_MAISONNEX,2,06:16:02,06:16:03
L18_T027,MEYRIN_HOPITAL_DE_LA_TOUR,3,06:18:00,06:18:01
L18_T027,MEYRIN_VILLAGE,4,06:20:00,06:20:01
L18_T027,MEYRIN_BOIS_DU_LAN,5,06:21:00,06:21:01
L18_T027,MEYRIN_JARDIN_ALPIN_VIVARIUM,6,06:22:00,06:22:01
L18_T027,VERNIER_BLANDONNET,7,06:25:00,06:25:01
L18_T027,VERNIER_AVANCHETS_ETANG,8,06:27:00,06:27:01
L18_T027,VERNIER_BALEXERT,9,06:28:00,06:28:01
L18_T027,VERNIER_BOUCHET,10,06:30:00,06:30:01
L18_T027,GENEVE_VIEUSSEUX,11,06:32:00,06:32:01
L18_T027,GENEVE_SERVETTE,12,06:33:00,06:33:01
L18_T027,GENEVE_POTERIE,13,06:35:00,06:35:01
L18_T027,GENEVE_LYON,14,06:36:00,06:36:01
L18_T027,GENEVE_GARE_CORNAVIN,15,06:38:00,06:38:01
L18_T027,GENEVE_COUTANCE,16,06:41:00,06:41:01
L18_T027,GENEVE_BEL_AIR,17,06:42:00,06:42:01
L18_T027,GENEVE_PLACE_DE_NEUVE,18,06:44:00,06:44:01
L18_T027,GENEVE_PLAINPALAIS,19,06:46:00,06:46:01
L18_T027,GENEVE_PONT_D_ARVE,20,06:47:00,06:47:01
L18_T027,GENEVE_AUGUSTINS,21,06:49:00,06:49:01
L18_T027,GENEVE_BLANCHE,22,06:50:00,06:50:01
L18_T027,CAROUGE_GE_ARMES,23,06:51:00,06:51:01
L18_T027,CAROUGE_GE_MARCHE,24,06:52:00,06:52:01
L18_T027,CAROUGE_GE_ANCIENNE,25,06:54:00,06:54:01
L18_T027,CAROUGE_GE_RONDEAU,26,06:55:00,06:55:01
L18_T027,GRAND_LANCY_DE_STAEL,27,06:58:00,06:58:01
L18_T027,LANCY_BACHET_GARE,28,06:59:00,06:59:01
L18_T027,PLAN_LES_OUATES_TREFLE_BLANC,29,07:00:00,07:00:01
L18_T027,GRAND_LANCY_PONTETS,30,07:02:00,07:02:01
L18_T027,GRAND_LANCY_PALETTES,31,07:04:00,07:04:01
L18_T028,MEYRIN_CERN,1,07:47:00,07:47:01
L18_T028,MEYRIN_MAISONNEX,2,07:48:00,07:48:01
L18_T028,MEYRIN_HOPITAL_DE_LA_TOUR,3,07:49:00,07:49:01
L18_T028,MEYRIN_VILLAGE,4,07:51:00,07:51:01
L18_T028,MEYRIN_BOIS_DU_LAN,5,07:52:00,07:52:01
L18_T028,MEYRIN_JARDIN_ALPIN_VIVARIUM,6,07:54:00,07:54:01
L18_T028,VERNIER_BLANDONNET,7,07:57:00,07:57:01
L18_T028,VERNIER_AVANCHETS_ETANG,8,07:59:00,07:59:01
L18_T028,VERNIER_BALEXERT,9,08:00:00,08:00:01
L18_T028,VERNIER_BOUCHET,10,08:02:00,08:02:01
L18_T028,GENEVE_VIEUSSEUX,11,08:04:00,08:04:01
L18_T028,GENEVE_SERVETTE,12,08:06:00,08:06:01
L18_T028,GENEVE_POTERIE,13,08:07:00,08:07:01
L18_T028,GENEVE_LYON,14,08:09:00,08:09:01
L18_T028,GENEVE_GARE_CORNAVIN,15,08:11:00,08:11:01
L18_T028,GENEVE_COUTANCE,16,08:14:00,08:14:01
L18_T028,GENEVE_BEL_AIR,17,08:15:00,08:15:01
L18_T028,GENEVE_PLACE_DE_NEUVE,18,08:18:00,08:18:01
L18_T028,GENEVE_PLAINPALAIS,19,08:20:00,08:20:01
L18_T028,GENEVE_PONT_D_ARVE,20,08:21:00,08:21:01
L18_T028,GENEVE_AUGUSTINS,21,08:22:00,08:22:01
L18_T028,GENEVE_BLANCHE,22,08:24:00,08:24:01
L18_T028,CAROUGE_GE_ARMES,23,08:25:00,08:25:01
L18_T028,CAROUGE_GE_MARCHE,24,08:27:00,08:27:01
L18_T028,CAROUGE_GE_ANCIENNE,25,08:28:00,08:28:01
L18_T028,CAROUGE_GE_RONDEAU,26,08:30:00,08:30:01
L18_T028,GRAND_LANCY_DE_STAEL,27,08:32:00,08:32:01
L18_T028,LANCY_BACHET_GARE,28,08:33:00,08:33:01
L18_T028,PLAN_LES_OUATES_TREFLE_BLANC,29,08:35:00,08:35:01
L18_T028,GRAND_LANCY_PONTETS,30,08:36:00,08:36:01
L18_T028,GRAND_LANCY_PALETTES,31,08:38:00,08:38:01
L18_T029,MEYRIN_CERN,1,06:38:00,06:38:01
L18_T029,MEYRIN_MAISONNEX,2,06:39:00,06:39:01
L18_T029,MEYRIN_HOPITAL_DE_LA_TOUR,3,06:41:00,06:41:01
L18_T029,MEYRIN_VILLAGE,4,06:42:00,06:42:01
L18_T029,MEYRIN_BOIS_DU_LAN,5,06:44:00,06:44:01
L18_T029,MEYRIN_JARDIN_ALPIN_VIVARIUM,6,06:45:00,06:45:01
L18_T029,VERNIER_BLANDONNET,7,06:48:00,06:48:01
L18_T029,VERNIER_AVANCHETS_ETANG,8,06:49:00,06:49:01
L18_T029,VERNIER_BALEXERT,9,06:50:00,06:50:01
L18_T029,VERNIER_BOUCHET,10,06:52:00,06:52:01
L18_T029,GENEVE_VIEUSSEUX,11,06:54:00,06:54:01
L18_T029,GENEVE_SERVETTE,12,06:56:00,06:56:01
L18_T029,GENEVE_POTERIE,13,06:57:00,06:57:01
L18_T029,GENEVE_LYON,14,06:59:00,06:59:01
L18_T029,GENEVE_GARE_CORNAVIN,15,07:01:00,07:01:01
L18_T029,GENEVE_COUTANCE,16,07:04:00,07:04:01
L18_T029,GENEVE_BEL_AIR,17,07:05:00,07:05:01
L18_T029,GENEVE_PLACE_DE_NEUVE,18,07:08:00,07:08:01
L18_T029,GENEVE_PLAINPALAIS,19,07:09:00,07:09:01
L18_T029,GENEVE_PONT_D_ARVE,20,07:11:00,07:11:01
L18_T029,GENEVE_AUGUSTINS,21,07:12:00,07:12:01
L18_T029,GENEVE_BLANCHE,22,07:13:00,07:13:01
L18_T029,CAROUGE_GE_ARMES,23,07:15:00,07:15:01
L18_T029,CAROUGE_GE_MARCHE,24,07:16:00,07:16:01
L18_T029,CAROUGE_GE_ANCIENNE,25,07:18:00,07:18:01
L18_T029,CAROUGE_GE_RONDEAU,26,07:19:00,07:19:01
L18_T029,GRAND_LANCY_DE_STAEL,27,07:21:00,07:21:01
L18_T029,LANCY_BACHET_GARE,28,07:23:00,07:23:01
L18_T029,PLAN_LES_OUATES_TREFLE_BLANC,29,07:24:00,07:24:01
L18_T029,GRAND_LANCY_PONTETS,30,07:25:00,07:25:01
L18_T029,GRAND_LANCY_PALETTES,31,07:27:00,07:27:01
L18_T030,MEYRIN_CERN,1,06:49:00,06:49:01
L18_T030,MEYRIN_MAISONNEX,2,06:50:00,06:50:01
L18_T030,MEYRIN_HOPITAL_DE_LA_TOUR,3,06:52:00,06:52:01
L18_T030,MEYRIN_VILLAGE,4,06:53:00,06:53:01
L18_T030,MEYRIN_BOIS_DU_LAN,5,06:55:00,06:55:01
L18_T030,MEYRIN_JARDIN_ALPIN_VIVARIUM,6,06:56:00,06:56:01
L18_T030,VERNIER_BLANDONNET,7,06:59:00,06:59:01
L18_T030,VERNIER_AVANCHETS_ETANG,8,07:00:00,07:00:01
L18_T030,VERNIER_BALEXERT,9,07:01:00,07:01:01
L18_T030,VERNIER_BOUCHET,10,07:03:00,07:03:01
L18_T030,GENEVE_VIEUSSEUX,11,07:05:00,07:05:01
L18_T030,GENEVE_SERVETTE,12,07:07:00,07:07:01
L18_T030,GENEVE_POTERIE,13,07:08:00,07:08:01
L18_T030,GENEVE_LYON,14,07:10:00,07:10:01
L18_T030,GENEVE_GARE_CORNAVIN,15,07:12:00,07:12:01
L18_T030,GENEVE_COUTANCE,16,07:15:00,07:15:01
L18_T030,GENEVE_BEL_AIR,17,07:16:00,07:16:01
L18_T030,GENEVE_PLACE_DE_NEUVE,18,07:19:00,07:19:01
L18_T030,GENEVE_PLAINPALAIS,19,07:20:00,07:20:01
L18_T030,GENEVE_PONT_D_ARVE,20,07:22:00,07:22:01
L18_T030,GENEVE_AUGUSTINS,21,07:23:00,07:23:01
L18_T030,GENEVE_BLANCHE,22,07:24:00,07:24:01
L18_T030,CAROUGE_GE_ARMES,23,07:26:00,07:26:01
L18_T030,CAROUGE_GE_MARCHE,24,07:27:00,07:27:01
L18_T030,CAROUGE_GE_ANCIENNE,25,07:29:00,07:29:01
L18_T030,CAROUGE_GE_RONDEAU,26,07:30:00,07:30:01
L18_T030,GRAND_LANCY_DE_STAEL,27,07:33:00,07:33:01
L18_T030,LANCY_BACHET_GARE,28,07:34:00,07:34:01
L18_T030,PLAN_LES_OUATES_TREFLE_BLANC,29,07:36:00,07:36:01
L18_T030,GRAND_LANCY_PONTETS,30,07:37:00,07:37:01
L18_T030,GRAND_LANCY_PALETTES,31,07:39:00,07:39:01
L18_T031,MEYRIN_CERN,1,08:25:00,08:25:01
L18_T031,MEYRIN_MAISONNEX,2,08:26:00,08:26:01
L18_T031,MEYRIN_HOPITAL_DE_LA_TOUR,3,08:28:00,08:28:01
L18_T031,MEYRIN_VILLAGE,4,08:29:00,08:29:01
L18_T031,MEYRIN_BOIS_DU_LAN,5,08:31:00,08:31:01
L18_T031,MEYRIN_JARDIN_ALPIN_VIVARIUM,6,08:32:00,08:32:01
L18_T031,VERNIER_BLANDONNET,7,08:35:00,08:35:01
L18_T031,VERNIER_AVANCHETS_ETANG,8,08:37:00,08:37:01
L18_T031,VERNIER_BALEXERT,9,08:38:00,08:38:01
L18_T031,VERNIER_BOUCHET,10,08:40:00,08:40:01
L18_T031,GENEVE_VIEUSSEUX,11,08:42:00,08:42:01
L18_T031,GENEVE_SERVETTE,12,08:44:00,08:44:01
L18_T031,GENEVE_POTERIE,13,08:45:00,08:45:01
L18_T031,GENEVE_LYON,14,08:47:00,08:47:01
L18_T031,GENEVE_GARE_CORNAVIN,15,08:49:00,08:49:01
L18_T031,GENEVE_COUTANCE,16,08:51:00,08:51:01
L18_T031,GENEVE_BEL_AIR,17,08:53:00,08:53:01
L18_T031,GENEVE_PLACE_DE_NEUVE,18,08:55:00,08:55:01
L18_T031,GENEVE_PLAINPALAIS,19,08:57:00,08:57:01
L18_T031,GENEVE_PONT_D_ARVE,20,08:58:00,08:58:01
L18_T031,GENEVE_AUGUSTINS,21,09:00:00,09:00:01
L18_T031,GENEVE_BLANCHE,22,09:01:00,09:01:01
L18_T031,CAROUGE_GE_ARMES,23,09:03:00,09:03:01
L18_T031,CAROUGE_GE_MARCHE,24,09:04:00,09:04:01
L18_T031,CAROUGE_GE_ANCIENNE,25,09:06:00,09:06:01
L18_T031,CAROUGE_GE_RONDEAU,26,09:07:00,09:07:01
L18_T031,GRAND_LANCY_DE_STAEL,27,09:09:00,09:09:01
L18_T031,LANCY_BACHET_GARE,28,09:11:00,09:11:01
L18_T031,PLAN_LES_OUATES_TREFLE_BLANC,29,09:12:00,09:12:01
L18_T031,GRAND_LANCY_PONTETS,30,09:14:00,09:14:01
L18_T031,GRAND_LANCY_PALETTES,31,09:16:00,09:16:01
L18_T032,MEYRIN_CERN,1,08:06:00,08:06:01
L18_T032,MEYRIN_MAISONNEX,2,08:07:00,08:07:01
L18_T032,MEYRIN_HOPITAL_DE_LA_TOUR,3,08:09:00,08:09:01
L18_T032,MEYRIN_VILLAGE,4,08:10:00,08:10:01
L18_T032,MEYRIN_BOIS_DU_LAN,5,08:12:00,08:12:01
L18_T032,MEYRIN_JARDIN_ALPIN_VIVARIUM,6,08:13:00,08:13:01
L18_T032,VERNIER_BLANDONNET,7,08:16:00,08:16:01
L18_T032,VERNIER_AVANCHETS_ETANG,8,08:18:00,08:18:01
L18_T032,VERNIER_BALEXERT,9,08:19:00,08:19:01
L18_T032,VERNIER_BOUCHET,10,08:21:00,08:21:01
L18_T032,GENEVE_VIEUSSEUX,11,08:23:00,08:23:01
L18_T032,GENEVE_SERVETTE,12,08:25:00,08:25:01
L18_T032,GENEVE_POTERIE,13,08:26:00,08:26:01
L18_T032,GENEVE_LYON,14,08:29:00,08:29:01
L18_T032,GENEVE_GARE_CORNAVIN,15,08:30:00,08:30:01
L18_T032,GENEVE_COUTANCE,16,08:33:00,08:33:01
L18_T032,GENEVE_BEL_AIR,17,08:34:00,08:34:01
L18_T032,GENEVE_PLACE_DE_NEUVE,18,08:37:00,08:37:01
L18_T032,GENEVE_PLAINPALAIS,19,08:39:00,08:39:01
L18_T032,GENEVE_PONT_D_ARVE,20,08:40:00,08:40:01
L18_T032,GENEVE_AUGUSTINS,21,08:41:00,08:41:01
L18_T032,GENEVE_BLANCHE,22,08:43:00,08:43:01
L18_T032,CAROUGE_GE_ARMES,23,08:44:00,08:44:01
L18_T032,CAROUGE_GE_MARCHE,24,08:46:00,08:46:01
L18_T032,CAROUGE_GE_ANCIENNE,25,08:47:00,08:47:01
L18_T032,CAROUGE_GE_RONDEAU,26,08:49:00,08:49:01
L18_T032,GRAND_LANCY_DE_STAEL,27,08:51:00,08:51:01
L18_T032,LANCY_BACHET_GARE,28,08:52:00,08:52:01
L18_T032,PLAN_LES_OUATES_TREFLE_BLANC,29,08:54:00,08:54:01
L18_T032,GRAND_LANCY_PONTETS,30,08:55:00,08:55:01
L18_T032,GRAND_LANCY_PALETTES,31,08:57:00,08:57:01
L18_T033,MEYRIN_CERN,1,07:27:00,07:27:01
L18_T033,MEYRIN_MAISONNEX,2,07:28:00,07:28:01
L18_T033,MEYRIN_HOPITAL_DE_LA_TOUR,3,07:30:00,07:30:01
L18_T033,MEYRIN_VILLAGE,4,07:31:00,07:31:01
L18_T033,MEYRIN_BOIS_DU_LAN,5,07:33:00,07:33:01
L18_T033,MEYRIN_JARDIN_ALPIN_VIVARIUM,6,07:34:00,07:34:01
L18_T033,VERNIER_BLANDONNET,7,07:37:00,07:37:01
L18_T033,VERNIER_AVANCHETS_ETANG,8,07:39:00,07:39:01
L18_T033,VERNIER_BALEXERT,9,07:40:00,07:40:01
L18_T033,VERNIER_BOUCHET,10,07:42:00,07:42:01
L18_T033,GENEVE_VIEUSSEUX,11,07:44:00,07:44:01
L18_T033,GENEVE_SERVETTE,12,07:46:00,07:46:01
L18_T033,GENEVE_POTERIE,13,07:47:00,07:47:01
L18_T033,GENEVE_LYON,14,07:50:00,07:50:01
L18_T033,GENEVE_GARE_CORNAVIN,15,07:51:00,07:51:01
L18_T033,GENEVE_COUTANCE,16,07:54:00,07:54:01
L18_T033,GENEVE_BEL_AIR,17,07:56:00,07:56:01
L18_T033,GENEVE_PLACE_DE_NEUVE,18,07:58:00,07:58:01
L18_T033,GENEVE_PLAINPALAIS,19,08:00:00,08:00:01
L18_T033,GENEVE_PONT_D_ARVE,20,08:01:00,08:01:01
L18_T033,GENEVE_AUGUSTINS,21,08:03:00,08:03:01
L18_T033,GENEVE_BLANCHE,22,08:04:00,08:04:01
L18_T033,CAROUGE_GE_ARMES,23,08:06:00,08:06:01
L18_T033,CAROUGE_GE_MARCHE,24,08:07:00,08:07:01
L18_T033,CAROUGE_GE_ANCIENNE,25,08:09:00,08:09:01
L18_T033,CAROUGE_GE_RONDEAU,26,08:10:00,08:10:01
L18_T033,GRAND_LANCY_DE_STAEL,27,08:12:00,08:12:01
L18_T033,LANCY_BACHET_GARE,28,08:14:00,08:14:01
L18_T033,PLAN_LES_OUATES_TREFLE_BLANC,29,08:15:00,08:15:01
L18_T033,GRAND_LANCY_PONTETS,30,08:17:00,08:17:01
L18_T033,GRAND_LANCY_PALETTES,31,08:19:00,08:19:01
L18_T034,MEYRIN_CERN,1,07:09:00,07:09:01
L18_T034,MEYRIN_MAISONNEX,2,07:10:00,07:10:01
L18_T034,MEYRIN_HOPITAL_DE_LA_TOUR,3,07:12:00,07:12:01
L18_T034,MEYRIN_VILLAGE,4,07:14:00,07:14:01
L18_T034,MEYRIN_BOIS_DU_LAN,5,07:15:00,07:15:01
L18_T034,MEYRIN_JARDIN_ALPIN_VIVARIUM,6,07:16:00,07:16:01
L18_T034,VERNIER_BLANDONNET,7,07:19:00,07:19:01
L18_T034,VERNIER_AVANCHETS_ETANG,8,07:21:00,07:21:01
L18_T034,VERNIER_BALEXERT,9,07:22:00,07:22:01
L18_T034,VERNIER_BOUCHET,10,07:24:00,07:24:01
L18_T034,GENEVE_VIEUSSEUX,11,07:26:00,07:26:01
L18_T034,GENEVE_SERVETTE,12,07:27:00,07:27:01
L18_T034,GENEVE_POTERIE,13,07:29:00,07:29:01
L18_T034,GENEVE_LYON,14,07:31:00,07:31:01
L18_T034,GENEVE_GARE_CORNAVIN,15,07:32:00,07:32:01
L18_T034,GENEVE_COUTANCE,16,07:35:00,07:35:01
L18_T034,GENEVE_BEL_AIR,17,07:37:00,07:37:01
L18_T034,GENEVE_PLACE_DE_NEUVE,18,07:39:00,07:39:01
L18_T034,GENEVE_PLAINPALAIS,19,07:41:00,07:41:01
L18_T034,GENEVE_PONT_D_ARVE,20,07:42:00,07:42:01
L18_T034,GENEVE_AUGUSTINS,21,07:43:00,07:43:01
L18_T034,GENEVE_BLANCHE,22,07:45:00,07:45:01
L18_T034,CAROUGE_GE_ARMES,23,07:46:00,07:46:01
L18_T034,CAROUGE_GE_MARCHE,24,07:48:00,07:48:01
L18_T034,CAROUGE_GE_ANCIENNE,25,07:49:00,07:49:01
L18_T034,CAROUGE_GE_RONDEAU,26,07:51:00,07:51:01
L18_T034,GRAND_LANCY_DE_STAEL,27,07:53:00,07:53:01
L18_T034,LANCY_BACHET_GARE,28,07:54:00,07:54:01
L18_T034,PLAN_LES_OUATES_TREFLE_BLANC,29,07:56:00,07:56:01
L18_T034,GRAND_LANCY_PONTETS,30,07:57:00,07:57:01
L18_T034,GRAND_LANCY_PALETTES,31,07:59:00,07:59:01
L18_T035,MEYRIN_CERN,1,08:43:00,08:43:01
L18_T035,MEYRIN_MAISONNEX,2,08:44:00,08:44:01
L18_T035,MEYRIN_HOPITAL_DE_LA_TOUR,3,08:46:00,08:46:01
L18_T035,MEYRIN_VILLAGE,4,08:48:00,08:48:01
L18_T035,MEYRIN_BOIS_DU_LAN,5,08:49:00,08:49:01
L18_T035,MEYRIN_JARDIN_ALPIN_VIVARIUM,6,08:51:00,08:51:01
L18_T035,VERNIER_BLANDONNET,7,08:53:00,08:53:01
L18_T035,VERNIER_AVANCHETS_ETANG,8,08:55:00,08:55:01
L18_T035,VERNIER_BALEXERT,9,08:56:00,08:56:01
L18_T035,VERNIER_BOUCHET,10,08:58:00,08:58:01
L18_T035,GENEVE_VIEUSSEUX,11,09:00:00,09:00:01
L18_T035,GENEVE_SERVETTE,12,09:02:00,09:02:01
L18_T035,GENEVE_POTERIE,13,09:03:00,09:03:01
L18_T035,GENEVE_LYON,14,09:05:00,09:05:01
L18_T035,GENEVE_GARE_CORNAVIN,15,09:07:00,09:07:01
L18_T035,GENEVE_COUTANCE,16,09:09:00,09:09:01
L18_T035,GENEVE_BEL_AIR,17,09:11:00,09:11:01
L18_T035,GENEVE_PLACE_DE_NEUVE,18,09:13:00,09:13:01
L18_T035,GENEVE_PLAINPALAIS,19,09:15:00,09:15:01
L18_T035,GENEVE_PONT_D_ARVE,20,09:17:00,09:17:01
L18_T035,GENEVE_AUGUSTINS,21,09:18:00,09:18:01
L18_T035,GENEVE_BLANCHE,22,09:19:00,09:19:01
L18_T035,CAROUGE_GE_ARMES,23,09:21:00,09:21:01
L18_T035,CAROUGE_GE_MARCHE,24,09:22:00,09:22:01
L18_T035,CAROUGE_GE_ANCIENNE,25,09:24:00,09:24:01
L18_T035,CAROUGE_GE_RONDEAU,26,09:25:00,09:25:01
L18_T035,GRAND_LANCY_DE_STAEL,27,09:28:00,09:28:01
L18_T035,LANCY_BACHET_GARE,28,09:29:00,09:29:01
L18_T035,PLAN_LES_OUATES_TREFLE_BLANC,29,09:31:00,09:31:01
L18_T035,GRAND_LANCY_PONTETS,30,09:32:00,09:32:01
L18_T035,GRAND_LANCY_PALETTES,31,09:34:00,09:34:01
L18_T036,MEYRIN_JARDIN_ALPIN_VIVARIUM,1,07:02:00,07:02:01
L18_T036,MEYRIN_BOIS_DU_LAN,2,07:03:00,07:03:01
L18_T036,MEYRIN_VILLAGE,3,07:04:00,07:04:01
L18_T036,MEYRIN_HOPITAL_DE_LA_TOUR,4,07:06:00,07:06:01
L18_T036,MEYRIN_MAISONNEX,5,07:07:00,07:07:01
L18_T036,MEYRIN_CERN,6,07:08:00,07:08:01
