method_id,measurement_type,stop_id,time,value,trip_id,line_id
synthetic_all_stop_counts,alighting,BERNEX_HAINARD,08:52:00,0.0,L14_T001,
synthetic_all_stop_counts,alighting,BERNEX_HAINARD,06:22:00,0.0,L14_T002,
synthetic_all_stop_counts,alighting,BERNEX_HAINARD,08:03:00,0.0,L14_T003,
synthetic_all_stop_counts,alighting,BERNEX_HAINARD,07:35:00,0.0,L14_T004,
synthetic_all_stop_counts,alighting,BERNEX_HAINARD,06:39:00,0.0,L14_T005,
synthetic_all_stop_counts,alighting,BERNEX_HAINARD,06:49:00,0.0,L14_T006,
synthetic_all_stop_counts,alighting,BERNEX_HAINARD,06:59:00,0.0,L14_T007,
synthetic_all_stop_counts,alighting,BERNEX_HAINARD,07:09:00,0.0,L14_T008,
synthetic_all_stop_counts,alighting,BERNEX_HAINARD,07:18:00,0.0,L14_T009,
synthetic_all_stop_counts,alighting,BERNEX_HAINARD,08:23:00,0.0,L14_T010,
synthetic_all_stop_counts,alighting,BERNEX_HAINARD,08:13:00,0.0,L14_T011,
synthetic_all_stop_counts,alighting,BERNEX_HAINARD,07:27:00,0.0,L14_T012,
synthetic_all_stop_counts,alighting,BERNEX_HAINARD,07:54:00,0.0,L14_T013,
synthetic_all_stop_counts,alighting,BERNEX_HAINARD,07:45:00,0.0,L14_T014,
synthetic_all_stop_counts,alighting,BERNEX_HAINARD,08:32:00,0.0,L14_T017,
synthetic_all_stop_counts,alighting,BERNEX_HAINARD,08:42:00,0.0,L14_T018,
synthetic_all_stop_counts,alighting,BERNEX_HAINARD,06:13:00,0.0,L14_T019,
synthetic_all_stop_counts,alighting,BERNEX_HAINARD,08:47:00,0.0,L14_T020,
synthetic_all_stop_counts,alighting,BERNEX_HAINARD,07:04:00,0.0,L14_T021,
synthetic_all_stop_counts,alighting,BERNEX_HAINARD,08:28:00,0.0,L14_T022,
synthetic_all_stop_counts,alighting,BERNEX_HAINARD,08:56:00,0.0,L14_T023,
synthetic_all_stop_counts,alighting,BERNEX_HAINARD,07:13:00,0.0,L14_T024,
synthetic_all_stop_counts,alighting,BERNEX_HAINARD,07:22:00,0.0,L14_T025,
synthetic_all_stop_counts,alighting,BERNEX_HAINARD,08:18:00,0.0,L14_T026,
synthetic_all_stop_counts,alighting,BERNEX_HAINARD,08:08:00,0.0,L14_T027,
synthetic_all_stop_counts,alighting,BERNEX_HAINARD,07:58:00,0.0,L14_T028,
synthetic_all_stop_counts,alighting,BERNEX_HAINARD,07:49:00,0.0,L14_T029,
synthetic_all_stop_counts,alighting,BERNEX_HAINARD,07:31:00,0.0,L14_T030,
synthetic_all_stop_counts,alighting,BERNEX_HAINARD,07:40:00,0.0,L14_T031,
synthetic_all_stop_counts,alighting,BERNEX_HAINARD,06:44:00,0.0,L14_T032,
synthetic_all_stop_counts,alighting,BERNEX_HAINARD,06:54:00,0.0,L14_T033,
synthetic_all_stop_counts,alighting,BERNEX_HAINARD,06:34:00,0.0,L14_T034,
synthetic_all_stop_counts,alighting,BERNEX_HAINARD,08:37:00,0.0,L14_T035,
synthetic_all_stop_counts,alighting,BERNEX_HAINARD,07:07:00,0.0,L14_T036,
synthetic_all_stop_counts,alighting,BERNEX_HAINARD,07:15:00,0.0,L14_T037,
synthetic_all_stop_counts,alighting,BERNEX_HAINARD,07:33:00,0.0,L14_T038,
synthetic_all_stop_counts,alighting,BERNEX_HAINARD,07:20:00,0.0,L14_T039,
synthetic_all_stop_counts,alighting,BERNEX_HAINARD,07:58:00,0.0,L14_T040,
synthetic_all_stop_counts,alighting,BERNEX_HAINARD,09:14:00,0.0,L14_T041,
synthetic_all_stop_counts,alighting,BERNEX_HAINARD,08:56:00,0.0,L14_T042,
synthetic_all_stop_counts,alighting,BERNEX_HAINARD,07:01:00,0.0,L14_T043,
synthetic_all_stop_counts,alighting,BERNEX_HAINARD,07:48:00,0.0,L14_T044,
synthetic_all_stop_counts,alighting,BERNEX_HAINARD,08:07:00,0.0,L14_T045,
synthetic_all_stop_counts,alighting,BERNEX_HAINARD,09:41:00,0.0,L14_T046,
synthetic_all_stop_counts,alighting,BERNEX_HAINARD,09:32:00,0.0,L14_T047,
synthetic_all_stop_counts,alighting,BERNEX_HAINARD,08:46:00,0.0,L14_T048,
synthetic_all_stop_counts,alighting,BERNEX_HAINARD,09:05:00,0.0,L14_T049,
synthetic_all_stop_counts,alighting,BERNEX_HAINARD,08:27:00,0.0,L14_T050,
synthetic_all_stop_counts,alighting,BERNEX_HAINARD,08:17:00,0.0,L14_T051,
synthetic_all_stop_counts,alighting,BERNEX_HAINARD,08:37:00,0.0,L14_T052,
synthetic_all_stop_counts,alighting,BERNEX_HAINARD,09:23:00,0.0,L14_T053,
synthetic_all_stop_counts,alighting,BERNEX_HAINARD,07:36:00,0.0,L14_T054,
synthetic_all_stop_counts,alighting,BERNEX_HAINARD,07:22:00,0.0,L14_T055,
synthetic_all_stop_counts,alighting,BERNEX_HAINARD,07:53:00,0.0,L14_T056,
synthetic_all_stop_counts,alighting,BERNEX_HAINARD,09:46:00,0.0,L14_T057,
synthetic_all_stop_counts,alighting,BERNEX_HAINARD,09:37:00,0.0,L14_T058,
synthetic_all_stop_counts,alighting,BERNEX_HAINARD,09:28:00,0.0,L14_T059,
synthetic_all_stop_counts,alighting,BERNEX_HAINARD,08:22:00,0.0,L14_T060,
synthetic_all_stop_counts,alighting,BERNEX_HAINARD,08:32:00,0.0,L14_T061,
synthetic_all_stop_counts,alighting,BERNEX_HAINARD,07:41:00,0.0,L14_T063,
synthetic_all_stop_counts,alighting,BERNEX_HAINARD,08:02:00,0.0,L14_T064,
synthetic_all_stop_counts,alighting,BERNEX_HAINARD,09:10:00,0.0,L14_T065,
synthetic_all_stop_counts,alighting,BERNEX_HAINARD,08:12:00,0.0,L14_T066,
synthetic_all_stop_counts,alighting,BERNEX_HAINARD,08:41:00,0.0,L14_T067,
synthetic_all_stop_counts,alighting,BERNEX_HAINARD,08:51:00,0.0,L14_T068,
synthetic_all_stop_counts,alighting,BERNEX_HAINARD,09:00:00,0.0,L14_T069,
synthetic_all_stop_counts,alighting,BERNEX_HAINARD,07:12:00,0.0,L14_T070,
synthetic_all_stop_counts,alighting,BERNEX_HAINARD,07:30:00,0.0,L14_T071,
synthetic_all_stop_counts,alighting,BERNEX_HAINARD,09:19:00,0.0,L14_T072,
synthetic_all_stop_counts,alighting,BERNEX_LUCHEPELET,08:53:00,0.0,L14_T001,
synthetic_all_stop_counts,alighting,BERNEX_LUCHEPELET,06:24:00,0.0,L14_T002,
synthetic_all_stop_counts,alighting,BERNEX_LUCHEPELET,08:05:00,0.0,L14_T003,
synthetic_all_stop_counts,alighting,BERNEX_LUCHEPELET,07:37:00,0.0,L14_T004,
synthetic_all_stop_counts,alighting,BERNEX_LUCHEPELET,06:40:00,0.0,L14_T005,
synthetic_all_stop_counts,alighting,BERNEX_LUCHEPELET,06:50:00,0.0,L14_T006,
synthetic_all_stop_counts,alighting,BERNEX_LUCHEPELET,07:00:00,0.0,L14_T007,
synthetic_all_stop_counts,alighting,BERNEX_LUCHEPELET,07:10:00,0.0,L14_T008,
synthetic_all_stop_counts,alighting,BERNEX_LUCHEPELET,07:19:00,0.0,L14_T009,
synthetic_all_stop_counts,alighting,BERNEX_LUCHEPELET,08:24:00,0.0,L14_T010,
synthetic_all_stop_counts,alighting,BERNEX_LUCHEPELET,08:14:00,0.0,L14_T011,
synthetic_all_stop_counts,alighting,BERNEX_LUCHEPELET,07:28:00,0.0,L14_T012,
synthetic_all_stop_counts,alighting,BERNEX_LUCHEPELET,07:55:00,0.0,L14_T013,
synthetic_all_stop_counts,alighting,BERNEX_LUCHEPELET,07:46:00,0.0,L14_T014,
synthetic_all_stop_counts,alighting,BERNEX_LUCHEPELET,08:34:00,0.0,L14_T017,
synthetic_all_stop_counts,alighting,BERNEX_LUCHEPELET,08:44:00,0.0,L14_T018,
synthetic_all_stop_counts,alighting,BERNEX_LUCHEPELET,06:15:00,0.0,L14_T019,
synthetic_all_stop_counts,alighting,BERNEX_LUCHEPELET,08:48:00,0.0,L14_T020,
synthetic_all_stop_counts,alighting,BERNEX_LUCHEPELET,07:06:00,0.0,L14_T021,
synthetic_all_stop_counts,alighting,BERNEX_LUCHEPELET,08:30:00,0.0,L14_T022,
synthetic_all_stop_counts,alighting,BERNEX_LUCHEPELET,08:58:00,0.0,L14_T023,
synthetic_all_stop_counts,alighting,BERNEX_LUCHEPELET,07:15:00,0.0,L14_T024,
synthetic_all_stop_counts,alighting,BERNEX_LUCHEPELET,07:24:00,0.0,L14_T025,
synthetic_all_stop_counts,alighting,BERNEX_LUCHEPELET,08:20:00,0.0,L14_T026,
synthetic_all_stop_counts,alighting,BERNEX_LUCHEPELET,08:10:00,0.0,L14_T027,
synthetic_all_stop_counts,alighting,BERNEX_LUCHEPELET,08:00:00,0.0,L14_T028,
synthetic_all_stop_counts,alighting,BERNEX_LUCHEPELET,07:51:00,0.0,L14_T029,
synthetic_all_stop_counts,alighting,BERNEX_LUCHEPELET,07:33:00,0.0,L14_T030,
synthetic_all_stop_counts,alighting,BERNEX_LUCHEPELET,07:42:00,0.0,L14_T031,
synthetic_all_stop_counts,alighting,BERNEX_LUCHEPELET,06:45:00,0.0,L14_T032,
synthetic_all_stop_counts,alighting,BERNEX_LUCHEPELET,06:55:00,0.0,L14_T033,
synthetic_all_stop_counts,alighting,BERNEX_LUCHEPELET,06:35:00,0.0,L14_T034,
synthetic_all_stop_counts,alighting,BERNEX_LUCHEPELET,08:39:00,0.0,L14_T035,
synthetic_all_stop_counts,alighting,BERNEX_LUCHEPELET,07:06:00,0.0,L14_T036,
synthetic_all_stop_counts,alighting,BERNEX_LUCHEPELET,07:13:00,0.0,L14_T037,
synthetic_all_stop_counts,alighting,BERNEX_LUCHEPELET,07:31:00,0.0,L14_T038,
synthetic_all_stop_counts,alighting,BERNEX_LUCHEPELET,07:18:00,0.0,L14_T039,
synthetic_all_stop_counts,alighting,BERNEX_LUCHEPELET,07:56:02,0.0,L14_T040,
synthetic_all_stop_counts,alighting,BERNEX_LUCHEPELET,09:12:02,0.0,L14_T041,
synthetic_all_stop_counts,alighting,BERNEX_LUCHEPELET,08:54:02,0.0,L14_T042,
synthetic_all_stop_counts,alighting,BERNEX_LUCHEPELET,07:00:00,0.0,L14_T043,
synthetic_all_stop_counts,alighting,BERNEX_LUCHEPELET,07:46:00,0.0,L14_T044,
synthetic_all_stop_counts,alighting,BERNEX_LUCHEPELET,08:05:00,0.0,L14_T045,
synthetic_all_stop_counts,alighting,BERNEX_LUCHEPELET,09:40:00,0.0,L14_T046,
synthetic_all_stop_counts,alighting,BERNEX_LUCHEPELET,09:31:00,0.0,L14_T047,
synthetic_all_stop_counts,alighting,BERNEX_LUCHEPELET,08:45:00,0.0,L14_T048,
synthetic_all_stop_counts,alighting,BERNEX_LUCHEPELET,09:03:02,0.0,L14_T049,
synthetic_all_stop_counts,alighting,BERNEX_LUCHEPELET,08:25:00,0.0,L14_T050,
synthetic_all_stop_counts,alighting,BERNEX_LUCHEPELET,08:15:00,0.0,L14_T051,
synthetic_all_stop_counts,alighting,BERNEX_LUCHEPELET,08:35:00,0.0,L14_T052,
synthetic_all_stop_counts,alighting,BERNEX_LUCHEPELET,09:21:02,0.0,L14_T053,
synthetic_all_stop_counts,alighting,BERNEX_LUCHEPELET,07:34:02,0.0,L14_T054,
synthetic_all_stop_counts,alighting,BERNEX_LUCHEPELET,07:21:00,0.0,L14_T055,
synthetic_all_stop_counts,alighting,BERNEX_LUCHEPELET,07:51:00,0.0,L14_T056,
synthetic_all_stop_counts,alighting,BERNEX_LUCHEPELET,09:44:02,0.0,L14_T057,
synthetic_all_stop_counts,alighting,BERNEX_LUCHEPELET,09:35:02,0.0,L14_T058,
synthetic_all_stop_counts,alighting,BERNEX_LUCHEPELET,09:26:02,0.0,L14_T059,
synthetic_all_stop_counts,alighting,BERNEX_LUCHEPELET,08:20:02,0.0,L14_T060,
synthetic_all_stop_counts,alighting,BERNEX_LUCHEPELET,08:30:02,0.0,L14_T061,
synthetic_all_stop_counts,alighting,BERNEX_LUCHEPELET,07:40:00,0.0,L14_T063,
synthetic_all_stop_counts,alighting,BERNEX_LUCHEPELET,08:01:00,0.0,L14_T064,
synthetic_all_stop_counts,alighting,BERNEX_LUCHEPELET,09:08:00,0.0,L14_T065,
synthetic_all_stop_counts,alighting,BERNEX_LUCHEPELET,08:11:00,0.0,L14_T066,
synthetic_all_stop_counts,alighting,BERNEX_LUCHEPELET,08:40:00,0.0,L14_T067,
synthetic_all_stop_counts,alighting,BERNEX_LUCHEPELET,08:50:00,0.0,L14_T068,
synthetic_all_stop_counts,alighting,BERNEX_LUCHEPELET,08:59:00,0.0,L14_T069,
synthetic_all_stop_counts,alighting,BERNEX_LUCHEPELET,07:10:00,0.0,L14_T070,
synthetic_all_stop_counts,alighting,BERNEX_LUCHEPELET,07:29:00,0.0,L14_T071,
synthetic_all_stop_counts,alighting,BERNEX_LUCHEPELET,09:17:00,0.0,L14_T072,
synthetic_all_stop_counts,alighting,BERNEX_PRE_MARAIS,08:55:00,0.0,L14_T001,
synthetic_all_stop_counts,alighting,BERNEX_PRE_MARAIS,06:25:00,0.0,L14_T002,
synthetic_all_stop_counts,alighting,BERNEX_PRE_MARAIS,08:06:00,0.0,L14_T003,
synthetic_all_stop_counts,alighting,BERNEX_PRE_MARAIS,07:38:00,0.0,L14_T004,
synthetic_all_stop_counts,alighting,BERNEX_PRE_MARAIS,06:42:00,0.0,L14_T005,
synthetic_all_stop_counts,alighting,BERNEX_PRE_MARAIS,06:52:00,0.0,L14_T006,
synthetic_all_stop_counts,alighting,BERNEX_PRE_MARAIS,07:02:00,0.0,L14_T007,
synthetic_all_stop_counts,alighting,BERNEX_PRE_MARAIS,07:12:00,0.0,L14_T008,
synthetic_all_stop_counts,alighting,BERNEX_PRE_MARAIS,07:21:00,0.0,L14_T009,
synthetic_all_stop_counts,alighting,BERNEX_PRE_MARAIS,08:26:00,0.0,L14_T010,
synthetic_all_stop_counts,alighting,BERNEX_PRE_MARAIS,08:16:00,0.0,L14_T011,
synthetic_all_stop_counts,alighting,BERNEX_PRE_MARAIS,07:30:00,0.0,L14_T012,
synthetic_all_stop_counts,alighting,BERNEX_PRE_MARAIS,07:57:00,0.0,L14_T013,
synthetic_all_stop_counts,alighting,BERNEX_PRE_MARAIS,07:48:00,0.0,L14_T014,
synthetic_all_stop_counts,alighting,BERNEX_PRE_MARAIS,08:35:00,0.0,L14_T017,
synthetic_all_stop_counts,alighting,BERNEX_PRE_MARAIS,08:45:00,0.0,L14_T018,
synthetic_all_stop_counts,alighting,BERNEX_PRE_MARAIS,06:16:00,0.0,L14_T019,
synthetic_all_stop_counts,alighting,BERNEX_PRE_MARAIS,08:50:00,0.0,L14_T020,
synthetic_all_stop_counts,alighting,BERNEX_PRE_MARAIS,07:07:00,0.0,L14_T021,
synthetic_all_stop_counts,alighting,BERNEX_PRE_MARAIS,08:31:00,0.0,L14_T022,
synthetic_all_stop_counts,alighting,BERNEX_PRE_MARAIS,08:59:00,0.0,L14_T023,
synthetic_all_stop_counts,alighting,BERNEX_PRE_MARAIS,07:16:00,0.0,L14_T024,
synthetic_all_stop_counts,alighting,BERNEX_PRE_MARAIS,07:25:00,0.0,L14_T025,
synthetic_all_stop_counts,alighting,BERNEX_PRE_MARAIS,08:21:00,0.0,L14_T026,
synthetic_all_stop_counts,alighting,BERNEX_PRE_MARAIS,08:11:00,0.0,L14_T027,
synthetic_all_stop_counts,alighting,BERNEX_PRE_MARAIS,08:01:00,0.0,L14_T028,
synthetic_all_stop_counts,alighting,BERNEX_PRE_MARAIS,07:52:00,0.0,L14_T029,
synthetic_all_stop_counts,alighting,BERNEX_PRE_MARAIS,07:34:00,0.0,L14_T030,
synthetic_all_stop_counts,alighting,BERNEX_PRE_MARAIS,07:43:00,0.0,L14_T031,
synthetic_all_stop_counts,alighting,BERNEX_PRE_MARAIS,06:47:00,0.0,L14_T032,
synthetic_all_stop_counts,alighting,BERNEX_PRE_MARAIS,06:57:00,0.0,L14_T033,
synthetic_all_stop_counts,alighting,BERNEX_PRE_MARAIS,06:37:00,0.0,L14_T034,
synthetic_all_stop_counts,alighting,BERNEX_PRE_MARAIS,08:40:00,0.0,L14_T035,
synthetic_all_stop_counts,alighting,BERNEX_PRE_MARAIS,07:05:00,0.0,L14_T036,
synthetic_all_stop_counts,alighting,BERNEX_PRE_MARAIS,07:12:00,0.0,L14_T037,
synthetic_all_stop_counts,alighting,BERNEX_PRE_MARAIS,07:30:00,0.0,L14_T038,
synthetic_all_stop_counts,alighting,BERNEX_PRE_MARAIS,07:17:00,0.0,L14_T039,
synthetic_all_stop_counts,alighting,BERNEX_PRE_MARAIS,07:56:00,0.0,L14_T040,
synthetic_all_stop_counts,alighting,BERNEX_PRE_MARAIS,09:12:00,0.0,L14_T041,
synthetic_all_stop_counts,alighting,BERNEX_PRE_MARAIS,08:54:00,0.0,L14_T042,
synthetic_all_stop_counts,alighting,BERNEX_PRE_MARAIS,06:59:00,0.0,L14_T043,
synthetic_all_stop_counts,alighting,BERNEX_PRE_MARAIS,07:45:00,0.0,L14_T044,
synthetic_all_stop_counts,alighting,BERNEX_PRE_MARAIS,08:04:00,0.0,L14_T045,
synthetic_all_stop_counts,alighting,BERNEX_PRE_MARAIS,09:39:00,0.0,L14_T046,
synthetic_all_stop_counts,alighting,BERNEX_PRE_MARAIS,09:30:00,0.0,L14_T047,
synthetic_all_stop_counts,alighting,BERNEX_PRE_MARAIS,08:44:00,0.0,L14_T048,
synthetic_all_stop_counts,alighting,BERNEX_PRE_MARAIS,09:03:00,0.0,L14_T049,
synthetic_all_stop_counts,alighting,BERNEX_PRE_MARAIS,08:24:00,0.0,L14_T050,
synthetic_all_stop_counts,alighting,BERNEX_PRE_MARAIS,08:14:00,0.0,L14_T051,
synthetic_all_stop_counts,alighting,BERNEX_PRE_MARAIS,08:34:00,0.0,L14_T052,
synthetic_all_stop_counts,alighting,BERNEX_PRE_MARAIS,09:21:00,0.0,L14_T053,
synthetic_all_stop_counts,alighting,BERNEX_PRE_MARAIS,07:34:00,0.0,L14_T054,
synthetic_all_stop_counts,alighting,BERNEX_PRE_MARAIS,07:20:00,0.0,L14_T055,
synthetic_all_stop_counts,alighting,BERNEX_PRE_MARAIS,07:50:00,0.0,L14_T056,
synthetic_all_stop_counts,alighting,BERNEX_PRE_MARAIS,09:44:00,0.0,L14_T057,
synthetic_all_stop_counts,alighting,BERNEX_PRE_MARAIS,09:35:00,0.0,L14_T058,
synthetic_all_stop_counts,alighting,BERNEX_PRE_MARAIS,09:26:00,0.0,L14_T059,
synthetic_all_stop_counts,alighting,BERNEX_PRE_MARAIS,08:20:00,0.0,L14_T060,
synthetic_all_stop_counts,alighting,BERNEX_PRE_MARAIS,08:30:00,0.0,L14_T061,
synthetic_all_stop_counts,alighting,BERNEX_PRE_MARAIS,07:39:00,0.0,L14_T063,
synthetic_all_stop_counts,alighting,BERNEX_PRE_MARAIS,08:00:00,0.0,L14_T064,
synthetic_all_stop_counts,alighting,BERNEX_PRE_MARAIS,09:07:00,0.0,L14_T065,
synthetic_all_stop_counts,alighting,BERNEX_PRE_MARAIS,08:10:00,0.0,L14_T066,
synthetic_all_stop_counts,alighting,BERNEX_PRE_MARAIS,08:39:00,0.0,L14_T067,
synthetic_all_stop_counts,alighting,BERNEX_PRE_MARAIS,08:49:00,0.0,L14_T068,
synthetic_all_stop_counts,alighting,BERNEX_PRE_MARAIS,08:58:00,0.0,L14_T069,
synthetic_all_stop_counts,alighting,BERNEX_PRE_MARAIS,07:09:00,0.0,L14_T070,
synthetic_all_stop_counts,alighting,BERNEX_PRE_MARAIS,07:28:00,0.0,L14_T071,
synthetic_all_stop_counts,alighting,BERNEX_PRE_MARAIS,09:16:00,0.0,L14_T072,
synthetic_all_stop_counts,alighting,BERNEX_P_R,08:56:00,0.0,L14_T001,
synthetic_all_stop_counts,alighting,BERNEX_P_R,06:26:00,0.0,L14_T002,
synthetic_all_stop_counts,alighting,BERNEX_P_R,08:07:00,0.0,L14_T003,
synthetic_all_stop_counts,alighting,BERNEX_P_R,07:39:00,0.0,L14_T004,
synthetic_all_stop_counts,alighting,BERNEX_P_R,06:43:00,0.0,L14_T005,
synthetic_all_stop_counts,alighting,BERNEX_P_R,06:53:00,0.0,L14_T006,
synthetic_all_stop_counts,alighting,BERNEX_P_R,07:03:00,0.0,L14_T007,
synthetic_all_stop_counts,alighting,BERNEX_P_R,07:13:00,0.0,L14_T008,
synthetic_all_stop_counts,alighting,BERNEX_P_R,07:22:00,0.0,L14_T009,
synthetic_all_stop_counts,alighting,BERNEX_P_R,08:27:00,0.0,L14_T010,
synthetic_all_stop_counts,alighting,BERNEX_P_R,08:17:00,0.0,L14_T011,
synthetic_all_stop_counts,alighting,BERNEX_P_R,07:31:00,0.0,L14_T012,
synthetic_all_stop_counts,alighting,BERNEX_P_R,07:58:00,0.0,L14_T013,
synthetic_all_stop_counts,alighting,BERNEX_P_R,07:49:00,0.0,L14_T014,
synthetic_all_stop_counts,alighting,BERNEX_P_R,08:36:00,0.0,L14_T017,
synthetic_all_stop_counts,alighting,BERNEX_P_R,08:46:00,0.0,L14_T018,
synthetic_all_stop_counts,alighting,BERNEX_P_R,06:17:00,0.0,L14_T019,
synthetic_all_stop_counts,alighting,BERNEX_P_R,08:51:00,0.0,L14_T020,
synthetic_all_stop_counts,alighting,BERNEX_P_R,07:08:00,0.0,L14_T021,
synthetic_all_stop_counts,alighting,BERNEX_P_R,08:32:00,0.0,L14_T022,
synthetic_all_stop_counts,alighting,BERNEX_P_R,09:00:00,0.0,L14_T023,
synthetic_all_stop_counts,alighting,BERNEX_P_R,07:17:00,0.0,L14_T024,
synthetic_all_stop_counts,alighting,BERNEX_P_R,07:26:00,0.0,L14_T025,
synthetic_all_stop_counts,alighting,BERNEX_P_R,08:22:00,0.0,L14_T026,
synthetic_all_stop_counts,alighting,BERNEX_P_R,08:12:00,0.0,L14_T027,
synthetic_all_stop_counts,alighting,BERNEX_P_R,08:02:00,0.0,L14_T028,
synthetic_all_stop_counts,alighting,BERNEX_P_R,07:53:00,0.0,L14_T029,
synthetic_all_stop_counts,alighting,BERNEX_P_R,07:35:00,0.0,L14_T030,
synthetic_all_stop_counts,alighting,BERNEX_P_R,07:44:00,0.0,L14_T031,
synthetic_all_stop_counts,alighting,BERNEX_P_R,06:48:00,0.0,L14_T032,
synthetic_all_stop_counts,alighting,BERNEX_P_R,06:58:00,0.0,L14_T033,
synthetic_all_stop_counts,alighting,BERNEX_P_R,06:38:00,0.0,L14_T034,
synthetic_all_stop_counts,alighting,BERNEX_P_R,08:41:00,0.0,L14_T035,
synthetic_all_stop_counts,alighting,BERNEX_P_R,07:04:00,0.0,L14_T036,
synthetic_all_stop_counts,alighting,BERNEX_P_R,07:11:00,0.0,L14_T037,
synthetic_all_stop_counts,alighting,BERNEX_P_R,07:29:00,0.0,L14_T038,
synthetic_all_stop_counts,alighting,BERNEX_P_R,07:16:00,0.0,L14_T039,
synthetic_all_stop_counts,alighting,BERNEX_P_R,07:55:00,0.0,L14_T040,
synthetic_all_stop_counts,alighting,BERNEX_P_R,09:11:00,0.0,L14_T041,
synthetic_all_stop_counts,alighting,BERNEX_P_R,08:53:00,0.0,L14_T042,
synthetic_all_stop_counts,alighting,BERNEX_P_R,06:58:00,0.0,L14_T043,
synthetic_all_stop_counts,alighting,BERNEX_P_R,07:44:00,0.0,L14_T044,
synthetic_all_stop_counts,alighting,BERNEX_P_R,08:03:00,0.0,L14_T045,
synthetic_all_stop_counts,alighting,BERNEX_P_R,09:38:00,0.0,L14_T046,
synthetic_all_stop_counts,alighting,BERNEX_P_R,09:29:00,0.0,L14_T047,
synthetic_all_stop_counts,alighting,BERNEX_P_R,08:43:00,0.0,L14_T048,
synthetic_all_stop_counts,alighting,BERNEX_P_R,09:02:00,0.0,L14_T049,
synthetic_all_stop_counts,alighting,BERNEX_P_R,08:23:00,0.0,L14_T050,
synthetic_all_stop_counts,alighting,BERNEX_P_R,08:13:00,0.0,L14_T051,
synthetic_all_stop_counts,alighting,BERNEX_P_R,08:33:00,0.0,L14_T052,
synthetic_all_stop_counts,alighting,BERNEX_P_R,09:20:00,0.0,L14_T053,
synthetic_all_stop_counts,alighting,BERNEX_P_R,07:33:00,0.0,L14_T054,
synthetic_all_stop_counts,alighting,BERNEX_P_R,07:19:00,0.0,L14_T055,
synthetic_all_stop_counts,alighting,BERNEX_P_R,07:49:00,0.0,L14_T056,
synthetic_all_stop_counts,alighting,BERNEX_P_R,09:43:00,0.0,L14_T057,
synthetic_all_stop_counts,alighting,BERNEX_P_R,09:34:00,0.0,L14_T058,
synthetic_all_stop_counts,alighting,BERNEX_P_R,09:25:00,0.0,L14_T059,
synthetic_all_stop_counts,alighting,BERNEX_P_R,08:19:00,0.0,L14_T060,
synthetic_all_stop_counts,alighting,BERNEX_P_R,08:29:00,0.0,L14_T061,
synthetic_all_stop_counts,alighting,BERNEX_P_R,07:38:00,0.0,L14_T063,
synthetic_all_stop_counts,alighting,BERNEX_P_R,07:59:00,0.0,L14_T064,
synthetic_all_stop_counts,alighting,BERNEX_P_R,09:06:00,0.0,L14_T065,
synthetic_all_stop_counts,alighting,BERNEX_P_R,08:09:00,0.0,L14_T066,
synthetic_all_stop_counts,alighting,BERNEX_P_R,08:38:00,0.0,L14_T067,
synthetic_all_stop_counts,alighting,BERNEX_P_R,08:48:00,0.0,L14_T068,
synthetic_all_stop_counts,alighting,BERNEX_P_R,08:57:00,0.0,L14_T069,
synthetic_all_stop_counts,alighting,BERNEX_P_R,07:08:00,0.0,L14_T070,
synthetic_all_stop_counts,alighting,BERNEX_P_R,07:27:00,0.0,L14_T071,
synthetic_all_stop_counts,alighting,BERNEX_P_R,09:15:00,0.0,L14_T072,
synthetic_all_stop_counts,alighting,BERNEX_VAILLY,08:51:00,0.0,L14_T001,
synthetic_all_stop_counts,alighting,BERNEX_VAILLY,06:21:00,0.0,L14_T002,
synthetic_all_stop_counts,alighting,BERNEX_VAILLY,08:02:00,0.0,L14_T003,
synthetic_all_stop_counts,alighting,BERNEX_VAILLY,07:34:00,0.0,L14_T004,
synthetic_all_stop_counts,alighting,BERNEX_VAILLY,06:37:00,0.0,L14_T005,
synthetic_all_stop_counts,alighting,BERNEX_VAILLY,06:47:00,0.0,L14_T006,
synthetic_all_stop_counts,alighting,BERNEX_VAILLY,06:57:00,0.0,L14_T007,
synthetic_all_stop_counts,alighting,BERNEX_VAILLY,07:07:00,0.0,L14_T008,
synthetic_all_stop_counts,alighting,BERNEX_VAILLY,07:16:00,0.0,L14_T009,
synthetic_all_stop_counts,alighting,BERNEX_VAILLY,08:21:00,0.0,L14_T010,
synthetic_all_stop_counts,alighting,BERNEX_VAILLY,08:11:00,0.0,L14_T011,
synthetic_all_stop_counts,alighting,BERNEX_VAILLY,07:25:00,0.0,L14_T012,
synthetic_all_stop_counts,alighting,BERNEX_VAILLY,07:52:00,0.0,L14_T013,
synthetic_all_stop_counts,alighting,BERNEX_VAILLY,07:43:00,0.0,L14_T014,
synthetic_all_stop_counts,alighting,BERNEX_VAILLY,08:31:00,0.0,L14_T017,
synthetic_all_stop_counts,alighting,BERNEX_VAILLY,08:41:00,0.0,L14_T018,
synthetic_all_stop_counts,alighting,BERNEX_VAILLY,06:12:00,0.0,L14_T019,
synthetic_all_stop_counts,alighting,BERNEX_VAILLY,08:46:00,0.0,L14_T020,
synthetic_all_stop_counts,alighting,BERNEX_VAILLY,07:03:00,0.0,L14_T021,
synthetic_all_stop_counts,alighting,BERNEX_VAILLY,08:27:00,0.0,L14_T022,
synthetic_all_stop_counts,alighting,BERNEX_VAILLY,08:55:00,0.0,L14_T023,
synthetic_all_stop_counts,alighting,BERNEX_VAILLY,07:12:00,0.0,L14_T024,
synthetic_all_stop_counts,alighting,BERNEX_VAILLY,07:21:00,0.0,L14_T025,
synthetic_all_stop_counts,alighting,BERNEX_VAILLY,08:17:00,0.0,L14_T026,
synthetic_all_stop_counts,alighting,BERNEX_VAILLY,08:07:00,0.0,L14_T027,
synthetic_all_stop_counts,alighting,BERNEX_VAILLY,07:57:00,0.0,L14_T028,
synthetic_all_stop_counts,alighting,BERNEX_VAILLY,07:48:00,0.0,L14_T029,
synthetic_all_stop_counts,alighting,BERNEX_VAILLY,07:30:00,0.0,L14_T030,
synthetic_all_stop_counts,alighting,BERNEX_VAILLY,07:39:00,0.0,L14_T031,
synthetic_all_stop_counts,alighting,BERNEX_VAILLY,06:42:00,0.0,L14_T032,
synthetic_all_stop_counts,alighting,BERNEX_VAILLY,06:52:00,0.0,L14_T033,
synthetic_all_stop_counts,alighting,BERNEX_VAILLY,06:32:00,0.0,L14_T034,
synthetic_all_stop_counts,alighting,BERNEX_VAILLY,08:36:00,0.0,L14_T035,
synthetic_all_stop_counts,alighting,BERNEX_VAILLY,07:09:00,0.0,L14_T036,
synthetic_all_stop_counts,alighting,BERNEX_VAILLY,07:16:00,0.0,L14_T037,
synthetic_all_stop_counts,alighting,BERNEX_VAILLY,07:34:00,0.0,L14_T038,
synthetic_all_stop_counts,alighting,BERNEX_VAILLY,07:21:00,0.0,L14_T039,
synthetic_all_stop_counts,alighting,BERNEX_VAILLY,08:00:00,0.0,L14_T040,
synthetic_all_stop_counts,alighting,BERNEX_VAILLY,09:16:00,2.0,L14_T041,
synthetic_all_stop_counts,alighting,BERNEX_VAILLY,08:58:00,0.0,L14_T042,
synthetic_all_stop_counts,alighting,BERNEX_VAILLY,07:03:00,0.0,L14_T043,
synthetic_all_stop_counts,alighting,BERNEX_VAILLY,07:49:00,0.0,L14_T044,
synthetic_all_stop_counts,alighting,BERNEX_VAILLY,08:08:00,0.0,L14_T045,
synthetic_all_stop_counts,alighting,BERNEX_VAILLY,09:43:00,66.0,L14_T046,
synthetic_all_stop_counts,alighting,BERNEX_VAILLY,09:34:00,20.0,L14_T047,
synthetic_all_stop_counts,alighting,BERNEX_VAILLY,08:48:00,0.0,L14_T048,
synthetic_all_stop_counts,alighting,BERNEX_VAILLY,09:07:00,0.0,L14_T049,
synthetic_all_stop_counts,alighting,BERNEX_VAILLY,08:28:00,0.0,L14_T050,
synthetic_all_stop_counts,alighting,BERNEX_VAILLY,08:18:00,0.0,L14_T051,
synthetic_all_stop_counts,alighting,BERNEX_VAILLY,08:38:00,0.0,L14_T052,
synthetic_all_stop_counts,alighting,BERNEX_VAILLY,09:25:00,7.0,L14_T053,
synthetic_all_stop_counts,alighting,BERNEX_VAILLY,07:38:00,0.0,L14_T054,
synthetic_all_stop_counts,alighting,BERNEX_VAILLY,07:24:00,0.0,L14_T055,
synthetic_all_stop_counts,alighting,BERNEX_VAILLY,07:54:00,0.0,L14_T056,
synthetic_all_stop_counts,alighting,BERNEX_VAILLY,09:48:00,108.0,L14_T057,
synthetic_all_stop_counts,alighting,BERNEX_VAILLY,09:39:00,39.0,L14_T058,
synthetic_all_stop_counts,alighting,BERNEX_VAILLY,09:30:00,20.0,L14_T059,
synthetic_all_stop_counts,alighting,BERNEX_VAILLY,08:24:00,0.0,L14_T060,
synthetic_all_stop_counts,alighting,BERNEX_VAILLY,08:34:00,0.0,L14_T061,
synthetic_all_stop_counts,alighting,BERNEX_VAILLY,07:43:00,0.0,L14_T063,
synthetic_all_stop_counts,alighting,BERNEX_VAILLY,08:04:00,0.0,L14_T064,
synthetic_all_stop_counts,alighting,BERNEX_VAILLY,09:11:00,3.0,L14_T065,
synthetic_all_stop_counts,alighting,BERNEX_VAILLY,08:14:00,0.0,L14_T066,
synthetic_all_stop_counts,alighting,BERNEX_VAILLY,08:43:00,0.0,L14_T067,
synthetic_all_stop_counts,alighting,BERNEX_VAILLY,08:53:00,0.0,L14_T068,
synthetic_all_stop_counts,alighting,BERNEX_VAILLY,09:02:00,1.0,L14_T069,
synthetic_all_stop_counts,alighting,BERNEX_VAILLY,07:13:00,0.0,L14_T070,
synthetic_all_stop_counts,alighting,BERNEX_VAILLY,07:32:00,0.0,L14_T071,
synthetic_all_stop_counts,alighting,BERNEX_VAILLY,09:20:00,9.0,L14_T072,
synthetic_all_stop_counts,alighting,CAROUGE_GE_ANCIENNE,06:35:00,0.0,L12_T001,
synthetic_all_stop_counts,alighting,CAROUGE_GE_ANCIENNE,07:15:00,0.0,L12_T002,
synthetic_all_stop_counts,alighting,CAROUGE_GE_ANCIENNE,08:39:00,0.0,L12_T003,
synthetic_all_stop_counts,alighting,CAROUGE_GE_ANCIENNE,07:24:00,0.0,L12_T004,
synthetic_all_stop_counts,alighting,CAROUGE_GE_ANCIENNE,07:52:00,0.0,L12_T005,
synthetic_all_stop_counts,alighting,CAROUGE_GE_ANCIENNE,08:20:00,0.0,L12_T006,
synthetic_all_stop_counts,alighting,CAROUGE_GE_ANCIENNE,06:55:00,0.0,L12_T007,
synthetic_all_stop_counts,alighting,CAROUGE_GE_ANCIENNE,06:45:00,0.0,L12_T008,
synthetic_all_stop_counts,alighting,CAROUGE_GE_ANCIENNE,07:05:00,0.0,L12_T009,
synthetic_all_stop_counts,alighting,CAROUGE_GE_ANCIENNE,08:01:00,0.0,L12_T010,
synthetic_all_stop_counts,alighting,CAROUGE_GE_ANCIENNE,08:29:00,0.0,L12_T011,
synthetic_all_stop_counts,alighting,CAROUGE_GE_ANCIENNE,07:33:00,0.0,L12_T012,
synthetic_all_stop_counts,alighting,CAROUGE_GE_ANCIENNE,08:48:00,0.0,L12_T013,
synthetic_all_stop_counts,alighting,CAROUGE_GE_ANCIENNE,07:42:00,0.0,L12_T014,
synthetic_all_stop_counts,alighting,CAROUGE_GE_ANCIENNE,08:10:00,0.0,L12_T015,
synthetic_all_stop_counts,alighting,CAROUGE_GE_ANCIENNE,08:57:00,0.0,L12_T016,
synthetic_all_stop_counts,alighting,CAROUGE_GE_ANCIENNE,08:53:00,0.0,L12_T017,
synthetic_all_stop_counts,alighting,CAROUGE_GE_ANCIENNE,08:06:00,0.0,L12_T018,
synthetic_all_stop_counts,alighting,CAROUGE_GE_ANCIENNE,06:40:00,0.0,L12_T019,
synthetic_all_stop_counts,alighting,CAROUGE_GE_ANCIENNE,06:50:00,0.0,L12_T020,
synthetic_all_stop_counts,alighting,CAROUGE_GE_ANCIENNE,07:00:00,0.0,L12_T021,
synthetic_all_stop_counts,alighting,CAROUGE_GE_ANCIENNE,06:33:00,0.0,L12_T022,
synthetic_all_stop_counts,alighting,CAROUGE_GE_ANCIENNE,07:10:00,0.0,L12_T023,
synthetic_all_stop_counts,alighting,CAROUGE_GE_ANCIENNE,07:19:00,0.0,L12_T024,
synthetic_all_stop_counts,alighting,CAROUGE_GE_ANCIENNE,07:37:00,0.0,L12_T025,
synthetic_all_stop_counts,alighting,CAROUGE_GE_ANCIENNE,09:02:00,0.0,L12_T026,
synthetic_all_stop_counts,alighting,CAROUGE_GE_ANCIENNE,08:24:00,0.0,L12_T027,
synthetic_all_stop_counts,alighting,CAROUGE_GE_ANCIENNE,08:34:00,0.0,L12_T028,
synthetic_all_stop_counts,alighting,CAROUGE_GE_ANCIENNE,07:47:00,0.0,L12_T029,
synthetic_all_stop_counts,alighting,CAROUGE_GE_ANCIENNE,08:15:00,0.0,L12_T030,
synthetic_all_stop_counts,alighting,CAROUGE_GE_ANCIENNE,08:43:00,0.0,L12_T031,
synthetic_all_stop_counts,alighting,CAROUGE_GE_ANCIENNE,07:56:00,0.0,L12_T032,
synthetic_all_stop_counts,alighting,CAROUGE_GE_ANCIENNE,07:28:00,0.0,L12_T033,
synthetic_all_stop_counts,alighting,CAROUGE_GE_ANCIENNE,07:37:00,0.0,L12_T034,
synthetic_all_stop_counts,alighting,CAROUGE_GE_ANCIENNE,09:31:00,0.0,L12_T035,
synthetic_all_stop_counts,alighting,CAROUGE_GE_ANCIENNE,07:15:00,0.0,L12_T036,
synthetic_all_stop_counts,alighting,CAROUGE_GE_ANCIENNE,07:04:00,0.0,L12_T037,
synthetic_all_stop_counts,alighting,CAROUGE_GE_ANCIENNE,07:47:00,0.0,L12_T038,
synthetic_all_stop_counts,alighting,CAROUGE_GE_ANCIENNE,08:06:00,0.0,L12_T039,
synthetic_all_stop_counts,alighting,CAROUGE_GE_ANCIENNE,09:12:00,0.0,L12_T040,
synthetic_all_stop_counts,alighting,CAROUGE_GE_ANCIENNE,08:25:00,0.0,L12_T041,
synthetic_all_stop_counts,alighting,CAROUGE_GE_ANCIENNE,08:45:00,0.0,L12_T042,
synthetic_all_stop_counts,alighting,CAROUGE_GE_ANCIENNE,07:25:00,0.0,L12_T043,
synthetic_all_stop_counts,alighting,CAROUGE_GE_ANCIENNE,08:54:00,0.0,L12_T044,
synthetic_all_stop_counts,alighting,CAROUGE_GE_ANCIENNE,07:56:00,0.0,L12_T045,
synthetic_all_stop_counts,alighting,CAROUGE_GE_ANCIENNE,08:35:00,0.0,L12_T046,
synthetic_all_stop_counts,alighting,CAROUGE_GE_ANCIENNE,08:16:00,0.0,L12_T047,
synthetic_all_stop_counts,alighting,CAROUGE_GE_ANCIENNE,09:03:00,0.0,L12_T048,
synthetic_all_stop_counts,alighting,CAROUGE_GE_ANCIENNE,09:21:00,0.0,L12_T049,
synthetic_all_stop_counts,alighting,CAROUGE_GE_ANCIENNE,09:26:00,0.0,L12_T050,
synthetic_all_stop_counts,alighting,CAROUGE_GE_ANCIENNE,06:56:00,0.0,L12_T051,
synthetic_all_stop_counts,alighting,CAROUGE_GE_ANCIENNE,07:10:00,0.0,L12_T052,
synthetic_all_stop_counts,alighting,CAROUGE_GE_ANCIENNE,07:19:00,0.0,L12_T053,
synthetic_all_stop_counts,alighting,CAROUGE_GE_ANCIENNE,07:31:00,0.0,L12_T054,
synthetic_all_stop_counts,alighting,CAROUGE_GE_ANCIENNE,07:52:00,0.0,L12_T055,
synthetic_all_stop_counts,alighting,CAROUGE_GE_ANCIENNE,09:17:00,0.0,L12_T056,
synthetic_all_stop_counts,alighting,CAROUGE_GE_ANCIENNE,08:49:00,0.0,L12_T057,
synthetic_all_stop_counts,alighting,CAROUGE_GE_ANCIENNE,08:59:00,0.0,L12_T058,
synthetic_all_stop_counts,alighting,CAROUGE_GE_ANCIENNE,07:42:00,0.0,L12_T059,
synthetic_all_stop_counts,alighting,CAROUGE_GE_ANCIENNE,08:01:00,0.0,L12_T060,
synthetic_all_stop_counts,alighting,CAROUGE_GE_ANCIENNE,08:31:00,0.0,L12_T061,
synthetic_all_stop_counts,alighting,CAROUGE_GE_ANCIENNE,08:21:00,0.0,L12_T062,
synthetic_all_stop_counts,alighting,CAROUGE_GE_ANCIENNE,09:08:00,0.0,L12_T063,
synthetic_all_stop_counts,alighting,CAROUGE_GE_ANCIENNE,08:40:00,0.0,L12_T064,
synthetic_all_stop_counts,alighting,CAROUGE_GE_ANCIENNE,08:11:00,0.0,L12_T065,
synthetic_all_stop_counts,alighting,CAROUGE_GE_ANCIENNE,06:57:00,0.0,L18_T001,
synthetic_all_stop_counts,alighting,CAROUGE_GE_ANCIENNE,06:37:00,0.0,L18_T002,
synthetic_all_stop_counts,alighting,CAROUGE_GE_ANCIENNE,08:13:00,0.0,L18_T003,
synthetic_all_stop_counts,alighting,CAROUGE_GE_ANCIENNE,07:17:00,0.0,L18_T004,
synthetic_all_stop_counts,alighting,CAROUGE_GE_ANCIENNE,08:50:00,0.0,L18_T005,
synthetic_all_stop_counts,alighting,CAROUGE_GE_ANCIENNE,09:09:00,0.0,L18_T006,
synthetic_all_stop_counts,alighting,CAROUGE_GE_ANCIENNE,07:54:00,0.0,L18_T007,
synthetic_all_stop_counts,alighting,CAROUGE_GE_ANCIENNE,08:31:00,0.0,L18_T008,
synthetic_all_stop_counts,alighting,CAROUGE_GE_ANCIENNE,07:35:00,0.0,L18_T009,
synthetic_all_stop_counts,alighting,CAROUGE_GE_ANCIENNE,06:47:00,0.0,L18_T010,
synthetic_all_stop_counts,alighting,CAROUGE_GE_ANCIENNE,07:07:00,0.0,L18_T011,
synthetic_all_stop_counts,alighting,CAROUGE_GE_ANCIENNE,08:22:00,0.0,L18_T012,
synthetic_all_stop_counts,alighting,CAROUGE_GE_ANCIENNE,08:41:00,0.0,L18_T013,
synthetic_all_stop_counts,alighting,CAROUGE_GE_ANCIENNE,09:00:00,0.0,L18_T014,
synthetic_all_stop_counts,alighting,CAROUGE_GE_ANCIENNE,07:45:00,0.0,L18_T015,
synthetic_all_stop_counts,alighting,CAROUGE_GE_ANCIENNE,07:26:00,0.0,L18_T016,
synthetic_all_stop_counts,alighting,CAROUGE_GE_ANCIENNE,08:03:00,0.0,L18_T017,
synthetic_all_stop_counts,alighting,CAROUGE_GE_ANCIENNE,07:08:00,0.0,L18_T019,
synthetic_all_stop_counts,alighting,CAROUGE_GE_ANCIENNE,07:40:00,0.0,L18_T020,
synthetic_all_stop_counts,alighting,CAROUGE_GE_ANCIENNE,08:57:00,0.0,L18_T021,
synthetic_all_stop_counts,alighting,CAROUGE_GE_ANCIENNE,07:59:00,0.0,L18_T022,
synthetic_all_stop_counts,alighting,CAROUGE_GE_ANCIENNE,08:19:00,0.0,L18_T023,
synthetic_all_stop_counts,alighting,CAROUGE_GE_ANCIENNE,09:15:00,0.0,L18_T024,
synthetic_all_stop_counts,alighting,CAROUGE_GE_ANCIENNE,09:33:00,0.0,L18_T025,
synthetic_all_stop_counts,alighting,CAROUGE_GE_ANCIENNE,08:38:00,0.0,L18_T026,
synthetic_all_stop_counts,alighting,CAROUGE_GE_ANCIENNE,06:54:00,0.0,L18_T027,
synthetic_all_stop_counts,alighting,CAROUGE_GE_ANCIENNE,08:28:00,0.0,L18_T028,
synthetic_all_stop_counts,alighting,CAROUGE_GE_ANCIENNE,07:18:00,0.0,L18_T029,
synthetic_all_stop_counts,alighting,CAROUGE_GE_ANCIENNE,07:29:00,0.0,L18_T030,
synthetic_all_stop_counts,alighting,CAROUGE_GE_ANCIENNE,09:06:00,0.0,L18_T031,
synthetic_all_stop_counts,alighting,CAROUGE_GE_ANCIENNE,08:47:00,0.0,L18_T032,
synthetic_all_stop_counts,alighting,CAROUGE_GE_ANCIENNE,08:09:00,0.0,L18_T033,
synthetic_all_stop_counts,alighting,CAROUGE_GE_ANCIENNE,07:49:00,0.0,L18_T034,
synthetic_all_stop_counts,alighting,CAROUGE_GE_ANCIENNE,09:24:00,0.0,L18_T035,
synthetic_all_stop_counts,alighting,CAROUGE_GE_ARMES,06:38:00,0.0,L12_T001,
synthetic_all_stop_counts,alighting,CAROUGE_GE_ARMES,07:18:00,0.0,L12_T002,
synthetic_all_stop_counts,alighting,CAROUGE_GE_ARMES,08:42:00,0.0,L12_T003,
synthetic_all_stop_counts,alighting,CAROUGE_GE_ARMES,07:27:00,0.0,L12_T004,
synthetic_all_stop_counts,alighting,CAROUGE_GE_ARMES,07:55:00,0.0,L12_T005,
synthetic_all_stop_counts,alighting,CAROUGE_GE_ARMES,08:23:00,0.0,L12_T006,
synthetic_all_stop_counts,alighting,CAROUGE_GE_ARMES,06:58:00,0.0,L12_T007,
synthetic_all_stop_counts,alighting,CAROUGE_GE_ARMES,06:48:00,0.0,L12_T008,
synthetic_all_stop_counts,alighting,CAROUGE_GE_ARMES,07:08:00,0.0,L12_T009,
synthetic_all_stop_counts,alighting,CAROUGE_GE_ARMES,08:04:00,0.0,L12_T010,
synthetic_all_stop_counts,alighting,CAROUGE_GE_ARMES,08:32:00,0.0,L12_T011,
synthetic_all_stop_counts,alighting,CAROUGE_GE_ARMES,07:36:00,0.0,L12_T012,
synthetic_all_stop_counts,alighting,CAROUGE_GE_ARMES,08:51:00,0.0,L12_T013,
synthetic_all_stop_counts,alighting,CAROUGE_GE_ARMES,07:46:00,0.0,L12_T014,
synthetic_all_stop_counts,alighting,CAROUGE_GE_ARMES,08:14:00,0.0,L12_T015,
synthetic_all_stop_counts,alighting,CAROUGE_GE_ARMES,09:01:00,0.0,L12_T016,
synthetic_all_stop_counts,alighting,CAROUGE_GE_ARMES,08:56:00,0.0,L12_T017,
synthetic_all_stop_counts,alighting,CAROUGE_GE_ARMES,08:09:00,0.0,L12_T018,
synthetic_all_stop_counts,alighting,CAROUGE_GE_ARMES,06:43:00,0.0,L12_T019,
synthetic_all_stop_counts,alighting,CAROUGE_GE_ARMES,06:53:00,0.0,L12_T020,
synthetic_all_stop_counts,alighting,CAROUGE_GE_ARMES,07:03:00,0.0,L12_T021,
synthetic_all_stop_counts,alighting,CAROUGE_GE_ARMES,06:36:00,0.0,L12_T022,
synthetic_all_stop_counts,alighting,CAROUGE_GE_ARMES,07:13:00,0.0,L12_T023,
synthetic_all_stop_counts,alighting,CAROUGE_GE_ARMES,07:22:00,0.0,L12_T024,
synthetic_all_stop_counts,alighting,CAROUGE_GE_ARMES,07:40:00,0.0,L12_T025,
synthetic_all_stop_counts,alighting,CAROUGE_GE_ARMES,09:05:00,0.0,L12_T026,
synthetic_all_stop_counts,alighting,CAROUGE_GE_ARMES,08:27:00,0.0,L12_T027,
synthetic_all_stop_counts,alighting,CAROUGE_GE_ARMES,08:37:00,0.0,L12_T028,
synthetic_all_stop_counts,alighting,CAROUGE_GE_ARMES,07:50:00,0.0,L12_T029,
synthetic_all_stop_counts,alighting,CAROUGE_GE_ARMES,08:18:00,0.0,L12_T030,
synthetic_all_stop_counts,alighting,CAROUGE_GE_ARMES,08:47:00,0.0,L12_T031,
synthetic_all_stop_counts,alighting,CAROUGE_GE_ARMES,08:00:00,0.0,L12_T032,
synthetic_all_stop_counts,alighting,CAROUGE_GE_ARMES,07:32:00,0.0,L12_T033,
synthetic_all_stop_counts,alighting,CAROUGE_GE_ARMES,07:34:00,0.0,L12_T034,
synthetic_all_stop_counts,alighting,CAROUGE_GE_ARMES,09:28:00,0.0,L12_T035,
synthetic_all_stop_counts,alighting,CAROUGE_GE_ARMES,07:12:00,0.0,L12_T036,
synthetic_all_stop_counts,alighting,CAROUGE_GE_ARMES,07:01:00,0.0,L12_T037,
synthetic_all_stop_counts,alighting,CAROUGE_GE_ARMES,07:44:00,0.0,L12_T038,
synthetic_all_stop_counts,alighting,CAROUGE_GE_ARMES,08:03:00,0.0,L12_T039,
synthetic_all_stop_counts,alighting,CAROUGE_GE_ARMES,09:09:00,0.0,L12_T040,
synthetic_all_stop_counts,alighting,CAROUGE_GE_ARMES,08:22:00,0.0,L12_T041,
synthetic_all_stop_counts,alighting,CAROUGE_GE_ARMES,08:42:00,0.0,L12_T042,
synthetic_all_stop_counts,alighting,CAROUGE_GE_ARMES,07:22:00,0.0,L12_T043,
synthetic_all_stop_counts,alighting,CAROUGE_GE_ARMES,08:51:00,0.0,L12_T044,
synthetic_all_stop_counts,alighting,CAROUGE_GE_ARMES,07:53:00,0.0,L12_T045,
synthetic_all_stop_counts,alighting,CAROUGE_GE_ARMES,08:32:00,0.0,L12_T046,
synthetic_all_stop_counts,alighting,CAROUGE_GE_ARMES,08:13:00,0.0,L12_T047,
synthetic_all_stop_counts,alighting,CAROUGE_GE_ARMES,09:00:00,0.0,L12_T048,
synthetic_all_stop_counts,alighting,CAROUGE_GE_ARMES,09:18:00,0.0,L12_T049,
synthetic_all_stop_counts,alighting,CAROUGE_GE_ARMES,09:23:00,0.0,L12_T050,
synthetic_all_stop_counts,alighting,CAROUGE_GE_ARMES,06:53:00,0.0,L12_T051,
synthetic_all_stop_counts,alighting,CAROUGE_GE_ARMES,07:07:00,0.0,L12_T052,
synthetic_all_stop_counts,alighting,CAROUGE_GE_ARMES,07:16:00,0.0,L12_T053,
synthetic_all_stop_counts,alighting,CAROUGE_GE_ARMES,07:28:00,0.0,L12_T054,
synthetic_all_stop_counts,alighting,CAROUGE_GE_ARMES,07:49:00,0.0,L12_T055,
synthetic_all_stop_counts,alighting,CAROUGE_GE_ARMES,09:14:00,0.0,L12_T056,
synthetic_all_stop_counts,alighting,CAROUGE_GE_ARMES,08:46:00,0.0,L12_T057,
synthetic_all_stop_counts,alighting,CAROUGE_GE_ARMES,08:56:00,0.0,L12_T058,
synthetic_all_stop_counts,alighting,CAROUGE_GE_ARMES,07:39:00,0.0,L12_T059,
synthetic_all_stop_counts,alighting,CAROUGE_GE_ARMES,07:58:00,0.0,L12_T060,
synthetic_all_stop_counts,alighting,CAROUGE_GE_ARMES,08:28:00,0.0,L12_T061,
synthetic_all_stop_counts,alighting,CAROUGE_GE_ARMES,08:18:00,0.0,L12_T062,
synthetic_all_stop_counts,alighting,CAROUGE_GE_ARMES,09:05:00,0.0,L12_T063,
synthetic_all_stop_counts,alighting,CAROUGE_GE_ARMES,08:37:00,0.0,L12_T064,
synthetic_all_stop_counts,alighting,CAROUGE_GE_ARMES,08:08:00,0.0,L12_T065,
synthetic_all_stop_counts,alighting,CAROUGE_GE_ARMES,07:00:00,0.0,L18_T001,
synthetic_all_stop_counts,alighting,CAROUGE_GE_ARMES,06:40:00,0.0,L18_T002,
synthetic_all_stop_counts,alighting,CAROUGE_GE_ARMES,08:16:00,0.0,L18_T003,
synthetic_all_stop_counts,alighting,CAROUGE_GE_ARMES,07:20:00,0.0,L18_T004,
synthetic_all_stop_counts,alighting,CAROUGE_GE_ARMES,08:53:00,0.0,L18_T005,
synthetic_all_stop_counts,alighting,CAROUGE_GE_ARMES,09:12:00,0.0,L18_T006,
synthetic_all_stop_counts,alighting,CAROUGE_GE_ARMES,07:57:00,0.0,L18_T007,
synthetic_all_stop_counts,alighting,CAROUGE_GE_ARMES,08:35:00,0.0,L18_T008,
synthetic_all_stop_counts,alighting,CAROUGE_GE_ARMES,07:39:00,0.0,L18_T009,
synthetic_all_stop_counts,alighting,CAROUGE_GE_ARMES,06:50:00,0.0,L18_T010,
synthetic_all_stop_counts,alighting,CAROUGE_GE_ARMES,07:10:00,0.0,L18_T011,
synthetic_all_stop_counts,alighting,CAROUGE_GE_ARMES,08:25:00,0.0,L18_T012,
synthetic_all_stop_counts,alighting,CAROUGE_GE_ARMES,08:44:00,0.0,L18_T013,
synthetic_all_stop_counts,alighting,CAROUGE_GE_ARMES,09:03:00,0.0,L18_T014,
synthetic_all_stop_counts,alighting,CAROUGE_GE_ARMES,07:48:00,0.0,L18_T015,
synthetic_all_stop_counts,alighting,CAROUGE_GE_ARMES,07:29:00,0.0,L18_T016,
synthetic_all_stop_counts,alighting,CAROUGE_GE_ARMES,08:07:00,0.0,L18_T017,
synthetic_all_stop_counts,alighting,CAROUGE_GE_ARMES,07:05:00,0.0,L18_T019,
synthetic_all_stop_counts,alighting,CAROUGE_GE_ARMES,07:37:00,0.0,L18_T020,
synthetic_all_stop_counts,alighting,CAROUGE_GE_ARMES,08:54:00,0.0,L18_T021,
synthetic_all_stop_counts,alighting,CAROUGE_GE_ARMES,07:56:00,0.0,L18_T022,
synthetic_all_stop_counts,alighting,CAROUGE_GE_ARMES,08:16:00,0.0,L18_T023,
synthetic_all_stop_counts,alighting,CAROUGE_GE_ARMES,09:12:00,0.0,L18_T024,
synthetic_all_stop_counts,alighting,CAROUGE_GE_ARMES,09:30:00,0.0,L18_T025,
synthetic_all_stop_counts,alighting,CAROUGE_GE_ARMES,08:35:00,0.0,L18_T026,
synthetic_all_stop_counts,alighting,CAROUGE_GE_ARMES,06:51:00,0.0,L18_T027,
synthetic_all_stop_counts,alighting,CAROUGE_GE_ARMES,08:25:00,0.0,L18_T028,
synthetic_all_stop_counts,alighting,CAROUGE_GE_ARMES,07:15:00,0.0,L18_T029,
synthetic_all_stop_counts,alighting,CAROUGE_GE_ARMES,07:26:00,0.0,L18_T030,
synthetic_all_stop_counts,alighting,CAROUGE_GE_ARMES,09:03:00,0.0,L18_T031,
synthetic_all_stop_counts,alighting,CAROUGE_GE_ARMES,08:44:00,0.0,L18_T032,
synthetic_all_stop_counts,alighting,CAROUGE_GE_ARMES,08:06:00,0.0,L18_T033,
synthetic_all_stop_counts,alighting,CAROUGE_GE_ARMES,07:46:00,0.0,L18_T034,
synthetic_all_stop_counts,alighting,CAROUGE_GE_ARMES,09:21:00,0.0,L18_T035,
synthetic_all_stop_counts,alighting,CAROUGE_GE_MARCHE,06:36:00,0.0,L12_T001,
synthetic_all_stop_counts,alighting,CAROUGE_GE_MARCHE,07:16:00,0.0,L12_T002,
synthetic_all_stop_counts,alighting,CAROUGE_GE_MARCHE,08:40:00,0.0,L12_T003,
synthetic_all_stop_counts,alighting,CAROUGE_GE_MARCHE,07:25:00,0.0,L12_T004,
synthetic_all_stop_counts,alighting,CAROUGE_GE_MARCHE,07:53:00,0.0,L12_T005,
synthetic_all_stop_counts,alighting,CAROUGE_GE_MARCHE,08:21:00,0.0,L12_T006,
synthetic_all_stop_counts,alighting,CAROUGE_GE_MARCHE,06:56:00,0.0,L12_T007,
synthetic_all_stop_counts,alighting,CAROUGE_GE_MARCHE,06:46:00,0.0,L12_T008,
synthetic_all_stop_counts,alighting,CAROUGE_GE_MARCHE,07:06:00,0.0,L12_T009,
synthetic_all_stop_counts,alighting,CAROUGE_GE_MARCHE,08:02:00,0.0,L12_T010,
synthetic_all_stop_counts,alighting,CAROUGE_GE_MARCHE,08:30:00,0.0,L12_T011,
synthetic_all_stop_counts,alighting,CAROUGE_GE_MARCHE,07:34:00,0.0,L12_T012,
synthetic_all_stop_counts,alighting,CAROUGE_GE_MARCHE,08:49:00,0.0,L12_T013,
synthetic_all_stop_counts,alighting,CAROUGE_GE_MARCHE,07:44:00,0.0,L12_T014,
synthetic_all_stop_counts,alighting,CAROUGE_GE_MARCHE,08:12:00,0.0,L12_T015,
synthetic_all_stop_counts,alighting,CAROUGE_GE_MARCHE,08:59:00,0.0,L12_T016,
synthetic_all_stop_counts,alighting,CAROUGE_GE_MARCHE,08:54:00,0.0,L12_T017,
synthetic_all_stop_counts,alighting,CAROUGE_GE_MARCHE,08:07:00,0.0,L12_T018,
synthetic_all_stop_counts,alighting,CAROUGE_GE_MARCHE,06:41:00,0.0,L12_T019,
synthetic_all_stop_counts,alighting,CAROUGE_GE_MARCHE,06:51:00,0.0,L12_T020,
synthetic_all_stop_counts,alighting,CAROUGE_GE_MARCHE,07:01:00,0.0,L12_T021,
synthetic_all_stop_counts,alighting,CAROUGE_GE_MARCHE,06:34:00,0.0,L12_T022,
synthetic_all_stop_counts,alighting,CAROUGE_GE_MARCHE,07:11:00,0.0,L12_T023,
synthetic_all_stop_counts,alighting,CAROUGE_GE_MARCHE,07:20:00,0.0,L12_T024,
synthetic_all_stop_counts,alighting,CAROUGE_GE_MARCHE,07:38:00,0.0,L12_T025,
synthetic_all_stop_counts,alighting,CAROUGE_GE_MARCHE,09:03:00,0.0,L12_T026,
synthetic_all_stop_counts,alighting,CAROUGE_GE_MARCHE,08:25:00,0.0,L12_T027,
synthetic_all_stop_counts,alighting,CAROUGE_GE_MARCHE,08:35:00,0.0,L12_T028,
synthetic_all_stop_counts,alighting,CAROUGE_GE_MARCHE,07:48:00,0.0,L12_T029,
synthetic_all_stop_counts,alighting,CAROUGE_GE_MARCHE,08:16:00,0.0,L12_T030,
synthetic_all_stop_counts,alighting,CAROUGE_GE_MARCHE,08:45:00,0.0,L12_T031,
synthetic_all_stop_counts,alighting,CAROUGE_GE_MARCHE,07:58:00,0.0,L12_T032,
synthetic_all_stop_counts,alighting,CAROUGE_GE_MARCHE,07:30:00,0.0,L12_T033,
synthetic_all_stop_counts,alighting,CAROUGE_GE_MARCHE,07:35:00,0.0,L12_T034,
synthetic_all_stop_counts,alighting,CAROUGE_GE_MARCHE,09:29:00,12.0,L12_T035,
synthetic_all_stop_counts,alighting,CAROUGE_GE_MARCHE,07:14:00,0.0,L12_T036,
synthetic_all_stop_counts,alighting,CAROUGE_GE_MARCHE,07:03:00,0.0,L12_T037,
synthetic_all_stop_counts,alighting,CAROUGE_GE_MARCHE,07:45:00,0.0,L12_T038,
synthetic_all_stop_counts,alighting,CAROUGE_GE_MARCHE,08:04:00,0.0,L12_T039,
synthetic_all_stop_counts,alighting,CAROUGE_GE_MARCHE,09:11:00,2.0,L12_T040,
synthetic_all_stop_counts,alighting,CAROUGE_GE_MARCHE,08:24:00,0.0,L12_T041,
synthetic_all_stop_counts,alighting,CAROUGE_GE_MARCHE,08:43:00,0.0,L12_T042,
synthetic_all_stop_counts,alighting,CAROUGE_GE_MARCHE,07:23:00,0.0,L12_T043,
synthetic_all_stop_counts,alighting,CAROUGE_GE_MARCHE,08:52:00,0.0,L12_T044,
synthetic_all_stop_counts,alighting,CAROUGE_GE_MARCHE,07:55:00,0.0,L12_T045,
synthetic_all_stop_counts,alighting,CAROUGE_GE_MARCHE,08:33:00,0.0,L12_T046,
synthetic_all_stop_counts,alighting,CAROUGE_GE_MARCHE,08:14:00,0.0,L12_T047,
synthetic_all_stop_counts,alighting,CAROUGE_GE_MARCHE,09:02:00,1.0,L12_T048,
synthetic_all_stop_counts,alighting,CAROUGE_GE_MARCHE,09:20:00,5.0,L12_T049,
synthetic_all_stop_counts,alighting,CAROUGE_GE_MARCHE,09:24:00,30.0,L12_T050,
synthetic_all_stop_counts,alighting,CAROUGE_GE_MARCHE,06:54:00,0.0,L12_T051,
synthetic_all_stop_counts,alighting,CAROUGE_GE_MARCHE,07:09:00,0.0,L12_T052,
synthetic_all_stop_counts,alighting,CAROUGE_GE_MARCHE,07:18:00,0.0,L12_T053,
synthetic_all_stop_counts,alighting,CAROUGE_GE_MARCHE,07:29:00,0.0,L12_T054,
synthetic_all_stop_counts,alighting,CAROUGE_GE_MARCHE,07:50:00,0.0,L12_T055,
synthetic_all_stop_counts,alighting,CAROUGE_GE_MARCHE,09:15:00,10.0,L12_T056,
synthetic_all_stop_counts,alighting,CAROUGE_GE_MARCHE,08:47:00,0.0,L12_T057,
synthetic_all_stop_counts,alighting,CAROUGE_GE_MARCHE,08:57:00,1.0,L12_T058,
synthetic_all_stop_counts,alighting,CAROUGE_GE_MARCHE,07:40:00,0.0,L12_T059,
synthetic_all_stop_counts,alighting,CAROUGE_GE_MARCHE,08:00:00,0.0,L12_T060,
synthetic_all_stop_counts,alighting,CAROUGE_GE_MARCHE,08:29:00,0.0,L12_T061,
synthetic_all_stop_counts,alighting,CAROUGE_GE_MARCHE,08:19:00,0.0,L12_T062,
synthetic_all_stop_counts,alighting,CAROUGE_GE_MARCHE,09:06:00,3.0,L12_T063,
synthetic_all_stop_counts,alighting,CAROUGE_GE_MARCHE,08:38:00,0.0,L12_T064,
synthetic_all_stop_counts,alighting,CAROUGE_GE_MARCHE,08:09:00,0.0,L12_T065,
synthetic_all_stop_counts,alighting,CAROUGE_GE_MARCHE,06:59:00,0.0,L18_T001,
synthetic_all_stop_counts,alighting,CAROUGE_GE_MARCHE,06:39:00,0.0,L18_T002,
synthetic_all_stop_counts,alighting,CAROUGE_GE_MARCHE,08:14:00,0.0,L18_T003,
synthetic_all_stop_counts,alighting,CAROUGE_GE_MARCHE,07:18:00,0.0,L18_T004,
synthetic_all_stop_counts,alighting,CAROUGE_GE_MARCHE,08:51:00,0.0,L18_T005,
synthetic_all_stop_counts,alighting,CAROUGE_GE_MARCHE,09:10:00,0.0,L18_T006,
synthetic_all_stop_counts,alighting,CAROUGE_GE_MARCHE,07:55:00,0.0,L18_T007,
synthetic_all_stop_counts,alighting,CAROUGE_GE_MARCHE,08:33:00,0.0,L18_T008,
synthetic_all_stop_counts,alighting,CAROUGE_GE_MARCHE,07:37:00,0.0,L18_T009,
synthetic_all_stop_counts,alighting,CAROUGE_GE_MARCHE,06:49:00,0.0,L18_T010,
synthetic_all_stop_counts,alighting,CAROUGE_GE_MARCHE,07:09:00,0.0,L18_T011,
synthetic_all_stop_counts,alighting,CAROUGE_GE_MARCHE,08:23:00,0.0,L18_T012,
synthetic_all_stop_counts,alighting,CAROUGE_GE_MARCHE,08:42:00,0.0,L18_T013,
synthetic_all_stop_counts,alighting,CAROUGE_GE_MARCHE,09:01:00,0.0,L18_T014,
synthetic_all_stop_counts,alighting,CAROUGE_GE_MARCHE,07:46:00,0.0,L18_T015,
synthetic_all_stop_counts,alighting,CAROUGE_GE_MARCHE,07:27:00,0.0,L18_T016,
synthetic_all_stop_counts,alighting,CAROUGE_GE_MARCHE,08:05:00,0.0,L18_T017,
synthetic_all_stop_counts,alighting,CAROUGE_GE_MARCHE,07:06:00,0.0,L18_T019,
synthetic_all_stop_counts,alighting,CAROUGE_GE_MARCHE,07:38:00,0.0,L18_T020,
synthetic_all_stop_counts,alighting,CAROUGE_GE_MARCHE,08:55:00,1.0,L18_T021,
synthetic_all_stop_counts,alighting,CAROUGE_GE_MARCHE,07:57:00,0.0,L18_T022,
synthetic_all_stop_counts,alighting,CAROUGE_GE_MARCHE,08:17:00,0.0,L18_T023,
synthetic_all_stop_counts,alighting,CAROUGE_GE_MARCHE,09:13:00,6.0,L18_T024,
synthetic_all_stop_counts,alighting,CAROUGE_GE_MARCHE,09:31:00,36.0,L18_T025,
synthetic_all_stop_counts,alighting,CAROUGE_GE_MARCHE,08:36:00,0.0,L18_T026,
synthetic_all_stop_counts,alighting,CAROUGE_GE_MARCHE,06:52:00,0.0,L18_T027,
synthetic_all_stop_counts,alighting,CAROUGE_GE_MARCHE,08:27:00,0.0,L18_T028,
synthetic_all_stop_counts,alighting,CAROUGE_GE_MARCHE,07:16:00,0.0,L18_T029,
synthetic_all_stop_counts,alighting,CAROUGE_GE_MARCHE,07:27:00,0.0,L18_T030,
synthetic_all_stop_counts,alighting,CAROUGE_GE_MARCHE,09:04:00,2.0,L18_T031,
synthetic_all_stop_counts,alighting,CAROUGE_GE_MARCHE,08:46:00,0.0,L18_T032,
synthetic_all_stop_counts,alighting,CAROUGE_GE_MARCHE,08:07:00,0.0,L18_T033,
synthetic_all_stop_counts,alighting,CAROUGE_GE_MARCHE,07:48:00,0.0,L18_T034,
synthetic_all_stop_counts,alighting,CAROUGE_GE_MARCHE,09:22:00,16.0,L18_T035,
synthetic_all_stop_counts,alighting,CAROUGE_GE_RONDEAU,06:34:00,0.0,L12_T001,
synthetic_all_stop_counts,alighting,CAROUGE_GE_RONDEAU,07:14:00,0.0,L12_T002,
synthetic_all_stop_counts,alighting,CAROUGE_GE_RONDEAU,08:38:00,0.0,L12_T003,
synthetic_all_stop_counts,alighting,CAROUGE_GE_RONDEAU,07:23:00,0.0,L12_T004,
synthetic_all_stop_counts,alighting,CAROUGE_GE_RONDEAU,07:51:00,0.0,L12_T005,
synthetic_all_stop_counts,alighting,CAROUGE_GE_RONDEAU,08:19:00,0.0,L12_T006,
synthetic_all_stop_counts,alighting,CAROUGE_GE_RONDEAU,06:54:00,0.0,L12_T007,
synthetic_all_stop_counts,alighting,CAROUGE_GE_RONDEAU,06:44:00,0.0,L12_T008,
synthetic_all_stop_counts,alighting,CAROUGE_GE_RONDEAU,07:04:00,0.0,L12_T009,
synthetic_all_stop_counts,alighting,CAROUGE_GE_RONDEAU,08:00:00,0.0,L12_T010,
synthetic_all_stop_counts,alighting,CAROUGE_GE_RONDEAU,08:28:00,0.0,L12_T011,
synthetic_all_stop_counts,alighting,CAROUGE_GE_RONDEAU,07:32:00,0.0,L12_T012,
synthetic_all_stop_counts,alighting,CAROUGE_GE_RONDEAU,08:47:00,0.0,L12_T013,
synthetic_all_stop_counts,alighting,CAROUGE_GE_RONDEAU,07:41:00,0.0,L12_T014,
synthetic_all_stop_counts,alighting,CAROUGE_GE_RONDEAU,08:09:00,0.0,L12_T015,
synthetic_all_stop_counts,alighting,CAROUGE_GE_RONDEAU,08:56:00,0.0,L12_T016,
synthetic_all_stop_counts,alighting,CAROUGE_GE_RONDEAU,08:52:00,0.0,L12_T017,
synthetic_all_stop_counts,alighting,CAROUGE_GE_RONDEAU,08:05:00,0.0,L12_T018,
synthetic_all_stop_counts,alighting,CAROUGE_GE_RONDEAU,06:39:00,0.0,L12_T019,
synthetic_all_stop_counts,alighting,CAROUGE_GE_RONDEAU,06:49:00,0.0,L12_T020,
synthetic_all_stop_counts,alighting,CAROUGE_GE_RONDEAU,06:59:00,0.0,L12_T021,
synthetic_all_stop_counts,alighting,CAROUGE_GE_RONDEAU,06:32:00,0.0,L12_T022,
synthetic_all_stop_counts,alighting,CAROUGE_GE_RONDEAU,07:09:00,0.0,L12_T023,
synthetic_all_stop_counts,alighting,CAROUGE_GE_RONDEAU,07:18:00,0.0,L12_T024,
synthetic_all_stop_counts,alighting,CAROUGE_GE_RONDEAU,07:36:00,0.0,L12_T025,
synthetic_all_stop_counts,alighting,CAROUGE_GE_RONDEAU,09:01:00,0.0,L12_T026,
synthetic_all_stop_counts,alighting,CAROUGE_GE_RONDEAU,08:23:00,0.0,L12_T027,
synthetic_all_stop_counts,alighting,CAROUGE_GE_RONDEAU,08:33:00,0.0,L12_T028,
synthetic_all_stop_counts,alighting,CAROUGE_GE_RONDEAU,07:46:00,0.0,L12_T029,
synthetic_all_stop_counts,alighting,CAROUGE_GE_RONDEAU,08:14:00,0.0,L12_T030,
synthetic_all_stop_counts,alighting,CAROUGE_GE_RONDEAU,08:42:00,0.0,L12_T031,
synthetic_all_stop_counts,alighting,CAROUGE_GE_RONDEAU,07:55:00,0.0,L12_T032,
synthetic_all_stop_counts,alighting,CAROUGE_GE_RONDEAU,07:27:00,0.0,L12_T033,
synthetic_all_stop_counts,alighting,CAROUGE_GE_RONDEAU,07:38:00,0.0,L12_T034,
synthetic_all_stop_counts,alighting,CAROUGE_GE_RONDEAU,09:32:00,0.0,L12_T035,
synthetic_all_stop_counts,alighting,CAROUGE_GE_RONDEAU,07:17:00,0.0,L12_T036,
synthetic_all_stop_counts,alighting,CAROUGE_GE_RONDEAU,07:06:00,0.0,L12_T037,
synthetic_all_stop_counts,alighting,CAROUGE_GE_RONDEAU,07:48:00,0.0,L12_T038,
synthetic_all_stop_counts,alighting,CAROUGE_GE_RONDEAU,08:07:00,0.0,L12_T039,
synthetic_all_stop_counts,alighting,CAROUGE_GE_RONDEAU,09:14:00,0.0,L12_T040,
synthetic_all_stop_counts,alighting,CAROUGE_GE_RONDEAU,08:27:00,0.0,L12_T041,
synthetic_all_stop_counts,alighting,CAROUGE_GE_RONDEAU,08:46:00,0.0,L12_T042,
synthetic_all_stop_counts,alighting,CAROUGE_GE_RONDEAU,07:26:00,0.0,L12_T043,
synthetic_all_stop_counts,alighting,CAROUGE_GE_RONDEAU,08:55:00,0.0,L12_T044,
synthetic_all_stop_counts,alighting,CAROUGE_GE_RONDEAU,07:58:00,0.0,L12_T045,
synthetic_all_stop_counts,alighting,CAROUGE_GE_RONDEAU,08:36:00,0.0,L12_T046,
synthetic_all_stop_counts,alighting,CAROUGE_GE_RONDEAU,08:17:00,0.0,L12_T047,
synthetic_all_stop_counts,alighting,CAROUGE_GE_RONDEAU,09:05:00,0.0,L12_T048,
synthetic_all_stop_counts,alighting,CAROUGE_GE_RONDEAU,09:23:00,0.0,L12_T049,
synthetic_all_stop_counts,alighting,CAROUGE_GE_RONDEAU,09:27:00,0.0,L12_T050,
synthetic_all_stop_counts,alighting,CAROUGE_GE_RONDEAU,06:57:00,0.0,L12_T051,
synthetic_all_stop_counts,alighting,CAROUGE_GE_RONDEAU,07:12:00,0.0,L12_T052,
synthetic_all_stop_counts,alighting,CAROUGE_GE_RONDEAU,07:21:00,0.0,L12_T053,
synthetic_all_stop_counts,alighting,CAROUGE_GE_RONDEAU,07:32:00,0.0,L12_T054,
synthetic_all_stop_counts,alighting,CAROUGE_GE_RONDEAU,07:53:00,0.0,L12_T055,
synthetic_all_stop_counts,alighting,CAROUGE_GE_RONDEAU,09:18:00,0.0,L12_T056,
synthetic_all_stop_counts,alighting,CAROUGE_GE_RONDEAU,08:50:00,0.0,L12_T057,
synthetic_all_stop_counts,alighting,CAROUGE_GE_RONDEAU,09:00:00,0.0,L12_T058,
synthetic_all_stop_counts,alighting,CAROUGE_GE_RONDEAU,07:43:00,0.0,L12_T059,
synthetic_all_stop_counts,alighting,CAROUGE_GE_RONDEAU,08:03:00,0.0,L12_T060,
synthetic_all_stop_counts,alighting,CAROUGE_GE_RONDEAU,08:32:00,0.0,L12_T061,
synthetic_all_stop_counts,alighting,CAROUGE_GE_RONDEAU,08:22:00,0.0,L12_T062,
synthetic_all_stop_counts,alighting,CAROUGE_GE_RONDEAU,09:09:00,0.0,L12_T063,
synthetic_all_stop_counts,alighting,CAROUGE_GE_RONDEAU,08:41:00,0.0,L12_T064,
synthetic_all_stop_counts,alighting,CAROUGE_GE_RONDEAU,08:12:00,0.0,L12_T065,
synthetic_all_stop_counts,alighting,CAROUGE_GE_RONDEAU,06:56:00,0.0,L18_T001,
synthetic_all_stop_counts,alighting,CAROUGE_GE_RONDEAU,06:36:00,0.0,L18_T002,
synthetic_all_stop_counts,alighting,CAROUGE_GE_RONDEAU,08:12:00,0.0,L18_T003,
synthetic_all_stop_counts,alighting,CAROUGE_GE_RONDEAU,07:16:00,0.0,L18_T004,
synthetic_all_stop_counts,alighting,CAROUGE_GE_RONDEAU,08:49:00,0.0,L18_T005,
synthetic_all_stop_counts,alighting,CAROUGE_GE_RONDEAU,09:08:00,0.0,L18_T006,
synthetic_all_stop_counts,alighting,CAROUGE_GE_RONDEAU,07:53:00,0.0,L18_T007,
synthetic_all_stop_counts,alighting,CAROUGE_GE_RONDEAU,08:30:00,0.0,L18_T008,
synthetic_all_stop_counts,alighting,CAROUGE_GE_RONDEAU,07:34:00,0.0,L18_T009,
synthetic_all_stop_counts,alighting,CAROUGE_GE_RONDEAU,06:46:00,0.0,L18_T010,
synthetic_all_stop_counts,alighting,CAROUGE_GE_RONDEAU,07:06:00,0.0,L18_T011,
synthetic_all_stop_counts,alighting,CAROUGE_GE_RONDEAU,08:21:00,0.0,L18_T012,
synthetic_all_stop_counts,alighting,CAROUGE_GE_RONDEAU,08:40:00,0.0,L18_T013,
synthetic_all_stop_counts,alighting,CAROUGE_GE_RONDEAU,08:59:00,0.0,L18_T014,
synthetic_all_stop_counts,alighting,CAROUGE_GE_RONDEAU,07:44:00,0.0,L18_T015,
synthetic_all_stop_counts,alighting,CAROUGE_GE_RONDEAU,07:25:00,0.0,L18_T016,
synthetic_all_stop_counts,alighting,CAROUGE_GE_RONDEAU,08:02:00,0.0,L18_T017,
synthetic_all_stop_counts,alighting,CAROUGE_GE_RONDEAU,07:09:00,0.0,L18_T019,
synthetic_all_stop_counts,alighting,CAROUGE_GE_RONDEAU,07:41:00,0.0,L18_T020,
synthetic_all_stop_counts,alighting,CAROUGE_GE_RONDEAU,08:58:00,0.0,L18_T021,
synthetic_all_stop_counts,alighting,CAROUGE_GE_RONDEAU,08:00:00,0.0,L18_T022,
synthetic_all_stop_counts,alighting,CAROUGE_GE_RONDEAU,08:20:00,0.0,L18_T023,
synthetic_all_stop_counts,alighting,CAROUGE_GE_RONDEAU,09:16:00,0.0,L18_T024,
synthetic_all_stop_counts,alighting,CAROUGE_GE_RONDEAU,09:34:00,0.0,L18_T025,
synthetic_all_stop_counts,alighting,CAROUGE_GE_RONDEAU,08:39:00,0.0,L18_T026,
synthetic_all_stop_counts,alighting,CAROUGE_GE_RONDEAU,06:55:00,0.0,L18_T027,
synthetic_all_stop_counts,alighting,CAROUGE_GE_RONDEAU,08:30:00,0.0,L18_T028,
synthetic_all_stop_counts,alighting,CAROUGE_GE_RONDEAU,07:19:00,0.0,L18_T029,
synthetic_all_stop_counts,alighting,CAROUGE_GE_RONDEAU,07:30:00,0.0,L18_T030,
synthetic_all_stop_counts,alighting,CAROUGE_GE_RONDEAU,09:07:00,0.0,L18_T031,
synthetic_all_stop_counts,alighting,CAROUGE_GE_RONDEAU,08:49:00,0.0,L18_T032,
synthetic_all_stop_counts,alighting,CAROUGE_GE_RONDEAU,08:10:00,0.0,L18_T033,
synthetic_all_stop_counts,alighting,CAROUGE_GE_RONDEAU,07:51:00,0.0,L18_T034,
synthetic_all_stop_counts,alighting,CAROUGE_GE_RONDEAU,09:25:00,0.0,L18_T035,
synthetic_all_stop_counts,alighting,CHENE_BOUGERIES_GRANGETTES,06:58:00,0.0,L12_T001,
synthetic_all_stop_counts,alighting,CHENE_BOUGERIES_GRANGETTES,07:39:00,0.0,L12_T002,
synthetic_all_stop_counts,alighting,CHENE_BOUGERIES_GRANGETTES,09:04:00,0.0,L12_T003,
synthetic_all_stop_counts,alighting,CHENE_BOUGERIES_GRANGETTES,07:49:00,0.0,L12_T004,
synthetic_all_stop_counts,alighting,CHENE_BOUGERIES_GRANGETTES,08:17:00,0.0,L12_T005,
synthetic_all_stop_counts,alighting,CHENE_BOUGERIES_GRANGETTES,08:45:00,0.0,L12_T006,
synthetic_all_stop_counts,alighting,CHENE_BOUGERIES_GRANGETTES,07:18:00,0.0,L12_T007,
synthetic_all_stop_counts,alighting,CHENE_BOUGERIES_GRANGETTES,07:08:00,0.0,L12_T008,
synthetic_all_stop_counts,alighting,CHENE_BOUGERIES_GRANGETTES,07:29:00,0.0,L12_T009,
synthetic_all_stop_counts,alighting,CHENE_BOUGERIES_GRANGETTES,08:26:00,0.0,L12_T010,
synthetic_all_stop_counts,alighting,CHENE_BOUGERIES_GRANGETTES,08:54:00,0.0,L12_T011,
synthetic_all_stop_counts,alighting,CHENE_BOUGERIES_GRANGETTES,07:58:00,0.0,L12_T012,
synthetic_all_stop_counts,alighting,CHENE_BOUGERIES_GRANGETTES,09:13:00,0.0,L12_T013,
synthetic_all_stop_counts,alighting,CHENE_BOUGERIES_GRANGETTES,08:07:00,0.0,L12_T014,
synthetic_all_stop_counts,alighting,CHENE_BOUGERIES_GRANGETTES,08:35:00,0.0,L12_T015,
synthetic_all_stop_counts,alighting,CHENE_BOUGERIES_GRANGETTES,09:22:00,0.0,L12_T016,
synthetic_all_stop_counts,alighting,CHENE_BOUGERIES_GRANGETTES,09:18:00,0.0,L12_T017,
synthetic_all_stop_counts,alighting,CHENE_BOUGERIES_GRANGETTES,08:31:00,0.0,L12_T018,
synthetic_all_stop_counts,alighting,CHENE_BOUGERIES_GRANGETTES,07:03:00,0.0,L12_T019,
synthetic_all_stop_counts,alighting,CHENE_BOUGERIES_GRANGETTES,07:13:00,0.0,L12_T020,
synthetic_all_stop_counts,alighting,CHENE_BOUGERIES_GRANGETTES,07:23:00,0.0,L12_T021,
synthetic_all_stop_counts,alighting,CHENE_BOUGERIES_GRANGETTES,06:57:00,0.0,L12_T022,
synthetic_all_stop_counts,alighting,CHENE_BOUGERIES_GRANGETTES,07:34:00,0.0,L12_T023,
synthetic_all_stop_counts,alighting,CHENE_BOUGERIES_GRANGETTES,07:44:00,0.0,L12_T024,
synthetic_all_stop_counts,alighting,CHENE_BOUGERIES_GRANGETTES,08:02:00,0.0,L12_T025,
synthetic_all_stop_counts,alighting,CHENE_BOUGERIES_GRANGETTES,09:27:00,0.0,L12_T026,
synthetic_all_stop_counts,alighting,CHENE_BOUGERIES_GRANGETTES,08:49:00,0.0,L12_T027,
synthetic_all_stop_counts,alighting,CHENE_BOUGERIES_GRANGETTES,08:59:00,0.0,L12_T028,
synthetic_all_stop_counts,alighting,CHENE_BOUGERIES_GRANGETTES,08:12:00,0.0,L12_T029,
synthetic_all_stop_counts,alighting,CHENE_BOUGERIES_GRANGETTES,08:40:00,0.0,L12_T030,
synthetic_all_stop_counts,alighting,CHENE_BOUGERIES_GRANGETTES,09:08:00,0.0,L12_T031,
synthetic_all_stop_counts,alighting,CHENE_BOUGERIES_GRANGETTES,08:21:00,0.0,L12_T032,
synthetic_all_stop_counts,alighting,CHENE_BOUGERIES_GRANGETTES,07:53:00,0.0,L12_T033,
synthetic_all_stop_counts,alighting,CHENE_BOUGERIES_GRANGETTES,07:13:00,0.0,L12_T034,
synthetic_all_stop_counts,alighting,CHENE_BOUGERIES_GRANGETTES,09:06:00,0.0,L12_T035,
synthetic_all_stop_counts,alighting,CHENE_BOUGERIES_GRANGETTES,06:52:00,0.0,L12_T036,
synthetic_all_stop_counts,alighting,CHENE_BOUGERIES_GRANGETTES,06:41:00,0.0,L12_T037,
synthetic_all_stop_counts,alighting,CHENE_BOUGERIES_GRANGETTES,07:22:00,0.0,L12_T038,
synthetic_all_stop_counts,alighting,CHENE_BOUGERIES_GRANGETTES,07:41:00,0.0,L12_T039,
synthetic_all_stop_counts,alighting,CHENE_BOUGERIES_GRANGETTES,08:47:00,0.0,L12_T040,
synthetic_all_stop_counts,alighting,CHENE_BOUGERIES_GRANGETTES,08:00:00,0.0,L12_T041,
synthetic_all_stop_counts,alighting,CHENE_BOUGERIES_GRANGETTES,08:19:00,0.0,L12_T042,
synthetic_all_stop_counts,alighting,CHENE_BOUGERIES_GRANGETTES,07:01:00,0.0,L12_T043,
synthetic_all_stop_counts,alighting,CHENE_BOUGERIES_GRANGETTES,08:29:00,0.0,L12_T044,
synthetic_all_stop_counts,alighting,CHENE_BOUGERIES_GRANGETTES,07:32:00,0.0,L12_T045,
synthetic_all_stop_counts,alighting,CHENE_BOUGERIES_GRANGETTES,08:10:00,0.0,L12_T046,
synthetic_all_stop_counts,alighting,CHENE_BOUGERIES_GRANGETTES,07:51:00,0.0,L12_T047,
synthetic_all_stop_counts,alighting,CHENE_BOUGERIES_GRANGETTES,08:38:00,0.0,L12_T048,
synthetic_all_stop_counts,alighting,CHENE_BOUGERIES_GRANGETTES,08:56:00,0.0,L12_T049,
synthetic_all_stop_counts,alighting,CHENE_BOUGERIES_GRANGETTES,09:01:00,0.0,L12_T050,
synthetic_all_stop_counts,alighting,CHENE_BOUGERIES_GRANGETTES,06:33:00,0.0,L12_T051,
synthetic_all_stop_counts,alighting,CHENE_BOUGERIES_GRANGETTES,06:47:00,0.0,L12_T052,
synthetic_all_stop_counts,alighting,CHENE_BOUGERIES_GRANGETTES,06:56:00,0.0,L12_T053,
synthetic_all_stop_counts,alighting,CHENE_BOUGERIES_GRANGETTES,07:07:00,0.0,L12_T054,
synthetic_all_stop_counts,alighting,CHENE_BOUGERIES_GRANGETTES,07:27:00,0.0,L12_T055,
synthetic_all_stop_counts,alighting,CHENE_BOUGERIES_GRANGETTES,08:52:00,0.0,L12_T056,
synthetic_all_stop_counts,alighting,CHENE_BOUGERIES_GRANGETTES,08:23:00,0.0,L12_T057,
synthetic_all_stop_counts,alighting,CHENE_BOUGERIES_GRANGETTES,08:33:00,0.0,L12_T058,
synthetic_all_stop_counts,alighting,CHENE_BOUGERIES_GRANGETTES,07:17:00,0.0,L12_T059,
synthetic_all_stop_counts,alighting,CHENE_BOUGERIES_GRANGETTES,07:36:00,0.0,L12_T060,
synthetic_all_stop_counts,alighting,CHENE_BOUGERIES_GRANGETTES,08:06:00,0.0,L12_T061,
synthetic_all_stop_counts,alighting,CHENE_BOUGERIES_GRANGETTES,07:56:00,0.0,L12_T062,
synthetic_all_stop_counts,alighting,CHENE_BOUGERIES_GRANGETTES,08:43:00,0.0,L12_T063,
synthetic_all_stop_counts,alighting,CHENE_BOUGERIES_GRANGETTES,08:15:00,0.0,L12_T064,
synthetic_all_stop_counts,alighting,CHENE_BOUGERIES_GRANGETTES,07:46:00,0.0,L12_T065,
synthetic_all_stop_counts,alighting,CHENE_BOUGERIES_GRANGE_CANAL,06:57:00,0.0,L12_T001,
synthetic_all_stop_counts,alighting,CHENE_BOUGERIES_GRANGE_CANAL,07:38:00,0.0,L12_T002,
synthetic_all_stop_counts,alighting,CHENE_BOUGERIES_GRANGE_CANAL,09:03:00,3.0,L12_T003,
synthetic_all_stop_counts,alighting,CHENE_BOUGERIES_GRANGE_CANAL,07:48:00,0.0,L12_T004,
synthetic_all_stop_counts,alighting,CHENE_BOUGERIES_GRANGE_CANAL,08:16:00,0.0,L12_T005,
synthetic_all_stop_counts,alighting,CHENE_BOUGERIES_GRANGE_CANAL,08:44:00,0.0,L12_T006,
synthetic_all_stop_counts,alighting,CHENE_BOUGERIES_GRANGE_CANAL,07:17:00,0.0,L12_T007,
synthetic_all_stop_counts,alighting,CHENE_BOUGERIES_GRANGE_CANAL,07:07:00,0.0,L12_T008,
synthetic_all_stop_counts,alighting,CHENE_BOUGERIES_GRANGE_CANAL,07:28:00,0.0,L12_T009,
synthetic_all_stop_counts,alighting,CHENE_BOUGERIES_GRANGE_CANAL,08:25:00,0.0,L12_T010,
synthetic_all_stop_counts,alighting,CHENE_BOUGERIES_GRANGE_CANAL,08:53:00,1.0,L12_T011,
synthetic_all_stop_counts,alighting,CHENE_BOUGERIES_GRANGE_CANAL,07:57:00,0.0,L12_T012,
synthetic_all_stop_counts,alighting,CHENE_BOUGERIES_GRANGE_CANAL,09:12:00,9.0,L12_T013,
synthetic_all_stop_counts,alighting,CHENE_BOUGERIES_GRANGE_CANAL,08:06:00,0.0,L12_T014,
synthetic_all_stop_counts,alighting,CHENE_BOUGERIES_GRANGE_CANAL,08:34:00,0.0,L12_T015,
synthetic_all_stop_counts,alighting,CHENE_BOUGERIES_GRANGE_CANAL,09:21:00,31.0,L12_T016,
synthetic_all_stop_counts,alighting,CHENE_BOUGERIES_GRANGE_CANAL,09:17:00,22.0,L12_T017,
synthetic_all_stop_counts,alighting,CHENE_BOUGERIES_GRANGE_CANAL,08:30:00,0.0,L12_T018,
synthetic_all_stop_counts,alighting,CHENE_BOUGERIES_GRANGE_CANAL,07:02:00,0.0,L12_T019,
synthetic_all_stop_counts,alighting,CHENE_BOUGERIES_GRANGE_CANAL,07:12:00,0.0,L12_T020,
synthetic_all_stop_counts,alighting,CHENE_BOUGERIES_GRANGE_CANAL,07:22:00,0.0,L12_T021,
synthetic_all_stop_counts,alighting,CHENE_BOUGERIES_GRANGE_CANAL,06:56:00,0.0,L12_T022,
synthetic_all_stop_counts,alighting,CHENE_BOUGERIES_GRANGE_CANAL,07:33:00,0.0,L12_T023,
synthetic_all_stop_counts,alighting,CHENE_BOUGERIES_GRANGE_CANAL,07:43:00,0.0,L12_T024,
synthetic_all_stop_counts,alighting,CHENE_BOUGERIES_GRANGE_CANAL,08:01:00,0.0,L12_T025,
synthetic_all_stop_counts,alighting,CHENE_BOUGERIES_GRANGE_CANAL,09:26:00,74.0,L12_T026,
synthetic_all_stop_counts,alighting,CHENE_BOUGERIES_GRANGE_CANAL,08:48:00,1.0,L12_T027,
synthetic_all_stop_counts,alighting,CHENE_BOUGERIES_GRANGE_CANAL,08:58:00,3.0,L12_T028,
synthetic_all_stop_counts,alighting,CHENE_BOUGERIES_GRANGE_CANAL,08:11:00,0.0,L12_T029,
synthetic_all_stop_counts,alighting,CHENE_BOUGERIES_GRANGE_CANAL,08:39:00,0.0,L12_T030,
synthetic_all_stop_counts,alighting,CHENE_BOUGERIES_GRANGE_CANAL,09:07:00,8.0,L12_T031,
synthetic_all_stop_counts,alighting,CHENE_BOUGERIES_GRANGE_CANAL,08:20:00,0.0,L12_T032,
synthetic_all_stop_counts,alighting,CHENE_BOUGERIES_GRANGE_CANAL,07:52:00,0.0,L12_T033,
synthetic_all_stop_counts,alighting,CHENE_BOUGERIES_GRANGE_CANAL,07:14:00,0.0,L12_T034,
synthetic_all_stop_counts,alighting,CHENE_BOUGERIES_GRANGE_CANAL,09:07:00,0.0,L12_T035,
synthetic_all_stop_counts,alighting,CHENE_BOUGERIES_GRANGE_CANAL,06:53:00,0.0,L12_T036,
synthetic_all_stop_counts,alighting,CHENE_BOUGERIES_GRANGE_CANAL,06:42:00,0.0,L12_T037,
synthetic_all_stop_counts,alighting,CHENE_BOUGERIES_GRANGE_CANAL,07:24:00,0.0,L12_T038,
synthetic_all_stop_counts,alighting,CHENE_BOUGERIES_GRANGE_CANAL,07:43:00,0.0,L12_T039,
synthetic_all_stop_counts,alighting,CHENE_BOUGERIES_GRANGE_CANAL,08:49:00,0.0,L12_T040,
synthetic_all_stop_counts,alighting,CHENE_BOUGERIES_GRANGE_CANAL,08:02:00,0.0,L12_T041,
synthetic_all_stop_counts,alighting,CHENE_BOUGERIES_GRANGE_CANAL,08:21:00,0.0,L12_T042,
synthetic_all_stop_counts,alighting,CHENE_BOUGERIES_GRANGE_CANAL,07:03:00,0.0,L12_T043,
synthetic_all_stop_counts,alighting,CHENE_BOUGERIES_GRANGE_CANAL,08:30:00,0.0,L12_T044,
synthetic_all_stop_counts,alighting,CHENE_BOUGERIES_GRANGE_CANAL,07:33:00,0.0,L12_T045,
synthetic_all_stop_counts,alighting,CHENE_BOUGERIES_GRANGE_CANAL,08:12:00,0.0,L12_T046,
synthetic_all_stop_counts,alighting,CHENE_BOUGERIES_GRANGE_CANAL,07:53:00,0.0,L12_T047,
synthetic_all_stop_counts,alighting,CHENE_BOUGERIES_GRANGE_CANAL,08:40:00,0.0,L12_T048,
synthetic_all_stop_counts,alighting,CHENE_BOUGERIES_GRANGE_CANAL,08:58:00,0.0,L12_T049,
synthetic_all_stop_counts,alighting,CHENE_BOUGERIES_GRANGE_CANAL,09:02:00,0.0,L12_T050,
synthetic_all_stop_counts,alighting,CHENE_BOUGERIES_GRANGE_CANAL,06:34:00,0.0,L12_T051,
synthetic_all_stop_counts,alighting,CHENE_BOUGERIES_GRANGE_CANAL,06:48:00,0.0,L12_T052,
synthetic_all_stop_counts,alighting,CHENE_BOUGERIES_GRANGE_CANAL,06:57:00,0.0,L12_T053,
synthetic_all_stop_counts,alighting,CHENE_BOUGERIES_GRANGE_CANAL,07:08:00,0.0,L12_T054,
synthetic_all_stop_counts,alighting,CHENE_BOUGERIES_GRANGE_CANAL,07:29:00,0.0,L12_T055,
synthetic_all_stop_counts,alighting,CHENE_BOUGERIES_GRANGE_CANAL,08:54:00,0.0,L12_T056,
synthetic_all_stop_counts,alighting,CHENE_BOUGERIES_GRANGE_CANAL,08:25:00,0.0,L12_T057,
synthetic_all_stop_counts,alighting,CHENE_BOUGERIES_GRANGE_CANAL,08:35:00,0.0,L12_T058,
synthetic_all_stop_counts,alighting,CHENE_BOUGERIES_GRANGE_CANAL,07:19:00,0.0,L12_T059,
synthetic_all_stop_counts,alighting,CHENE_BOUGERIES_GRANGE_CANAL,07:38:00,0.0,L12_T060,
synthetic_all_stop_counts,alighting,CHENE_BOUGERIES_GRANGE_CANAL,08:07:00,0.0,L12_T061,
synthetic_all_stop_counts,alighting,CHENE_BOUGERIES_GRANGE_CANAL,07:57:00,0.0,L12_T062,
synthetic_all_stop_counts,alighting,CHENE_BOUGERIES_GRANGE_CANAL,08:44:00,0.0,L12_T063,
synthetic_all_stop_counts,alighting,CHENE_BOUGERIES_GRANGE_CANAL,08:16:00,0.0,L12_T064,
synthetic_all_stop_counts,alighting,CHENE_BOUGERIES_GRANGE_CANAL,07:47:00,0.0,L12_T065,
synthetic_all_stop_counts,alighting,CHENE_BOUGERIES_GRANGE_FALQUET,07:00:00,0.0,L12_T001,
synthetic_all_stop_counts,alighting,CHENE_BOUGERIES_GRANGE_FALQUET,07:40:00,0.0,L12_T002,
synthetic_all_stop_counts,alighting,CHENE_BOUGERIES_GRANGE_FALQUET,09:05:00,0.0,L12_T003,
synthetic_all_stop_counts,alighting,CHENE_BOUGERIES_GRANGE_FALQUET,07:50:00,0.0,L12_T004,
synthetic_all_stop_counts,alighting,CHENE_BOUGERIES_GRANGE_FALQUET,08:18:00,0.0,L12_T005,
synthetic_all_stop_counts,alighting,CHENE_BOUGERIES_GRANGE_FALQUET,08:46:00,0.0,L12_T006,
synthetic_all_stop_counts,alighting,CHENE_BOUGERIES_GRANGE_FALQUET,07:20:00,0.0,L12_T007,
synthetic_all_stop_counts,alighting,CHENE_BOUGERIES_GRANGE_FALQUET,07:10:00,0.0,L12_T008,
synthetic_all_stop_counts,alighting,CHENE_BOUGERIES_GRANGE_FALQUET,07:30:00,0.0,L12_T009,
synthetic_all_stop_counts,alighting,CHENE_BOUGERIES_GRANGE_FALQUET,08:27:00,0.0,L12_T010,
synthetic_all_stop_counts,alighting,CHENE_BOUGERIES_GRANGE_FALQUET,08:55:00,0.0,L12_T011,
synthetic_all_stop_counts,alighting,CHENE_BOUGERIES_GRANGE_FALQUET,07:59:00,0.0,L12_T012,
synthetic_all_stop_counts,alighting,CHENE_BOUGERIES_GRANGE_FALQUET,09:14:00,0.0,L12_T013,
synthetic_all_stop_counts,alighting,CHENE_BOUGERIES_GRANGE_FALQUET,08:09:00,0.0,L12_T014,
synthetic_all_stop_counts,alighting,CHENE_BOUGERIES_GRANGE_FALQUET,08:37:00,0.0,L12_T015,
synthetic_all_stop_counts,alighting,CHENE_BOUGERIES_GRANGE_FALQUET,09:24:00,0.0,L12_T016,
synthetic_all_stop_counts,alighting,CHENE_BOUGERIES_GRANGE_FALQUET,09:19:00,0.0,L12_T017,
synthetic_all_stop_counts,alighting,CHENE_BOUGERIES_GRANGE_FALQUET,08:32:00,0.0,L12_T018,
synthetic_all_stop_counts,alighting,CHENE_BOUGERIES_GRANGE_FALQUET,07:05:00,0.0,L12_T019,
synthetic_all_stop_counts,alighting,CHENE_BOUGERIES_GRANGE_FALQUET,07:15:00,0.0,L12_T020,
synthetic_all_stop_counts,alighting,CHENE_BOUGERIES_GRANGE_FALQUET,07:25:00,0.0,L12_T021,
synthetic_all_stop_counts,alighting,CHENE_BOUGERIES_GRANGE_FALQUET,06:58:00,0.0,L12_T022,
synthetic_all_stop_counts,alighting,CHENE_BOUGERIES_GRANGE_FALQUET,07:36:00,0.0,L12_T023,
synthetic_all_stop_counts,alighting,CHENE_BOUGERIES_GRANGE_FALQUET,07:45:00,0.0,L12_T024,
synthetic_all_stop_counts,alighting,CHENE_BOUGERIES_GRANGE_FALQUET,08:03:00,0.0,L12_T025,
synthetic_all_stop_counts,alighting,CHENE_BOUGERIES_GRANGE_FALQUET,09:28:00,0.0,L12_T026,
synthetic_all_stop_counts,alighting,CHENE_BOUGERIES_GRANGE_FALQUET,08:50:00,0.0,L12_T027,
synthetic_all_stop_counts,alighting,CHENE_BOUGERIES_GRANGE_FALQUET,09:00:00,0.0,L12_T028,
synthetic_all_stop_counts,alighting,CHENE_BOUGERIES_GRANGE_FALQUET,08:13:00,0.0,L12_T029,
synthetic_all_stop_counts,alighting,CHENE_BOUGERIES_GRANGE_FALQUET,08:41:00,0.0,L12_T030,
synthetic_all_stop_counts,alighting,CHENE_BOUGERIES_GRANGE_FALQUET,09:10:00,0.0,L12_T031,
synthetic_all_stop_counts,alighting,CHENE_BOUGERIES_GRANGE_FALQUET,08:23:00,0.0,L12_T032,
synthetic_all_stop_counts,alighting,CHENE_BOUGERIES_GRANGE_FALQUET,07:55:00,0.0,L12_T033,
synthetic_all_stop_counts,alighting,CHENE_BOUGERIES_GRANGE_FALQUET,07:11:00,0.0,L12_T034,
synthetic_all_stop_counts,alighting,CHENE_BOUGERIES_GRANGE_FALQUET,09:04:00,0.0,L12_T035,
synthetic_all_stop_counts,alighting,CHENE_BOUGERIES_GRANGE_FALQUET,06:51:00,0.0,L12_T036,
synthetic_all_stop_counts,alighting,CHENE_BOUGERIES_GRANGE_FALQUET,06:40:00,0.0,L12_T037,
synthetic_all_stop_counts,alighting,CHENE_BOUGERIES_GRANGE_FALQUET,07:21:00,0.0,L12_T038,
synthetic_all_stop_counts,alighting,CHENE_BOUGERIES_GRANGE_FALQUET,07:40:00,0.0,L12_T039,
synthetic_all_stop_counts,alighting,CHENE_BOUGERIES_GRANGE_FALQUET,08:46:00,0.0,L12_T040,
synthetic_all_stop_counts,alighting,CHENE_BOUGERIES_GRANGE_FALQUET,07:59:00,0.0,L12_T041,
synthetic_all_stop_counts,alighting,CHENE_BOUGERIES_GRANGE_FALQUET,08:18:00,0.0,L12_T042,
synthetic_all_stop_counts,alighting,CHENE_BOUGERIES_GRANGE_FALQUET,07:00:00,0.0,L12_T043,
synthetic_all_stop_counts,alighting,CHENE_BOUGERIES_GRANGE_FALQUET,08:27:00,0.0,L12_T044,
synthetic_all_stop_counts,alighting,CHENE_BOUGERIES_GRANGE_FALQUET,07:30:00,0.0,L12_T045,
synthetic_all_stop_counts,alighting,CHENE_BOUGERIES_GRANGE_FALQUET,08:09:00,0.0,L12_T046,
synthetic_all_stop_counts,alighting,CHENE_BOUGERIES_GRANGE_FALQUET,07:50:00,0.0,L12_T047,
synthetic_all_stop_counts,alighting,CHENE_BOUGERIES_GRANGE_FALQUET,08:37:00,0.0,L12_T048,
synthetic_all_stop_counts,alighting,CHENE_BOUGERIES_GRANGE_FALQUET,08:55:00,0.0,L12_T049,
synthetic_all_stop_counts,alighting,CHENE_BOUGERIES_GRANGE_FALQUET,08:59:00,0.0,L12_T050,
synthetic_all_stop_counts,alighting,CHENE_BOUGERIES_GRANGE_FALQUET,06:32:00,0.0,L12_T051,
synthetic_all_stop_counts,alighting,CHENE_BOUGERIES_GRANGE_FALQUET,06:46:00,0.0,L12_T052,
synthetic_all_stop_counts,alighting,CHENE_BOUGERIES_GRANGE_FALQUET,06:55:00,0.0,L12_T053,
synthetic_all_stop_counts,alighting,CHENE_BOUGERIES_GRANGE_FALQUET,07:06:00,0.0,L12_T054,
synthetic_all_stop_counts,alighting,CHENE_BOUGERIES_GRANGE_FALQUET,07:26:00,0.0,L12_T055,
synthetic_all_stop_counts,alighting,CHENE_BOUGERIES_GRANGE_FALQUET,08:51:00,0.0,L12_T056,
synthetic_all_stop_counts,alighting,CHENE_BOUGERIES_GRANGE_FALQUET,08:22:00,0.0,L12_T057,
synthetic_all_stop_counts,alighting,CHENE_BOUGERIES_GRANGE_FALQUET,08:32:00,0.0,L12_T058,
synthetic_all_stop_counts,alighting,CHENE_BOUGERIES_GRANGE_FALQUET,07:16:00,0.0,L12_T059,
synthetic_all_stop_counts,alighting,CHENE_BOUGERIES_GRANGE_FALQUET,07:35:00,0.0,L12_T060,
synthetic_all_stop_counts,alighting,CHENE_BOUGERIES_GRANGE_FALQUET,08:04:00,0.0,L12_T061,
synthetic_all_stop_counts,alighting,CHENE_BOUGERIES_GRANGE_FALQUET,07:54:00,0.0,L12_T062,
synthetic_all_stop_counts,alighting,CHENE_BOUGERIES_GRANGE_FALQUET,08:41:00,0.0,L12_T063,
synthetic_all_stop_counts,alighting,CHENE_BOUGERIES_GRANGE_FALQUET,08:13:00,0.0,L12_T064,
synthetic_all_stop_counts,alighting,CHENE_BOUGERIES_GRANGE_FALQUET,07:44:00,0.0,L12_T065,
synthetic_all_stop_counts,alighting,CHENE_BOURG_PEILLONNEX,07:02:00,0.0,L12_T001,
synthetic_all_stop_counts,alighting,CHENE_BOURG_PEILLONNEX,07:43:00,0.0,L12_T002,
synthetic_all_stop_counts,alighting,CHENE_BOURG_PEILLONNEX,09:08:00,0.0,L12_T003,
synthetic_all_stop_counts,alighting,CHENE_BOURG_PEILLONNEX,07:53:00,0.0,L12_T004,
synthetic_all_stop_counts,alighting,CHENE_BOURG_PEILLONNEX,08:21:00,0.0,L12_T005,
synthetic_all_stop_counts,alighting,CHENE_BOURG_PEILLONNEX,08:49:00,0.0,L12_T006,
synthetic_all_stop_counts,alighting,CHENE_BOURG_PEILLONNEX,07:22:00,0.0,L12_T007,
synthetic_all_stop_counts,alighting,CHENE_BOURG_PEILLONNEX,07:12:00,0.0,L12_T008,
synthetic_all_stop_counts,alighting,CHENE_BOURG_PEILLONNEX,07:33:00,0.0,L12_T009,
synthetic_all_stop_counts,alighting,CHENE_BOURG_PEILLONNEX,08:30:00,0.0,L12_T010,
synthetic_all_stop_counts,alighting,CHENE_BOURG_PEILLONNEX,08:58:00,0.0,L12_T011,
synthetic_all_stop_counts,alighting,CHENE_BOURG_PEILLONNEX,08:02:00,0.0,L12_T012,
synthetic_all_stop_counts,alighting,CHENE_BOURG_PEILLONNEX,09:17:00,0.0,L12_T013,
synthetic_all_stop_counts,alighting,CHENE_BOURG_PEILLONNEX,08:12:00,0.0,L12_T014,
synthetic_all_stop_counts,alighting,CHENE_BOURG_PEILLONNEX,08:40:00,0.0,L12_T015,
synthetic_all_stop_counts,alighting,CHENE_BOURG_PEILLONNEX,09:27:00,0.0,L12_T016,
synthetic_all_stop_counts,alighting,CHENE_BOURG_PEILLONNEX,09:22:00,0.0,L12_T017,
synthetic_all_stop_counts,alighting,CHENE_BOURG_PEILLONNEX,08:35:00,0.0,L12_T018,
synthetic_all_stop_counts,alighting,CHENE_BOURG_PEILLONNEX,07:07:00,0.0,L12_T019,
synthetic_all_stop_counts,alighting,CHENE_BOURG_PEILLONNEX,07:17:00,0.0,L12_T020,
synthetic_all_stop_counts,alighting,CHENE_BOURG_PEILLONNEX,07:27:00,0.0,L12_T021,
synthetic_all_stop_counts,alighting,CHENE_BOURG_PEILLONNEX,07:01:00,0.0,L12_T022,
synthetic_all_stop_counts,alighting,CHENE_BOURG_PEILLONNEX,07:39:00,0.0,L12_T023,
synthetic_all_stop_counts,alighting,CHENE_BOURG_PEILLONNEX,07:48:00,0.0,L12_T024,
synthetic_all_stop_counts,alighting,CHENE_BOURG_PEILLONNEX,08:06:00,0.0,L12_T025,
synthetic_all_stop_counts,alighting,CHENE_BOURG_PEILLONNEX,09:31:00,0.0,L12_T026,
synthetic_all_stop_counts,alighting,CHENE_BOURG_PEILLONNEX,08:53:00,0.0,L12_T027,
synthetic_all_stop_counts,alighting,CHENE_BOURG_PEILLONNEX,09:03:00,0.0,L12_T028,
synthetic_all_stop_counts,alighting,CHENE_BOURG_PEILLONNEX,08:16:00,0.0,L12_T029,
synthetic_all_stop_counts,alighting,CHENE_BOURG_PEILLONNEX,08:44:00,0.0,L12_T030,
synthetic_all_stop_counts,alighting,CHENE_BOURG_PEILLONNEX,09:13:00,0.0,L12_T031,
synthetic_all_stop_counts,alighting,CHENE_BOURG_PEILLONNEX,08:26:00,0.0,L12_T032,
synthetic_all_stop_counts,alighting,CHENE_BOURG_PEILLONNEX,07:58:00,0.0,L12_T033,
synthetic_all_stop_counts,alighting,CHENE_BOURG_PEILLONNEX,07:08:00,0.0,L12_T034,
synthetic_all_stop_counts,alighting,CHENE_BOURG_PEILLONNEX,09:01:00,0.0,L12_T035,
synthetic_all_stop_counts,alighting,CHENE_BOURG_PEILLONNEX,06:47:00,0.0,L12_T036,
synthetic_all_stop_counts,alighting,CHENE_BOURG_PEILLONNEX,06:36:00,0.0,L12_T037,
synthetic_all_stop_counts,alighting,CHENE_BOURG_PEILLONNEX,07:17:00,0.0,L12_T038,
synthetic_all_stop_counts,alighting,CHENE_BOURG_PEILLONNEX,07:36:00,0.0,L12_T039,
synthetic_all_stop_counts,alighting,CHENE_BOURG_PEILLONNEX,08:42:00,0.0,L12_T040,
synthetic_all_stop_counts,alighting,CHENE_BOURG_PEILLONNEX,07:55:00,0.0,L12_T041,
synthetic_all_stop_counts,alighting,CHENE_BOURG_PEILLONNEX,08:14:00,0.0,L12_T042,
synthetic_all_stop_counts,alighting,CHENE_BOURG_PEILLONNEX,06:57:00,0.0,L12_T043,
synthetic_all_stop_counts,alighting,CHENE_BOURG_PEILLONNEX,08:24:00,0.0,L12_T044,
synthetic_all_stop_counts,alighting,CHENE_BOURG_PEILLONNEX,07:27:00,0.0,L12_T045,
synthetic_all_stop_counts,alighting,CHENE_BOURG_PEILLONNEX,08:05:00,0.0,L12_T046,
synthetic_all_stop_counts,alighting,CHENE_BOURG_PEILLONNEX,07:46:00,0.0,L12_T047,
synthetic_all_stop_counts,alighting,CHENE_BOURG_PEILLONNEX,08:33:00,0.0,L12_T048,
synthetic_all_stop_counts,alighting,CHENE_BOURG_PEILLONNEX,08:52:00,0.0,L12_T049,
synthetic_all_stop_counts,alighting,CHENE_BOURG_PEILLONNEX,08:56:00,0.0,L12_T050,
synthetic_all_stop_counts,alighting,CHENE_BOURG_PEILLONNEX,06:28:00,0.0,L12_T051,
synthetic_all_stop_counts,alighting,CHENE_BOURG_PEILLONNEX,06:42:00,0.0,L12_T052,
synthetic_all_stop_counts,alighting,CHENE_BOURG_PEILLONNEX,06:51:00,0.0,L12_T053,
synthetic_all_stop_counts,alighting,CHENE_BOURG_PEILLONNEX,07:02:00,0.0,L12_T054,
synthetic_all_stop_counts,alighting,CHENE_BOURG_PEILLONNEX,07:22:00,0.0,L12_T055,
synthetic_all_stop_counts,alighting,CHENE_BOURG_PEILLONNEX,08:47:00,0.0,L12_T056,
synthetic_all_stop_counts,alighting,CHENE_BOURG_PEILLONNEX,08:18:00,0.0,L12_T057,
synthetic_all_stop_counts,alighting,CHENE_BOURG_PEILLONNEX,08:28:00,0.0,L12_T058,
synthetic_all_stop_counts,alighting,CHENE_BOURG_PEILLONNEX,07:13:00,0.0,L12_T059,
synthetic_all_stop_counts,alighting,CHENE_BOURG_PEILLONNEX,07:32:00,0.0,L12_T060,
synthetic_all_stop_counts,alighting,CHENE_BOURG_PEILLONNEX,08:01:00,0.0,L12_T061,
synthetic_all_stop_counts,alighting,CHENE_BOURG_PEILLONNEX,07:51:00,0.0,L12_T062,
synthetic_all_stop_counts,alighting,CHENE_BOURG_PEILLONNEX,08:38:00,0.0,L12_T063,
synthetic_all_stop_counts,alighting,CHENE_BOURG_PEILLONNEX,08:10:00,0.0,L12_T064,
synthetic_all_stop_counts,alighting,CHENE_BOURG_PEILLONNEX,07:41:00,0.0,L12_T065,
synthetic_all_stop_counts,alighting,CHENE_BOURG_PLACE_FAVRE,07:01:00,0.0,L12_T001,
synthetic_all_stop_counts,alighting,CHENE_BOURG_PLACE_FAVRE,07:42:00,0.0,L12_T002,
synthetic_all_stop_counts,alighting,CHENE_BOURG_PLACE_FAVRE,09:07:00,0.0,L12_T003,
synthetic_all_stop_counts,alighting,CHENE_BOURG_PLACE_FAVRE,07:52:00,0.0,L12_T004,
synthetic_all_stop_counts,alighting,CHENE_BOURG_PLACE_FAVRE,08:20:00,0.0,L12_T005,
synthetic_all_stop_counts,alighting,CHENE_BOURG_PLACE_FAVRE,08:48:00,0.0,L12_T006,
synthetic_all_stop_counts,alighting,CHENE_BOURG_PLACE_FAVRE,07:21:00,0.0,L12_T007,
synthetic_all_stop_counts,alighting,CHENE_BOURG_PLACE_FAVRE,07:11:00,0.0,L12_T008,
synthetic_all_stop_counts,alighting,CHENE_BOURG_PLACE_FAVRE,07:32:00,0.0,L12_T009,
synthetic_all_stop_counts,alighting,CHENE_BOURG_PLACE_FAVRE,08:29:00,0.0,L12_T010,
synthetic_all_stop_counts,alighting,CHENE_BOURG_PLACE_FAVRE,08:57:00,0.0,L12_T011,
synthetic_all_stop_counts,alighting,CHENE_BOURG_PLACE_FAVRE,08:01:00,0.0,L12_T012,
synthetic_all_stop_counts,alighting,CHENE_BOURG_PLACE_FAVRE,09:16:00,0.0,L12_T013,
synthetic_all_stop_counts,alighting,CHENE_BOURG_PLACE_FAVRE,08:11:00,0.0,L12_T014,
synthetic_all_stop_counts,alighting,CHENE_BOURG_PLACE_FAVRE,08:39:00,0.0,L12_T015,
synthetic_all_stop_counts,alighting,CHENE_BOURG_PLACE_FAVRE,09:26:00,0.0,L12_T016,
synthetic_all_stop_counts,alighting,CHENE_BOURG_PLACE_FAVRE,09:21:00,0.0,L12_T017,
synthetic_all_stop_counts,alighting,CHENE_BOURG_PLACE_FAVRE,08:34:00,0.0,L12_T018,
synthetic_all_stop_counts,alighting,CHENE_BOURG_PLACE_FAVRE,07:06:00,0.0,L12_T019,
synthetic_all_stop_counts,alighting,CHENE_BOURG_PLACE_FAVRE,07:16:00,0.0,L12_T020,
synthetic_all_stop_counts,alighting,CHENE_BOURG_PLACE_FAVRE,07:26:00,0.0,L12_T021,
synthetic_all_stop_counts,alighting,CHENE_BOURG_PLACE_FAVRE,07:00:00,0.0,L12_T022,
synthetic_all_stop_counts,alighting,CHENE_BOURG_PLACE_FAVRE,07:38:00,0.0,L12_T023,
synthetic_all_stop_counts,alighting,CHENE_BOURG_PLACE_FAVRE,07:47:00,0.0,L12_T024,
synthetic_all_stop_counts,alighting,CHENE_BOURG_PLACE_FAVRE,08:05:00,0.0,L12_T025,
synthetic_all_stop_counts,alighting,CHENE_BOURG_PLACE_FAVRE,09:30:00,0.0,L12_T026,
synthetic_all_stop_counts,alighting,CHENE_BOURG_PLACE_FAVRE,08:52:00,0.0,L12_T027,
synthetic_all_stop_counts,alighting,CHENE_BOURG_PLACE_FAVRE,09:02:00,0.0,L12_T028,
synthetic_all_stop_counts,alighting,CHENE_BOURG_PLACE_FAVRE,08:15:00,0.0,L12_T029,
synthetic_all_stop_counts,alighting,CHENE_BOURG_PLACE_FAVRE,08:43:00,0.0,L12_T030,
synthetic_all_stop_counts,alighting,CHENE_BOURG_PLACE_FAVRE,09:12:00,0.0,L12_T031,
synthetic_all_stop_counts,alighting,CHENE_BOURG_PLACE_FAVRE,08:25:00,0.0,L12_T032,
synthetic_all_stop_counts,alighting,CHENE_BOURG_PLACE_FAVRE,07:57:00,0.0,L12_T033,
synthetic_all_stop_counts,alighting,CHENE_BOURG_PLACE_FAVRE,07:10:00,0.0,L12_T034,
synthetic_all_stop_counts,alighting,CHENE_BOURG_PLACE_FAVRE,09:03:00,0.0,L12_T035,
synthetic_all_stop_counts,alighting,CHENE_BOURG_PLACE_FAVRE,06:49:00,0.0,L12_T036,
synthetic_all_stop_counts,alighting,CHENE_BOURG_PLACE_FAVRE,06:38:00,0.0,L12_T037,
synthetic_all_stop_counts,alighting,CHENE_BOURG_PLACE_FAVRE,07:19:00,0.0,L12_T038,
synthetic_all_stop_counts,alighting,CHENE_BOURG_PLACE_FAVRE,07:38:00,0.0,L12_T039,
synthetic_all_stop_counts,alighting,CHENE_BOURG_PLACE_FAVRE,08:44:00,0.0,L12_T040,
synthetic_all_stop_counts,alighting,CHENE_BOURG_PLACE_FAVRE,07:57:00,0.0,L12_T041,
synthetic_all_stop_counts,alighting,CHENE_BOURG_PLACE_FAVRE,08:16:00,0.0,L12_T042,
synthetic_all_stop_counts,alighting,CHENE_BOURG_PLACE_FAVRE,06:58:00,0.0,L12_T043,
synthetic_all_stop_counts,alighting,CHENE_BOURG_PLACE_FAVRE,08:25:00,0.0,L12_T044,
synthetic_all_stop_counts,alighting,CHENE_BOURG_PLACE_FAVRE,07:29:00,0.0,L12_T045,
synthetic_all_stop_counts,alighting,CHENE_BOURG_PLACE_FAVRE,08:07:00,0.0,L12_T046,
synthetic_all_stop_counts,alighting,CHENE_BOURG_PLACE_FAVRE,07:48:00,0.0,L12_T047,
synthetic_all_stop_counts,alighting,CHENE_BOURG_PLACE_FAVRE,08:35:00,0.0,L12_T048,
synthetic_all_stop_counts,alighting,CHENE_BOURG_PLACE_FAVRE,08:53:00,0.0,L12_T049,
synthetic_all_stop_counts,alighting,CHENE_BOURG_PLACE_FAVRE,08:58:00,0.0,L12_T050,
synthetic_all_stop_counts,alighting,CHENE_BOURG_PLACE_FAVRE,06:30:00,0.0,L12_T051,
synthetic_all_stop_counts,alighting,CHENE_BOURG_PLACE_FAVRE,06:44:00,0.0,L12_T052,
synthetic_all_stop_counts,alighting,CHENE_BOURG_PLACE_FAVRE,06:53:00,0.0,L12_T053,
synthetic_all_stop_counts,alighting,CHENE_BOURG_PLACE_FAVRE,07:04:00,0.0,L12_T054,
synthetic_all_stop_counts,alighting,CHENE_BOURG_PLACE_FAVRE,07:24:00,0.0,L12_T055,
synthetic_all_stop_counts,alighting,CHENE_BOURG_PLACE_FAVRE,08:49:00,0.0,L12_T056,
synthetic_all_stop_counts,alighting,CHENE_BOURG_PLACE_FAVRE,08:20:00,0.0,L12_T057,
synthetic_all_stop_counts,alighting,CHENE_BOURG_PLACE_FAVRE,08:30:00,0.0,L12_T058,
synthetic_all_stop_counts,alighting,CHENE_BOURG_PLACE_FAVRE,07:14:00,0.0,L12_T059,
synthetic_all_stop_counts,alighting,CHENE_BOURG_PLACE_FAVRE,07:33:00,0.0,L12_T060,
synthetic_all_stop_counts,alighting,CHENE_BOURG_PLACE_FAVRE,08:02:00,0.0,L12_T061,
synthetic_all_stop_counts,alighting,CHENE_BOURG_PLACE_FAVRE,07:52:00,0.0,L12_T062,
synthetic_all_stop_counts,alighting,CHENE_BOURG_PLACE_FAVRE,08:39:00,0.0,L12_T063,
synthetic_all_stop_counts,alighting,CHENE_BOURG_PLACE_FAVRE,08:11:00,0.0,L12_T064,
synthetic_all_stop_counts,alighting,CHENE_BOURG_PLACE_FAVRE,07:43:00,0.0,L12_T065,
synthetic_all_stop_counts,alighting,CONFIGNON_CROISEE,08:57:00,0.0,L14_T001,
synthetic_all_stop_counts,alighting,CONFIGNON_CROISEE,06:28:00,0.0,L14_T002,
synthetic_all_stop_counts,alighting,CONFIGNON_CROISEE,08:09:00,0.0,L14_T003,
synthetic_all_stop_counts,alighting,CONFIGNON_CROISEE,07:41:00,0.0,L14_T004,
synthetic_all_stop_counts,alighting,CONFIGNON_CROISEE,06:44:00,0.0,L14_T005,
synthetic_all_stop_counts,alighting,CONFIGNON_CROISEE,06:54:00,0.0,L14_T006,
synthetic_all_stop_counts,alighting,CONFIGNON_CROISEE,07:04:00,0.0,L14_T007,
synthetic_all_stop_counts,alighting,CONFIGNON_CROISEE,07:14:00,0.0,L14_T008,
synthetic_all_stop_counts,alighting,CONFIGNON_CROISEE,07:23:00,0.0,L14_T009,
synthetic_all_stop_counts,alighting,CONFIGNON_CROISEE,08:28:00,0.0,L14_T010,
synthetic_all_stop_counts,alighting,CONFIGNON_CROISEE,08:18:00,0.0,L14_T011,
synthetic_all_stop_counts,alighting,CONFIGNON_CROISEE,07:32:00,0.0,L14_T012,
synthetic_all_stop_counts,alighting,CONFIGNON_CROISEE,07:59:00,0.0,L14_T013,
synthetic_all_stop_counts,alighting,CONFIGNON_CROISEE,07:50:00,0.0,L14_T014,
synthetic_all_stop_counts,alighting,CONFIGNON_CROISEE,08:38:00,0.0,L14_T017,
synthetic_all_stop_counts,alighting,CONFIGNON_CROISEE,08:48:00,0.0,L14_T018,
synthetic_all_stop_counts,alighting,CONFIGNON_CROISEE,06:19:00,0.0,L14_T019,
synthetic_all_stop_counts,alighting,CONFIGNON_CROISEE,08:52:00,0.0,L14_T020,
synthetic_all_stop_counts,alighting,CONFIGNON_CROISEE,07:09:00,0.0,L14_T021,
synthetic_all_stop_counts,alighting,CONFIGNON_CROISEE,08:33:00,0.0,L14_T022,
synthetic_all_stop_counts,alighting,CONFIGNON_CROISEE,09:01:00,0.0,L14_T023,
synthetic_all_stop_counts,alighting,CONFIGNON_CROISEE,07:18:00,0.0,L14_T024,
synthetic_all_stop_counts,alighting,CONFIGNON_CROISEE,07:27:00,0.0,L14_T025,
synthetic_all_stop_counts,alighting,CONFIGNON_CROISEE,08:24:00,0.0,L14_T026,
synthetic_all_stop_counts,alighting,CONFIGNON_CROISEE,08:14:00,0.0,L14_T027,
synthetic_all_stop_counts,alighting,CONFIGNON_CROISEE,08:04:00,0.0,L14_T028,
synthetic_all_stop_counts,alighting,CONFIGNON_CROISEE,07:55:00,0.0,L14_T029,
synthetic_all_stop_counts,alighting,CONFIGNON_CROISEE,07:37:00,0.0,L14_T030,
synthetic_all_stop_counts,alighting,CONFIGNON_CROISEE,07:46:00,0.0,L14_T031,
synthetic_all_stop_counts,alighting,CONFIGNON_CROISEE,06:49:00,0.0,L14_T032,
synthetic_all_stop_counts,alighting,CONFIGNON_CROISEE,06:59:00,0.0,L14_T033,
synthetic_all_stop_counts,alighting,CONFIGNON_CROISEE,06:39:00,0.0,L14_T034,
synthetic_all_stop_counts,alighting,CONFIGNON_CROISEE,08:42:00,0.0,L14_T035,
synthetic_all_stop_counts,alighting,CONFIGNON_CROISEE,07:02:00,0.0,L14_T036,
synthetic_all_stop_counts,alighting,CONFIGNON_CROISEE,07:10:00,0.0,L14_T037,
synthetic_all_stop_counts,alighting,CONFIGNON_CROISEE,07:28:00,0.0,L14_T038,
synthetic_all_stop_counts,alighting,CONFIGNON_CROISEE,07:15:00,0.0,L14_T039,
synthetic_all_stop_counts,alighting,CONFIGNON_CROISEE,07:53:00,0.0,L14_T040,
synthetic_all_stop_counts,alighting,CONFIGNON_CROISEE,09:09:00,0.0,L14_T041,
synthetic_all_stop_counts,alighting,CONFIGNON_CROISEE,08:51:00,0.0,L14_T042,
synthetic_all_stop_counts,alighting,CONFIGNON_CROISEE,06:56:00,0.0,L14_T043,
synthetic_all_stop_counts,alighting,CONFIGNON_CROISEE,07:43:00,0.0,L14_T044,
synthetic_all_stop_counts,alighting,CONFIGNON_CROISEE,08:02:00,0.0,L14_T045,
synthetic_all_stop_counts,alighting,CONFIGNON_CROISEE,09:36:00,0.0,L14_T046,
synthetic_all_stop_counts,alighting,CONFIGNON_CROISEE,09:27:00,0.0,L14_T047,
synthetic_all_stop_counts,alighting,CONFIGNON_CROISEE,08:41:00,0.0,L14_T048,
synthetic_all_stop_counts,alighting,CONFIGNON_CROISEE,09:00:00,0.0,L14_T049,
synthetic_all_stop_counts,alighting,CONFIGNON_CROISEE,08:22:00,0.0,L14_T050,
synthetic_all_stop_counts,alighting,CONFIGNON_CROISEE,08:12:00,0.0,L14_T051,
synthetic_all_stop_counts,alighting,CONFIGNON_CROISEE,08:32:00,0.0,L14_T052,
synthetic_all_stop_counts,alighting,CONFIGNON_CROISEE,09:18:00,0.0,L14_T053,
synthetic_all_stop_counts,alighting,CONFIGNON_CROISEE,07:31:00,0.0,L14_T054,
synthetic_all_stop_counts,alighting,CONFIGNON_CROISEE,07:17:00,0.0,L14_T055,
synthetic_all_stop_counts,alighting,CONFIGNON_CROISEE,07:48:00,0.0,L14_T056,
synthetic_all_stop_counts,alighting,CONFIGNON_CROISEE,09:41:00,0.0,L14_T057,
synthetic_all_stop_counts,alighting,CONFIGNON_CROISEE,09:32:00,0.0,L14_T058,
synthetic_all_stop_counts,alighting,CONFIGNON_CROISEE,09:23:00,0.0,L14_T059,
synthetic_all_stop_counts,alighting,CONFIGNON_CROISEE,08:17:00,0.0,L14_T060,
synthetic_all_stop_counts,alighting,CONFIGNON_CROISEE,08:27:00,0.0,L14_T061,
synthetic_all_stop_counts,alighting,CONFIGNON_CROISEE,07:36:00,0.0,L14_T063,
synthetic_all_stop_counts,alighting,CONFIGNON_CROISEE,07:57:00,0.0,L14_T064,
synthetic_all_stop_counts,alighting,CONFIGNON_CROISEE,09:05:00,0.0,L14_T065,
synthetic_all_stop_counts,alighting,CONFIGNON_CROISEE,08:07:00,0.0,L14_T066,
synthetic_all_stop_counts,alighting,CONFIGNON_CROISEE,08:36:00,0.0,L14_T067,
synthetic_all_stop_counts,alighting,CONFIGNON_CROISEE,08:46:00,0.0,L14_T068,
synthetic_all_stop_counts,alighting,CONFIGNON_CROISEE,08:55:00,0.0,L14_T069,
synthetic_all_stop_counts,alighting,CONFIGNON_CROISEE,07:07:00,0.0,L14_T070,
synthetic_all_stop_counts,alighting,CONFIGNON_CROISEE,07:25:00,0.0,L14_T071,
synthetic_all_stop_counts,alighting,CONFIGNON_CROISEE,09:14:00,0.0,L14_T072,
synthetic_all_stop_counts,alighting,CONFIGNON_LA_DODE,08:59:00,0.0,L14_T001,
synthetic_all_stop_counts,alighting,CONFIGNON_LA_DODE,06:29:00,0.0,L14_T002,
synthetic_all_stop_counts,alighting,CONFIGNON_LA_DODE,08:10:00,0.0,L14_T003,
synthetic_all_stop_counts,alighting,CONFIGNON_LA_DODE,07:42:00,0.0,L14_T004,
synthetic_all_stop_counts,alighting,CONFIGNON_LA_DODE,06:46:00,0.0,L14_T005,
synthetic_all_stop_counts,alighting,CONFIGNON_LA_DODE,06:56:00,0.0,L14_T006,
synthetic_all_stop_counts,alighting,CONFIGNON_LA_DODE,07:06:00,0.0,L14_T007,
synthetic_all_stop_counts,alighting,CONFIGNON_LA_DODE,07:16:00,0.0,L14_T008,
synthetic_all_stop_counts,alighting,CONFIGNON_LA_DODE,07:25:00,0.0,L14_T009,
synthetic_all_stop_counts,alighting,CONFIGNON_LA_DODE,08:30:00,0.0,L14_T010,
synthetic_all_stop_counts,alighting,CONFIGNON_LA_DODE,08:20:00,0.0,L14_T011,
synthetic_all_stop_counts,alighting,CONFIGNON_LA_DODE,07:34:00,0.0,L14_T012,
synthetic_all_stop_counts,alighting,CONFIGNON_LA_DODE,08:01:00,0.0,L14_T013,
synthetic_all_stop_counts,alighting,CONFIGNON_LA_DODE,07:52:00,0.0,L14_T014,
synthetic_all_stop_counts,alighting,CONFIGNON_LA_DODE,08:39:00,0.0,L14_T017,
synthetic_all_stop_counts,alighting,CONFIGNON_LA_DODE,08:49:00,0.0,L14_T018,
synthetic_all_stop_counts,alighting,CONFIGNON_LA_DODE,06:20:00,0.0,L14_T019,
synthetic_all_stop_counts,alighting,CONFIGNON_LA_DODE,08:54:00,0.0,L14_T020,
synthetic_all_stop_counts,alighting,CONFIGNON_LA_DODE,07:11:00,0.0,L14_T021,
synthetic_all_stop_counts,alighting,CONFIGNON_LA_DODE,08:35:00,0.0,L14_T022,
synthetic_all_stop_counts,alighting,CONFIGNON_LA_DODE,09:03:00,0.0,L14_T023,
synthetic_all_stop_counts,alighting,CONFIGNON_LA_DODE,07:20:00,0.0,L14_T024,
synthetic_all_stop_counts,alighting,CONFIGNON_LA_DODE,07:29:00,0.0,L14_T025,
synthetic_all_stop_counts,alighting,CONFIGNON_LA_DODE,08:25:00,0.0,L14_T026,
synthetic_all_stop_counts,alighting,CONFIGNON_LA_DODE,08:15:00,0.0,L14_T027,
synthetic_all_stop_counts,alighting,CONFIGNON_LA_DODE,08:05:00,0.0,L14_T028,
synthetic_all_stop_counts,alighting,CONFIGNON_LA_DODE,07:56:00,0.0,L14_T029,
synthetic_all_stop_counts,alighting,CONFIGNON_LA_DODE,07:38:00,0.0,L14_T030,
synthetic_all_stop_counts,alighting,CONFIGNON_LA_DODE,07:47:00,0.0,L14_T031,
synthetic_all_stop_counts,alighting,CONFIGNON_LA_DODE,06:51:00,0.0,L14_T032,
synthetic_all_stop_counts,alighting,CONFIGNON_LA_DODE,07:01:00,0.0,L14_T033,
synthetic_all_stop_counts,alighting,CONFIGNON_LA_DODE,06:41:00,0.0,L14_T034,
synthetic_all_stop_counts,alighting,CONFIGNON_LA_DODE,08:44:00,0.0,L14_T035,
synthetic_all_stop_counts,alighting,CONFIGNON_LA_DODE,07:01:00,0.0,L14_T036,
synthetic_all_stop_counts,alighting,CONFIGNON_LA_DODE,07:09:00,0.0,L14_T037,
synthetic_all_stop_counts,alighting,CONFIGNON_LA_DODE,07:27:00,0.0,L14_T038,
synthetic_all_stop_counts,alighting,CONFIGNON_LA_DODE,07:14:00,0.0,L14_T039,
synthetic_all_stop_counts,alighting,CONFIGNON_LA_DODE,07:52:00,0.0,L14_T040,
synthetic_all_stop_counts,alighting,CONFIGNON_LA_DODE,09:08:00,0.0,L14_T041,
synthetic_all_stop_counts,alighting,CONFIGNON_LA_DODE,08:50:00,0.0,L14_T042,
synthetic_all_stop_counts,alighting,CONFIGNON_LA_DODE,06:55:00,0.0,L14_T043,
synthetic_all_stop_counts,alighting,CONFIGNON_LA_DODE,07:41:00,0.0,L14_T044,
synthetic_all_stop_counts,alighting,CONFIGNON_LA_DODE,08:00:00,0.0,L14_T045,
synthetic_all_stop_counts,alighting,CONFIGNON_LA_DODE,09:35:00,0.0,L14_T046,
synthetic_all_stop_counts,alighting,CONFIGNON_LA_DODE,09:26:00,0.0,L14_T047,
synthetic_all_stop_counts,alighting,CONFIGNON_LA_DODE,08:40:00,0.0,L14_T048,
synthetic_all_stop_counts,alighting,CONFIGNON_LA_DODE,08:59:00,0.0,L14_T049,
synthetic_all_stop_counts,alighting,CONFIGNON_LA_DODE,08:20:00,0.0,L14_T050,
synthetic_all_stop_counts,alighting,CONFIGNON_LA_DODE,08:10:00,0.0,L14_T051,
synthetic_all_stop_counts,alighting,CONFIGNON_LA_DODE,08:30:00,0.0,L14_T052,
synthetic_all_stop_counts,alighting,CONFIGNON_LA_DODE,09:17:00,0.0,L14_T053,
synthetic_all_stop_counts,alighting,CONFIGNON_LA_DODE,07:30:00,0.0,L14_T054,
synthetic_all_stop_counts,alighting,CONFIGNON_LA_DODE,07:16:00,0.0,L14_T055,
synthetic_all_stop_counts,alighting,CONFIGNON_LA_DODE,07:46:00,0.0,L14_T056,
synthetic_all_stop_counts,alighting,CONFIGNON_LA_DODE,09:40:00,0.0,L14_T057,
synthetic_all_stop_counts,alighting,CONFIGNON_LA_DODE,09:31:00,0.0,L14_T058,
synthetic_all_stop_counts,alighting,CONFIGNON_LA_DODE,09:22:00,0.0,L14_T059,
synthetic_all_stop_counts,alighting,CONFIGNON_LA_DODE,08:16:00,0.0,L14_T060,
synthetic_all_stop_counts,alighting,CONFIGNON_LA_DODE,08:26:00,0.0,L14_T061,
synthetic_all_stop_counts,alighting,CONFIGNON_LA_DODE,07:35:00,0.0,L14_T063,
synthetic_all_stop_counts,alighting,CONFIGNON_LA_DODE,07:56:00,0.0,L14_T064,
synthetic_all_stop_counts,alighting,CONFIGNON_LA_DODE,09:03:00,0.0,L14_T065,
synthetic_all_stop_counts,alighting,CONFIGNON_LA_DODE,08:06:00,0.0,L14_T066,
synthetic_all_stop_counts,alighting,CONFIGNON_LA_DODE,08:35:00,0.0,L14_T067,
synthetic_all_stop_counts,alighting,CONFIGNON_LA_DODE,08:45:00,0.0,L14_T068,
synthetic_all_stop_counts,alighting,CONFIGNON_LA_DODE,08:54:00,0.0,L14_T069,
synthetic_all_stop_counts,alighting,CONFIGNON_LA_DODE,07:06:00,0.0,L14_T070,
synthetic_all_stop_counts,alighting,CONFIGNON_LA_DODE,07:24:00,0.0,L14_T071,
synthetic_all_stop_counts,alighting,CONFIGNON_LA_DODE,09:12:00,0.0,L14_T072,
synthetic_all_stop_counts,alighting,GENEVE_AMANDOLIER,06:56:00,0.0,L12_T001,
synthetic_all_stop_counts,alighting,GENEVE_AMANDOLIER,07:36:00,0.0,L12_T002,
synthetic_all_stop_counts,alighting,GENEVE_AMANDOLIER,09:01:00,0.0,L12_T003,
synthetic_all_stop_counts,alighting,GENEVE_AMANDOLIER,07:46:00,0.0,L12_T004,
synthetic_all_stop_counts,alighting,GENEVE_AMANDOLIER,08:14:00,0.0,L12_T005,
synthetic_all_stop_counts,alighting,GENEVE_AMANDOLIER,08:42:00,0.0,L12_T006,
synthetic_all_stop_counts,alighting,GENEVE_AMANDOLIER,07:16:00,0.0,L12_T007,
synthetic_all_stop_counts,alighting,GENEVE_AMANDOLIER,07:06:00,0.0,L12_T008,
synthetic_all_stop_counts,alighting,GENEVE_AMANDOLIER,07:26:00,0.0,L12_T009,
synthetic_all_stop_counts,alighting,GENEVE_AMANDOLIER,08:23:00,0.0,L12_T010,
synthetic_all_stop_counts,alighting,GENEVE_AMANDOLIER,08:51:00,0.0,L12_T011,
synthetic_all_stop_counts,alighting,GENEVE_AMANDOLIER,07:55:00,0.0,L12_T012,
synthetic_all_stop_counts,alighting,GENEVE_AMANDOLIER,09:10:00,0.0,L12_T013,
synthetic_all_stop_counts,alighting,GENEVE_AMANDOLIER,08:05:00,0.0,L12_T014,
synthetic_all_stop_counts,alighting,GENEVE_AMANDOLIER,08:33:00,0.0,L12_T015,
synthetic_all_stop_counts,alighting,GENEVE_AMANDOLIER,09:20:00,0.0,L12_T016,
synthetic_all_stop_counts,alighting,GENEVE_AMANDOLIER,09:15:00,0.0,L12_T017,
synthetic_all_stop_counts,alighting,GENEVE_AMANDOLIER,08:28:00,0.0,L12_T018,
synthetic_all_stop_counts,alighting,GENEVE_AMANDOLIER,07:01:00,0.0,L12_T019,
synthetic_all_stop_counts,alighting,GENEVE_AMANDOLIER,07:11:00,0.0,L12_T020,
synthetic_all_stop_counts,alighting,GENEVE_AMANDOLIER,07:21:00,0.0,L12_T021,
synthetic_all_stop_counts,alighting,GENEVE_AMANDOLIER,06:54:00,0.0,L12_T022,
synthetic_all_stop_counts,alighting,GENEVE_AMANDOLIER,07:32:00,0.0,L12_T023,
synthetic_all_stop_counts,alighting,GENEVE_AMANDOLIER,07:41:00,0.0,L12_T024,
synthetic_all_stop_counts,alighting,GENEVE_AMANDOLIER,07:59:00,0.0,L12_T025,
synthetic_all_stop_counts,alighting,GENEVE_AMANDOLIER,09:24:00,0.0,L12_T026,
synthetic_all_stop_counts,alighting,GENEVE_AMANDOLIER,08:46:00,0.0,L12_T027,
synthetic_all_stop_counts,alighting,GENEVE_AMANDOLIER,08:56:00,0.0,L12_T028,
synthetic_all_stop_counts,alighting,GENEVE_AMANDOLIER,08:09:00,0.0,L12_T029,
synthetic_all_stop_counts,alighting,GENEVE_AMANDOLIER,08:37:00,0.0,L12_T030,
synthetic_all_stop_counts,alighting,GENEVE_AMANDOLIER,09:06:00,0.0,L12_T031,
synthetic_all_stop_counts,alighting,GENEVE_AMANDOLIER,08:19:00,0.0,L12_T032,
synthetic_all_stop_counts,alighting,GENEVE_AMANDOLIER,07:51:00,0.0,L12_T033,
synthetic_all_stop_counts,alighting,GENEVE_AMANDOLIER,07:15:00,0.0,L12_T034,
synthetic_all_stop_counts,alighting,GENEVE_AMANDOLIER,09:09:00,0.0,L12_T035,
synthetic_all_stop_counts,alighting,GENEVE_AMANDOLIER,06:55:00,0.0,L12_T036,
synthetic_all_stop_counts,alighting,GENEVE_AMANDOLIER,06:44:00,0.0,L12_T037,
synthetic_all_stop_counts,alighting,GENEVE_AMANDOLIER,07:25:00,0.0,L12_T038,
synthetic_all_stop_counts,alighting,GENEVE_AMANDOLIER,07:44:00,0.0,L12_T039,
synthetic_all_stop_counts,alighting,GENEVE_AMANDOLIER,08:50:00,0.0,L12_T040,
synthetic_all_stop_counts,alighting,GENEVE_AMANDOLIER,08:03:00,0.0,L12_T041,
synthetic_all_stop_counts,alighting,GENEVE_AMANDOLIER,08:22:00,0.0,L12_T042,
synthetic_all_stop_counts,alighting,GENEVE_AMANDOLIER,07:04:00,0.0,L12_T043,
synthetic_all_stop_counts,alighting,GENEVE_AMANDOLIER,08:32:00,0.0,L12_T044,
synthetic_all_stop_counts,alighting,GENEVE_AMANDOLIER,07:35:00,0.0,L12_T045,
synthetic_all_stop_counts,alighting,GENEVE_AMANDOLIER,08:13:00,0.0,L12_T046,
synthetic_all_stop_counts,alighting,GENEVE_AMANDOLIER,07:54:00,0.0,L12_T047,
synthetic_all_stop_counts,alighting,GENEVE_AMANDOLIER,08:41:00,0.0,L12_T048,
synthetic_all_stop_counts,alighting,GENEVE_AMANDOLIER,08:59:00,0.0,L12_T049,
synthetic_all_stop_counts,alighting,GENEVE_AMANDOLIER,09:04:00,0.0,L12_T050,
synthetic_all_stop_counts,alighting,GENEVE_AMANDOLIER,06:36:00,0.0,L12_T051,
synthetic_all_stop_counts,alighting,GENEVE_AMANDOLIER,06:50:00,0.0,L12_T052,
synthetic_all_stop_counts,alighting,GENEVE_AMANDOLIER,06:59:00,0.0,L12_T053,
synthetic_all_stop_counts,alighting,GENEVE_AMANDOLIER,07:10:00,0.0,L12_T054,
synthetic_all_stop_counts,alighting,GENEVE_AMANDOLIER,07:30:00,0.0,L12_T055,
synthetic_all_stop_counts,alighting,GENEVE_AMANDOLIER,08:55:00,0.0,L12_T056,
synthetic_all_stop_counts,alighting,GENEVE_AMANDOLIER,08:26:00,0.0,L12_T057,
synthetic_all_stop_counts,alighting,GENEVE_AMANDOLIER,08:36:00,0.0,L12_T058,
synthetic_all_stop_counts,alighting,GENEVE_AMANDOLIER,07:20:00,0.0,L12_T059,
synthetic_all_stop_counts,alighting,GENEVE_AMANDOLIER,07:39:00,0.0,L12_T060,
synthetic_all_stop_counts,alighting,GENEVE_AMANDOLIER,08:09:00,0.0,L12_T061,
synthetic_all_stop_counts,alighting,GENEVE_AMANDOLIER,07:59:00,0.0,L12_T062,
synthetic_all_stop_counts,alighting,GENEVE_AMANDOLIER,08:46:00,0.0,L12_T063,
synthetic_all_stop_counts,alighting,GENEVE_AMANDOLIER,08:18:00,0.0,L12_T064,
synthetic_all_stop_counts,alighting,GENEVE_AMANDOLIER,07:49:00,0.0,L12_T065,
synthetic_all_stop_counts,alighting,GENEVE_AUGUSTINS,06:41:00,0.0,L12_T001,
synthetic_all_stop_counts,alighting,GENEVE_AUGUSTINS,07:21:00,0.0,L12_T002,
synthetic_all_stop_counts,alighting,GENEVE_AUGUSTINS,08:45:00,0.0,L12_T003,
synthetic_all_stop_counts,alighting,GENEVE_AUGUSTINS,07:30:00,0.0,L12_T004,
synthetic_all_stop_counts,alighting,GENEVE_AUGUSTINS,07:58:00,0.0,L12_T005,
synthetic_all_stop_counts,alighting,GENEVE_AUGUSTINS,08:26:00,0.0,L12_T006,
synthetic_all_stop_counts,alighting,GENEVE_AUGUSTINS,07:01:00,0.0,L12_T007,
synthetic_all_stop_counts,alighting,GENEVE_AUGUSTINS,06:51:00,0.0,L12_T008,
synthetic_all_stop_counts,alighting,GENEVE_AUGUSTINS,07:11:00,0.0,L12_T009,
synthetic_all_stop_counts,alighting,GENEVE_AUGUSTINS,08:08:00,0.0,L12_T010,
synthetic_all_stop_counts,alighting,GENEVE_AUGUSTINS,08:36:00,0.0,L12_T011,
synthetic_all_stop_counts,alighting,GENEVE_AUGUSTINS,07:40:00,0.0,L12_T012,
synthetic_all_stop_counts,alighting,GENEVE_AUGUSTINS,08:55:00,0.0,L12_T013,
synthetic_all_stop_counts,alighting,GENEVE_AUGUSTINS,07:49:00,0.0,L12_T014,
synthetic_all_stop_counts,alighting,GENEVE_AUGUSTINS,08:17:00,0.0,L12_T015,
synthetic_all_stop_counts,alighting,GENEVE_AUGUSTINS,09:04:00,0.0,L12_T016,
synthetic_all_stop_counts,alighting,GENEVE_AUGUSTINS,08:59:00,0.0,L12_T017,
synthetic_all_stop_counts,alighting,GENEVE_AUGUSTINS,08:12:00,0.0,L12_T018,
synthetic_all_stop_counts,alighting,GENEVE_AUGUSTINS,06:46:00,0.0,L12_T019,
synthetic_all_stop_counts,alighting,GENEVE_AUGUSTINS,06:56:00,0.0,L12_T020,
synthetic_all_stop_counts,alighting,GENEVE_AUGUSTINS,07:06:00,0.0,L12_T021,
synthetic_all_stop_counts,alighting,GENEVE_AUGUSTINS,06:39:00,0.0,L12_T022,
synthetic_all_stop_counts,alighting,GENEVE_AUGUSTINS,07:16:00,0.0,L12_T023,
synthetic_all_stop_counts,alighting,GENEVE_AUGUSTINS,07:25:00,0.0,L12_T024,
synthetic_all_stop_counts,alighting,GENEVE_AUGUSTINS,07:44:00,0.0,L12_T025,
synthetic_all_stop_counts,alighting,GENEVE_AUGUSTINS,09:09:00,0.0,L12_T026,
synthetic_all_stop_counts,alighting,GENEVE_AUGUSTINS,08:31:00,0.0,L12_T027,
synthetic_all_stop_counts,alighting,GENEVE_AUGUSTINS,08:41:00,0.0,L12_T028,
synthetic_all_stop_counts,alighting,GENEVE_AUGUSTINS,07:54:00,0.0,L12_T029,
synthetic_all_stop_counts,alighting,GENEVE_AUGUSTINS,08:22:00,0.0,L12_T030,
synthetic_all_stop_counts,alighting,GENEVE_AUGUSTINS,08:50:00,0.0,L12_T031,
synthetic_all_stop_counts,alighting,GENEVE_AUGUSTINS,08:03:00,0.0,L12_T032,
synthetic_all_stop_counts,alighting,GENEVE_AUGUSTINS,07:35:00,0.0,L12_T033,
synthetic_all_stop_counts,alighting,GENEVE_AUGUSTINS,07:31:00,0.0,L12_T034,
synthetic_all_stop_counts,alighting,GENEVE_AUGUSTINS,09:25:00,14.0,L12_T035,
synthetic_all_stop_counts,alighting,GENEVE_AUGUSTINS,07:10:00,0.0,L12_T036,
synthetic_all_stop_counts,alighting,GENEVE_AUGUSTINS,06:59:00,0.0,L12_T037,
synthetic_all_stop_counts,alighting,GENEVE_AUGUSTINS,07:41:00,0.0,L12_T038,
synthetic_all_stop_counts,alighting,GENEVE_AUGUSTINS,08:00:00,0.0,L12_T039,
synthetic_all_stop_counts,alighting,GENEVE_AUGUSTINS,09:06:00,2.0,L12_T040,
synthetic_all_stop_counts,alighting,GENEVE_AUGUSTINS,08:19:00,0.0,L12_T041,
synthetic_all_stop_counts,alighting,GENEVE_AUGUSTINS,08:39:00,0.0,L12_T042,
synthetic_all_stop_counts,alighting,GENEVE_AUGUSTINS,07:19:00,0.0,L12_T043,
synthetic_all_stop_counts,alighting,GENEVE_AUGUSTINS,08:48:00,0.0,L12_T044,
synthetic_all_stop_counts,alighting,GENEVE_AUGUSTINS,07:50:00,0.0,L12_T045,
synthetic_all_stop_counts,alighting,GENEVE_AUGUSTINS,08:29:00,0.0,L12_T046,
synthetic_all_stop_counts,alighting,GENEVE_AUGUSTINS,08:10:00,0.0,L12_T047,
synthetic_all_stop_counts,alighting,GENEVE_AUGUSTINS,08:57:00,1.0,L12_T048,
synthetic_all_stop_counts,alighting,GENEVE_AUGUSTINS,09:15:00,6.0,L12_T049,
synthetic_all_stop_counts,alighting,GENEVE_AUGUSTINS,09:20:00,20.0,L12_T050,
synthetic_all_stop_counts,alighting,GENEVE_AUGUSTINS,06:51:00,0.0,L12_T051,
synthetic_all_stop_counts,alighting,GENEVE_AUGUSTINS,07:05:00,0.0,L12_T052,
synthetic_all_stop_counts,alighting,GENEVE_AUGUSTINS,07:14:00,0.0,L12_T053,
synthetic_all_stop_counts,alighting,GENEVE_AUGUSTINS,07:25:00,0.0,L12_T054,
synthetic_all_stop_counts,alighting,GENEVE_AUGUSTINS,07:46:00,0.0,L12_T055,
synthetic_all_stop_counts,alighting,GENEVE_AUGUSTINS,09:11:00,7.0,L12_T056,
synthetic_all_stop_counts,alighting,GENEVE_AUGUSTINS,08:43:00,0.0,L12_T057,
synthetic_all_stop_counts,alighting,GENEVE_AUGUSTINS,08:53:00,1.0,L12_T058,
synthetic_all_stop_counts,alighting,GENEVE_AUGUSTINS,07:36:00,0.0,L12_T059,
synthetic_all_stop_counts,alighting,GENEVE_AUGUSTINS,07:55:00,0.0,L12_T060,
synthetic_all_stop_counts,alighting,GENEVE_AUGUSTINS,08:25:00,0.0,L12_T061,
synthetic_all_stop_counts,alighting,GENEVE_AUGUSTINS,08:15:00,0.0,L12_T062,
synthetic_all_stop_counts,alighting,GENEVE_AUGUSTINS,09:02:00,2.0,L12_T063,
synthetic_all_stop_counts,alighting,GENEVE_AUGUSTINS,08:34:00,0.0,L12_T064,
synthetic_all_stop_counts,alighting,GENEVE_AUGUSTINS,08:05:00,0.0,L12_T065,
synthetic_all_stop_counts,alighting,GENEVE_AUGUSTINS,07:04:00,0.0,L18_T001,
synthetic_all_stop_counts,alighting,GENEVE_AUGUSTINS,06:44:00,0.0,L18_T002,
synthetic_all_stop_counts,alighting,GENEVE_AUGUSTINS,08:19:00,0.0,L18_T003,
synthetic_all_stop_counts,alighting,GENEVE_AUGUSTINS,07:23:00,0.0,L18_T004,
synthetic_all_stop_counts,alighting,GENEVE_AUGUSTINS,08:57:00,0.0,L18_T005,
synthetic_all_stop_counts,alighting,GENEVE_AUGUSTINS,09:16:00,0.0,L18_T006,
synthetic_all_stop_counts,alighting,GENEVE_AUGUSTINS,08:01:00,0.0,L18_T007,
synthetic_all_stop_counts,alighting,GENEVE_AUGUSTINS,08:38:00,0.0,L18_T008,
synthetic_all_stop_counts,alighting,GENEVE_AUGUSTINS,07:42:00,0.0,L18_T009,
synthetic_all_stop_counts,alighting,GENEVE_AUGUSTINS,06:54:00,0.0,L18_T010,
synthetic_all_stop_counts,alighting,GENEVE_AUGUSTINS,07:14:00,0.0,L18_T011,
synthetic_all_stop_counts,alighting,GENEVE_AUGUSTINS,08:28:00,0.0,L18_T012,
synthetic_all_stop_counts,alighting,GENEVE_AUGUSTINS,08:47:00,0.0,L18_T013,
synthetic_all_stop_counts,alighting,GENEVE_AUGUSTINS,09:06:00,0.0,L18_T014,
synthetic_all_stop_counts,alighting,GENEVE_AUGUSTINS,07:51:00,0.0,L18_T015,
synthetic_all_stop_counts,alighting,GENEVE_AUGUSTINS,07:33:00,0.0,L18_T016,
synthetic_all_stop_counts,alighting,GENEVE_AUGUSTINS,08:10:00,0.0,L18_T017,
synthetic_all_stop_counts,alighting,GENEVE_AUGUSTINS,07:02:00,0.0,L18_T019,
synthetic_all_stop_counts,alighting,GENEVE_AUGUSTINS,07:34:00,0.0,L18_T020,
synthetic_all_stop_counts,alighting,GENEVE_AUGUSTINS,08:51:00,0.0,L18_T021,
synthetic_all_stop_counts,alighting,GENEVE_AUGUSTINS,07:53:00,0.0,L18_T022,
synthetic_all_stop_counts,alighting,GENEVE_AUGUSTINS,08:13:00,0.0,L18_T023,
synthetic_all_stop_counts,alighting,GENEVE_AUGUSTINS,09:09:00,4.0,L18_T024,
synthetic_all_stop_counts,alighting,GENEVE_AUGUSTINS,09:27:00,33.0,L18_T025,
synthetic_all_stop_counts,alighting,GENEVE_AUGUSTINS,08:32:00,0.0,L18_T026,
synthetic_all_stop_counts,alighting,GENEVE_AUGUSTINS,06:49:00,0.0,L18_T027,
synthetic_all_stop_counts,alighting,GENEVE_AUGUSTINS,08:22:00,0.0,L18_T028,
synthetic_all_stop_counts,alighting,GENEVE_AUGUSTINS,07:12:00,0.0,L18_T029,
synthetic_all_stop_counts,alighting,GENEVE_AUGUSTINS,07:23:00,0.0,L18_T030,
synthetic_all_stop_counts,alighting,GENEVE_AUGUSTINS,09:00:00,1.0,L18_T031,
synthetic_all_stop_counts,alighting,GENEVE_AUGUSTINS,08:41:00,0.0,L18_T032,
synthetic_all_stop_counts,alighting,GENEVE_AUGUSTINS,08:03:00,0.0,L18_T033,
synthetic_all_stop_counts,alighting,GENEVE_AUGUSTINS,07:43:00,0.0,L18_T034,
synthetic_all_stop_counts,alighting,GENEVE_AUGUSTINS,09:18:00,13.0,L18_T035,
synthetic_all_stop_counts,alighting,GENEVE_BEL_AIR,06:48:00,0.0,L12_T001,
synthetic_all_stop_counts,alighting,GENEVE_BEL_AIR,07:28:00,0.0,L12_T002,
synthetic_all_stop_counts,alighting,GENEVE_BEL_AIR,08:53:00,0.0,L12_T003,
synthetic_all_stop_counts,alighting,GENEVE_BEL_AIR,07:38:00,0.0,L12_T004,
synthetic_all_stop_counts,alighting,GENEVE_BEL_AIR,08:06:00,0.0,L12_T005,
synthetic_all_stop_counts,alighting,GENEVE_BEL_AIR,08:34:00,0.0,L12_T006,
synthetic_all_stop_counts,alighting,GENEVE_BEL_AIR,07:08:00,0.0,L12_T007,
synthetic_all_stop_counts,alighting,GENEVE_BEL_AIR,06:58:00,0.0,L12_T008,
synthetic_all_stop_counts,alighting,GENEVE_BEL_AIR,07:18:00,0.0,L12_T009,
synthetic_all_stop_counts,alighting,GENEVE_BEL_AIR,08:15:00,0.0,L12_T010,
synthetic_all_stop_counts,alighting,GENEVE_BEL_AIR,08:43:00,0.0,L12_T011,
synthetic_all_stop_counts,alighting,GENEVE_BEL_AIR,07:47:00,0.0,L12_T012,
synthetic_all_stop_counts,alighting,GENEVE_BEL_AIR,09:02:00,0.0,L12_T013,
synthetic_all_stop_counts,alighting,GENEVE_BEL_AIR,07:56:00,0.0,L12_T014,
synthetic_all_stop_counts,alighting,GENEVE_BEL_AIR,08:24:00,0.0,L12_T015,
synthetic_all_stop_counts,alighting,GENEVE_BEL_AIR,09:11:00,0.0,L12_T016,
synthetic_all_stop_counts,alighting,GENEVE_BEL_AIR,09:07:00,0.0,L12_T017,
synthetic_all_stop_counts,alighting,GENEVE_BEL_AIR,08:20:00,0.0,L12_T018,
synthetic_all_stop_counts,alighting,GENEVE_BEL_AIR,06:53:00,0.0,L12_T019,
synthetic_all_stop_counts,alighting,GENEVE_BEL_AIR,07:03:00,0.0,L12_T020,
synthetic_all_stop_counts,alighting,GENEVE_BEL_AIR,07:13:00,0.0,L12_T021,
synthetic_all_stop_counts,alighting,GENEVE_BEL_AIR,06:46:00,0.0,L12_T022,
synthetic_all_stop_counts,alighting,GENEVE_BEL_AIR,07:23:00,0.0,L12_T023,
synthetic_all_stop_counts,alighting,GENEVE_BEL_AIR,07:33:00,0.0,L12_T024,
synthetic_all_stop_counts,alighting,GENEVE_BEL_AIR,07:51:00,0.0,L12_T025,
synthetic_all_stop_counts,alighting,GENEVE_BEL_AIR,09:16:00,0.0,L12_T026,
synthetic_all_stop_counts,alighting,GENEVE_BEL_AIR,08:38:00,0.0,L12_T027,
synthetic_all_stop_counts,alighting,GENEVE_BEL_AIR,08:48:00,0.0,L12_T028,
synthetic_all_stop_counts,alighting,GENEVE_BEL_AIR,08:01:00,0.0,L12_T029,
synthetic_all_stop_counts,alighting,GENEVE_BEL_AIR,08:29:00,0.0,L12_T030,
synthetic_all_stop_counts,alighting,GENEVE_BEL_AIR,08:57:00,0.0,L12_T031,
synthetic_all_stop_counts,alighting,GENEVE_BEL_AIR,08:10:00,0.0,L12_T032,
synthetic_all_stop_counts,alighting,GENEVE_BEL_AIR,07:42:00,0.0,L12_T033,
synthetic_all_stop_counts,alighting,GENEVE_BEL_AIR,07:25:00,0.0,L12_T034,
synthetic_all_stop_counts,alighting,GENEVE_BEL_AIR,09:18:00,0.0,L12_T035,
synthetic_all_stop_counts,alighting,GENEVE_BEL_AIR,07:03:00,0.0,L12_T036,
synthetic_all_stop_counts,alighting,GENEVE_BEL_AIR,06:52:00,0.0,L12_T037,
synthetic_all_stop_counts,alighting,GENEVE_BEL_AIR,07:34:00,0.0,L12_T038,
synthetic_all_stop_counts,alighting,GENEVE_BEL_AIR,07:53:00,0.0,L12_T039,
synthetic_all_stop_counts,alighting,GENEVE_BEL_AIR,09:00:00,0.0,L12_T040,
synthetic_all_stop_counts,alighting,GENEVE_BEL_AIR,08:13:00,0.0,L12_T041,
synthetic_all_stop_counts,alighting,GENEVE_BEL_AIR,08:32:00,0.0,L12_T042,
synthetic_all_stop_counts,alighting,GENEVE_BEL_AIR,07:13:00,0.0,L12_T043,
synthetic_all_stop_counts,alighting,GENEVE_BEL_AIR,08:41:00,0.0,L12_T044,
synthetic_all_stop_counts,alighting,GENEVE_BEL_AIR,07:44:00,0.0,L12_T045,
synthetic_all_stop_counts,alighting,GENEVE_BEL_AIR,08:22:00,0.0,L12_T046,
synthetic_all_stop_counts,alighting,GENEVE_BEL_AIR,08:03:00,0.0,L12_T047,
synthetic_all_stop_counts,alighting,GENEVE_BEL_AIR,08:51:00,0.0,L12_T048,
synthetic_all_stop_counts,alighting,GENEVE_BEL_AIR,09:09:00,0.0,L12_T049,
synthetic_all_stop_counts,alighting,GENEVE_BEL_AIR,09:13:00,0.0,L12_T050,
synthetic_all_stop_counts,alighting,GENEVE_BEL_AIR,06:44:00,0.0,L12_T051,
synthetic_all_stop_counts,alighting,GENEVE_BEL_AIR,06:58:00,0.0,L12_T052,
synthetic_all_stop_counts,alighting,GENEVE_BEL_AIR,07:07:00,0.0,L12_T053,
synthetic_all_stop_counts,alighting,GENEVE_BEL_AIR,07:19:00,0.0,L12_T054,
synthetic_all_stop_counts,alighting,GENEVE_BEL_AIR,07:39:00,0.0,L12_T055,
synthetic_all_stop_counts,alighting,GENEVE_BEL_AIR,09:04:00,0.0,L12_T056,
synthetic_all_stop_counts,alighting,GENEVE_BEL_AIR,08:36:00,0.0,L12_T057,
synthetic_all_stop_counts,alighting,GENEVE_BEL_AIR,08:46:00,0.0,L12_T058,
synthetic_all_stop_counts,alighting,GENEVE_BEL_AIR,07:29:00,0.0,L12_T059,
synthetic_all_stop_counts,alighting,GENEVE_BEL_AIR,07:49:00,0.0,L12_T060,
synthetic_all_stop_counts,alighting,GENEVE_BEL_AIR,08:18:00,0.0,L12_T061,
synthetic_all_stop_counts,alighting,GENEVE_BEL_AIR,08:08:00,0.0,L12_T062,
synthetic_all_stop_counts,alighting,GENEVE_BEL_AIR,08:55:00,0.0,L12_T063,
synthetic_all_stop_counts,alighting,GENEVE_BEL_AIR,08:27:00,0.0,L12_T064,
synthetic_all_stop_counts,alighting,GENEVE_BEL_AIR,07:58:00,0.0,L12_T065,
synthetic_all_stop_counts,alighting,GENEVE_BEL_AIR,09:16:00,0.0,L14_T001,
synthetic_all_stop_counts,alighting,GENEVE_BEL_AIR,06:46:00,0.0,L14_T002,
synthetic_all_stop_counts,alighting,GENEVE_BEL_AIR,08:29:00,0.0,L14_T003,
synthetic_all_stop_counts,alighting,GENEVE_BEL_AIR,08:01:00,0.0,L14_T004,
synthetic_all_stop_counts,alighting,GENEVE_BEL_AIR,07:03:00,0.0,L14_T005,
synthetic_all_stop_counts,alighting,GENEVE_BEL_AIR,07:13:00,0.0,L14_T006,
synthetic_all_stop_counts,alighting,GENEVE_BEL_AIR,07:23:00,0.0,L14_T007,
synthetic_all_stop_counts,alighting,GENEVE_BEL_AIR,07:33:00,0.0,L14_T008,
synthetic_all_stop_counts,alighting,GENEVE_BEL_AIR,07:42:00,0.0,L14_T009,
synthetic_all_stop_counts,alighting,GENEVE_BEL_AIR,08:47:00,0.0,L14_T010,
synthetic_all_stop_counts,alighting,GENEVE_BEL_AIR,08:38:00,0.0,L14_T011,
synthetic_all_stop_counts,alighting,GENEVE_BEL_AIR,07:52:00,0.0,L14_T012,
synthetic_all_stop_counts,alighting,GENEVE_BEL_AIR,08:19:00,0.0,L14_T013,
synthetic_all_stop_counts,alighting,GENEVE_BEL_AIR,08:10:00,0.0,L14_T014,
synthetic_all_stop_counts,alighting,GENEVE_BEL_AIR,08:57:00,0.0,L14_T017,
synthetic_all_stop_counts,alighting,GENEVE_BEL_AIR,09:07:00,0.0,L14_T018,
synthetic_all_stop_counts,alighting,GENEVE_BEL_AIR,06:37:00,0.0,L14_T019,
synthetic_all_stop_counts,alighting,GENEVE_BEL_AIR,09:11:00,0.0,L14_T020,
synthetic_all_stop_counts,alighting,GENEVE_BEL_AIR,07:28:00,0.0,L14_T021,
synthetic_all_stop_counts,alighting,GENEVE_BEL_AIR,08:52:00,0.0,L14_T022,
synthetic_all_stop_counts,alighting,GENEVE_BEL_AIR,09:20:00,0.0,L14_T023,
synthetic_all_stop_counts,alighting,GENEVE_BEL_AIR,07:38:00,0.0,L14_T024,
synthetic_all_stop_counts,alighting,GENEVE_BEL_AIR,07:47:00,0.0,L14_T025,
synthetic_all_stop_counts,alighting,GENEVE_BEL_AIR,08:43:00,0.0,L14_T026,
synthetic_all_stop_counts,alighting,GENEVE_BEL_AIR,08:34:00,0.0,L14_T027,
synthetic_all_stop_counts,alighting,GENEVE_BEL_AIR,08:24:00,0.0,L14_T028,
synthetic_all_stop_counts,alighting,GENEVE_BEL_AIR,08:15:00,0.0,L14_T029,
synthetic_all_stop_counts,alighting,GENEVE_BEL_AIR,07:57:00,0.0,L14_T030,
synthetic_all_stop_counts,alighting,GENEVE_BEL_AIR,08:06:00,0.0,L14_T031,
synthetic_all_stop_counts,alighting,GENEVE_BEL_AIR,07:08:00,0.0,L14_T032,
synthetic_all_stop_counts,alighting,GENEVE_BEL_AIR,07:18:00,0.0,L14_T033,
synthetic_all_stop_counts,alighting,GENEVE_BEL_AIR,06:58:00,0.0,L14_T034,
synthetic_all_stop_counts,alighting,GENEVE_BEL_AIR,09:01:00,0.0,L14_T035,
synthetic_all_stop_counts,alighting,GENEVE_BEL_AIR,06:45:00,0.0,L14_T036,
synthetic_all_stop_counts,alighting,GENEVE_BEL_AIR,06:52:00,0.0,L14_T037,
synthetic_all_stop_counts,alighting,GENEVE_BEL_AIR,07:10:00,0.0,L14_T038,
synthetic_all_stop_counts,alighting,GENEVE_BEL_AIR,06:57:00,0.0,L14_T039,
synthetic_all_stop_counts,alighting,GENEVE_BEL_AIR,07:34:00,0.0,L14_T040,
synthetic_all_stop_counts,alighting,GENEVE_BEL_AIR,08:50:00,0.0,L14_T041,
synthetic_all_stop_counts,alighting,GENEVE_BEL_AIR,08:32:00,0.0,L14_T042,
synthetic_all_stop_counts,alighting,GENEVE_BEL_AIR,06:39:00,0.0,L14_T043,
synthetic_all_stop_counts,alighting,GENEVE_BEL_AIR,07:25:00,0.0,L14_T044,
synthetic_all_stop_counts,alighting,GENEVE_BEL_AIR,07:43:00,0.0,L14_T045,
synthetic_all_stop_counts,alighting,GENEVE_BEL_AIR,09:18:00,0.0,L14_T046,
synthetic_all_stop_counts,alighting,GENEVE_BEL_AIR,09:09:00,0.0,L14_T047,
synthetic_all_stop_counts,alighting,GENEVE_BEL_AIR,08:23:00,0.0,L14_T048,
synthetic_all_stop_counts,alighting,GENEVE_BEL_AIR,08:41:00,0.0,L14_T049,
synthetic_all_stop_counts,alighting,GENEVE_BEL_AIR,08:03:00,0.0,L14_T050,
synthetic_all_stop_counts,alighting,GENEVE_BEL_AIR,07:53:00,0.0,L14_T051,
synthetic_all_stop_counts,alighting,GENEVE_BEL_AIR,08:13:00,0.0,L14_T052,
synthetic_all_stop_counts,alighting,GENEVE_BEL_AIR,08:59:00,0.0,L14_T053,
synthetic_all_stop_counts,alighting,GENEVE_BEL_AIR,07:14:00,0.0,L14_T054,
synthetic_all_stop_counts,alighting,GENEVE_BEL_AIR,07:00:00,0.0,L14_T055,
synthetic_all_stop_counts,alighting,GENEVE_BEL_AIR,07:29:00,0.0,L14_T056,
synthetic_all_stop_counts,alighting,GENEVE_BEL_AIR,09:22:00,0.0,L14_T057,
synthetic_all_stop_counts,alighting,GENEVE_BEL_AIR,09:13:00,0.0,L14_T058,
synthetic_all_stop_counts,alighting,GENEVE_BEL_AIR,09:04:00,0.0,L14_T059,
synthetic_all_stop_counts,alighting,GENEVE_BEL_AIR,07:58:00,0.0,L14_T060,
synthetic_all_stop_counts,alighting,GENEVE_BEL_AIR,08:08:00,0.0,L14_T061,
synthetic_all_stop_counts,alighting,GENEVE_BEL_AIR,07:19:00,0.0,L14_T063,
synthetic_all_stop_counts,alighting,GENEVE_BEL_AIR,07:39:00,0.0,L14_T064,
synthetic_all_stop_counts,alighting,GENEVE_BEL_AIR,08:46:00,0.0,L14_T065,
synthetic_all_stop_counts,alighting,GENEVE_BEL_AIR,07:49:00,0.0,L14_T066,
synthetic_all_stop_counts,alighting,GENEVE_BEL_AIR,08:18:00,0.0,L14_T067,
synthetic_all_stop_counts,alighting,GENEVE_BEL_AIR,08:28:00,0.0,L14_T068,
synthetic_all_stop_counts,alighting,GENEVE_BEL_AIR,08:37:00,0.0,L14_T069,
synthetic_all_stop_counts,alighting,GENEVE_BEL_AIR,06:49:00,0.0,L14_T070,
synthetic_all_stop_counts,alighting,GENEVE_BEL_AIR,07:08:00,0.0,L14_T071,
synthetic_all_stop_counts,alighting,GENEVE_BEL_AIR,08:55:00,0.0,L14_T072,
synthetic_all_stop_counts,alighting,GENEVE_BEL_AIR,07:10:00,0.0,L18_T001,
synthetic_all_stop_counts,alighting,GENEVE_BEL_AIR,06:50:00,0.0,L18_T002,
synthetic_all_stop_counts,alighting,GENEVE_BEL_AIR,08:27:00,0.0,L18_T003,
synthetic_all_stop_counts,alighting,GENEVE_BEL_AIR,07:30:00,0.0,L18_T004,
synthetic_all_stop_counts,alighting,GENEVE_BEL_AIR,09:04:00,0.0,L18_T005,
synthetic_all_stop_counts,alighting,GENEVE_BEL_AIR,09:23:00,0.0,L18_T006,
synthetic_all_stop_counts,alighting,GENEVE_BEL_AIR,08:08:00,0.0,L18_T007,
synthetic_all_stop_counts,alighting,GENEVE_BEL_AIR,08:45:00,0.0,L18_T008,
synthetic_all_stop_counts,alighting,GENEVE_BEL_AIR,07:49:00,0.0,L18_T009,
synthetic_all_stop_counts,alighting,GENEVE_BEL_AIR,07:00:00,0.0,L18_T010,
synthetic_all_stop_counts,alighting,GENEVE_BEL_AIR,07:20:00,0.0,L18_T011,
synthetic_all_stop_counts,alighting,GENEVE_BEL_AIR,08:36:00,0.0,L18_T012,
synthetic_all_stop_counts,alighting,GENEVE_BEL_AIR,08:55:00,0.0,L18_T013,
synthetic_all_stop_counts,alighting,GENEVE_BEL_AIR,09:14:00,0.0,L18_T014,
synthetic_all_stop_counts,alighting,GENEVE_BEL_AIR,07:59:00,0.0,L18_T015,
synthetic_all_stop_counts,alighting,GENEVE_BEL_AIR,07:40:00,0.0,L18_T016,
synthetic_all_stop_counts,alighting,GENEVE_BEL_AIR,08:17:00,0.0,L18_T017,
synthetic_all_stop_counts,alighting,GENEVE_BEL_AIR,06:56:00,0.0,L18_T019,
synthetic_all_stop_counts,alighting,GENEVE_BEL_AIR,07:27:00,0.0,L18_T020,
synthetic_all_stop_counts,alighting,GENEVE_BEL_AIR,08:44:00,0.0,L18_T021,
synthetic_all_stop_counts,alighting,GENEVE_BEL_AIR,07:46:00,0.0,L18_T022,
synthetic_all_stop_counts,alighting,GENEVE_BEL_AIR,08:06:00,0.0,L18_T023,
synthetic_all_stop_counts,alighting,GENEVE_BEL_AIR,09:02:00,0.0,L18_T024,
synthetic_all_stop_counts,alighting,GENEVE_BEL_AIR,09:20:00,0.0,L18_T025,
synthetic_all_stop_counts,alighting,GENEVE_BEL_AIR,08:25:00,0.0,L18_T026,
synthetic_all_stop_counts,alighting,GENEVE_BEL_AIR,06:42:00,0.0,L18_T027,
synthetic_all_stop_counts,alighting,GENEVE_BEL_AIR,08:15:00,0.0,L18_T028,
synthetic_all_stop_counts,alighting,GENEVE_BEL_AIR,07:05:00,0.0,L18_T029,
synthetic_all_stop_counts,alighting,GENEVE_BEL_AIR,07:16:00,0.0,L18_T030,
synthetic_all_stop_counts,alighting,GENEVE_BEL_AIR,08:53:00,0.0,L18_T031,
synthetic_all_stop_counts,alighting,GENEVE_BEL_AIR,08:34:00,0.0,L18_T032,
synthetic_all_stop_counts,alighting,GENEVE_BEL_AIR,07:56:00,0.0,L18_T033,
synthetic_all_stop_counts,alighting,GENEVE_BEL_AIR,07:37:00,0.0,L18_T034,
synthetic_all_stop_counts,alighting,GENEVE_BEL_AIR,09:11:00,0.0,L18_T035,
synthetic_all_stop_counts,alighting,GENEVE_BLANCHE,06:39:00,0.0,L12_T001,
synthetic_all_stop_counts,alighting,GENEVE_BLANCHE,07:19:00,0.0,L12_T002,
synthetic_all_stop_counts,alighting,GENEVE_BLANCHE,08:44:00,0.0,L12_T003,
synthetic_all_stop_counts,alighting,GENEVE_BLANCHE,07:29:00,0.0,L12_T004,
synthetic_all_stop_counts,alighting,GENEVE_BLANCHE,07:57:00,0.0,L12_T005,
synthetic_all_stop_counts,alighting,GENEVE_BLANCHE,08:25:00,0.0,L12_T006,
synthetic_all_stop_counts,alighting,GENEVE_BLANCHE,06:59:00,0.0,L12_T007,
synthetic_all_stop_counts,alighting,GENEVE_BLANCHE,06:49:00,0.0,L12_T008,
synthetic_all_stop_counts,alighting,GENEVE_BLANCHE,07:10:00,0.0,L12_T009,
synthetic_all_stop_counts,alighting,GENEVE_BLANCHE,08:06:00,0.0,L12_T010,
synthetic_all_stop_counts,alighting,GENEVE_BLANCHE,08:34:00,0.0,L12_T011,
synthetic_all_stop_counts,alighting,GENEVE_BLANCHE,07:38:00,0.0,L12_T012,
synthetic_all_stop_counts,alighting,GENEVE_BLANCHE,08:53:00,0.0,L12_T013,
synthetic_all_stop_counts,alighting,GENEVE_BLANCHE,07:47:00,0.0,L12_T014,
synthetic_all_stop_counts,alighting,GENEVE_BLANCHE,08:15:00,0.0,L12_T015,
synthetic_all_stop_counts,alighting,GENEVE_BLANCHE,09:02:00,0.0,L12_T016,
synthetic_all_stop_counts,alighting,GENEVE_BLANCHE,08:58:00,0.0,L12_T017,
synthetic_all_stop_counts,alighting,GENEVE_BLANCHE,08:11:00,0.0,L12_T018,
synthetic_all_stop_counts,alighting,GENEVE_BLANCHE,06:44:00,0.0,L12_T019,
synthetic_all_stop_counts,alighting,GENEVE_BLANCHE,06:54:00,0.0,L12_T020,
synthetic_all_stop_counts,alighting,GENEVE_BLANCHE,07:04:00,0.0,L12_T021,
synthetic_all_stop_counts,alighting,GENEVE_BLANCHE,06:38:00,0.0,L12_T022,
synthetic_all_stop_counts,alighting,GENEVE_BLANCHE,07:15:00,0.0,L12_T023,
synthetic_all_stop_counts,alighting,GENEVE_BLANCHE,07:24:00,0.0,L12_T024,
synthetic_all_stop_counts,alighting,GENEVE_BLANCHE,07:42:00,0.0,L12_T025,
synthetic_all_stop_counts,alighting,GENEVE_BLANCHE,09:07:00,0.0,L12_T026,
synthetic_all_stop_counts,alighting,GENEVE_BLANCHE,08:29:00,0.0,L12_T027,
synthetic_all_stop_counts,alighting,GENEVE_BLANCHE,08:39:00,0.0,L12_T028,
synthetic_all_stop_counts,alighting,GENEVE_BLANCHE,07:52:00,0.0,L12_T029,
synthetic_all_stop_counts,alighting,GENEVE_BLANCHE,08:20:00,0.0,L12_T030,
synthetic_all_stop_counts,alighting,GENEVE_BLANCHE,08:48:00,0.0,L12_T031,
synthetic_all_stop_counts,alighting,GENEVE_BLANCHE,08:01:00,0.0,L12_T032,
synthetic_all_stop_counts,alighting,GENEVE_BLANCHE,07:33:00,0.0,L12_T033,
synthetic_all_stop_counts,alighting,GENEVE_BLANCHE,07:32:00,0.0,L12_T034,
synthetic_all_stop_counts,alighting,GENEVE_BLANCHE,09:26:00,14.0,L12_T035,
synthetic_all_stop_counts,alighting,GENEVE_BLANCHE,07:11:00,0.0,L12_T036,
synthetic_all_stop_counts,alighting,GENEVE_BLANCHE,07:00:00,0.0,L12_T037,
synthetic_all_stop_counts,alighting,GENEVE_BLANCHE,07:42:00,0.0,L12_T038,
synthetic_all_stop_counts,alighting,GENEVE_BLANCHE,08:01:00,0.0,L12_T039,
synthetic_all_stop_counts,alighting,GENEVE_BLANCHE,09:08:00,2.0,L12_T040,
synthetic_all_stop_counts,alighting,GENEVE_BLANCHE,08:21:00,0.0,L12_T041,
synthetic_all_stop_counts,alighting,GENEVE_BLANCHE,08:40:00,0.0,L12_T042,
synthetic_all_stop_counts,alighting,GENEVE_BLANCHE,07:20:00,0.0,L12_T043,
synthetic_all_stop_counts,alighting,GENEVE_BLANCHE,08:49:00,1.0,L12_T044,
synthetic_all_stop_counts,alighting,GENEVE_BLANCHE,07:52:00,0.0,L12_T045,
synthetic_all_stop_counts,alighting,GENEVE_BLANCHE,08:30:00,0.0,L12_T046,
synthetic_all_stop_counts,alighting,GENEVE_BLANCHE,08:11:00,0.0,L12_T047,
synthetic_all_stop_counts,alighting,GENEVE_BLANCHE,08:59:00,1.0,L12_T048,
synthetic_all_stop_counts,alighting,GENEVE_BLANCHE,09:17:00,6.0,L12_T049,
synthetic_all_stop_counts,alighting,GENEVE_BLANCHE,09:21:00,26.0,L12_T050,
synthetic_all_stop_counts,alighting,GENEVE_BLANCHE,06:52:00,0.0,L12_T051,
synthetic_all_stop_counts,alighting,GENEVE_BLANCHE,07:06:00,0.0,L12_T052,
synthetic_all_stop_counts,alighting,GENEVE_BLANCHE,07:15:00,0.0,L12_T053,
synthetic_all_stop_counts,alighting,GENEVE_BLANCHE,07:26:00,0.0,L12_T054,
synthetic_all_stop_counts,alighting,GENEVE_BLANCHE,07:47:00,0.0,L12_T055,
synthetic_all_stop_counts,alighting,GENEVE_BLANCHE,09:12:00,10.0,L12_T056,
synthetic_all_stop_counts,alighting,GENEVE_BLANCHE,08:44:00,1.0,L12_T057,
synthetic_all_stop_counts,alighting,GENEVE_BLANCHE,08:54:00,2.0,L12_T058,
synthetic_all_stop_counts,alighting,GENEVE_BLANCHE,07:37:00,0.0,L12_T059,
synthetic_all_stop_counts,alighting,GENEVE_BLANCHE,07:57:00,0.0,L12_T060,
synthetic_all_stop_counts,alighting,GENEVE_BLANCHE,08:26:00,0.0,L12_T061,
synthetic_all_stop_counts,alighting,GENEVE_BLANCHE,08:16:00,0.0,L12_T062,
synthetic_all_stop_counts,alighting,GENEVE_BLANCHE,09:03:00,4.0,L12_T063,
synthetic_all_stop_counts,alighting,GENEVE_BLANCHE,08:35:00,0.0,L12_T064,
synthetic_all_stop_counts,alighting,GENEVE_BLANCHE,08:06:00,0.0,L12_T065,
synthetic_all_stop_counts,alighting,GENEVE_BLANCHE,07:02:00,0.0,L18_T001,
synthetic_all_stop_counts,alighting,GENEVE_BLANCHE,06:42:00,0.0,L18_T002,
synthetic_all_stop_counts,alighting,GENEVE_BLANCHE,08:18:00,0.0,L18_T003,
synthetic_all_stop_counts,alighting,GENEVE_BLANCHE,07:22:00,0.0,L18_T004,
synthetic_all_stop_counts,alighting,GENEVE_BLANCHE,08:55:00,0.0,L18_T005,
synthetic_all_stop_counts,alighting,GENEVE_BLANCHE,09:14:00,0.0,L18_T006,
synthetic_all_stop_counts,alighting,GENEVE_BLANCHE,07:59:00,0.0,L18_T007,
synthetic_all_stop_counts,alighting,GENEVE_BLANCHE,08:36:00,0.0,L18_T008,
synthetic_all_stop_counts,alighting,GENEVE_BLANCHE,07:40:00,0.0,L18_T009,
synthetic_all_stop_counts,alighting,GENEVE_BLANCHE,06:52:00,0.0,L18_T010,
synthetic_all_stop_counts,alighting,GENEVE_BLANCHE,07:12:00,0.0,L18_T011,
synthetic_all_stop_counts,alighting,GENEVE_BLANCHE,08:27:00,0.0,L18_T012,
synthetic_all_stop_counts,alighting,GENEVE_BLANCHE,08:46:00,0.0,L18_T013,
synthetic_all_stop_counts,alighting,GENEVE_BLANCHE,09:05:00,0.0,L18_T014,
synthetic_all_stop_counts,alighting,GENEVE_BLANCHE,07:50:00,0.0,L18_T015,
synthetic_all_stop_counts,alighting,GENEVE_BLANCHE,07:31:00,0.0,L18_T016,
synthetic_all_stop_counts,alighting,GENEVE_BLANCHE,08:08:00,0.0,L18_T017,
synthetic_all_stop_counts,alighting,GENEVE_BLANCHE,07:04:00,0.0,L18_T019,
synthetic_all_stop_counts,alighting,GENEVE_BLANCHE,07:35:00,0.0,L18_T020,
synthetic_all_stop_counts,alighting,GENEVE_BLANCHE,08:52:00,1.0,L18_T021,
synthetic_all_stop_counts,alighting,GENEVE_BLANCHE,07:54:00,0.0,L18_T022,
synthetic_all_stop_counts,alighting,GENEVE_BLANCHE,08:14:00,0.0,L18_T023,
synthetic_all_stop_counts,alighting,GENEVE_BLANCHE,09:10:00,7.0,L18_T024,
synthetic_all_stop_counts,alighting,GENEVE_BLANCHE,09:28:00,30.0,L18_T025,
synthetic_all_stop_counts,alighting,GENEVE_BLANCHE,08:33:00,0.0,L18_T026,
synthetic_all_stop_counts,alighting,GENEVE_BLANCHE,06:50:00,0.0,L18_T027,
synthetic_all_stop_counts,alighting,GENEVE_BLANCHE,08:24:00,0.0,L18_T028,
synthetic_all_stop_counts,alighting,GENEVE_BLANCHE,07:13:00,0.0,L18_T029,
synthetic_all_stop_counts,alighting,GENEVE_BLANCHE,07:24:00,0.0,L18_T030,
synthetic_all_stop_counts,alighting,GENEVE_BLANCHE,09:01:00,3.0,L18_T031,
synthetic_all_stop_counts,alighting,GENEVE_BLANCHE,08:43:00,1.0,L18_T032,
synthetic_all_stop_counts,alighting,GENEVE_BLANCHE,08:04:00,0.0,L18_T033,
synthetic_all_stop_counts,alighting,GENEVE_BLANCHE,07:45:00,0.0,L18_T034,
synthetic_all_stop_counts,alighting,GENEVE_BLANCHE,09:19:00,17.0,L18_T035,
synthetic_all_stop_counts,alighting,GENEVE_COUTANCE,09:18:00,0.0,L14_T001,
synthetic_all_stop_counts,alighting,GENEVE_COUTANCE,06:48:00,0.0,L14_T002,
synthetic_all_stop_counts,alighting,GENEVE_COUTANCE,08:31:00,0.0,L14_T003,
synthetic_all_stop_counts,alighting,GENEVE_COUTANCE,08:03:00,0.0,L14_T004,
synthetic_all_stop_counts,alighting,GENEVE_COUTANCE,07:04:00,0.0,L14_T005,
synthetic_all_stop_counts,alighting,GENEVE_COUTANCE,07:14:00,0.0,L14_T006,
synthetic_all_stop_counts,alighting,GENEVE_COUTANCE,07:24:00,0.0,L14_T007,
synthetic_all_stop_counts,alighting,GENEVE_COUTANCE,07:34:00,0.0,L14_T008,
synthetic_all_stop_counts,alighting,GENEVE_COUTANCE,07:44:00,0.0,L14_T009,
synthetic_all_stop_counts,alighting,GENEVE_COUTANCE,08:49:00,0.0,L14_T010,
synthetic_all_stop_counts,alighting,GENEVE_COUTANCE,08:40:00,0.0,L14_T011,
synthetic_all_stop_counts,alighting,GENEVE_COUTANCE,07:54:00,0.0,L14_T012,
synthetic_all_stop_counts,alighting,GENEVE_COUTANCE,08:21:00,0.0,L14_T013,
synthetic_all_stop_counts,alighting,GENEVE_COUTANCE,08:12:00,0.0,L14_T014,
synthetic_all_stop_counts,alighting,GENEVE_COUTANCE,08:58:00,0.0,L14_T017,
synthetic_all_stop_counts,alighting,GENEVE_COUTANCE,09:08:00,0.0,L14_T018,
synthetic_all_stop_counts,alighting,GENEVE_COUTANCE,06:38:00,0.0,L14_T019,
synthetic_all_stop_counts,alighting,GENEVE_COUTANCE,09:13:00,0.0,L14_T020,
synthetic_all_stop_counts,alighting,GENEVE_COUTANCE,07:30:00,0.0,L14_T021,
synthetic_all_stop_counts,alighting,GENEVE_COUTANCE,08:54:00,0.0,L14_T022,
synthetic_all_stop_counts,alighting,GENEVE_COUTANCE,09:22:00,0.0,L14_T023,
synthetic_all_stop_counts,alighting,GENEVE_COUTANCE,07:39:00,0.0,L14_T024,
synthetic_all_stop_counts,alighting,GENEVE_COUTANCE,07:49:00,0.0,L14_T025,
synthetic_all_stop_counts,alighting,GENEVE_COUTANCE,08:45:00,0.0,L14_T026,
synthetic_all_stop_counts,alighting,GENEVE_COUTANCE,08:35:00,0.0,L14_T027,
synthetic_all_stop_counts,alighting,GENEVE_COUTANCE,08:25:00,0.0,L14_T028,
synthetic_all_stop_counts,alighting,GENEVE_COUTANCE,08:16:00,0.0,L14_T029,
synthetic_all_stop_counts,alighting,GENEVE_COUTANCE,07:58:00,0.0,L14_T030,
synthetic_all_stop_counts,alighting,GENEVE_COUTANCE,08:08:00,0.0,L14_T031,
synthetic_all_stop_counts,alighting,GENEVE_COUTANCE,07:09:00,0.0,L14_T032,
synthetic_all_stop_counts,alighting,GENEVE_COUTANCE,07:19:00,0.0,L14_T033,
synthetic_all_stop_counts,alighting,GENEVE_COUTANCE,06:59:00,0.0,L14_T034,
synthetic_all_stop_counts,alighting,GENEVE_COUTANCE,09:03:00,0.0,L14_T035,
synthetic_all_stop_counts,alighting,GENEVE_COUTANCE,06:43:00,0.0,L14_T036,
synthetic_all_stop_counts,alighting,GENEVE_COUTANCE,06:51:00,0.0,L14_T037,
synthetic_all_stop_counts,alighting,GENEVE_COUTANCE,07:09:00,0.0,L14_T038,
synthetic_all_stop_counts,alighting,GENEVE_COUTANCE,06:56:00,0.0,L14_T039,
synthetic_all_stop_counts,alighting,GENEVE_COUTANCE,07:33:00,0.0,L14_T040,
synthetic_all_stop_counts,alighting,GENEVE_COUTANCE,08:49:00,0.0,L14_T041,
synthetic_all_stop_counts,alighting,GENEVE_COUTANCE,08:31:00,0.0,L14_T042,
synthetic_all_stop_counts,alighting,GENEVE_COUTANCE,06:37:00,0.0,L14_T043,
synthetic_all_stop_counts,alighting,GENEVE_COUTANCE,07:23:00,0.0,L14_T044,
synthetic_all_stop_counts,alighting,GENEVE_COUTANCE,07:41:00,0.0,L14_T045,
synthetic_all_stop_counts,alighting,GENEVE_COUTANCE,09:16:00,0.0,L14_T046,
synthetic_all_stop_counts,alighting,GENEVE_COUTANCE,09:07:00,0.0,L14_T047,
synthetic_all_stop_counts,alighting,GENEVE_COUTANCE,08:21:00,0.0,L14_T048,
synthetic_all_stop_counts,alighting,GENEVE_COUTANCE,08:40:00,0.0,L14_T049,
synthetic_all_stop_counts,alighting,GENEVE_COUTANCE,08:01:00,0.0,L14_T050,
synthetic_all_stop_counts,alighting,GENEVE_COUTANCE,07:51:00,0.0,L14_T051,
synthetic_all_stop_counts,alighting,GENEVE_COUTANCE,08:11:00,0.0,L14_T052,
synthetic_all_stop_counts,alighting,GENEVE_COUTANCE,08:58:00,0.0,L14_T053,
synthetic_all_stop_counts,alighting,GENEVE_COUTANCE,07:12:00,0.0,L14_T054,
synthetic_all_stop_counts,alighting,GENEVE_COUTANCE,06:58:00,0.0,L14_T055,
synthetic_all_stop_counts,alighting,GENEVE_COUTANCE,07:28:00,0.0,L14_T056,
synthetic_all_stop_counts,alighting,GENEVE_COUTANCE,09:21:00,0.0,L14_T057,
synthetic_all_stop_counts,alighting,GENEVE_COUTANCE,09:12:00,0.0,L14_T058,
synthetic_all_stop_counts,alighting,GENEVE_COUTANCE,09:03:00,0.0,L14_T059,
synthetic_all_stop_counts,alighting,GENEVE_COUTANCE,07:57:00,0.0,L14_T060,
synthetic_all_stop_counts,alighting,GENEVE_COUTANCE,08:07:00,0.0,L14_T061,
synthetic_all_stop_counts,alighting,GENEVE_COUTANCE,07:17:00,0.0,L14_T063,
synthetic_all_stop_counts,alighting,GENEVE_COUTANCE,07:37:00,0.0,L14_T064,
synthetic_all_stop_counts,alighting,GENEVE_COUTANCE,08:44:00,0.0,L14_T065,
synthetic_all_stop_counts,alighting,GENEVE_COUTANCE,07:47:00,0.0,L14_T066,
synthetic_all_stop_counts,alighting,GENEVE_COUTANCE,08:16:00,0.0,L14_T067,
synthetic_all_stop_counts,alighting,GENEVE_COUTANCE,08:26:00,0.0,L14_T068,
synthetic_all_stop_counts,alighting,GENEVE_COUTANCE,08:35:00,0.0,L14_T069,
synthetic_all_stop_counts,alighting,GENEVE_COUTANCE,06:48:00,0.0,L14_T070,
synthetic_all_stop_counts,alighting,GENEVE_COUTANCE,07:06:00,0.0,L14_T071,
synthetic_all_stop_counts,alighting,GENEVE_COUTANCE,08:53:00,0.0,L14_T072,
synthetic_all_stop_counts,alighting,GENEVE_COUTANCE,07:12:00,0.0,L18_T001,
synthetic_all_stop_counts,alighting,GENEVE_COUTANCE,06:52:00,0.0,L18_T002,
synthetic_all_stop_counts,alighting,GENEVE_COUTANCE,08:28:00,0.0,L18_T003,
synthetic_all_stop_counts,alighting,GENEVE_COUTANCE,07:32:00,0.0,L18_T004,
synthetic_all_stop_counts,alighting,GENEVE_COUTANCE,09:06:00,0.0,L18_T005,
synthetic_all_stop_counts,alighting,GENEVE_COUTANCE,09:25:00,0.0,L18_T006,
synthetic_all_stop_counts,alighting,GENEVE_COUTANCE,08:10:00,0.0,L18_T007,
synthetic_all_stop_counts,alighting,GENEVE_COUTANCE,08:47:00,0.0,L18_T008,
synthetic_all_stop_counts,alighting,GENEVE_COUTANCE,07:51:00,0.0,L18_T009,
synthetic_all_stop_counts,alighting,GENEVE_COUTANCE,07:02:00,0.0,L18_T010,
synthetic_all_stop_counts,alighting,GENEVE_COUTANCE,07:22:00,0.0,L18_T011,
synthetic_all_stop_counts,alighting,GENEVE_COUTANCE,08:37:00,0.0,L18_T012,
synthetic_all_stop_counts,alighting,GENEVE_COUTANCE,08:56:00,0.0,L18_T013,
synthetic_all_stop_counts,alighting,GENEVE_COUTANCE,09:15:00,0.0,L18_T014,
synthetic_all_stop_counts,alighting,GENEVE_COUTANCE,08:00:00,0.0,L18_T015,
synthetic_all_stop_counts,alighting,GENEVE_COUTANCE,07:41:00,0.0,L18_T016,
synthetic_all_stop_counts,alighting,GENEVE_COUTANCE,08:19:00,0.0,L18_T017,
synthetic_all_stop_counts,alighting,GENEVE_COUTANCE,06:54:00,0.0,L18_T019,
synthetic_all_stop_counts,alighting,GENEVE_COUTANCE,07:25:00,0.0,L18_T020,
synthetic_all_stop_counts,alighting,GENEVE_COUTANCE,08:42:00,0.0,L18_T021,
synthetic_all_stop_counts,alighting,GENEVE_COUTANCE,07:44:00,0.0,L18_T022,
synthetic_all_stop_counts,alighting,GENEVE_COUTANCE,08:04:00,0.0,L18_T023,
synthetic_all_stop_counts,alighting,GENEVE_COUTANCE,09:00:00,0.0,L18_T024,
synthetic_all_stop_counts,alighting,GENEVE_COUTANCE,09:18:00,0.0,L18_T025,
synthetic_all_stop_counts,alighting,GENEVE_COUTANCE,08:23:00,0.0,L18_T026,
synthetic_all_stop_counts,alighting,GENEVE_COUTANCE,06:41:00,0.0,L18_T027,
synthetic_all_stop_counts,alighting,GENEVE_COUTANCE,08:14:00,0.0,L18_T028,
synthetic_all_stop_counts,alighting,GENEVE_COUTANCE,07:04:00,0.0,L18_T029,
synthetic_all_stop_counts,alighting,GENEVE_COUTANCE,07:15:00,0.0,L18_T030,
synthetic_all_stop_counts,alighting,GENEVE_COUTANCE,08:51:00,0.0,L18_T031,
synthetic_all_stop_counts,alighting,GENEVE_COUTANCE,08:33:00,0.0,L18_T032,
synthetic_all_stop_counts,alighting,GENEVE_COUTANCE,07:54:00,0.0,L18_T033,
synthetic_all_stop_counts,alighting,GENEVE_COUTANCE,07:35:00,0.0,L18_T034,
synthetic_all_stop_counts,alighting,GENEVE_COUTANCE,09:09:00,0.0,L18_T035,
synthetic_all_stop_counts,alighting,GENEVE_EAUX_VIVES_GARE,06:55:00,0.0,L12_T001,
synthetic_all_stop_counts,alighting,GENEVE_EAUX_VIVES_GARE,07:35:00,0.0,L12_T002,
synthetic_all_stop_counts,alighting,GENEVE_EAUX_VIVES_GARE,09:00:00,1.0,L12_T003,
synthetic_all_stop_counts,alighting,GENEVE_EAUX_VIVES_GARE,07:45:00,0.0,L12_T004,
synthetic_all_stop_counts,alighting,GENEVE_EAUX_VIVES_GARE,08:13:00,0.0,L12_T005,
synthetic_all_stop_counts,alighting,GENEVE_EAUX_VIVES_GARE,08:41:00,0.0,L12_T006,
synthetic_all_stop_counts,alighting,GENEVE_EAUX_VIVES_GARE,07:15:00,0.0,L12_T007,
synthetic_all_stop_counts,alighting,GENEVE_EAUX_VIVES_GARE,07:05:00,0.0,L12_T008,
synthetic_all_stop_counts,alighting,GENEVE_EAUX_VIVES_GARE,07:25:00,0.0,L12_T009,
synthetic_all_stop_counts,alighting,GENEVE_EAUX_VIVES_GARE,08:22:00,0.0,L12_T010,
synthetic_all_stop_counts,alighting,GENEVE_EAUX_VIVES_GARE,08:50:00,0.0,L12_T011,
synthetic_all_stop_counts,alighting,GENEVE_EAUX_VIVES_GARE,07:54:00,0.0,L12_T012,
synthetic_all_stop_counts,alighting,GENEVE_EAUX_VIVES_GARE,09:09:00,6.0,L12_T013,
synthetic_all_stop_counts,alighting,GENEVE_EAUX_VIVES_GARE,08:04:00,0.0,L12_T014,
synthetic_all_stop_counts,alighting,GENEVE_EAUX_VIVES_GARE,08:32:00,0.0,L12_T015,
synthetic_all_stop_counts,alighting,GENEVE_EAUX_VIVES_GARE,09:19:00,17.0,L12_T016,
synthetic_all_stop_counts,alighting,GENEVE_EAUX_VIVES_GARE,09:14:00,15.0,L12_T017,
synthetic_all_stop_counts,alighting,GENEVE_EAUX_VIVES_GARE,08:27:00,0.0,L12_T018,
synthetic_all_stop_counts,alighting,GENEVE_EAUX_VIVES_GARE,07:00:00,0.0,L12_T019,
synthetic_all_stop_counts,alighting,GENEVE_EAUX_VIVES_GARE,07:10:00,0.0,L12_T020,
synthetic_all_stop_counts,alighting,GENEVE_EAUX_VIVES_GARE,07:20:00,0.0,L12_T021,
synthetic_all_stop_counts,alighting,GENEVE_EAUX_VIVES_GARE,06:53:00,0.0,L12_T022,
synthetic_all_stop_counts,alighting,GENEVE_EAUX_VIVES_GARE,07:31:00,0.0,L12_T023,
synthetic_all_stop_counts,alighting,GENEVE_EAUX_VIVES_GARE,07:40:00,0.0,L12_T024,
synthetic_all_stop_counts,alighting,GENEVE_EAUX_VIVES_GARE,07:58:00,0.0,L12_T025,
synthetic_all_stop_counts,alighting,GENEVE_EAUX_VIVES_GARE,09:23:00,53.0,L12_T026,
synthetic_all_stop_counts,alighting,GENEVE_EAUX_VIVES_GARE,08:45:00,0.0,L12_T027,
synthetic_all_stop_counts,alighting,GENEVE_EAUX_VIVES_GARE,08:55:00,1.0,L12_T028,
synthetic_all_stop_counts,alighting,GENEVE_EAUX_VIVES_GARE,08:08:00,0.0,L12_T029,
synthetic_all_stop_counts,alighting,GENEVE_EAUX_VIVES_GARE,08:36:00,0.0,L12_T030,
synthetic_all_stop_counts,alighting,GENEVE_EAUX_VIVES_GARE,09:05:00,4.0,L12_T031,
synthetic_all_stop_counts,alighting,GENEVE_EAUX_VIVES_GARE,08:18:00,0.0,L12_T032,
synthetic_all_stop_counts,alighting,GENEVE_EAUX_VIVES_GARE,07:50:00,0.0,L12_T033,
synthetic_all_stop_counts,alighting,GENEVE_EAUX_VIVES_GARE,07:17:00,0.0,L12_T034,
synthetic_all_stop_counts,alighting,GENEVE_EAUX_VIVES_GARE,09:10:00,0.0,L12_T035,
synthetic_all_stop_counts,alighting,GENEVE_EAUX_VIVES_GARE,06:56:00,0.0,L12_T036,
synthetic_all_stop_counts,alighting,GENEVE_EAUX_VIVES_GARE,06:45:00,0.0,L12_T037,
synthetic_all_stop_counts,alighting,GENEVE_EAUX_VIVES_GARE,07:26:00,0.0,L12_T038,
synthetic_all_stop_counts,alighting,GENEVE_EAUX_VIVES_GARE,07:45:00,0.0,L12_T039,
synthetic_all_stop_counts,alighting,GENEVE_EAUX_VIVES_GARE,08:52:00,0.0,L12_T040,
synthetic_all_stop_counts,alighting,GENEVE_EAUX_VIVES_GARE,08:05:00,0.0,L12_T041,
synthetic_all_stop_counts,alighting,GENEVE_EAUX_VIVES_GARE,08:24:00,0.0,L12_T042,
synthetic_all_stop_counts,alighting,GENEVE_EAUX_VIVES_GARE,07:05:00,0.0,L12_T043,
synthetic_all_stop_counts,alighting,GENEVE_EAUX_VIVES_GARE,08:33:00,0.0,L12_T044,
synthetic_all_stop_counts,alighting,GENEVE_EAUX_VIVES_GARE,07:36:00,0.0,L12_T045,
synthetic_all_stop_counts,alighting,GENEVE_EAUX_VIVES_GARE,08:14:00,0.0,L12_T046,
synthetic_all_stop_counts,alighting,GENEVE_EAUX_VIVES_GARE,07:55:00,0.0,L12_T047,
synthetic_all_stop_counts,alighting,GENEVE_EAUX_VIVES_GARE,08:42:00,0.0,L12_T048,
synthetic_all_stop_counts,alighting,GENEVE_EAUX_VIVES_GARE,09:01:00,0.0,L12_T049,
synthetic_all_stop_counts,alighting,GENEVE_EAUX_VIVES_GARE,09:05:00,0.0,L12_T050,
synthetic_all_stop_counts,alighting,GENEVE_EAUX_VIVES_GARE,06:37:00,0.0,L12_T051,
synthetic_all_stop_counts,alighting,GENEVE_EAUX_VIVES_GARE,06:51:00,0.0,L12_T052,
synthetic_all_stop_counts,alighting,GENEVE_EAUX_VIVES_GARE,07:00:00,0.0,L12_T053,
synthetic_all_stop_counts,alighting,GENEVE_EAUX_VIVES_GARE,07:11:00,0.0,L12_T054,
synthetic_all_stop_counts,alighting,GENEVE_EAUX_VIVES_GARE,07:31:00,0.0,L12_T055,
synthetic_all_stop_counts,alighting,GENEVE_EAUX_VIVES_GARE,08:56:00,0.0,L12_T056,
synthetic_all_stop_counts,alighting,GENEVE_EAUX_VIVES_GARE,08:28:00,0.0,L12_T057,
synthetic_all_stop_counts,alighting,GENEVE_EAUX_VIVES_GARE,08:38:00,0.0,L12_T058,
synthetic_all_stop_counts,alighting,GENEVE_EAUX_VIVES_GARE,07:21:00,0.0,L12_T059,
synthetic_all_stop_counts,alighting,GENEVE_EAUX_VIVES_GARE,07:41:00,0.0,L12_T060,
synthetic_all_stop_counts,alighting,GENEVE_EAUX_VIVES_GARE,08:10:00,0.0,L12_T061,
synthetic_all_stop_counts,alighting,GENEVE_EAUX_VIVES_GARE,08:00:00,0.0,L12_T062,
synthetic_all_stop_counts,alighting,GENEVE_EAUX_VIVES_GARE,08:47:00,0.0,L12_T063,
synthetic_all_stop_counts,alighting,GENEVE_EAUX_VIVES_GARE,08:19:00,0.0,L12_T064,
synthetic_all_stop_counts,alighting,GENEVE_EAUX_VIVES_GARE,07:50:00,0.0,L12_T065,
synthetic_all_stop_counts,alighting,GENEVE_GARE_CORNAVIN,09:20:00,0.0,L14_T001,
synthetic_all_stop_counts,alighting,GENEVE_GARE_CORNAVIN,06:50:00,0.0,L14_T002,
synthetic_all_stop_counts,alighting,GENEVE_GARE_CORNAVIN,08:33:00,0.0,L14_T003,
synthetic_all_stop_counts,alighting,GENEVE_GARE_CORNAVIN,08:06:00,0.0,L14_T004,
synthetic_all_stop_counts,alighting,GENEVE_GARE_CORNAVIN,07:07:00,0.0,L14_T005,
synthetic_all_stop_counts,alighting,GENEVE_GARE_CORNAVIN,07:17:00,0.0,L14_T006,
synthetic_all_stop_counts,alighting,GENEVE_GARE_CORNAVIN,07:27:00,0.0,L14_T007,
synthetic_all_stop_counts,alighting,GENEVE_GARE_CORNAVIN,07:37:00,0.0,L14_T008,
synthetic_all_stop_counts,alighting,GENEVE_GARE_CORNAVIN,07:47:00,0.0,L14_T009,
synthetic_all_stop_counts,alighting,GENEVE_GARE_CORNAVIN,08:52:00,0.0,L14_T010,
synthetic_all_stop_counts,alighting,GENEVE_GARE_CORNAVIN,08:42:00,0.0,L14_T011,
synthetic_all_stop_counts,alighting,GENEVE_GARE_CORNAVIN,07:57:00,0.0,L14_T012,
synthetic_all_stop_counts,alighting,GENEVE_GARE_CORNAVIN,08:24:00,0.0,L14_T013,
synthetic_all_stop_counts,alighting,GENEVE_GARE_CORNAVIN,08:15:00,0.0,L14_T014,
synthetic_all_stop_counts,alighting,GENEVE_GARE_CORNAVIN,09:01:00,0.0,L14_T017,
synthetic_all_stop_counts,alighting,GENEVE_GARE_CORNAVIN,09:11:00,0.0,L14_T018,
synthetic_all_stop_counts,alighting,GENEVE_GARE_CORNAVIN,06:41:00,0.0,L14_T019,
synthetic_all_stop_counts,alighting,GENEVE_GARE_CORNAVIN,09:15:00,0.0,L14_T020,
synthetic_all_stop_counts,alighting,GENEVE_GARE_CORNAVIN,07:33:00,0.0,L14_T021,
synthetic_all_stop_counts,alighting,GENEVE_GARE_CORNAVIN,08:57:00,0.0,L14_T022,
synthetic_all_stop_counts,alighting,GENEVE_GARE_CORNAVIN,09:25:00,0.0,L14_T023,
synthetic_all_stop_counts,alighting,GENEVE_GARE_CORNAVIN,07:42:00,0.0,L14_T024,
synthetic_all_stop_counts,alighting,GENEVE_GARE_CORNAVIN,07:52:00,0.0,L14_T025,
synthetic_all_stop_counts,alighting,GENEVE_GARE_CORNAVIN,08:47:00,0.0,L14_T026,
synthetic_all_stop_counts,alighting,GENEVE_GARE_CORNAVIN,08:38:00,0.0,L14_T027,
synthetic_all_stop_counts,alighting,GENEVE_GARE_CORNAVIN,08:28:00,0.0,L14_T028,
synthetic_all_stop_counts,alighting,GENEVE_GARE_CORNAVIN,08:19:00,0.0,L14_T029,
synthetic_all_stop_counts,alighting,GENEVE_GARE_CORNAVIN,08:01:00,0.0,L14_T030,
synthetic_all_stop_counts,alighting,GENEVE_GARE_CORNAVIN,08:11:00,0.0,L14_T031,
synthetic_all_stop_counts,alighting,GENEVE_GARE_CORNAVIN,07:12:00,0.0,L14_T032,
synthetic_all_stop_counts,alighting,GENEVE_GARE_CORNAVIN,07:22:00,0.0,L14_T033,
synthetic_all_stop_counts,alighting,GENEVE_GARE_CORNAVIN,07:02:00,0.0,L14_T034,
synthetic_all_stop_counts,alighting,GENEVE_GARE_CORNAVIN,09:06:00,0.0,L14_T035,
synthetic_all_stop_counts,alighting,GENEVE_GARE_CORNAVIN,06:41:00,0.0,L14_T036,
synthetic_all_stop_counts,alighting,GENEVE_GARE_CORNAVIN,06:48:00,0.0,L14_T037,
synthetic_all_stop_counts,alighting,GENEVE_GARE_CORNAVIN,07:06:00,0.0,L14_T038,
synthetic_all_stop_counts,alighting,GENEVE_GARE_CORNAVIN,06:53:00,0.0,L14_T039,
synthetic_all_stop_counts,alighting,GENEVE_GARE_CORNAVIN,07:30:00,0.0,L14_T040,
synthetic_all_stop_counts,alighting,GENEVE_GARE_CORNAVIN,08:46:00,0.0,L14_T041,
synthetic_all_stop_counts,alighting,GENEVE_GARE_CORNAVIN,08:28:00,0.0,L14_T042,
synthetic_all_stop_counts,alighting,GENEVE_GARE_CORNAVIN,06:35:00,0.0,L14_T043,
synthetic_all_stop_counts,alighting,GENEVE_GARE_CORNAVIN,07:20:00,0.0,L14_T044,
synthetic_all_stop_counts,alighting,GENEVE_GARE_CORNAVIN,07:39:00,0.0,L14_T045,
synthetic_all_stop_counts,alighting,GENEVE_GARE_CORNAVIN,09:14:00,0.0,L14_T046,
synthetic_all_stop_counts,alighting,GENEVE_GARE_CORNAVIN,09:05:00,0.0,L14_T047,
synthetic_all_stop_counts,alighting,GENEVE_GARE_CORNAVIN,08:18:00,0.0,L14_T048,
synthetic_all_stop_counts,alighting,GENEVE_GARE_CORNAVIN,08:37:00,0.0,L14_T049,
synthetic_all_stop_counts,alighting,GENEVE_GARE_CORNAVIN,07:59:00,0.0,L14_T050,
synthetic_all_stop_counts,alighting,GENEVE_GARE_CORNAVIN,07:49:00,0.0,L14_T051,
synthetic_all_stop_counts,alighting,GENEVE_GARE_CORNAVIN,08:09:00,0.0,L14_T052,
synthetic_all_stop_counts,alighting,GENEVE_GARE_CORNAVIN,08:55:00,0.0,L14_T053,
synthetic_all_stop_counts,alighting,GENEVE_GARE_CORNAVIN,07:09:00,0.0,L14_T054,
synthetic_all_stop_counts,alighting,GENEVE_GARE_CORNAVIN,06:56:00,0.0,L14_T055,
synthetic_all_stop_counts,alighting,GENEVE_GARE_CORNAVIN,07:25:00,0.0,L14_T056,
synthetic_all_stop_counts,alighting,GENEVE_GARE_CORNAVIN,09:18:00,0.0,L14_T057,
synthetic_all_stop_counts,alighting,GENEVE_GARE_CORNAVIN,09:09:00,0.0,L14_T058,
synthetic_all_stop_counts,alighting,GENEVE_GARE_CORNAVIN,09:00:00,0.0,L14_T059,
synthetic_all_stop_counts,alighting,GENEVE_GARE_CORNAVIN,07:54:00,0.0,L14_T060,
synthetic_all_stop_counts,alighting,GENEVE_GARE_CORNAVIN,08:04:00,0.0,L14_T061,
synthetic_all_stop_counts,alighting,GENEVE_GARE_CORNAVIN,07:14:00,0.0,L14_T063,
synthetic_all_stop_counts,alighting,GENEVE_GARE_CORNAVIN,07:34:00,0.0,L14_T064,
synthetic_all_stop_counts,alighting,GENEVE_GARE_CORNAVIN,08:42:00,0.0,L14_T065,
synthetic_all_stop_counts,alighting,GENEVE_GARE_CORNAVIN,07:44:00,0.0,L14_T066,
synthetic_all_stop_counts,alighting,GENEVE_GARE_CORNAVIN,08:13:00,0.0,L14_T067,
synthetic_all_stop_counts,alighting,GENEVE_GARE_CORNAVIN,08:23:00,0.0,L14_T068,
synthetic_all_stop_counts,alighting,GENEVE_GARE_CORNAVIN,08:33:00,0.0,L14_T069,
synthetic_all_stop_counts,alighting,GENEVE_GARE_CORNAVIN,06:45:00,0.0,L14_T070,
synthetic_all_stop_counts,alighting,GENEVE_GARE_CORNAVIN,07:04:00,0.0,L14_T071,
synthetic_all_stop_counts,alighting,GENEVE_GARE_CORNAVIN,08:51:00,0.0,L14_T072,
synthetic_all_stop_counts,alighting,GENEVE_GARE_CORNAVIN,07:14:00,0.0,L18_T001,
synthetic_all_stop_counts,alighting,GENEVE_GARE_CORNAVIN,06:54:00,0.0,L18_T002,
synthetic_all_stop_counts,alighting,GENEVE_GARE_CORNAVIN,08:31:00,0.0,L18_T003,
synthetic_all_stop_counts,alighting,GENEVE_GARE_CORNAVIN,07:35:00,0.0,L18_T004,
synthetic_all_stop_counts,alighting,GENEVE_GARE_CORNAVIN,09:08:00,0.0,L18_T005,
synthetic_all_stop_counts,alighting,GENEVE_GARE_CORNAVIN,09:27:00,0.0,L18_T006,
synthetic_all_stop_counts,alighting,GENEVE_GARE_CORNAVIN,08:13:00,0.0,L18_T007,
synthetic_all_stop_counts,alighting,GENEVE_GARE_CORNAVIN,08:50:00,0.0,L18_T008,
synthetic_all_stop_counts,alighting,GENEVE_GARE_CORNAVIN,07:54:00,0.0,L18_T009,
synthetic_all_stop_counts,alighting,GENEVE_GARE_CORNAVIN,07:04:00,0.0,L18_T010,
synthetic_all_stop_counts,alighting,GENEVE_GARE_CORNAVIN,07:24:00,0.0,L18_T011,
synthetic_all_stop_counts,alighting,GENEVE_GARE_CORNAVIN,08:40:00,0.0,L18_T012,
synthetic_all_stop_counts,alighting,GENEVE_GARE_CORNAVIN,08:59:00,0.0,L18_T013,
synthetic_all_stop_counts,alighting,GENEVE_GARE_CORNAVIN,09:18:00,0.0,L18_T014,
synthetic_all_stop_counts,alighting,GENEVE_GARE_CORNAVIN,08:03:00,0.0,L18_T015,
synthetic_all_stop_counts,alighting,GENEVE_GARE_CORNAVIN,07:44:00,0.0,L18_T016,
synthetic_all_stop_counts,alighting,GENEVE_GARE_CORNAVIN,08:22:00,0.0,L18_T017,
synthetic_all_stop_counts,alighting,GENEVE_GARE_CORNAVIN,06:51:00,0.0,L18_T019,
synthetic_all_stop_counts,alighting,GENEVE_GARE_CORNAVIN,07:23:00,0.0,L18_T020,
synthetic_all_stop_counts,alighting,GENEVE_GARE_CORNAVIN,08:40:00,0.0,L18_T021,
synthetic_all_stop_counts,alighting,GENEVE_GARE_CORNAVIN,07:41:00,0.0,L18_T022,
synthetic_all_stop_counts,alighting,GENEVE_GARE_CORNAVIN,08:01:00,0.0,L18_T023,
synthetic_all_stop_counts,alighting,GENEVE_GARE_CORNAVIN,08:58:00,0.0,L18_T024,
synthetic_all_stop_counts,alighting,GENEVE_GARE_CORNAVIN,09:16:00,0.0,L18_T025,
synthetic_all_stop_counts,alighting,GENEVE_GARE_CORNAVIN,08:21:00,0.0,L18_T026,
synthetic_all_stop_counts,alighting,GENEVE_GARE_CORNAVIN,06:38:00,0.0,L18_T027,
synthetic_all_stop_counts,alighting,GENEVE_GARE_CORNAVIN,08:11:00,0.0,L18_T028,
synthetic_all_stop_counts,alighting,GENEVE_GARE_CORNAVIN,07:01:00,0.0,L18_T029,
synthetic_all_stop_counts,alighting,GENEVE_GARE_CORNAVIN,07:12:00,0.0,L18_T030,
synthetic_all_stop_counts,alighting,GENEVE_GARE_CORNAVIN,08:49:00,0.0,L18_T031,
synthetic_all_stop_counts,alighting,GENEVE_GARE_CORNAVIN,08:30:00,0.0,L18_T032,
synthetic_all_stop_counts,alighting,GENEVE_GARE_CORNAVIN,07:51:00,0.0,L18_T033,
synthetic_all_stop_counts,alighting,GENEVE_GARE_CORNAVIN,07:32:00,0.0,L18_T034,
synthetic_all_stop_counts,alighting,GENEVE_GARE_CORNAVIN,09:07:00,0.0,L18_T035,
synthetic_all_stop_counts,alighting,GENEVE_JONCTION,09:10:00,0.0,L14_T001,
synthetic_all_stop_counts,alighting,GENEVE_JONCTION,06:40:00,0.0,L14_T002,
synthetic_all_stop_counts,alighting,GENEVE_JONCTION,08:22:00,0.0,L14_T003,
synthetic_all_stop_counts,alighting,GENEVE_JONCTION,07:54:00,0.0,L14_T004,
synthetic_all_stop_counts,alighting,GENEVE_JONCTION,06:57:00,0.0,L14_T005,
synthetic_all_stop_counts,alighting,GENEVE_JONCTION,07:07:00,0.0,L14_T006,
synthetic_all_stop_counts,alighting,GENEVE_JONCTION,07:17:00,0.0,L14_T007,
synthetic_all_stop_counts,alighting,GENEVE_JONCTION,07:27:00,0.0,L14_T008,
synthetic_all_stop_counts,alighting,GENEVE_JONCTION,07:36:00,0.0,L14_T009,
synthetic_all_stop_counts,alighting,GENEVE_JONCTION,08:41:00,0.0,L14_T010,
synthetic_all_stop_counts,alighting,GENEVE_JONCTION,08:32:00,0.0,L14_T011,
synthetic_all_stop_counts,alighting,GENEVE_JONCTION,07:46:00,0.0,L14_T012,
synthetic_all_stop_counts,alighting,GENEVE_JONCTION,08:13:00,0.0,L14_T013,
synthetic_all_stop_counts,alighting,GENEVE_JONCTION,08:04:00,0.0,L14_T014,
synthetic_all_stop_counts,alighting,GENEVE_JONCTION,08:50:00,0.0,L14_T017,
synthetic_all_stop_counts,alighting,GENEVE_JONCTION,09:00:00,0.0,L14_T018,
synthetic_all_stop_counts,alighting,GENEVE_JONCTION,06:31:00,0.0,L14_T019,
synthetic_all_stop_counts,alighting,GENEVE_JONCTION,09:05:00,0.0,L14_T020,
synthetic_all_stop_counts,alighting,GENEVE_JONCTION,07:22:00,0.0,L14_T021,
synthetic_all_stop_counts,alighting,GENEVE_JONCTION,08:46:00,0.0,L14_T022,
synthetic_all_stop_counts,alighting,GENEVE_JONCTION,09:14:00,0.0,L14_T023,
synthetic_all_stop_counts,alighting,GENEVE_JONCTION,07:31:00,0.0,L14_T024,
synthetic_all_stop_counts,alighting,GENEVE_JONCTION,07:41:00,0.0,L14_T025,
synthetic_all_stop_counts,alighting,GENEVE_JONCTION,08:37:00,0.0,L14_T026,
synthetic_all_stop_counts,alighting,GENEVE_JONCTION,08:27:00,0.0,L14_T027,
synthetic_all_stop_counts,alighting,GENEVE_JONCTION,08:17:00,0.0,L14_T028,
synthetic_all_stop_counts,alighting,GENEVE_JONCTION,08:08:00,0.0,L14_T029,
synthetic_all_stop_counts,alighting,GENEVE_JONCTION,07:50:00,0.0,L14_T030,
synthetic_all_stop_counts,alighting,GENEVE_JONCTION,07:59:00,0.0,L14_T031,
synthetic_all_stop_counts,alighting,GENEVE_JONCTION,07:02:00,0.0,L14_T032,
synthetic_all_stop_counts,alighting,GENEVE_JONCTION,07:12:00,0.0,L14_T033,
synthetic_all_stop_counts,alighting,GENEVE_JONCTION,06:52:00,0.0,L14_T034,
synthetic_all_stop_counts,alighting,GENEVE_JONCTION,08:55:00,0.0,L14_T035,
synthetic_all_stop_counts,alighting,GENEVE_JONCTION,06:51:00,0.0,L14_T036,
synthetic_all_stop_counts,alighting,GENEVE_JONCTION,06:59:00,0.0,L14_T037,
synthetic_all_stop_counts,alighting,GENEVE_JONCTION,07:17:00,0.0,L14_T038,
synthetic_all_stop_counts,alighting,GENEVE_JONCTION,07:04:00,0.0,L14_T039,
synthetic_all_stop_counts,alighting,GENEVE_JONCTION,07:41:00,0.0,L14_T040,
synthetic_all_stop_counts,alighting,GENEVE_JONCTION,08:57:00,0.0,L14_T041,
synthetic_all_stop_counts,alighting,GENEVE_JONCTION,08:39:00,0.0,L14_T042,
synthetic_all_stop_counts,alighting,GENEVE_JONCTION,06:45:00,0.0,L14_T043,
synthetic_all_stop_counts,alighting,GENEVE_JONCTION,07:31:00,0.0,L14_T044,
synthetic_all_stop_counts,alighting,GENEVE_JONCTION,07:50:00,0.0,L14_T045,
synthetic_all_stop_counts,alighting,GENEVE_JONCTION,09:25:00,0.0,L14_T046,
synthetic_all_stop_counts,alighting,GENEVE_JONCTION,09:16:00,0.0,L14_T047,
synthetic_all_stop_counts,alighting,GENEVE_JONCTION,08:30:00,0.0,L14_T048,
synthetic_all_stop_counts,alighting,GENEVE_JONCTION,08:48:00,0.0,L14_T049,
synthetic_all_stop_counts,alighting,GENEVE_JONCTION,08:10:00,0.0,L14_T050,
synthetic_all_stop_counts,alighting,GENEVE_JONCTION,08:00:00,0.0,L14_T051,
synthetic_all_stop_counts,alighting,GENEVE_JONCTION,08:20:00,0.0,L14_T052,
synthetic_all_stop_counts,alighting,GENEVE_JONCTION,09:06:00,0.0,L14_T053,
synthetic_all_stop_counts,alighting,GENEVE_JONCTION,07:20:00,0.0,L14_T054,
synthetic_all_stop_counts,alighting,GENEVE_JONCTION,07:06:00,0.0,L14_T055,
synthetic_all_stop_counts,alighting,GENEVE_JONCTION,07:36:00,0.0,L14_T056,
synthetic_all_stop_counts,alighting,GENEVE_JONCTION,09:29:00,0.0,L14_T057,
synthetic_all_stop_counts,alighting,GENEVE_JONCTION,09:20:00,0.0,L14_T058,
synthetic_all_stop_counts,alighting,GENEVE_JONCTION,09:11:00,0.0,L14_T059,
synthetic_all_stop_counts,alighting,GENEVE_JONCTION,08:05:00,0.0,L14_T060,
synthetic_all_stop_counts,alighting,GENEVE_JONCTION,08:15:00,0.0,L14_T061,
synthetic_all_stop_counts,alighting,GENEVE_JONCTION,07:25:00,0.0,L14_T063,
synthetic_all_stop_counts,alighting,GENEVE_JONCTION,07:46:00,0.0,L14_T064,
synthetic_all_stop_counts,alighting,GENEVE_JONCTION,08:53:00,0.0,L14_T065,
synthetic_all_stop_counts,alighting,GENEVE_JONCTION,07:56:00,0.0,L14_T066,
synthetic_all_stop_counts,alighting,GENEVE_JONCTION,08:25:00,0.0,L14_T067,
synthetic_all_stop_counts,alighting,GENEVE_JONCTION,08:35:00,0.0,L14_T068,
synthetic_all_stop_counts,alighting,GENEVE_JONCTION,08:44:00,0.0,L14_T069,
synthetic_all_stop_counts,alighting,GENEVE_JONCTION,06:56:00,0.0,L14_T070,
synthetic_all_stop_counts,alighting,GENEVE_JONCTION,07:14:00,0.0,L14_T071,
synthetic_all_stop_counts,alighting,GENEVE_JONCTION,09:02:00,0.0,L14_T072,
synthetic_all_stop_counts,alighting,GENEVE_LYON,09:22:00,0.0,L14_T001,
synthetic_all_stop_counts,alighting,GENEVE_LYON,06:51:00,0.0,L14_T002,
synthetic_all_stop_counts,alighting,GENEVE_LYON,08:35:00,0.0,L14_T003,
synthetic_all_stop_counts,alighting,GENEVE_LYON,08:07:00,0.0,L14_T004,
synthetic_all_stop_counts,alighting,GENEVE_LYON,07:08:00,0.0,L14_T005,
synthetic_all_stop_counts,alighting,GENEVE_LYON,07:18:00,0.0,L14_T006,
synthetic_all_stop_counts,alighting,GENEVE_LYON,07:28:00,0.0,L14_T007,
synthetic_all_stop_counts,alighting,GENEVE_LYON,07:39:00,0.0,L14_T008,
synthetic_all_stop_counts,alighting,GENEVE_LYON,07:48:00,0.0,L14_T009,
synthetic_all_stop_counts,alighting,GENEVE_LYON,08:53:00,0.0,L14_T010,
synthetic_all_stop_counts,alighting,GENEVE_LYON,08:44:00,0.0,L14_T011,
synthetic_all_stop_counts,alighting,GENEVE_LYON,07:58:00,0.0,L14_T012,
synthetic_all_stop_counts,alighting,GENEVE_LYON,08:25:00,0.0,L14_T013,
synthetic_all_stop_counts,alighting,GENEVE_LYON,08:16:00,0.0,L14_T014,
synthetic_all_stop_counts,alighting,GENEVE_LYON,09:02:00,0.0,L14_T017,
synthetic_all_stop_counts,alighting,GENEVE_LYON,09:12:00,0.0,L14_T018,
synthetic_all_stop_counts,alighting,GENEVE_LYON,06:42:00,0.0,L14_T019,
synthetic_all_stop_counts,alighting,GENEVE_LYON,09:17:00,0.0,L14_T020,
synthetic_all_stop_counts,alighting,GENEVE_LYON,07:34:00,0.0,L14_T021,
synthetic_all_stop_counts,alighting,GENEVE_LYON,08:58:00,0.0,L14_T022,
synthetic_all_stop_counts,alighting,GENEVE_LYON,09:26:00,0.0,L14_T023,
synthetic_all_stop_counts,alighting,GENEVE_LYON,07:44:00,0.0,L14_T024,
synthetic_all_stop_counts,alighting,GENEVE_LYON,07:53:00,0.0,L14_T025,
synthetic_all_stop_counts,alighting,GENEVE_LYON,08:49:00,0.0,L14_T026,
synthetic_all_stop_counts,alighting,GENEVE_LYON,08:39:00,0.0,L14_T027,
synthetic_all_stop_counts,alighting,GENEVE_LYON,08:30:00,0.0,L14_T028,
synthetic_all_stop_counts,alighting,GENEVE_LYON,08:21:00,0.0,L14_T029,
synthetic_all_stop_counts,alighting,GENEVE_LYON,08:03:00,0.0,L14_T030,
synthetic_all_stop_counts,alighting,GENEVE_LYON,08:12:00,0.0,L14_T031,
synthetic_all_stop_counts,alighting,GENEVE_LYON,07:13:00,0.0,L14_T032,
synthetic_all_stop_counts,alighting,GENEVE_LYON,07:23:00,0.0,L14_T033,
synthetic_all_stop_counts,alighting,GENEVE_LYON,07:03:00,0.0,L14_T034,
synthetic_all_stop_counts,alighting,GENEVE_LYON,09:07:00,0.0,L14_T035,
synthetic_all_stop_counts,alighting,GENEVE_LYON,06:39:00,0.0,L14_T036,
synthetic_all_stop_counts,alighting,GENEVE_LYON,06:46:00,0.0,L14_T037,
synthetic_all_stop_counts,alighting,GENEVE_LYON,07:04:00,0.0,L14_T038,
synthetic_all_stop_counts,alighting,GENEVE_LYON,06:51:00,0.0,L14_T039,
synthetic_all_stop_counts,alighting,GENEVE_LYON,07:28:00,0.0,L14_T040,
synthetic_all_stop_counts,alighting,GENEVE_LYON,08:45:00,0.0,L14_T041,
synthetic_all_stop_counts,alighting,GENEVE_LYON,08:26:00,0.0,L14_T042,
synthetic_all_stop_counts,alighting,GENEVE_LYON,06:33:00,0.0,L14_T043,
synthetic_all_stop_counts,alighting,GENEVE_LYON,07:19:00,0.0,L14_T044,
synthetic_all_stop_counts,alighting,GENEVE_LYON,07:37:00,0.0,L14_T045,
synthetic_all_stop_counts,alighting,GENEVE_LYON,09:12:00,0.0,L14_T046,
synthetic_all_stop_counts,alighting,GENEVE_LYON,09:03:00,0.0,L14_T047,
synthetic_all_stop_counts,alighting,GENEVE_LYON,08:17:00,0.0,L14_T048,
synthetic_all_stop_counts,alighting,GENEVE_LYON,08:36:00,0.0,L14_T049,
synthetic_all_stop_counts,alighting,GENEVE_LYON,07:57:00,0.0,L14_T050,
synthetic_all_stop_counts,alighting,GENEVE_LYON,07:47:00,0.0,L14_T051,
synthetic_all_stop_counts,alighting,GENEVE_LYON,08:07:00,0.0,L14_T052,
synthetic_all_stop_counts,alighting,GENEVE_LYON,08:54:00,0.0,L14_T053,
synthetic_all_stop_counts,alighting,GENEVE_LYON,07:08:00,0.0,L14_T054,
synthetic_all_stop_counts,alighting,GENEVE_LYON,06:54:00,0.0,L14_T055,
synthetic_all_stop_counts,alighting,GENEVE_LYON,07:23:00,0.0,L14_T056,
synthetic_all_stop_counts,alighting,GENEVE_LYON,09:17:00,0.0,L14_T057,
synthetic_all_stop_counts,alighting,GENEVE_LYON,09:08:00,0.0,L14_T058,
synthetic_all_stop_counts,alighting,GENEVE_LYON,08:59:00,0.0,L14_T059,
synthetic_all_stop_counts,alighting,GENEVE_LYON,07:52:00,0.0,L14_T060,
synthetic_all_stop_counts,alighting,GENEVE_LYON,08:02:00,0.0,L14_T061,
synthetic_all_stop_counts,alighting,GENEVE_LYON,07:13:00,0.0,L14_T063,
synthetic_all_stop_counts,alighting,GENEVE_LYON,07:33:00,0.0,L14_T064,
synthetic_all_stop_counts,alighting,GENEVE_LYON,08:40:00,0.0,L14_T065,
synthetic_all_stop_counts,alighting,GENEVE_LYON,07:43:00,0.0,L14_T066,
synthetic_all_stop_counts,alighting,GENEVE_LYON,08:12:00,0.0,L14_T067,
synthetic_all_stop_counts,alighting,GENEVE_LYON,08:22:00,0.0,L14_T068,
synthetic_all_stop_counts,alighting,GENEVE_LYON,08:31:00,0.0,L14_T069,
synthetic_all_stop_counts,alighting,GENEVE_LYON,06:43:00,0.0,L14_T070,
synthetic_all_stop_counts,alighting,GENEVE_LYON,07:02:00,0.0,L14_T071,
synthetic_all_stop_counts,alighting,GENEVE_LYON,08:49:00,0.0,L14_T072,
synthetic_all_stop_counts,alighting,GENEVE_LYON,07:16:00,0.0,L18_T001,
synthetic_all_stop_counts,alighting,GENEVE_LYON,06:56:00,0.0,L18_T002,
synthetic_all_stop_counts,alighting,GENEVE_LYON,08:33:00,0.0,L18_T003,
synthetic_all_stop_counts,alighting,GENEVE_LYON,07:36:00,0.0,L18_T004,
synthetic_all_stop_counts,alighting,GENEVE_LYON,09:10:00,0.0,L18_T005,
synthetic_all_stop_counts,alighting,GENEVE_LYON,09:29:00,0.0,L18_T006,
synthetic_all_stop_counts,alighting,GENEVE_LYON,08:14:00,0.0,L18_T007,
synthetic_all_stop_counts,alighting,GENEVE_LYON,08:51:00,0.0,L18_T008,
synthetic_all_stop_counts,alighting,GENEVE_LYON,07:55:00,0.0,L18_T009,
synthetic_all_stop_counts,alighting,GENEVE_LYON,07:06:00,0.0,L18_T010,
synthetic_all_stop_counts,alighting,GENEVE_LYON,07:26:00,0.0,L18_T011,
synthetic_all_stop_counts,alighting,GENEVE_LYON,08:41:00,0.0,L18_T012,
synthetic_all_stop_counts,alighting,GENEVE_LYON,09:00:00,0.0,L18_T013,
synthetic_all_stop_counts,alighting,GENEVE_LYON,09:19:00,0.0,L18_T014,
synthetic_all_stop_counts,alighting,GENEVE_LYON,08:05:00,0.0,L18_T015,
synthetic_all_stop_counts,alighting,GENEVE_LYON,07:46:00,0.0,L18_T016,
synthetic_all_stop_counts,alighting,GENEVE_LYON,08:23:00,0.0,L18_T017,
synthetic_all_stop_counts,alighting,GENEVE_LYON,06:50:00,0.0,L18_T019,
synthetic_all_stop_counts,alighting,GENEVE_LYON,07:21:00,0.0,L18_T020,
synthetic_all_stop_counts,alighting,GENEVE_LYON,08:38:00,0.0,L18_T021,
synthetic_all_stop_counts,alighting,GENEVE_LYON,07:40:00,0.0,L18_T022,
synthetic_all_stop_counts,alighting,GENEVE_LYON,08:00:00,0.0,L18_T023,
synthetic_all_stop_counts,alighting,GENEVE_LYON,08:56:00,0.0,L18_T024,
synthetic_all_stop_counts,alighting,GENEVE_LYON,09:14:00,0.0,L18_T025,
synthetic_all_stop_counts,alighting,GENEVE_LYON,08:19:00,0.0,L18_T026,
synthetic_all_stop_counts,alighting,GENEVE_LYON,06:36:00,0.0,L18_T027,
synthetic_all_stop_counts,alighting,GENEVE_LYON,08:09:00,0.0,L18_T028,
synthetic_all_stop_counts,alighting,GENEVE_LYON,06:59:00,0.0,L18_T029,
synthetic_all_stop_counts,alighting,GENEVE_LYON,07:10:00,0.0,L18_T030,
synthetic_all_stop_counts,alighting,GENEVE_LYON,08:47:00,0.0,L18_T031,
synthetic_all_stop_counts,alighting,GENEVE_LYON,08:29:00,0.0,L18_T032,
synthetic_all_stop_counts,alighting,GENEVE_LYON,07:50:00,0.0,L18_T033,
synthetic_all_stop_counts,alighting,GENEVE_LYON,07:31:00,0.0,L18_T034,
synthetic_all_stop_counts,alighting,GENEVE_LYON,09:05:00,0.0,L18_T035,
synthetic_all_stop_counts,alighting,GENEVE_MOLARD,06:49:00,0.0,L12_T001,
synthetic_all_stop_counts,alighting,GENEVE_MOLARD,07:29:00,0.0,L12_T002,
synthetic_all_stop_counts,alighting,GENEVE_MOLARD,08:54:00,0.0,L12_T003,
synthetic_all_stop_counts,alighting,GENEVE_MOLARD,07:39:00,0.0,L12_T004,
synthetic_all_stop_counts,alighting,GENEVE_MOLARD,08:07:00,0.0,L12_T005,
synthetic_all_stop_counts,alighting,GENEVE_MOLARD,08:35:00,0.0,L12_T006,
synthetic_all_stop_counts,alighting,GENEVE_MOLARD,07:09:00,0.0,L12_T007,
synthetic_all_stop_counts,alighting,GENEVE_MOLARD,06:59:00,0.0,L12_T008,
synthetic_all_stop_counts,alighting,GENEVE_MOLARD,07:19:00,0.0,L12_T009,
synthetic_all_stop_counts,alighting,GENEVE_MOLARD,08:16:00,0.0,L12_T010,
synthetic_all_stop_counts,alighting,GENEVE_MOLARD,08:44:00,0.0,L12_T011,
synthetic_all_stop_counts,alighting,GENEVE_MOLARD,07:48:00,0.0,L12_T012,
synthetic_all_stop_counts,alighting,GENEVE_MOLARD,09:03:00,0.0,L12_T013,
synthetic_all_stop_counts,alighting,GENEVE_MOLARD,07:57:00,0.0,L12_T014,
synthetic_all_stop_counts,alighting,GENEVE_MOLARD,08:25:00,0.0,L12_T015,
synthetic_all_stop_counts,alighting,GENEVE_MOLARD,09:12:00,0.0,L12_T016,
synthetic_all_stop_counts,alighting,GENEVE_MOLARD,09:08:00,0.0,L12_T017,
synthetic_all_stop_counts,alighting,GENEVE_MOLARD,08:21:00,0.0,L12_T018,
synthetic_all_stop_counts,alighting,GENEVE_MOLARD,06:54:00,0.0,L12_T019,
synthetic_all_stop_counts,alighting,GENEVE_MOLARD,07:04:00,0.0,L12_T020,
synthetic_all_stop_counts,alighting,GENEVE_MOLARD,07:14:00,0.0,L12_T021,
synthetic_all_stop_counts,alighting,GENEVE_MOLARD,06:47:00,0.0,L12_T022,
synthetic_all_stop_counts,alighting,GENEVE_MOLARD,07:24:00,0.0,L12_T023,
synthetic_all_stop_counts,alighting,GENEVE_MOLARD,07:34:00,0.0,L12_T024,
synthetic_all_stop_counts,alighting,GENEVE_MOLARD,07:52:00,0.0,L12_T025,
synthetic_all_stop_counts,alighting,GENEVE_MOLARD,09:17:00,0.0,L12_T026,
synthetic_all_stop_counts,alighting,GENEVE_MOLARD,08:39:00,0.0,L12_T027,
synthetic_all_stop_counts,alighting,GENEVE_MOLARD,08:49:00,0.0,L12_T028,
synthetic_all_stop_counts,alighting,GENEVE_MOLARD,08:02:00,0.0,L12_T029,
synthetic_all_stop_counts,alighting,GENEVE_MOLARD,08:30:00,0.0,L12_T030,
synthetic_all_stop_counts,alighting,GENEVE_MOLARD,08:58:00,0.0,L12_T031,
synthetic_all_stop_counts,alighting,GENEVE_MOLARD,08:11:00,0.0,L12_T032,
synthetic_all_stop_counts,alighting,GENEVE_MOLARD,07:43:00,0.0,L12_T033,
synthetic_all_stop_counts,alighting,GENEVE_MOLARD,07:23:00,0.0,L12_T034,
synthetic_all_stop_counts,alighting,GENEVE_MOLARD,09:17:00,0.0,L12_T035,
synthetic_all_stop_counts,alighting,GENEVE_MOLARD,07:02:00,0.0,L12_T036,
synthetic_all_stop_counts,alighting,GENEVE_MOLARD,06:51:00,0.0,L12_T037,
synthetic_all_stop_counts,alighting,GENEVE_MOLARD,07:33:00,0.0,L12_T038,
synthetic_all_stop_counts,alighting,GENEVE_MOLARD,07:52:00,0.0,L12_T039,
synthetic_all_stop_counts,alighting,GENEVE_MOLARD,08:58:00,0.0,L12_T040,
synthetic_all_stop_counts,alighting,GENEVE_MOLARD,08:11:00,0.0,L12_T041,
synthetic_all_stop_counts,alighting,GENEVE_MOLARD,08:31:00,0.0,L12_T042,
synthetic_all_stop_counts,alighting,GENEVE_MOLARD,07:12:00,0.0,L12_T043,
synthetic_all_stop_counts,alighting,GENEVE_MOLARD,08:40:00,0.0,L12_T044,
synthetic_all_stop_counts,alighting,GENEVE_MOLARD,07:43:00,0.0,L12_T045,
synthetic_all_stop_counts,alighting,GENEVE_MOLARD,08:21:00,0.0,L12_T046,
synthetic_all_stop_counts,alighting,GENEVE_MOLARD,08:02:00,0.0,L12_T047,
synthetic_all_stop_counts,alighting,GENEVE_MOLARD,08:49:00,0.0,L12_T048,
synthetic_all_stop_counts,alighting,GENEVE_MOLARD,09:07:00,0.0,L12_T049,
synthetic_all_stop_counts,alighting,GENEVE_MOLARD,09:12:00,0.0,L12_T050,
synthetic_all_stop_counts,alighting,GENEVE_MOLARD,06:43:00,0.0,L12_T051,
synthetic_all_stop_counts,alighting,GENEVE_MOLARD,06:57:00,0.0,L12_T052,
synthetic_all_stop_counts,alighting,GENEVE_MOLARD,07:06:00,0.0,L12_T053,
synthetic_all_stop_counts,alighting,GENEVE_MOLARD,07:17:00,0.0,L12_T054,
synthetic_all_stop_counts,alighting,GENEVE_MOLARD,07:38:00,0.0,L12_T055,
synthetic_all_stop_counts,alighting,GENEVE_MOLARD,09:03:00,0.0,L12_T056,
synthetic_all_stop_counts,alighting,GENEVE_MOLARD,08:35:00,0.0,L12_T057,
synthetic_all_stop_counts,alighting,GENEVE_MOLARD,08:45:00,0.0,L12_T058,
synthetic_all_stop_counts,alighting,GENEVE_MOLARD,07:28:00,0.0,L12_T059,
synthetic_all_stop_counts,alighting,GENEVE_MOLARD,07:47:00,0.0,L12_T060,
synthetic_all_stop_counts,alighting,GENEVE_MOLARD,08:17:00,0.0,L12_T061,
synthetic_all_stop_counts,alighting,GENEVE_MOLARD,08:07:00,0.0,L12_T062,
synthetic_all_stop_counts,alighting,GENEVE_MOLARD,08:54:00,0.0,L12_T063,
synthetic_all_stop_counts,alighting,GENEVE_MOLARD,08:26:00,0.0,L12_T064,
synthetic_all_stop_counts,alighting,GENEVE_MOLARD,07:57:00,0.0,L12_T065,
synthetic_all_stop_counts,alighting,GENEVE_PALLADIUM,09:11:00,0.0,L14_T001,
synthetic_all_stop_counts,alighting,GENEVE_PALLADIUM,06:42:00,0.0,L14_T002,
synthetic_all_stop_counts,alighting,GENEVE_PALLADIUM,08:24:00,0.0,L14_T003,
synthetic_all_stop_counts,alighting,GENEVE_PALLADIUM,07:56:00,0.0,L14_T004,
synthetic_all_stop_counts,alighting,GENEVE_PALLADIUM,06:58:00,0.0,L14_T005,
synthetic_all_stop_counts,alighting,GENEVE_PALLADIUM,07:08:00,0.0,L14_T006,
synthetic_all_stop_counts,alighting,GENEVE_PALLADIUM,07:18:00,0.0,L14_T007,
synthetic_all_stop_counts,alighting,GENEVE_PALLADIUM,07:28:00,0.0,L14_T008,
synthetic_all_stop_counts,alighting,GENEVE_PALLADIUM,07:38:00,0.0,L14_T009,
synthetic_all_stop_counts,alighting,GENEVE_PALLADIUM,08:43:00,0.0,L14_T010,
synthetic_all_stop_counts,alighting,GENEVE_PALLADIUM,08:33:00,0.0,L14_T011,
synthetic_all_stop_counts,alighting,GENEVE_PALLADIUM,07:48:00,0.0,L14_T012,
synthetic_all_stop_counts,alighting,GENEVE_PALLADIUM,08:15:00,0.0,L14_T013,
synthetic_all_stop_counts,alighting,GENEVE_PALLADIUM,08:06:00,0.0,L14_T014,
synthetic_all_stop_counts,alighting,GENEVE_PALLADIUM,08:52:00,0.0,L14_T017,
synthetic_all_stop_counts,alighting,GENEVE_PALLADIUM,09:02:00,0.0,L14_T018,
synthetic_all_stop_counts,alighting,GENEVE_PALLADIUM,06:32:00,0.0,L14_T019,
synthetic_all_stop_counts,alighting,GENEVE_PALLADIUM,09:06:00,0.0,L14_T020,
synthetic_all_stop_counts,alighting,GENEVE_PALLADIUM,07:24:00,0.0,L14_T021,
synthetic_all_stop_counts,alighting,GENEVE_PALLADIUM,08:48:00,0.0,L14_T022,
synthetic_all_stop_counts,alighting,GENEVE_PALLADIUM,09:16:00,0.0,L14_T023,
synthetic_all_stop_counts,alighting,GENEVE_PALLADIUM,07:33:00,0.0,L14_T024,
synthetic_all_stop_counts,alighting,GENEVE_PALLADIUM,07:43:00,0.0,L14_T025,
synthetic_all_stop_counts,alighting,GENEVE_PALLADIUM,08:38:00,0.0,L14_T026,
synthetic_all_stop_counts,alighting,GENEVE_PALLADIUM,08:29:00,0.0,L14_T027,
synthetic_all_stop_counts,alighting,GENEVE_PALLADIUM,08:19:00,0.0,L14_T028,
synthetic_all_stop_counts,alighting,GENEVE_PALLADIUM,08:10:00,0.0,L14_T029,
synthetic_all_stop_counts,alighting,GENEVE_PALLADIUM,07:52:00,0.0,L14_T030,
synthetic_all_stop_counts,alighting,GENEVE_PALLADIUM,08:01:00,0.0,L14_T031,
synthetic_all_stop_counts,alighting,GENEVE_PALLADIUM,07:03:00,0.0,L14_T032,
synthetic_all_stop_counts,alighting,GENEVE_PALLADIUM,07:13:00,0.0,L14_T033,
synthetic_all_stop_counts,alighting,GENEVE_PALLADIUM,06:53:00,0.0,L14_T034,
synthetic_all_stop_counts,alighting,GENEVE_PALLADIUM,08:57:00,0.0,L14_T035,
synthetic_all_stop_counts,alighting,GENEVE_PALLADIUM,06:49:00,0.0,L14_T036,
synthetic_all_stop_counts,alighting,GENEVE_PALLADIUM,06:56:00,0.0,L14_T037,
synthetic_all_stop_counts,alighting,GENEVE_PALLADIUM,07:14:00,0.0,L14_T038,
synthetic_all_stop_counts,alighting,GENEVE_PALLADIUM,07:01:00,0.0,L14_T039,
synthetic_all_stop_counts,alighting,GENEVE_PALLADIUM,07:39:00,0.0,L14_T040,
synthetic_all_stop_counts,alighting,GENEVE_PALLADIUM,08:55:00,0.0,L14_T041,
synthetic_all_stop_counts,alighting,GENEVE_PALLADIUM,08:37:00,0.0,L14_T042,
synthetic_all_stop_counts,alighting,GENEVE_PALLADIUM,06:43:00,0.0,L14_T043,
synthetic_all_stop_counts,alighting,GENEVE_PALLADIUM,07:29:00,0.0,L14_T044,
synthetic_all_stop_counts,alighting,GENEVE_PALLADIUM,07:47:00,0.0,L14_T045,
synthetic_all_stop_counts,alighting,GENEVE_PALLADIUM,09:22:00,0.0,L14_T046,
synthetic_all_stop_counts,alighting,GENEVE_PALLADIUM,09:13:00,0.0,L14_T047,
synthetic_all_stop_counts,alighting,GENEVE_PALLADIUM,08:27:00,0.0,L14_T048,
synthetic_all_stop_counts,alighting,GENEVE_PALLADIUM,08:46:00,0.0,L14_T049,
synthetic_all_stop_counts,alighting,GENEVE_PALLADIUM,08:07:00,0.0,L14_T050,
synthetic_all_stop_counts,alighting,GENEVE_PALLADIUM,07:57:00,0.0,L14_T051,
synthetic_all_stop_counts,alighting,GENEVE_PALLADIUM,08:17:00,0.0,L14_T052,
synthetic_all_stop_counts,alighting,GENEVE_PALLADIUM,09:04:00,0.0,L14_T053,
synthetic_all_stop_counts,alighting,GENEVE_PALLADIUM,07:18:00,0.0,L14_T054,
synthetic_all_stop_counts,alighting,GENEVE_PALLADIUM,07:04:00,0.0,L14_T055,
synthetic_all_stop_counts,alighting,GENEVE_PALLADIUM,07:33:00,0.0,L14_T056,
synthetic_all_stop_counts,alighting,GENEVE_PALLADIUM,09:27:00,0.0,L14_T057,
synthetic_all_stop_counts,alighting,GENEVE_PALLADIUM,09:18:00,0.0,L14_T058,
synthetic_all_stop_counts,alighting,GENEVE_PALLADIUM,09:09:00,0.0,L14_T059,
synthetic_all_stop_counts,alighting,GENEVE_PALLADIUM,08:03:00,0.0,L14_T060,
synthetic_all_stop_counts,alighting,GENEVE_PALLADIUM,08:13:00,0.0,L14_T061,
synthetic_all_stop_counts,alighting,GENEVE_PALLADIUM,07:23:00,0.0,L14_T063,
synthetic_all_stop_counts,alighting,GENEVE_PALLADIUM,07:43:00,0.0,L14_T064,
synthetic_all_stop_counts,alighting,GENEVE_PALLADIUM,08:50:00,0.0,L14_T065,
synthetic_all_stop_counts,alighting,GENEVE_PALLADIUM,07:53:00,0.0,L14_T066,
synthetic_all_stop_counts,alighting,GENEVE_PALLADIUM,08:22:00,0.0,L14_T067,
synthetic_all_stop_counts,alighting,GENEVE_PALLADIUM,08:32:00,0.0,L14_T068,
synthetic_all_stop_counts,alighting,GENEVE_PALLADIUM,08:41:00,0.0,L14_T069,
synthetic_all_stop_counts,alighting,GENEVE_PALLADIUM,06:53:00,0.0,L14_T070,
synthetic_all_stop_counts,alighting,GENEVE_PALLADIUM,07:12:00,0.0,L14_T071,
synthetic_all_stop_counts,alighting,GENEVE_PALLADIUM,08:59:00,0.0,L14_T072,
synthetic_all_stop_counts,alighting,GENEVE_PLACE_DE_NEUVE,06:45:00,0.0,L12_T001,
synthetic_all_stop_counts,alighting,GENEVE_PLACE_DE_NEUVE,07:26:00,0.0,L12_T002,
synthetic_all_stop_counts,alighting,GENEVE_PLACE_DE_NEUVE,08:50:00,0.0,L12_T003,
synthetic_all_stop_counts,alighting,GENEVE_PLACE_DE_NEUVE,07:35:00,0.0,L12_T004,
synthetic_all_stop_counts,alighting,GENEVE_PLACE_DE_NEUVE,08:03:00,0.0,L12_T005,
synthetic_all_stop_counts,alighting,GENEVE_PLACE_DE_NEUVE,08:31:00,0.0,L12_T006,
synthetic_all_stop_counts,alighting,GENEVE_PLACE_DE_NEUVE,07:05:00,0.0,L12_T007,
synthetic_all_stop_counts,alighting,GENEVE_PLACE_DE_NEUVE,06:55:00,0.0,L12_T008,
synthetic_all_stop_counts,alighting,GENEVE_PLACE_DE_NEUVE,07:16:00,0.0,L12_T009,
synthetic_all_stop_counts,alighting,GENEVE_PLACE_DE_NEUVE,08:12:00,0.0,L12_T010,
synthetic_all_stop_counts,alighting,GENEVE_PLACE_DE_NEUVE,08:40:00,0.0,L12_T011,
synthetic_all_stop_counts,alighting,GENEVE_PLACE_DE_NEUVE,07:44:00,0.0,L12_T012,
synthetic_all_stop_counts,alighting,GENEVE_PLACE_DE_NEUVE,08:59:00,0.0,L12_T013,
synthetic_all_stop_counts,alighting,GENEVE_PLACE_DE_NEUVE,07:54:00,0.0,L12_T014,
synthetic_all_stop_counts,alighting,GENEVE_PLACE_DE_NEUVE,08:22:00,0.0,L12_T015,
synthetic_all_stop_counts,alighting,GENEVE_PLACE_DE_NEUVE,09:09:00,0.0,L12_T016,
synthetic_all_stop_counts,alighting,GENEVE_PLACE_DE_NEUVE,09:04:00,0.0,L12_T017,
synthetic_all_stop_counts,alighting,GENEVE_PLACE_DE_NEUVE,08:17:00,0.0,L12_T018,
synthetic_all_stop_counts,alighting,GENEVE_PLACE_DE_NEUVE,06:50:00,0.0,L12_T019,
synthetic_all_stop_counts,alighting,GENEVE_PLACE_DE_NEUVE,07:00:00,0.0,L12_T020,
synthetic_all_stop_counts,alighting,GENEVE_PLACE_DE_NEUVE,07:10:00,0.0,L12_T021,
synthetic_all_stop_counts,alighting,GENEVE_PLACE_DE_NEUVE,06:44:00,0.0,L12_T022,
synthetic_all_stop_counts,alighting,GENEVE_PLACE_DE_NEUVE,07:21:00,0.0,L12_T023,
synthetic_all_stop_counts,alighting,GENEVE_PLACE_DE_NEUVE,07:30:00,0.0,L12_T024,
synthetic_all_stop_counts,alighting,GENEVE_PLACE_DE_NEUVE,07:48:00,0.0,L12_T025,
synthetic_all_stop_counts,alighting,GENEVE_PLACE_DE_NEUVE,09:13:00,0.0,L12_T026,
synthetic_all_stop_counts,alighting,GENEVE_PLACE_DE_NEUVE,08:35:00,0.0,L12_T027,
synthetic_all_stop_counts,alighting,GENEVE_PLACE_DE_NEUVE,08:45:00,0.0,L12_T028,
synthetic_all_stop_counts,alighting,GENEVE_PLACE_DE_NEUVE,07:58:00,0.0,L12_T029,
synthetic_all_stop_counts,alighting,GENEVE_PLACE_DE_NEUVE,08:26:00,0.0,L12_T030,
synthetic_all_stop_counts,alighting,GENEVE_PLACE_DE_NEUVE,08:55:00,0.0,L12_T031,
synthetic_all_stop_counts,alighting,GENEVE_PLACE_DE_NEUVE,08:08:00,0.0,L12_T032,
synthetic_all_stop_counts,alighting,GENEVE_PLACE_DE_NEUVE,07:40:00,0.0,L12_T033,
synthetic_all_stop_counts,alighting,GENEVE_PLACE_DE_NEUVE,07:27:00,0.0,L12_T034,
synthetic_all_stop_counts,alighting,GENEVE_PLACE_DE_NEUVE,09:20:00,0.0,L12_T035,
synthetic_all_stop_counts,alighting,GENEVE_PLACE_DE_NEUVE,07:05:00,0.0,L12_T036,
synthetic_all_stop_counts,alighting,GENEVE_PLACE_DE_NEUVE,06:54:00,0.0,L12_T037,
synthetic_all_stop_counts,alighting,GENEVE_PLACE_DE_NEUVE,07:36:00,0.0,L12_T038,
synthetic_all_stop_counts,alighting,GENEVE_PLACE_DE_NEUVE,07:55:00,0.0,L12_T039,
synthetic_all_stop_counts,alighting,GENEVE_PLACE_DE_NEUVE,09:02:00,0.0,L12_T040,
synthetic_all_stop_counts,alighting,GENEVE_PLACE_DE_NEUVE,08:15:00,0.0,L12_T041,
synthetic_all_stop_counts,alighting,GENEVE_PLACE_DE_NEUVE,08:34:00,0.0,L12_T042,
synthetic_all_stop_counts,alighting,GENEVE_PLACE_DE_NEUVE,07:15:00,0.0,L12_T043,
synthetic_all_stop_counts,alighting,GENEVE_PLACE_DE_NEUVE,08:43:00,0.0,L12_T044,
synthetic_all_stop_counts,alighting,GENEVE_PLACE_DE_NEUVE,07:46:00,0.0,L12_T045,
synthetic_all_stop_counts,alighting,GENEVE_PLACE_DE_NEUVE,08:24:00,0.0,L12_T046,
synthetic_all_stop_counts,alighting,GENEVE_PLACE_DE_NEUVE,08:05:00,0.0,L12_T047,
synthetic_all_stop_counts,alighting,GENEVE_PLACE_DE_NEUVE,08:53:00,0.0,L12_T048,
synthetic_all_stop_counts,alighting,GENEVE_PLACE_DE_NEUVE,09:11:00,0.0,L12_T049,
synthetic_all_stop_counts,alighting,GENEVE_PLACE_DE_NEUVE,09:15:00,0.0,L12_T050,
synthetic_all_stop_counts,alighting,GENEVE_PLACE_DE_NEUVE,06:46:00,0.0,L12_T051,
synthetic_all_stop_counts,alighting,GENEVE_PLACE_DE_NEUVE,07:00:00,0.0,L12_T052,
synthetic_all_stop_counts,alighting,GENEVE_PLACE_DE_NEUVE,07:09:00,0.0,L12_T053,
synthetic_all_stop_counts,alighting,GENEVE_PLACE_DE_NEUVE,07:21:00,0.0,L12_T054,
synthetic_all_stop_counts,alighting,GENEVE_PLACE_DE_NEUVE,07:41:00,0.0,L12_T055,
synthetic_all_stop_counts,alighting,GENEVE_PLACE_DE_NEUVE,09:06:00,0.0,L12_T056,
synthetic_all_stop_counts,alighting,GENEVE_PLACE_DE_NEUVE,08:38:00,0.0,L12_T057,
synthetic_all_stop_counts,alighting,GENEVE_PLACE_DE_NEUVE,08:48:00,0.0,L12_T058,
synthetic_all_stop_counts,alighting,GENEVE_PLACE_DE_NEUVE,07:31:00,0.0,L12_T059,
synthetic_all_stop_counts,alighting,GENEVE_PLACE_DE_NEUVE,07:51:00,0.0,L12_T060,
synthetic_all_stop_counts,alighting,GENEVE_PLACE_DE_NEUVE,08:20:00,0.0,L12_T061,
synthetic_all_stop_counts,alighting,GENEVE_PLACE_DE_NEUVE,08:10:00,0.0,L12_T062,
synthetic_all_stop_counts,alighting,GENEVE_PLACE_DE_NEUVE,08:57:00,0.0,L12_T063,
synthetic_all_stop_counts,alighting,GENEVE_PLACE_DE_NEUVE,08:29:00,0.0,L12_T064,
synthetic_all_stop_counts,alighting,GENEVE_PLACE_DE_NEUVE,08:00:00,0.0,L12_T065,
synthetic_all_stop_counts,alighting,GENEVE_PLACE_DE_NEUVE,07:08:00,0.0,L18_T001,
synthetic_all_stop_counts,alighting,GENEVE_PLACE_DE_NEUVE,06:48:00,0.0,L18_T002,
synthetic_all_stop_counts,alighting,GENEVE_PLACE_DE_NEUVE,08:24:00,0.0,L18_T003,
synthetic_all_stop_counts,alighting,GENEVE_PLACE_DE_NEUVE,07:28:00,0.0,L18_T004,
synthetic_all_stop_counts,alighting,GENEVE_PLACE_DE_NEUVE,09:01:00,0.0,L18_T005,
synthetic_all_stop_counts,alighting,GENEVE_PLACE_DE_NEUVE,09:20:00,0.0,L18_T006,
synthetic_all_stop_counts,alighting,GENEVE_PLACE_DE_NEUVE,08:05:00,0.0,L18_T007,
synthetic_all_stop_counts,alighting,GENEVE_PLACE_DE_NEUVE,08:43:00,0.0,L18_T008,
synthetic_all_stop_counts,alighting,GENEVE_PLACE_DE_NEUVE,07:47:00,0.0,L18_T009,
synthetic_all_stop_counts,alighting,GENEVE_PLACE_DE_NEUVE,06:58:00,0.0,L18_T010,
synthetic_all_stop_counts,alighting,GENEVE_PLACE_DE_NEUVE,07:18:00,0.0,L18_T011,
synthetic_all_stop_counts,alighting,GENEVE_PLACE_DE_NEUVE,08:33:00,0.0,L18_T012,
synthetic_all_stop_counts,alighting,GENEVE_PLACE_DE_NEUVE,08:52:00,0.0,L18_T013,
synthetic_all_stop_counts,alighting,GENEVE_PLACE_DE_NEUVE,09:11:00,0.0,L18_T014,
synthetic_all_stop_counts,alighting,GENEVE_PLACE_DE_NEUVE,07:56:00,0.0,L18_T015,
synthetic_all_stop_counts,alighting,GENEVE_PLACE_DE_NEUVE,07:37:00,0.0,L18_T016,
synthetic_all_stop_counts,alighting,GENEVE_PLACE_DE_NEUVE,08:15:00,0.0,L18_T017,
synthetic_all_stop_counts,alighting,GENEVE_PLACE_DE_NEUVE,06:58:00,0.0,L18_T019,
synthetic_all_stop_counts,alighting,GENEVE_PLACE_DE_NEUVE,07:29:00,0.0,L18_T020,
synthetic_all_stop_counts,alighting,GENEVE_PLACE_DE_NEUVE,08:46:00,0.0,L18_T021,
synthetic_all_stop_counts,alighting,GENEVE_PLACE_DE_NEUVE,07:48:00,0.0,L18_T022,
synthetic_all_stop_counts,alighting,GENEVE_PLACE_DE_NEUVE,08:08:00,0.0,L18_T023,
synthetic_all_stop_counts,alighting,GENEVE_PLACE_DE_NEUVE,09:04:00,0.0,L18_T024,
synthetic_all_stop_counts,alighting,GENEVE_PLACE_DE_NEUVE,09:22:00,0.0,L18_T025,
synthetic_all_stop_counts,alighting,GENEVE_PLACE_DE_NEUVE,08:27:00,0.0,L18_T026,
synthetic_all_stop_counts,alighting,GENEVE_PLACE_DE_NEUVE,06:44:00,0.0,L18_T027,
synthetic_all_stop_counts,alighting,GENEVE_PLACE_DE_NEUVE,08:18:00,0.0,L18_T028,
synthetic_all_stop_counts,alighting,GENEVE_PLACE_DE_NEUVE,07:08:00,0.0,L18_T029,
synthetic_all_stop_counts,alighting,GENEVE_PLACE_DE_NEUVE,07:19:00,0.0,L18_T030,
synthetic_all_stop_counts,alighting,GENEVE_PLACE_DE_NEUVE,08:55:00,0.0,L18_T031,
synthetic_all_stop_counts,alighting,GENEVE_PLACE_DE_NEUVE,08:37:00,0.0,L18_T032,
synthetic_all_stop_counts,alighting,GENEVE_PLACE_DE_NEUVE,07:58:00,0.0,L18_T033,
synthetic_all_stop_counts,alighting,GENEVE_PLACE_DE_NEUVE,07:39:00,0.0,L18_T034,
synthetic_all_stop_counts,alighting,GENEVE_PLACE_DE_NEUVE,09:13:00,0.0,L18_T035,
synthetic_all_stop_counts,alighting,GENEVE_PLAINPALAIS,06:44:00,0.0,L12_T001,
synthetic_all_stop_counts,alighting,GENEVE_PLAINPALAIS,07:24:00,0.0,L12_T002,
synthetic_all_stop_counts,alighting,GENEVE_PLAINPALAIS,08:48:00,0.0,L12_T003,
synthetic_all_stop_counts,alighting,GENEVE_PLAINPALAIS,07:33:00,0.0,L12_T004,
synthetic_all_stop_counts,alighting,GENEVE_PLAINPALAIS,08:01:00,0.0,L12_T005,
synthetic_all_stop_counts,alighting,GENEVE_PLAINPALAIS,08:29:00,0.0,L12_T006,
synthetic_all_stop_counts,alighting,GENEVE_PLAINPALAIS,07:04:00,0.0,L12_T007,
synthetic_all_stop_counts,alighting,GENEVE_PLAINPALAIS,06:54:00,0.0,L12_T008,
synthetic_all_stop_counts,alighting,GENEVE_PLAINPALAIS,07:14:00,0.0,L12_T009,
synthetic_all_stop_counts,alighting,GENEVE_PLAINPALAIS,08:11:00,0.0,L12_T010,
synthetic_all_stop_counts,alighting,GENEVE_PLAINPALAIS,08:39:00,0.0,L12_T011,
synthetic_all_stop_counts,alighting,GENEVE_PLAINPALAIS,07:43:00,0.0,L12_T012,
synthetic_all_stop_counts,alighting,GENEVE_PLAINPALAIS,08:58:00,0.0,L12_T013,
synthetic_all_stop_counts,alighting,GENEVE_PLAINPALAIS,07:52:00,0.0,L12_T014,
synthetic_all_stop_counts,alighting,GENEVE_PLAINPALAIS,08:20:00,0.0,L12_T015,
synthetic_all_stop_counts,alighting,GENEVE_PLAINPALAIS,09:07:00,0.0,L12_T016,
synthetic_all_stop_counts,alighting,GENEVE_PLAINPALAIS,09:02:00,0.0,L12_T017,
synthetic_all_stop_counts,alighting,GENEVE_PLAINPALAIS,08:15:00,0.0,L12_T018,
synthetic_all_stop_counts,alighting,GENEVE_PLAINPALAIS,06:49:00,0.0,L12_T019,
synthetic_all_stop_counts,alighting,GENEVE_PLAINPALAIS,06:59:00,0.0,L12_T020,
synthetic_all_stop_counts,alighting,GENEVE_PLAINPALAIS,07:09:00,0.0,L12_T021,
synthetic_all_stop_counts,alighting,GENEVE_PLAINPALAIS,06:42:00,0.0,L12_T022,
synthetic_all_stop_counts,alighting,GENEVE_PLAINPALAIS,07:19:00,0.0,L12_T023,
synthetic_all_stop_counts,alighting,GENEVE_PLAINPALAIS,07:28:00,0.0,L12_T024,
synthetic_all_stop_counts,alighting,GENEVE_PLAINPALAIS,07:47:00,0.0,L12_T025,
synthetic_all_stop_counts,alighting,GENEVE_PLAINPALAIS,09:12:00,0.0,L12_T026,
synthetic_all_stop_counts,alighting,GENEVE_PLAINPALAIS,08:34:00,0.0,L12_T027,
synthetic_all_stop_counts,alighting,GENEVE_PLAINPALAIS,08:44:00,0.0,L12_T028,
synthetic_all_stop_counts,alighting,GENEVE_PLAINPALAIS,07:57:00,0.0,L12_T029,
synthetic_all_stop_counts,alighting,GENEVE_PLAINPALAIS,08:25:00,0.0,L12_T030,
synthetic_all_stop_counts,alighting,GENEVE_PLAINPALAIS,08:53:00,0.0,L12_T031,
synthetic_all_stop_counts,alighting,GENEVE_PLAINPALAIS,08:06:00,0.0,L12_T032,
synthetic_all_stop_counts,alighting,GENEVE_PLAINPALAIS,07:38:00,0.0,L12_T033,
synthetic_all_stop_counts,alighting,GENEVE_PLAINPALAIS,07:28:00,0.0,L12_T034,
synthetic_all_stop_counts,alighting,GENEVE_PLAINPALAIS,09:22:00,0.0,L12_T035,
synthetic_all_stop_counts,alighting,GENEVE_PLAINPALAIS,07:07:00,0.0,L12_T036,
synthetic_all_stop_counts,alighting,GENEVE_PLAINPALAIS,06:56:00,0.0,L12_T037,
synthetic_all_stop_counts,alighting,GENEVE_PLAINPALAIS,07:38:00,0.0,L12_T038,
synthetic_all_stop_counts,alighting,GENEVE_PLAINPALAIS,07:57:00,0.0,L12_T039,
synthetic_all_stop_counts,alighting,GENEVE_PLAINPALAIS,09:04:00,0.0,L12_T040,
synthetic_all_stop_counts,alighting,GENEVE_PLAINPALAIS,08:17:00,0.0,L12_T041,
synthetic_all_stop_counts,alighting,GENEVE_PLAINPALAIS,08:36:00,0.0,L12_T042,
synthetic_all_stop_counts,alighting,GENEVE_PLAINPALAIS,07:16:00,0.0,L12_T043,
synthetic_all_stop_counts,alighting,GENEVE_PLAINPALAIS,08:45:00,0.0,L12_T044,
synthetic_all_stop_counts,alighting,GENEVE_PLAINPALAIS,07:48:00,0.0,L12_T045,
synthetic_all_stop_counts,alighting,GENEVE_PLAINPALAIS,08:26:00,0.0,L12_T046,
synthetic_all_stop_counts,alighting,GENEVE_PLAINPALAIS,08:07:00,0.0,L12_T047,
synthetic_all_stop_counts,alighting,GENEVE_PLAINPALAIS,08:55:00,0.0,L12_T048,
synthetic_all_stop_counts,alighting,GENEVE_PLAINPALAIS,09:13:00,0.0,L12_T049,
synthetic_all_stop_counts,alighting,GENEVE_PLAINPALAIS,09:17:00,0.0,L12_T050,
synthetic_all_stop_counts,alighting,GENEVE_PLAINPALAIS,06:48:00,0.0,L12_T051,
synthetic_all_stop_counts,alighting,GENEVE_PLAINPALAIS,07:02:00,0.0,L12_T052,
synthetic_all_stop_counts,alighting,GENEVE_PLAINPALAIS,07:11:00,0.0,L12_T053,
synthetic_all_stop_counts,alighting,GENEVE_PLAINPALAIS,07:22:00,0.0,L12_T054,
synthetic_all_stop_counts,alighting,GENEVE_PLAINPALAIS,07:43:00,0.0,L12_T055,
synthetic_all_stop_counts,alighting,GENEVE_PLAINPALAIS,09:08:00,0.0,L12_T056,
synthetic_all_stop_counts,alighting,GENEVE_PLAINPALAIS,08:40:00,0.0,L12_T057,
synthetic_all_stop_counts,alighting,GENEVE_PLAINPALAIS,08:50:00,0.0,L12_T058,
synthetic_all_stop_counts,alighting,GENEVE_PLAINPALAIS,07:33:00,0.0,L12_T059,
synthetic_all_stop_counts,alighting,GENEVE_PLAINPALAIS,07:53:00,0.0,L12_T060,
synthetic_all_stop_counts,alighting,GENEVE_PLAINPALAIS,08:22:00,0.0,L12_T061,
synthetic_all_stop_counts,alighting,GENEVE_PLAINPALAIS,08:12:00,0.0,L12_T062,
synthetic_all_stop_counts,alighting,GENEVE_PLAINPALAIS,08:59:00,0.0,L12_T063,
synthetic_all_stop_counts,alighting,GENEVE_PLAINPALAIS,08:31:00,0.0,L12_T064,
synthetic_all_stop_counts,alighting,GENEVE_PLAINPALAIS,08:02:00,0.0,L12_T065,
synthetic_all_stop_counts,alighting,GENEVE_PLAINPALAIS,07:06:00,0.0,L18_T001,
synthetic_all_stop_counts,alighting,GENEVE_PLAINPALAIS,06:46:00,0.0,L18_T002,
synthetic_all_stop_counts,alighting,GENEVE_PLAINPALAIS,08:22:00,0.0,L18_T003,
synthetic_all_stop_counts,alighting,GENEVE_PLAINPALAIS,07:26:00,0.0,L18_T004,
synthetic_all_stop_counts,alighting,GENEVE_PLAINPALAIS,09:00:00,0.0,L18_T005,
synthetic_all_stop_counts,alighting,GENEVE_PLAINPALAIS,09:19:00,0.0,L18_T006,
synthetic_all_stop_counts,alighting,GENEVE_PLAINPALAIS,08:04:00,0.0,L18_T007,
synthetic_all_stop_counts,alighting,GENEVE_PLAINPALAIS,08:41:00,0.0,L18_T008,
synthetic_all_stop_counts,alighting,GENEVE_PLAINPALAIS,07:45:00,0.0,L18_T009,
synthetic_all_stop_counts,alighting,GENEVE_PLAINPALAIS,06:56:00,0.0,L18_T010,
synthetic_all_stop_counts,alighting,GENEVE_PLAINPALAIS,07:16:00,0.0,L18_T011,
synthetic_all_stop_counts,alighting,GENEVE_PLAINPALAIS,08:31:00,0.0,L18_T012,
synthetic_all_stop_counts,alighting,GENEVE_PLAINPALAIS,08:50:00,0.0,L18_T013,
synthetic_all_stop_counts,alighting,GENEVE_PLAINPALAIS,09:09:00,0.0,L18_T014,
synthetic_all_stop_counts,alighting,GENEVE_PLAINPALAIS,07:54:00,0.0,L18_T015,
synthetic_all_stop_counts,alighting,GENEVE_PLAINPALAIS,07:36:00,0.0,L18_T016,
synthetic_all_stop_counts,alighting,GENEVE_PLAINPALAIS,08:13:00,0.0,L18_T017,
synthetic_all_stop_counts,alighting,GENEVE_PLAINPALAIS,07:00:00,0.0,L18_T019,
synthetic_all_stop_counts,alighting,GENEVE_PLAINPALAIS,07:31:00,0.0,L18_T020,
synthetic_all_stop_counts,alighting,GENEVE_PLAINPALAIS,08:48:00,0.0,L18_T021,
synthetic_all_stop_counts,alighting,GENEVE_PLAINPALAIS,07:50:00,0.0,L18_T022,
synthetic_all_stop_counts,alighting,GENEVE_PLAINPALAIS,08:10:00,0.0,L18_T023,
synthetic_all_stop_counts,alighting,GENEVE_PLAINPALAIS,09:06:00,0.0,L18_T024,
synthetic_all_stop_counts,alighting,GENEVE_PLAINPALAIS,09:24:00,0.0,L18_T025,
synthetic_all_stop_counts,alighting,GENEVE_PLAINPALAIS,08:29:00,0.0,L18_T026,
synthetic_all_stop_counts,alighting,GENEVE_PLAINPALAIS,06:46:00,0.0,L18_T027,
synthetic_all_stop_counts,alighting,GENEVE_PLAINPALAIS,08:20:00,0.0,L18_T028,
synthetic_all_stop_counts,alighting,GENEVE_PLAINPALAIS,07:09:00,0.0,L18_T029,
synthetic_all_stop_counts,alighting,GENEVE_PLAINPALAIS,07:20:00,0.0,L18_T030,
synthetic_all_stop_counts,alighting,GENEVE_PLAINPALAIS,08:57:00,0.0,L18_T031,
synthetic_all_stop_counts,alighting,GENEVE_PLAINPALAIS,08:39:00,0.0,L18_T032,
synthetic_all_stop_counts,alighting,GENEVE_PLAINPALAIS,08:00:00,0.0,L18_T033,
synthetic_all_stop_counts,alighting,GENEVE_PLAINPALAIS,07:41:00,0.0,L18_T034,
synthetic_all_stop_counts,alighting,GENEVE_PLAINPALAIS,09:15:00,0.0,L18_T035,
synthetic_all_stop_counts,alighting,GENEVE_PONT_D_ARVE,06:42:00,0.0,L12_T001,
synthetic_all_stop_counts,alighting,GENEVE_PONT_D_ARVE,07:22:00,0.0,L12_T002,
synthetic_all_stop_counts,alighting,GENEVE_PONT_D_ARVE,08:47:00,0.0,L12_T003,
synthetic_all_stop_counts,alighting,GENEVE_PONT_D_ARVE,07:32:00,0.0,L12_T004,
synthetic_all_stop_counts,alighting,GENEVE_PONT_D_ARVE,08:00:00,0.0,L12_T005,
synthetic_all_stop_counts,alighting,GENEVE_PONT_D_ARVE,08:28:00,0.0,L12_T006,
synthetic_all_stop_counts,alighting,GENEVE_PONT_D_ARVE,07:02:00,0.0,L12_T007,
synthetic_all_stop_counts,alighting,GENEVE_PONT_D_ARVE,06:52:00,0.0,L12_T008,
synthetic_all_stop_counts,alighting,GENEVE_PONT_D_ARVE,07:12:00,0.0,L12_T009,
synthetic_all_stop_counts,alighting,GENEVE_PONT_D_ARVE,08:09:00,0.0,L12_T010,
synthetic_all_stop_counts,alighting,GENEVE_PONT_D_ARVE,08:37:00,0.0,L12_T011,
synthetic_all_stop_counts,alighting,GENEVE_PONT_D_ARVE,07:41:00,0.0,L12_T012,
synthetic_all_stop_counts,alighting,GENEVE_PONT_D_ARVE,08:56:00,0.0,L12_T013,
synthetic_all_stop_counts,alighting,GENEVE_PONT_D_ARVE,07:50:00,0.0,L12_T014,
synthetic_all_stop_counts,alighting,GENEVE_PONT_D_ARVE,08:18:00,0.0,L12_T015,
synthetic_all_stop_counts,alighting,GENEVE_PONT_D_ARVE,09:05:00,0.0,L12_T016,
synthetic_all_stop_counts,alighting,GENEVE_PONT_D_ARVE,09:01:00,0.0,L12_T017,
synthetic_all_stop_counts,alighting,GENEVE_PONT_D_ARVE,08:14:00,0.0,L12_T018,
synthetic_all_stop_counts,alighting,GENEVE_PONT_D_ARVE,06:47:00,0.0,L12_T019,
synthetic_all_stop_counts,alighting,GENEVE_PONT_D_ARVE,06:57:00,0.0,L12_T020,
synthetic_all_stop_counts,alighting,GENEVE_PONT_D_ARVE,07:07:00,0.0,L12_T021,
synthetic_all_stop_counts,alighting,GENEVE_PONT_D_ARVE,06:40:00,0.0,L12_T022,
synthetic_all_stop_counts,alighting,GENEVE_PONT_D_ARVE,07:18:00,0.0,L12_T023,
synthetic_all_stop_counts,alighting,GENEVE_PONT_D_ARVE,07:27:00,0.0,L12_T024,
synthetic_all_stop_counts,alighting,GENEVE_PONT_D_ARVE,07:45:00,0.0,L12_T025,
synthetic_all_stop_counts,alighting,GENEVE_PONT_D_ARVE,09:10:00,0.0,L12_T026,
synthetic_all_stop_counts,alighting,GENEVE_PONT_D_ARVE,08:32:00,0.0,L12_T027,
synthetic_all_stop_counts,alighting,GENEVE_PONT_D_ARVE,08:42:00,0.0,L12_T028,
synthetic_all_stop_counts,alighting,GENEVE_PONT_D_ARVE,07:55:00,0.0,L12_T029,
synthetic_all_stop_counts,alighting,GENEVE_PONT_D_ARVE,08:23:00,0.0,L12_T030,
synthetic_all_stop_counts,alighting,GENEVE_PONT_D_ARVE,08:51:00,0.0,L12_T031,
synthetic_all_stop_counts,alighting,GENEVE_PONT_D_ARVE,08:04:00,0.0,L12_T032,
synthetic_all_stop_counts,alighting,GENEVE_PONT_D_ARVE,07:36:00,0.0,L12_T033,
synthetic_all_stop_counts,alighting,GENEVE_PONT_D_ARVE,07:30:00,0.0,L12_T034,
synthetic_all_stop_counts,alighting,GENEVE_PONT_D_ARVE,09:23:00,17.0,L12_T035,
synthetic_all_stop_counts,alighting,GENEVE_PONT_D_ARVE,07:08:00,0.0,L12_T036,
synthetic_all_stop_counts,alighting,GENEVE_PONT_D_ARVE,06:57:00,0.0,L12_T037,
synthetic_all_stop_counts,alighting,GENEVE_PONT_D_ARVE,07:39:00,0.0,L12_T038,
synthetic_all_stop_counts,alighting,GENEVE_PONT_D_ARVE,07:59:00,0.0,L12_T039,
synthetic_all_stop_counts,alighting,GENEVE_PONT_D_ARVE,09:05:00,4.0,L12_T040,
synthetic_all_stop_counts,alighting,GENEVE_PONT_D_ARVE,08:18:00,0.0,L12_T041,
synthetic_all_stop_counts,alighting,GENEVE_PONT_D_ARVE,08:37:00,1.0,L12_T042,
synthetic_all_stop_counts,alighting,GENEVE_PONT_D_ARVE,07:18:00,0.0,L12_T043,
synthetic_all_stop_counts,alighting,GENEVE_PONT_D_ARVE,08:47:00,1.0,L12_T044,
synthetic_all_stop_counts,alighting,GENEVE_PONT_D_ARVE,07:49:00,0.0,L12_T045,
synthetic_all_stop_counts,alighting,GENEVE_PONT_D_ARVE,08:28:00,0.0,L12_T046,
synthetic_all_stop_counts,alighting,GENEVE_PONT_D_ARVE,08:09:00,0.0,L12_T047,
synthetic_all_stop_counts,alighting,GENEVE_PONT_D_ARVE,08:56:00,2.0,L12_T048,
synthetic_all_stop_counts,alighting,GENEVE_PONT_D_ARVE,09:14:00,8.0,L12_T049,
synthetic_all_stop_counts,alighting,GENEVE_PONT_D_ARVE,09:18:00,21.0,L12_T050,
synthetic_all_stop_counts,alighting,GENEVE_PONT_D_ARVE,06:49:00,0.0,L12_T051,
synthetic_all_stop_counts,alighting,GENEVE_PONT_D_ARVE,07:03:00,0.0,L12_T052,
synthetic_all_stop_counts,alighting,GENEVE_PONT_D_ARVE,07:12:00,0.0,L12_T053,
synthetic_all_stop_counts,alighting,GENEVE_PONT_D_ARVE,07:24:00,0.0,L12_T054,
synthetic_all_stop_counts,alighting,GENEVE_PONT_D_ARVE,07:44:00,0.0,L12_T055,
synthetic_all_stop_counts,alighting,GENEVE_PONT_D_ARVE,09:10:00,9.0,L12_T056,
synthetic_all_stop_counts,alighting,GENEVE_PONT_D_ARVE,08:41:00,1.0,L12_T057,
synthetic_all_stop_counts,alighting,GENEVE_PONT_D_ARVE,08:51:00,2.0,L12_T058,
synthetic_all_stop_counts,alighting,GENEVE_PONT_D_ARVE,07:34:00,0.0,L12_T059,
synthetic_all_stop_counts,alighting,GENEVE_PONT_D_ARVE,07:54:00,0.0,L12_T060,
synthetic_all_stop_counts,alighting,GENEVE_PONT_D_ARVE,08:23:00,0.0,L12_T061,
synthetic_all_stop_counts,alighting,GENEVE_PONT_D_ARVE,08:13:00,0.0,L12_T062,
synthetic_all_stop_counts,alighting,GENEVE_PONT_D_ARVE,09:00:00,5.0,L12_T063,
synthetic_all_stop_counts,alighting,GENEVE_PONT_D_ARVE,08:33:00,0.0,L12_T064,
synthetic_all_stop_counts,alighting,GENEVE_PONT_D_ARVE,08:03:00,0.0,L12_T065,
synthetic_all_stop_counts,alighting,GENEVE_PONT_D_ARVE,07:05:00,0.0,L18_T001,
synthetic_all_stop_counts,alighting,GENEVE_PONT_D_ARVE,06:45:00,0.0,L18_T002,
synthetic_all_stop_counts,alighting,GENEVE_PONT_D_ARVE,08:21:00,0.0,L18_T003,
synthetic_all_stop_counts,alighting,GENEVE_PONT_D_ARVE,07:25:00,0.0,L18_T004,
synthetic_all_stop_counts,alighting,GENEVE_PONT_D_ARVE,08:58:00,0.0,L18_T005,
synthetic_all_stop_counts,alighting,GENEVE_PONT_D_ARVE,09:17:00,0.0,L18_T006,
synthetic_all_stop_counts,alighting,GENEVE_PONT_D_ARVE,08:02:00,0.0,L18_T007,
synthetic_all_stop_counts,alighting,GENEVE_PONT_D_ARVE,08:39:00,0.0,L18_T008,
synthetic_all_stop_counts,alighting,GENEVE_PONT_D_ARVE,07:43:00,0.0,L18_T009,
synthetic_all_stop_counts,alighting,GENEVE_PONT_D_ARVE,06:55:00,0.0,L18_T010,
synthetic_all_stop_counts,alighting,GENEVE_PONT_D_ARVE,07:15:00,0.0,L18_T011,
synthetic_all_stop_counts,alighting,GENEVE_PONT_D_ARVE,08:30:00,0.0,L18_T012,
synthetic_all_stop_counts,alighting,GENEVE_PONT_D_ARVE,08:49:00,0.0,L18_T013,
synthetic_all_stop_counts,alighting,GENEVE_PONT_D_ARVE,09:08:00,0.0,L18_T014,
synthetic_all_stop_counts,alighting,GENEVE_PONT_D_ARVE,07:53:00,0.0,L18_T015,
synthetic_all_stop_counts,alighting,GENEVE_PONT_D_ARVE,07:34:00,0.0,L18_T016,
synthetic_all_stop_counts,alighting,GENEVE_PONT_D_ARVE,08:11:00,0.0,L18_T017,
synthetic_all_stop_counts,alighting,GENEVE_PONT_D_ARVE,07:01:00,0.0,L18_T019,
synthetic_all_stop_counts,alighting,GENEVE_PONT_D_ARVE,07:32:00,0.0,L18_T020,
synthetic_all_stop_counts,alighting,GENEVE_PONT_D_ARVE,08:49:00,1.0,L18_T021,
synthetic_all_stop_counts,alighting,GENEVE_PONT_D_ARVE,07:51:00,0.0,L18_T022,
synthetic_all_stop_counts,alighting,GENEVE_PONT_D_ARVE,08:11:00,0.0,L18_T023,
synthetic_all_stop_counts,alighting,GENEVE_PONT_D_ARVE,09:08:00,6.0,L18_T024,
synthetic_all_stop_counts,alighting,GENEVE_PONT_D_ARVE,09:26:00,27.0,L18_T025,
synthetic_all_stop_counts,alighting,GENEVE_PONT_D_ARVE,08:31:00,0.0,L18_T026,
synthetic_all_stop_counts,alighting,GENEVE_PONT_D_ARVE,06:47:00,0.0,L18_T027,
synthetic_all_stop_counts,alighting,GENEVE_PONT_D_ARVE,08:21:00,0.0,L18_T028,
synthetic_all_stop_counts,alighting,GENEVE_PONT_D_ARVE,07:11:00,0.0,L18_T029,
synthetic_all_stop_counts,alighting,GENEVE_PONT_D_ARVE,07:22:00,0.0,L18_T030,
synthetic_all_stop_counts,alighting,GENEVE_PONT_D_ARVE,08:58:00,4.0,L18_T031,
synthetic_all_stop_counts,alighting,GENEVE_PONT_D_ARVE,08:40:00,1.0,L18_T032,
synthetic_all_stop_counts,alighting,GENEVE_PONT_D_ARVE,08:01:00,0.0,L18_T033,
synthetic_all_stop_counts,alighting,GENEVE_PONT_D_ARVE,07:42:00,0.0,L18_T034,
synthetic_all_stop_counts,alighting,GENEVE_PONT_D_ARVE,09:17:00,14.0,L18_T035,
synthetic_all_stop_counts,alighting,GENEVE_POTERIE,09:24:00,0.0,L14_T001,
synthetic_all_stop_counts,alighting,GENEVE_POTERIE,06:53:00,0.0,L14_T002,
synthetic_all_stop_counts,alighting,GENEVE_POTERIE,08:37:00,0.0,L14_T003,
synthetic_all_stop_counts,alighting,GENEVE_POTERIE,08:09:00,0.0,L14_T004,
synthetic_all_stop_counts,alighting,GENEVE_POTERIE,07:10:00,0.0,L14_T005,
synthetic_all_stop_counts,alighting,GENEVE_POTERIE,07:20:00,0.0,L14_T006,
synthetic_all_stop_counts,alighting,GENEVE_POTERIE,07:30:00,0.0,L14_T007,
synthetic_all_stop_counts,alighting,GENEVE_POTERIE,07:40:00,0.0,L14_T008,
synthetic_all_stop_counts,alighting,GENEVE_POTERIE,07:50:00,0.0,L14_T009,
synthetic_all_stop_counts,alighting,GENEVE_POTERIE,08:55:00,0.0,L14_T010,
synthetic_all_stop_counts,alighting,GENEVE_POTERIE,08:46:00,0.0,L14_T011,
synthetic_all_stop_counts,alighting,GENEVE_POTERIE,08:00:00,0.0,L14_T012,
synthetic_all_stop_counts,alighting,GENEVE_POTERIE,08:27:00,0.0,L14_T013,
synthetic_all_stop_counts,alighting,GENEVE_POTERIE,08:18:00,0.0,L14_T014,
synthetic_all_stop_counts,alighting,GENEVE_POTERIE,09:04:00,0.0,L14_T017,
synthetic_all_stop_counts,alighting,GENEVE_POTERIE,09:14:00,0.0,L14_T018,
synthetic_all_stop_counts,alighting,GENEVE_POTERIE,06:44:00,0.0,L14_T019,
synthetic_all_stop_counts,alighting,GENEVE_POTERIE,09:19:00,0.0,L14_T020,
synthetic_all_stop_counts,alighting,GENEVE_POTERIE,07:36:00,0.0,L14_T021,
synthetic_all_stop_counts,alighting,GENEVE_POTERIE,09:00:00,0.0,L14_T022,
synthetic_all_stop_counts,alighting,GENEVE_POTERIE,09:28:00,0.0,L14_T023,
synthetic_all_stop_counts,alighting,GENEVE_POTERIE,07:45:00,0.0,L14_T024,
synthetic_all_stop_counts,alighting,GENEVE_POTERIE,07:55:00,0.0,L14_T025,
synthetic_all_stop_counts,alighting,GENEVE_POTERIE,08:51:00,0.0,L14_T026,
synthetic_all_stop_counts,alighting,GENEVE_POTERIE,08:41:00,0.0,L14_T027,
synthetic_all_stop_counts,alighting,GENEVE_POTERIE,08:32:00,0.0,L14_T028,
synthetic_all_stop_counts,alighting,GENEVE_POTERIE,08:23:00,0.0,L14_T029,
synthetic_all_stop_counts,alighting,GENEVE_POTERIE,08:05:00,0.0,L14_T030,
synthetic_all_stop_counts,alighting,GENEVE_POTERIE,08:14:00,0.0,L14_T031,
synthetic_all_stop_counts,alighting,GENEVE_POTERIE,07:15:00,0.0,L14_T032,
synthetic_all_stop_counts,alighting,GENEVE_POTERIE,07:25:00,0.0,L14_T033,
synthetic_all_stop_counts,alighting,GENEVE_POTERIE,07:05:00,0.0,L14_T034,
synthetic_all_stop_counts,alighting,GENEVE_POTERIE,09:09:00,0.0,L14_T035,
synthetic_all_stop_counts,alighting,GENEVE_POTERIE,06:37:00,0.0,L14_T036,
synthetic_all_stop_counts,alighting,GENEVE_POTERIE,06:44:00,0.0,L14_T037,
synthetic_all_stop_counts,alighting,GENEVE_POTERIE,07:02:00,0.0,L14_T038,
synthetic_all_stop_counts,alighting,GENEVE_POTERIE,06:49:00,0.0,L14_T039,
synthetic_all_stop_counts,alighting,GENEVE_POTERIE,07:26:00,0.0,L14_T040,
synthetic_all_stop_counts,alighting,GENEVE_POTERIE,08:43:00,0.0,L14_T041,
synthetic_all_stop_counts,alighting,GENEVE_POTERIE,08:24:00,0.0,L14_T042,
synthetic_all_stop_counts,alighting,GENEVE_POTERIE,06:31:00,0.0,L14_T043,
synthetic_all_stop_counts,alighting,GENEVE_POTERIE,07:17:00,0.0,L14_T044,
synthetic_all_stop_counts,alighting,GENEVE_POTERIE,07:35:00,0.0,L14_T045,
synthetic_all_stop_counts,alighting,GENEVE_POTERIE,09:10:00,0.0,L14_T046,
synthetic_all_stop_counts,alighting,GENEVE_POTERIE,09:01:00,0.0,L14_T047,
synthetic_all_stop_counts,alighting,GENEVE_POTERIE,08:14:00,0.0,L14_T048,
synthetic_all_stop_counts,alighting,GENEVE_POTERIE,08:34:00,0.0,L14_T049,
synthetic_all_stop_counts,alighting,GENEVE_POTERIE,07:55:00,0.0,L14_T050,
synthetic_all_stop_counts,alighting,GENEVE_POTERIE,07:45:00,0.0,L14_T051,
synthetic_all_stop_counts,alighting,GENEVE_POTERIE,08:05:00,0.0,L14_T052,
synthetic_all_stop_counts,alighting,GENEVE_POTERIE,08:52:00,0.0,L14_T053,
synthetic_all_stop_counts,alighting,GENEVE_POTERIE,07:06:00,0.0,L14_T054,
synthetic_all_stop_counts,alighting,GENEVE_POTERIE,06:52:00,0.0,L14_T055,
synthetic_all_stop_counts,alighting,GENEVE_POTERIE,07:21:00,0.0,L14_T056,
synthetic_all_stop_counts,alighting,GENEVE_POTERIE,09:15:00,0.0,L14_T057,
synthetic_all_stop_counts,alighting,GENEVE_POTERIE,09:06:00,0.0,L14_T058,
synthetic_all_stop_counts,alighting,GENEVE_POTERIE,08:57:00,0.0,L14_T059,
synthetic_all_stop_counts,alighting,GENEVE_POTERIE,07:50:00,0.0,L14_T060,
synthetic_all_stop_counts,alighting,GENEVE_POTERIE,08:00:00,0.0,L14_T061,
synthetic_all_stop_counts,alighting,GENEVE_POTERIE,07:11:00,0.0,L14_T063,
synthetic_all_stop_counts,alighting,GENEVE_POTERIE,07:31:00,0.0,L14_T064,
synthetic_all_stop_counts,alighting,GENEVE_POTERIE,08:38:00,0.0,L14_T065,
synthetic_all_stop_counts,alighting,GENEVE_POTERIE,07:40:00,0.0,L14_T066,
synthetic_all_stop_counts,alighting,GENEVE_POTERIE,08:09:00,0.0,L14_T067,
synthetic_all_stop_counts,alighting,GENEVE_POTERIE,08:19:00,0.0,L14_T068,
synthetic_all_stop_counts,alighting,GENEVE_POTERIE,08:29:00,0.0,L14_T069,
synthetic_all_stop_counts,alighting,GENEVE_POTERIE,06:41:00,0.0,L14_T070,
synthetic_all_stop_counts,alighting,GENEVE_POTERIE,07:00:00,0.0,L14_T071,
synthetic_all_stop_counts,alighting,GENEVE_POTERIE,08:47:00,0.0,L14_T072,
synthetic_all_stop_counts,alighting,GENEVE_POTERIE,07:17:00,0.0,L18_T001,
synthetic_all_stop_counts,alighting,GENEVE_POTERIE,06:57:00,0.0,L18_T002,
synthetic_all_stop_counts,alighting,GENEVE_POTERIE,08:35:00,0.0,L18_T003,
synthetic_all_stop_counts,alighting,GENEVE_POTERIE,07:38:00,0.0,L18_T004,
synthetic_all_stop_counts,alighting,GENEVE_POTERIE,09:12:00,0.0,L18_T005,
synthetic_all_stop_counts,alighting,GENEVE_POTERIE,09:31:00,0.0,L18_T006,
synthetic_all_stop_counts,alighting,GENEVE_POTERIE,08:16:00,0.0,L18_T007,
synthetic_all_stop_counts,alighting,GENEVE_POTERIE,08:53:00,0.0,L18_T008,
synthetic_all_stop_counts,alighting,GENEVE_POTERIE,07:57:00,0.0,L18_T009,
synthetic_all_stop_counts,alighting,GENEVE_POTERIE,07:07:00,0.0,L18_T010,
synthetic_all_stop_counts,alighting,GENEVE_POTERIE,07:27:00,0.0,L18_T011,
synthetic_all_stop_counts,alighting,GENEVE_POTERIE,08:43:00,0.0,L18_T012,
synthetic_all_stop_counts,alighting,GENEVE_POTERIE,09:02:00,0.0,L18_T013,
synthetic_all_stop_counts,alighting,GENEVE_POTERIE,09:21:00,0.0,L18_T014,
synthetic_all_stop_counts,alighting,GENEVE_POTERIE,08:07:00,0.0,L18_T015,
synthetic_all_stop_counts,alighting,GENEVE_POTERIE,07:47:00,0.0,L18_T016,
synthetic_all_stop_counts,alighting,GENEVE_POTERIE,08:25:00,0.0,L18_T017,
synthetic_all_stop_counts,alighting,GENEVE_POTERIE,06:48:00,0.0,L18_T019,
synthetic_all_stop_counts,alighting,GENEVE_POTERIE,07:19:00,0.0,L18_T020,
synthetic_all_stop_counts,alighting,GENEVE_POTERIE,08:36:00,0.0,L18_T021,
synthetic_all_stop_counts,alighting,GENEVE_POTERIE,07:37:00,0.0,L18_T022,
synthetic_all_stop_counts,alighting,GENEVE_POTERIE,07:57:00,0.0,L18_T023,
synthetic_all_stop_counts,alighting,GENEVE_POTERIE,08:54:00,0.0,L18_T024,
synthetic_all_stop_counts,alighting,GENEVE_POTERIE,09:12:00,0.0,L18_T025,
synthetic_all_stop_counts,alighting,GENEVE_POTERIE,08:17:00,0.0,L18_T026,
synthetic_all_stop_counts,alighting,GENEVE_POTERIE,06:35:00,0.0,L18_T027,
synthetic_all_stop_counts,alighting,GENEVE_POTERIE,08:07:00,0.0,L18_T028,
synthetic_all_stop_counts,alighting,GENEVE_POTERIE,06:57:00,0.0,L18_T029,
synthetic_all_stop_counts,alighting,GENEVE_POTERIE,07:08:00,0.0,L18_T030,
synthetic_all_stop_counts,alighting,GENEVE_POTERIE,08:45:00,0.0,L18_T031,
synthetic_all_stop_counts,alighting,GENEVE_POTERIE,08:26:00,0.0,L18_T032,
synthetic_all_stop_counts,alighting,GENEVE_POTERIE,07:47:00,0.0,L18_T033,
synthetic_all_stop_counts,alighting,GENEVE_POTERIE,07:29:00,0.0,L18_T034,
synthetic_all_stop_counts,alighting,GENEVE_POTERIE,09:03:00,0.0,L18_T035,
synthetic_all_stop_counts,alighting,GENEVE_RIVE,06:51:00,0.0,L12_T001,
synthetic_all_stop_counts,alighting,GENEVE_RIVE,07:31:00,0.0,L12_T002,
synthetic_all_stop_counts,alighting,GENEVE_RIVE,08:56:00,0.0,L12_T003,
synthetic_all_stop_counts,alighting,GENEVE_RIVE,07:41:00,0.0,L12_T004,
synthetic_all_stop_counts,alighting,GENEVE_RIVE,08:09:00,0.0,L12_T005,
synthetic_all_stop_counts,alighting,GENEVE_RIVE,08:37:00,0.0,L12_T006,
synthetic_all_stop_counts,alighting,GENEVE_RIVE,07:11:00,0.0,L12_T007,
synthetic_all_stop_counts,alighting,GENEVE_RIVE,07:01:00,0.0,L12_T008,
synthetic_all_stop_counts,alighting,GENEVE_RIVE,07:21:00,0.0,L12_T009,
synthetic_all_stop_counts,alighting,GENEVE_RIVE,08:18:00,0.0,L12_T010,
synthetic_all_stop_counts,alighting,GENEVE_RIVE,08:46:00,0.0,L12_T011,
synthetic_all_stop_counts,alighting,GENEVE_RIVE,07:50:00,0.0,L12_T012,
synthetic_all_stop_counts,alighting,GENEVE_RIVE,09:05:00,0.0,L12_T013,
synthetic_all_stop_counts,alighting,GENEVE_RIVE,07:59:00,0.0,L12_T014,
synthetic_all_stop_counts,alighting,GENEVE_RIVE,08:27:00,0.0,L12_T015,
synthetic_all_stop_counts,alighting,GENEVE_RIVE,09:14:00,0.0,L12_T016,
synthetic_all_stop_counts,alighting,GENEVE_RIVE,09:10:00,0.0,L12_T017,
synthetic_all_stop_counts,alighting,GENEVE_RIVE,08:23:00,0.0,L12_T018,
synthetic_all_stop_counts,alighting,GENEVE_RIVE,06:56:00,0.0,L12_T019,
synthetic_all_stop_counts,alighting,GENEVE_RIVE,07:06:00,0.0,L12_T020,
synthetic_all_stop_counts,alighting,GENEVE_RIVE,07:16:00,0.0,L12_T021,
synthetic_all_stop_counts,alighting,GENEVE_RIVE,06:49:00,0.0,L12_T022,
synthetic_all_stop_counts,alighting,GENEVE_RIVE,07:26:00,0.0,L12_T023,
synthetic_all_stop_counts,alighting,GENEVE_RIVE,07:36:00,0.0,L12_T024,
synthetic_all_stop_counts,alighting,GENEVE_RIVE,07:54:00,0.0,L12_T025,
synthetic_all_stop_counts,alighting,GENEVE_RIVE,09:19:00,0.0,L12_T026,
synthetic_all_stop_counts,alighting,GENEVE_RIVE,08:41:00,0.0,L12_T027,
synthetic_all_stop_counts,alighting,GENEVE_RIVE,08:51:00,0.0,L12_T028,
synthetic_all_stop_counts,alighting,GENEVE_RIVE,08:04:00,0.0,L12_T029,
synthetic_all_stop_counts,alighting,GENEVE_RIVE,08:32:00,0.0,L12_T030,
synthetic_all_stop_counts,alighting,GENEVE_RIVE,09:00:00,0.0,L12_T031,
synthetic_all_stop_counts,alighting,GENEVE_RIVE,08:13:00,0.0,L12_T032,
synthetic_all_stop_counts,alighting,GENEVE_RIVE,07:45:00,0.0,L12_T033,
synthetic_all_stop_counts,alighting,GENEVE_RIVE,07:22:00,0.0,L12_T034,
synthetic_all_stop_counts,alighting,GENEVE_RIVE,09:15:00,0.0,L12_T035,
synthetic_all_stop_counts,alighting,GENEVE_RIVE,07:01:00,0.0,L12_T036,
synthetic_all_stop_counts,alighting,GENEVE_RIVE,06:50:00,0.0,L12_T037,
synthetic_all_stop_counts,alighting,GENEVE_RIVE,07:31:00,0.0,L12_T038,
synthetic_all_stop_counts,alighting,GENEVE_RIVE,07:50:00,0.0,L12_T039,
synthetic_all_stop_counts,alighting,GENEVE_RIVE,08:57:00,0.0,L12_T040,
synthetic_all_stop_counts,alighting,GENEVE_RIVE,08:10:00,0.0,L12_T041,
synthetic_all_stop_counts,alighting,GENEVE_RIVE,08:29:00,0.0,L12_T042,
synthetic_all_stop_counts,alighting,GENEVE_RIVE,07:10:00,0.0,L12_T043,
synthetic_all_stop_counts,alighting,GENEVE_RIVE,08:38:00,0.0,L12_T044,
synthetic_all_stop_counts,alighting,GENEVE_RIVE,07:41:00,0.0,L12_T045,
synthetic_all_stop_counts,alighting,GENEVE_RIVE,08:19:00,0.0,L12_T046,
synthetic_all_stop_counts,alighting,GENEVE_RIVE,08:00:00,0.0,L12_T047,
synthetic_all_stop_counts,alighting,GENEVE_RIVE,08:48:00,0.0,L12_T048,
synthetic_all_stop_counts,alighting,GENEVE_RIVE,09:06:00,0.0,L12_T049,
synthetic_all_stop_counts,alighting,GENEVE_RIVE,09:10:00,0.0,L12_T050,
synthetic_all_stop_counts,alighting,GENEVE_RIVE,06:42:00,0.0,L12_T051,
synthetic_all_stop_counts,alighting,GENEVE_RIVE,06:56:00,0.0,L12_T052,
synthetic_all_stop_counts,alighting,GENEVE_RIVE,07:05:00,0.0,L12_T053,
synthetic_all_stop_counts,alighting,GENEVE_RIVE,07:16:00,0.0,L12_T054,
synthetic_all_stop_counts,alighting,GENEVE_RIVE,07:36:00,0.0,L12_T055,
synthetic_all_stop_counts,alighting,GENEVE_RIVE,09:01:00,0.0,L12_T056,
synthetic_all_stop_counts,alighting,GENEVE_RIVE,08:33:00,0.0,L12_T057,
synthetic_all_stop_counts,alighting,GENEVE_RIVE,08:43:00,0.0,L12_T058,
synthetic_all_stop_counts,alighting,GENEVE_RIVE,07:26:00,0.0,L12_T059,
synthetic_all_stop_counts,alighting,GENEVE_RIVE,07:46:00,0.0,L12_T060,
synthetic_all_stop_counts,alighting,GENEVE_RIVE,08:15:00,0.0,L12_T061,
synthetic_all_stop_counts,alighting,GENEVE_RIVE,08:05:00,0.0,L12_T062,
synthetic_all_stop_counts,alighting,GENEVE_RIVE,08:52:00,0.0,L12_T063,
synthetic_all_stop_counts,alighting,GENEVE_RIVE,08:24:00,0.0,L12_T064,
synthetic_all_stop_counts,alighting,GENEVE_RIVE,07:55:00,0.0,L12_T065,
synthetic_all_stop_counts,alighting,GENEVE_SERVETTE,09:25:00,23.0,L14_T001,
synthetic_all_stop_counts,alighting,GENEVE_SERVETTE,06:54:00,0.0,L14_T002,
synthetic_all_stop_counts,alighting,GENEVE_SERVETTE,08:38:00,0.0,L14_T003,
synthetic_all_stop_counts,alighting,GENEVE_SERVETTE,08:11:00,0.0,L14_T004,
synthetic_all_stop_counts,alighting,GENEVE_SERVETTE,07:11:00,0.0,L14_T005,
synthetic_all_stop_counts,alighting,GENEVE_SERVETTE,07:21:00,0.0,L14_T006,
synthetic_all_stop_counts,alighting,GENEVE_SERVETTE,07:31:00,0.0,L14_T007,
synthetic_all_stop_counts,alighting,GENEVE_SERVETTE,07:42:00,0.0,L14_T008,
synthetic_all_stop_counts,alighting,GENEVE_SERVETTE,07:52:00,0.0,L14_T009,
synthetic_all_stop_counts,alighting,GENEVE_SERVETTE,08:57:00,1.0,L14_T010,
synthetic_all_stop_counts,alighting,GENEVE_SERVETTE,08:47:00,1.0,L14_T011,
synthetic_all_stop_counts,alighting,GENEVE_SERVETTE,08:02:00,0.0,L14_T012,
synthetic_all_stop_counts,alighting,GENEVE_SERVETTE,08:29:00,0.0,L14_T013,
synthetic_all_stop_counts,alighting,GENEVE_SERVETTE,08:20:00,0.0,L14_T014,
synthetic_all_stop_counts,alighting,GENEVE_SERVETTE,09:06:00,3.0,L14_T017,
synthetic_all_stop_counts,alighting,GENEVE_SERVETTE,09:16:00,6.0,L14_T018,
synthetic_all_stop_counts,alighting,GENEVE_SERVETTE,06:45:00,0.0,L14_T019,
synthetic_all_stop_counts,alighting,GENEVE_SERVETTE,09:20:00,5.0,L14_T020,
synthetic_all_stop_counts,alighting,GENEVE_SERVETTE,07:37:00,0.0,L14_T021,
synthetic_all_stop_counts,alighting,GENEVE_SERVETTE,09:02:00,0.0,L14_T022,
synthetic_all_stop_counts,alighting,GENEVE_SERVETTE,09:30:00,9.0,L14_T023,
synthetic_all_stop_counts,alighting,GENEVE_SERVETTE,07:47:00,0.0,L14_T024,
synthetic_all_stop_counts,alighting,GENEVE_SERVETTE,07:57:00,0.0,L14_T025,
synthetic_all_stop_counts,alighting,GENEVE_SERVETTE,08:52:00,0.0,L14_T026,
synthetic_all_stop_counts,alighting,GENEVE_SERVETTE,08:43:00,0.0,L14_T027,
synthetic_all_stop_counts,alighting,GENEVE_SERVETTE,08:33:00,0.0,L14_T028,
synthetic_all_stop_counts,alighting,GENEVE_SERVETTE,08:24:00,0.0,L14_T029,
synthetic_all_stop_counts,alighting,GENEVE_SERVETTE,08:06:00,0.0,L14_T030,
synthetic_all_stop_counts,alighting,GENEVE_SERVETTE,08:16:00,0.0,L14_T031,
synthetic_all_stop_counts,alighting,GENEVE_SERVETTE,07:16:00,0.0,L14_T032,
synthetic_all_stop_counts,alighting,GENEVE_SERVETTE,07:26:00,0.0,L14_T033,
synthetic_all_stop_counts,alighting,GENEVE_SERVETTE,07:06:00,0.0,L14_T034,
synthetic_all_stop_counts,alighting,GENEVE_SERVETTE,09:11:00,1.0,L14_T035,
synthetic_all_stop_counts,alighting,GENEVE_SERVETTE,06:36:00,0.0,L14_T036,
synthetic_all_stop_counts,alighting,GENEVE_SERVETTE,06:43:00,0.0,L14_T037,
synthetic_all_stop_counts,alighting,GENEVE_SERVETTE,07:01:00,0.0,L14_T038,
synthetic_all_stop_counts,alighting,GENEVE_SERVETTE,06:48:00,0.0,L14_T039,
synthetic_all_stop_counts,alighting,GENEVE_SERVETTE,07:25:00,0.0,L14_T040,
synthetic_all_stop_counts,alighting,GENEVE_SERVETTE,08:41:00,0.0,L14_T041,
synthetic_all_stop_counts,alighting,GENEVE_SERVETTE,08:23:00,0.0,L14_T042,
synthetic_all_stop_counts,alighting,GENEVE_SERVETTE,06:30:00,0.0,L14_T043,
synthetic_all_stop_counts,alighting,GENEVE_SERVETTE,07:15:00,0.0,L14_T044,
synthetic_all_stop_counts,alighting,GENEVE_SERVETTE,07:33:00,0.0,L14_T045,
synthetic_all_stop_counts,alighting,GENEVE_SERVETTE,09:09:00,0.0,L14_T046,
synthetic_all_stop_counts,alighting,GENEVE_SERVETTE,09:00:00,0.0,L14_T047,
synthetic_all_stop_counts,alighting,GENEVE_SERVETTE,08:13:00,0.0,L14_T048,
synthetic_all_stop_counts,alighting,GENEVE_SERVETTE,08:32:00,0.0,L14_T049,
synthetic_all_stop_counts,alighting,GENEVE_SERVETTE,07:53:00,0.0,L14_T050,
synthetic_all_stop_counts,alighting,GENEVE_SERVETTE,07:43:00,0.0,L14_T051,
synthetic_all_stop_counts,alighting,GENEVE_SERVETTE,08:03:00,0.0,L14_T052,
synthetic_all_stop_counts,alighting,GENEVE_SERVETTE,08:50:00,0.0,L14_T053,
synthetic_all_stop_counts,alighting,GENEVE_SERVETTE,07:04:00,0.0,L14_T054,
synthetic_all_stop_counts,alighting,GENEVE_SERVETTE,06:51:00,0.0,L14_T055,
synthetic_all_stop_counts,alighting,GENEVE_SERVETTE,07:20:00,0.0,L14_T056,
synthetic_all_stop_counts,alighting,GENEVE_SERVETTE,09:13:00,0.0,L14_T057,
synthetic_all_stop_counts,alighting,GENEVE_SERVETTE,09:04:00,0.0,L14_T058,
synthetic_all_stop_counts,alighting,GENEVE_SERVETTE,08:55:00,0.0,L14_T059,
synthetic_all_stop_counts,alighting,GENEVE_SERVETTE,07:49:00,0.0,L14_T060,
synthetic_all_stop_counts,alighting,GENEVE_SERVETTE,07:59:00,0.0,L14_T061,
synthetic_all_stop_counts,alighting,GENEVE_SERVETTE,07:09:00,0.0,L14_T063,
synthetic_all_stop_counts,alighting,GENEVE_SERVETTE,07:29:00,0.0,L14_T064,
synthetic_all_stop_counts,alighting,GENEVE_SERVETTE,08:37:00,0.0,L14_T065,
synthetic_all_stop_counts,alighting,GENEVE_SERVETTE,07:39:00,0.0,L14_T066,
synthetic_all_stop_counts,alighting,GENEVE_SERVETTE,08:08:00,0.0,L14_T067,
synthetic_all_stop_counts,alighting,GENEVE_SERVETTE,08:18:00,0.0,L14_T068,
synthetic_all_stop_counts,alighting,GENEVE_SERVETTE,08:27:00,0.0,L14_T069,
synthetic_all_stop_counts,alighting,GENEVE_SERVETTE,06:40:00,0.0,L14_T070,
synthetic_all_stop_counts,alighting,GENEVE_SERVETTE,06:59:00,0.0,L14_T071,
synthetic_all_stop_counts,alighting,GENEVE_SERVETTE,08:46:00,0.0,L14_T072,
synthetic_all_stop_counts,alighting,GENEVE_SERVETTE,07:19:00,0.0,L18_T001,
synthetic_all_stop_counts,alighting,GENEVE_SERVETTE,06:59:00,0.0,L18_T002,
synthetic_all_stop_counts,alighting,GENEVE_SERVETTE,08:36:00,0.0,L18_T003,
synthetic_all_stop_counts,alighting,GENEVE_SERVETTE,07:40:00,0.0,L18_T004,
synthetic_all_stop_counts,alighting,GENEVE_SERVETTE,09:13:00,4.0,L18_T005,
synthetic_all_stop_counts,alighting,GENEVE_SERVETTE,09:32:00,28.0,L18_T006,
synthetic_all_stop_counts,alighting,GENEVE_SERVETTE,08:18:00,0.0,L18_T007,
synthetic_all_stop_counts,alighting,GENEVE_SERVETTE,08:55:00,1.0,L18_T008,
synthetic_all_stop_counts,alighting,GENEVE_SERVETTE,07:59:00,0.0,L18_T009,
synthetic_all_stop_counts,alighting,GENEVE_SERVETTE,07:09:00,0.0,L18_T010,
synthetic_all_stop_counts,alighting,GENEVE_SERVETTE,07:29:00,0.0,L18_T011,
synthetic_all_stop_counts,alighting,GENEVE_SERVETTE,08:45:00,0.0,L18_T012,
synthetic_all_stop_counts,alighting,GENEVE_SERVETTE,09:04:00,2.0,L18_T013,
synthetic_all_stop_counts,alighting,GENEVE_SERVETTE,09:23:00,13.0,L18_T014,
synthetic_all_stop_counts,alighting,GENEVE_SERVETTE,08:08:00,0.0,L18_T015,
synthetic_all_stop_counts,alighting,GENEVE_SERVETTE,07:49:00,0.0,L18_T016,
synthetic_all_stop_counts,alighting,GENEVE_SERVETTE,08:27:00,0.0,L18_T017,
synthetic_all_stop_counts,alighting,GENEVE_SERVETTE,06:46:00,0.0,L18_T019,
synthetic_all_stop_counts,alighting,GENEVE_SERVETTE,07:18:00,0.0,L18_T020,
synthetic_all_stop_counts,alighting,GENEVE_SERVETTE,08:35:00,0.0,L18_T021,
synthetic_all_stop_counts,alighting,GENEVE_SERVETTE,07:36:00,0.0,L18_T022,
synthetic_all_stop_counts,alighting,GENEVE_SERVETTE,07:56:00,0.0,L18_T023,
synthetic_all_stop_counts,alighting,GENEVE_SERVETTE,08:53:00,0.0,L18_T024,
synthetic_all_stop_counts,alighting,GENEVE_SERVETTE,09:11:00,0.0,L18_T025,
synthetic_all_stop_counts,alighting,GENEVE_SERVETTE,08:15:00,0.0,L18_T026,
synthetic_all_stop_counts,alighting,GENEVE_SERVETTE,06:33:00,0.0,L18_T027,
synthetic_all_stop_counts,alighting,GENEVE_SERVETTE,08:06:00,0.0,L18_T028,
synthetic_all_stop_counts,alighting,GENEVE_SERVETTE,06:56:00,0.0,L18_T029,
synthetic_all_stop_counts,alighting,GENEVE_SERVETTE,07:07:00,0.0,L18_T030,
synthetic_all_stop_counts,alighting,GENEVE_SERVETTE,08:44:00,0.0,L18_T031,
synthetic_all_stop_counts,alighting,GENEVE_SERVETTE,08:25:00,0.0,L18_T032,
synthetic_all_stop_counts,alighting,GENEVE_SERVETTE,07:46:00,0.0,L18_T033,
synthetic_all_stop_counts,alighting,GENEVE_SERVETTE,07:27:00,0.0,L18_T034,
synthetic_all_stop_counts,alighting,GENEVE_SERVETTE,09:02:00,0.0,L18_T035,
synthetic_all_stop_counts,alighting,GENEVE_STAND,09:14:00,0.0,L14_T001,
synthetic_all_stop_counts,alighting,GENEVE_STAND,06:44:00,0.0,L14_T002,
synthetic_all_stop_counts,alighting,GENEVE_STAND,08:27:00,0.0,L14_T003,
synthetic_all_stop_counts,alighting,GENEVE_STAND,07:59:00,0.0,L14_T004,
synthetic_all_stop_counts,alighting,GENEVE_STAND,07:01:00,0.0,L14_T005,
synthetic_all_stop_counts,alighting,GENEVE_STAND,07:11:00,0.0,L14_T006,
synthetic_all_stop_counts,alighting,GENEVE_STAND,07:21:00,0.0,L14_T007,
synthetic_all_stop_counts,alighting,GENEVE_STAND,07:31:00,0.0,L14_T008,
synthetic_all_stop_counts,alighting,GENEVE_STAND,07:41:00,0.0,L14_T009,
synthetic_all_stop_counts,alighting,GENEVE_STAND,08:46:00,0.0,L14_T010,
synthetic_all_stop_counts,alighting,GENEVE_STAND,08:36:00,0.0,L14_T011,
synthetic_all_stop_counts,alighting,GENEVE_STAND,07:51:00,0.0,L14_T012,
synthetic_all_stop_counts,alighting,GENEVE_STAND,08:18:00,0.0,L14_T013,
synthetic_all_stop_counts,alighting,GENEVE_STAND,08:09:00,0.0,L14_T014,
synthetic_all_stop_counts,alighting,GENEVE_STAND,08:55:00,0.0,L14_T017,
synthetic_all_stop_counts,alighting,GENEVE_STAND,09:05:00,0.0,L14_T018,
synthetic_all_stop_counts,alighting,GENEVE_STAND,06:35:00,0.0,L14_T019,
synthetic_all_stop_counts,alighting,GENEVE_STAND,09:09:00,0.0,L14_T020,
synthetic_all_stop_counts,alighting,GENEVE_STAND,07:26:00,0.0,L14_T021,
synthetic_all_stop_counts,alighting,GENEVE_STAND,08:51:00,0.0,L14_T022,
synthetic_all_stop_counts,alighting,GENEVE_STAND,09:19:00,0.0,L14_T023,
synthetic_all_stop_counts,alighting,GENEVE_STAND,07:36:00,0.0,L14_T024,
synthetic_all_stop_counts,alighting,GENEVE_STAND,07:46:00,0.0,L14_T025,
synthetic_all_stop_counts,alighting,GENEVE_STAND,08:41:00,0.0,L14_T026,
synthetic_all_stop_counts,alighting,GENEVE_STAND,08:32:00,0.0,L14_T027,
synthetic_all_stop_counts,alighting,GENEVE_STAND,08:22:00,0.0,L14_T028,
synthetic_all_stop_counts,alighting,GENEVE_STAND,08:13:00,0.0,L14_T029,
synthetic_all_stop_counts,alighting,GENEVE_STAND,07:55:00,0.0,L14_T030,
synthetic_all_stop_counts,alighting,GENEVE_STAND,08:04:00,0.0,L14_T031,
synthetic_all_stop_counts,alighting,GENEVE_STAND,07:06:00,0.0,L14_T032,
synthetic_all_stop_counts,alighting,GENEVE_STAND,07:16:00,0.0,L14_T033,
synthetic_all_stop_counts,alighting,GENEVE_STAND,06:56:00,0.0,L14_T034,
synthetic_all_stop_counts,alighting,GENEVE_STAND,09:00:00,0.0,L14_T035,
synthetic_all_stop_counts,alighting,GENEVE_STAND,06:46:00,0.0,L14_T036,
synthetic_all_stop_counts,alighting,GENEVE_STAND,06:53:00,0.0,L14_T037,
synthetic_all_stop_counts,alighting,GENEVE_STAND,07:11:00,0.0,L14_T038,
synthetic_all_stop_counts,alighting,GENEVE_STAND,06:58:00,0.0,L14_T039,
synthetic_all_stop_counts,alighting,GENEVE_STAND,07:35:00,0.0,L14_T040,
synthetic_all_stop_counts,alighting,GENEVE_STAND,08:51:00,0.0,L14_T041,
synthetic_all_stop_counts,alighting,GENEVE_STAND,08:33:00,0.0,L14_T042,
synthetic_all_stop_counts,alighting,GENEVE_STAND,06:40:00,0.0,L14_T043,
synthetic_all_stop_counts,alighting,GENEVE_STAND,07:26:00,0.0,L14_T044,
synthetic_all_stop_counts,alighting,GENEVE_STAND,07:44:00,0.0,L14_T045,
synthetic_all_stop_counts,alighting,GENEVE_STAND,09:19:00,0.0,L14_T046,
synthetic_all_stop_counts,alighting,GENEVE_STAND,09:10:00,0.0,L14_T047,
synthetic_all_stop_counts,alighting,GENEVE_STAND,08:24:00,0.0,L14_T048,
synthetic_all_stop_counts,alighting,GENEVE_STAND,08:42:00,0.0,L14_T049,
synthetic_all_stop_counts,alighting,GENEVE_STAND,08:04:00,0.0,L14_T050,
synthetic_all_stop_counts,alighting,GENEVE_STAND,07:54:00,0.0,L14_T051,
synthetic_all_stop_counts,alighting,GENEVE_STAND,08:14:00,0.0,L14_T052,
synthetic_all_stop_counts,alighting,GENEVE_STAND,09:00:00,0.0,L14_T053,
synthetic_all_stop_counts,alighting,GENEVE_STAND,07:15:00,0.0,L14_T054,
synthetic_all_stop_counts,alighting,GENEVE_STAND,07:01:00,0.0,L14_T055,
synthetic_all_stop_counts,alighting,GENEVE_STAND,07:30:00,0.0,L14_T056,
synthetic_all_stop_counts,alighting,GENEVE_STAND,09:23:00,0.0,L14_T057,
synthetic_all_stop_counts,alighting,GENEVE_STAND,09:14:00,0.0,L14_T058,
synthetic_all_stop_counts,alighting,GENEVE_STAND,09:05:00,0.0,L14_T059,
synthetic_all_stop_counts,alighting,GENEVE_STAND,07:59:00,0.0,L14_T060,
synthetic_all_stop_counts,alighting,GENEVE_STAND,08:09:00,0.0,L14_T061,
synthetic_all_stop_counts,alighting,GENEVE_STAND,07:20:00,0.0,L14_T063,
synthetic_all_stop_counts,alighting,GENEVE_STAND,07:40:00,0.0,L14_T064,
synthetic_all_stop_counts,alighting,GENEVE_STAND,08:47:00,0.0,L14_T065,
synthetic_all_stop_counts,alighting,GENEVE_STAND,07:50:00,0.0,L14_T066,
synthetic_all_stop_counts,alighting,GENEVE_STAND,08:19:00,0.0,L14_T067,
synthetic_all_stop_counts,alighting,GENEVE_STAND,08:29:00,0.0,L14_T068,
synthetic_all_stop_counts,alighting,GENEVE_STAND,08:38:00,0.0,L14_T069,
synthetic_all_stop_counts,alighting,GENEVE_STAND,06:50:00,0.0,L14_T070,
synthetic_all_stop_counts,alighting,GENEVE_STAND,07:09:00,0.0,L14_T071,
synthetic_all_stop_counts,alighting,GENEVE_STAND,08:56:00,0.0,L14_T072,
synthetic_all_stop_counts,alighting,GENEVE_TERRASSIERE,06:52:00,0.0,L12_T001,
synthetic_all_stop_counts,alighting,GENEVE_TERRASSIERE,07:32:00,0.0,L12_T002,
synthetic_all_stop_counts,alighting,GENEVE_TERRASSIERE,08:57:00,0.0,L12_T003,
synthetic_all_stop_counts,alighting,GENEVE_TERRASSIERE,07:42:00,0.0,L12_T004,
synthetic_all_stop_counts,alighting,GENEVE_TERRASSIERE,08:10:00,0.0,L12_T005,
synthetic_all_stop_counts,alighting,GENEVE_TERRASSIERE,08:38:00,0.0,L12_T006,
synthetic_all_stop_counts,alighting,GENEVE_TERRASSIERE,07:12:00,0.0,L12_T007,
synthetic_all_stop_counts,alighting,GENEVE_TERRASSIERE,07:02:00,0.0,L12_T008,
synthetic_all_stop_counts,alighting,GENEVE_TERRASSIERE,07:22:00,0.0,L12_T009,
synthetic_all_stop_counts,alighting,GENEVE_TERRASSIERE,08:19:00,0.0,L12_T010,
synthetic_all_stop_counts,alighting,GENEVE_TERRASSIERE,08:47:00,0.0,L12_T011,
synthetic_all_stop_counts,alighting,GENEVE_TERRASSIERE,07:51:00,0.0,L12_T012,
synthetic_all_stop_counts,alighting,GENEVE_TERRASSIERE,09:06:00,0.0,L12_T013,
synthetic_all_stop_counts,alighting,GENEVE_TERRASSIERE,08:01:00,0.0,L12_T014,
synthetic_all_stop_counts,alighting,GENEVE_TERRASSIERE,08:29:00,0.0,L12_T015,
synthetic_all_stop_counts,alighting,GENEVE_TERRASSIERE,09:16:00,0.0,L12_T016,
synthetic_all_stop_counts,alighting,GENEVE_TERRASSIERE,09:11:00,0.0,L12_T017,
synthetic_all_stop_counts,alighting,GENEVE_TERRASSIERE,08:24:00,0.0,L12_T018,
synthetic_all_stop_counts,alighting,GENEVE_TERRASSIERE,06:57:00,0.0,L12_T019,
synthetic_all_stop_counts,alighting,GENEVE_TERRASSIERE,07:07:00,0.0,L12_T020,
synthetic_all_stop_counts,alighting,GENEVE_TERRASSIERE,07:17:00,0.0,L12_T021,
synthetic_all_stop_counts,alighting,GENEVE_TERRASSIERE,06:50:00,0.0,L12_T022,
synthetic_all_stop_counts,alighting,GENEVE_TERRASSIERE,07:28:00,0.0,L12_T023,
synthetic_all_stop_counts,alighting,GENEVE_TERRASSIERE,07:37:00,0.0,L12_T024,
synthetic_all_stop_counts,alighting,GENEVE_TERRASSIERE,07:55:00,0.0,L12_T025,
synthetic_all_stop_counts,alighting,GENEVE_TERRASSIERE,09:20:00,0.0,L12_T026,
synthetic_all_stop_counts,alighting,GENEVE_TERRASSIERE,08:42:00,0.0,L12_T027,
synthetic_all_stop_counts,alighting,GENEVE_TERRASSIERE,08:52:00,0.0,L12_T028,
synthetic_all_stop_counts,alighting,GENEVE_TERRASSIERE,08:05:00,0.0,L12_T029,
synthetic_all_stop_counts,alighting,GENEVE_TERRASSIERE,08:33:00,0.0,L12_T030,
synthetic_all_stop_counts,alighting,GENEVE_TERRASSIERE,09:02:00,0.0,L12_T031,
synthetic_all_stop_counts,alighting,GENEVE_TERRASSIERE,08:15:00,0.0,L12_T032,
synthetic_all_stop_counts,alighting,GENEVE_TERRASSIERE,07:47:00,0.0,L12_T033,
synthetic_all_stop_counts,alighting,GENEVE_TERRASSIERE,07:20:00,0.0,L12_T034,
synthetic_all_stop_counts,alighting,GENEVE_TERRASSIERE,09:13:00,0.0,L12_T035,
synthetic_all_stop_counts,alighting,GENEVE_TERRASSIERE,06:59:00,0.0,L12_T036,
synthetic_all_stop_counts,alighting,GENEVE_TERRASSIERE,06:48:00,0.0,L12_T037,
synthetic_all_stop_counts,alighting,GENEVE_TERRASSIERE,07:30:00,0.0,L12_T038,
synthetic_all_stop_counts,alighting,GENEVE_TERRASSIERE,07:49:00,0.0,L12_T039,
synthetic_all_stop_counts,alighting,GENEVE_TERRASSIERE,08:55:00,0.0,L12_T040,
synthetic_all_stop_counts,alighting,GENEVE_TERRASSIERE,08:08:00,0.0,L12_T041,
synthetic_all_stop_counts,alighting,GENEVE_TERRASSIERE,08:27:00,0.0,L12_T042,
synthetic_all_stop_counts,alighting,GENEVE_TERRASSIERE,07:08:00,0.0,L12_T043,
synthetic_all_stop_counts,alighting,GENEVE_TERRASSIERE,08:36:00,0.0,L12_T044,
synthetic_all_stop_counts,alighting,GENEVE_TERRASSIERE,07:39:00,0.0,L12_T045,
synthetic_all_stop_counts,alighting,GENEVE_TERRASSIERE,08:18:00,0.0,L12_T046,
synthetic_all_stop_counts,alighting,GENEVE_TERRASSIERE,07:59:00,0.0,L12_T047,
synthetic_all_stop_counts,alighting,GENEVE_TERRASSIERE,08:46:00,0.0,L12_T048,
synthetic_all_stop_counts,alighting,GENEVE_TERRASSIERE,09:04:00,0.0,L12_T049,
synthetic_all_stop_counts,alighting,GENEVE_TERRASSIERE,09:08:00,0.0,L12_T050,
synthetic_all_stop_counts,alighting,GENEVE_TERRASSIERE,06:40:00,0.0,L12_T051,
synthetic_all_stop_counts,alighting,GENEVE_TERRASSIERE,06:54:00,0.0,L12_T052,
synthetic_all_stop_counts,alighting,GENEVE_TERRASSIERE,07:03:00,0.0,L12_T053,
synthetic_all_stop_counts,alighting,GENEVE_TERRASSIERE,07:14:00,0.0,L12_T054,
synthetic_all_stop_counts,alighting,GENEVE_TERRASSIERE,07:35:00,0.0,L12_T055,
synthetic_all_stop_counts,alighting,GENEVE_TERRASSIERE,09:00:00,0.0,L12_T056,
synthetic_all_stop_counts,alighting,GENEVE_TERRASSIERE,08:31:00,0.0,L12_T057,
synthetic_all_stop_counts,alighting,GENEVE_TERRASSIERE,08:41:00,0.0,L12_T058,
synthetic_all_stop_counts,alighting,GENEVE_TERRASSIERE,07:25:00,0.0,L12_T059,
synthetic_all_stop_counts,alighting,GENEVE_TERRASSIERE,07:44:00,0.0,L12_T060,
synthetic_all_stop_counts,alighting,GENEVE_TERRASSIERE,08:13:00,0.0,L12_T061,
synthetic_all_stop_counts,alighting,GENEVE_TERRASSIERE,08:03:00,0.0,L12_T062,
synthetic_all_stop_counts,alighting,GENEVE_TERRASSIERE,08:50:00,0.0,L12_T063,
synthetic_all_stop_counts,alighting,GENEVE_TERRASSIERE,08:22:00,0.0,L12_T064,
synthetic_all_stop_counts,alighting,GENEVE_TERRASSIERE,07:53:00,0.0,L12_T065,
synthetic_all_stop_counts,alighting,GENEVE_VIEUSSEUX,09:26:00,34.0,L14_T001,
synthetic_all_stop_counts,alighting,GENEVE_VIEUSSEUX,06:55:00,0.0,L14_T002,
synthetic_all_stop_counts,alighting,GENEVE_VIEUSSEUX,08:39:00,0.0,L14_T003,
synthetic_all_stop_counts,alighting,GENEVE_VIEUSSEUX,08:12:00,0.0,L14_T004,
synthetic_all_stop_counts,alighting,GENEVE_VIEUSSEUX,07:12:00,0.0,L14_T005,
synthetic_all_stop_counts,alighting,GENEVE_VIEUSSEUX,07:22:00,0.0,L14_T006,
synthetic_all_stop_counts,alighting,GENEVE_VIEUSSEUX,07:32:00,0.0,L14_T007,
synthetic_all_stop_counts,alighting,GENEVE_VIEUSSEUX,07:43:00,0.0,L14_T008,
synthetic_all_stop_counts,alighting,GENEVE_VIEUSSEUX,07:53:00,0.0,L14_T009,
synthetic_all_stop_counts,alighting,GENEVE_VIEUSSEUX,08:58:00,1.0,L14_T010,
synthetic_all_stop_counts,alighting,GENEVE_VIEUSSEUX,08:48:00,0.0,L14_T011,
synthetic_all_stop_counts,alighting,GENEVE_VIEUSSEUX,08:03:00,0.0,L14_T012,
synthetic_all_stop_counts,alighting,GENEVE_VIEUSSEUX,08:30:00,0.0,L14_T013,
synthetic_all_stop_counts,alighting,GENEVE_VIEUSSEUX,08:21:00,0.0,L14_T014,
synthetic_all_stop_counts,alighting,GENEVE_VIEUSSEUX,09:07:00,3.0,L14_T017,
synthetic_all_stop_counts,alighting,GENEVE_VIEUSSEUX,09:17:00,7.0,L14_T018,
synthetic_all_stop_counts,alighting,GENEVE_VIEUSSEUX,06:46:00,0.0,L14_T019,
synthetic_all_stop_counts,alighting,GENEVE_VIEUSSEUX,09:21:00,5.0,L14_T020,
synthetic_all_stop_counts,alighting,GENEVE_VIEUSSEUX,07:39:00,0.0,L14_T021,
synthetic_all_stop_counts,alighting,GENEVE_VIEUSSEUX,09:03:00,0.0,L14_T022,
synthetic_all_stop_counts,alighting,GENEVE_VIEUSSEUX,09:31:00,12.0,L14_T023,
synthetic_all_stop_counts,alighting,GENEVE_VIEUSSEUX,07:48:00,0.0,L14_T024,
synthetic_all_stop_counts,alighting,GENEVE_VIEUSSEUX,07:58:00,0.0,L14_T025,
synthetic_all_stop_counts,alighting,GENEVE_VIEUSSEUX,08:53:00,0.0,L14_T026,
synthetic_all_stop_counts,alighting,GENEVE_VIEUSSEUX,08:44:00,0.0,L14_T027,
synthetic_all_stop_counts,alighting,GENEVE_VIEUSSEUX,08:34:00,0.0,L14_T028,
synthetic_all_stop_counts,alighting,GENEVE_VIEUSSEUX,08:26:00,0.0,L14_T029,
synthetic_all_stop_counts,alighting,GENEVE_VIEUSSEUX,08:08:00,0.0,L14_T030,
synthetic_all_stop_counts,alighting,GENEVE_VIEUSSEUX,08:17:00,0.0,L14_T031,
synthetic_all_stop_counts,alighting,GENEVE_VIEUSSEUX,07:17:00,0.0,L14_T032,
synthetic_all_stop_counts,alighting,GENEVE_VIEUSSEUX,07:27:00,0.0,L14_T033,
synthetic_all_stop_counts,alighting,GENEVE_VIEUSSEUX,07:07:00,0.0,L14_T034,
synthetic_all_stop_counts,alighting,GENEVE_VIEUSSEUX,09:12:00,1.0,L14_T035,
synthetic_all_stop_counts,alighting,GENEVE_VIEUSSEUX,06:34:00,0.0,L14_T036,
synthetic_all_stop_counts,alighting,GENEVE_VIEUSSEUX,06:41:00,0.0,L14_T037,
synthetic_all_stop_counts,alighting,GENEVE_VIEUSSEUX,06:59:00,0.0,L14_T038,
synthetic_all_stop_counts,alighting,GENEVE_VIEUSSEUX,06:46:00,0.0,L14_T039,
synthetic_all_stop_counts,alighting,GENEVE_VIEUSSEUX,07:23:00,0.0,L14_T040,
synthetic_all_stop_counts,alighting,GENEVE_VIEUSSEUX,08:40:00,0.0,L14_T041,
synthetic_all_stop_counts,alighting,GENEVE_VIEUSSEUX,08:21:00,0.0,L14_T042,
synthetic_all_stop_counts,alighting,GENEVE_VIEUSSEUX,06:28:00,0.0,L14_T043,
synthetic_all_stop_counts,alighting,GENEVE_VIEUSSEUX,07:14:00,0.0,L14_T044,
synthetic_all_stop_counts,alighting,GENEVE_VIEUSSEUX,07:32:00,0.0,L14_T045,
synthetic_all_stop_counts,alighting,GENEVE_VIEUSSEUX,09:07:00,0.0,L14_T046,
synthetic_all_stop_counts,alighting,GENEVE_VIEUSSEUX,08:58:00,0.0,L14_T047,
synthetic_all_stop_counts,alighting,GENEVE_VIEUSSEUX,08:11:00,0.0,L14_T048,
synthetic_all_stop_counts,alighting,GENEVE_VIEUSSEUX,08:31:00,0.0,L14_T049,
synthetic_all_stop_counts,alighting,GENEVE_VIEUSSEUX,07:52:00,0.0,L14_T050,
synthetic_all_stop_counts,alighting,GENEVE_VIEUSSEUX,07:42:00,0.0,L14_T051,
synthetic_all_stop_counts,alighting,GENEVE_VIEUSSEUX,08:02:00,0.0,L14_T052,
synthetic_all_stop_counts,alighting,GENEVE_VIEUSSEUX,08:49:00,0.0,L14_T053,
synthetic_all_stop_counts,alighting,GENEVE_VIEUSSEUX,07:03:00,0.0,L14_T054,
synthetic_all_stop_counts,alighting,GENEVE_VIEUSSEUX,06:49:00,0.0,L14_T055,
synthetic_all_stop_counts,alighting,GENEVE_VIEUSSEUX,07:18:00,0.0,L14_T056,
synthetic_all_stop_counts,alighting,GENEVE_VIEUSSEUX,09:12:00,0.0,L14_T057,
synthetic_all_stop_counts,alighting,GENEVE_VIEUSSEUX,09:03:00,0.0,L14_T058,
synthetic_all_stop_counts,alighting,GENEVE_VIEUSSEUX,08:54:00,0.0,L14_T059,
synthetic_all_stop_counts,alighting,GENEVE_VIEUSSEUX,07:47:00,0.0,L14_T060,
synthetic_all_stop_counts,alighting,GENEVE_VIEUSSEUX,07:57:00,0.0,L14_T061,
synthetic_all_stop_counts,alighting,GENEVE_VIEUSSEUX,07:08:00,0.0,L14_T063,
synthetic_all_stop_counts,alighting,GENEVE_VIEUSSEUX,07:28:00,0.0,L14_T064,
synthetic_all_stop_counts,alighting,GENEVE_VIEUSSEUX,08:35:00,0.0,L14_T065,
synthetic_all_stop_counts,alighting,GENEVE_VIEUSSEUX,07:37:00,0.0,L14_T066,
synthetic_all_stop_counts,alighting,GENEVE_VIEUSSEUX,08:06:00,0.0,L14_T067,
synthetic_all_stop_counts,alighting,GENEVE_VIEUSSEUX,08:16:00,0.0,L14_T068,
synthetic_all_stop_counts,alighting,GENEVE_VIEUSSEUX,08:26:00,0.0,L14_T069,
synthetic_all_stop_counts,alighting,GENEVE_VIEUSSEUX,06:38:00,0.0,L14_T070,
synthetic_all_stop_counts,alighting,GENEVE_VIEUSSEUX,06:57:00,0.0,L14_T071,
synthetic_all_stop_counts,alighting,GENEVE_VIEUSSEUX,08:44:00,0.0,L14_T072,
synthetic_all_stop_counts,alighting,GENEVE_VIEUSSEUX,07:20:00,0.0,L18_T001,
synthetic_all_stop_counts,alighting,GENEVE_VIEUSSEUX,07:00:00,0.0,L18_T002,
synthetic_all_stop_counts,alighting,GENEVE_VIEUSSEUX,08:37:00,0.0,L18_T003,
synthetic_all_stop_counts,alighting,GENEVE_VIEUSSEUX,07:41:00,0.0,L18_T004,
synthetic_all_stop_counts,alighting,GENEVE_VIEUSSEUX,09:14:00,4.0,L18_T005,
synthetic_all_stop_counts,alighting,GENEVE_VIEUSSEUX,09:33:00,41.0,L18_T006,
synthetic_all_stop_counts,alighting,GENEVE_VIEUSSEUX,08:19:00,0.0,L18_T007,
synthetic_all_stop_counts,alighting,GENEVE_VIEUSSEUX,08:56:00,0.0,L18_T008,
synthetic_all_stop_counts,alighting,GENEVE_VIEUSSEUX,08:00:00,0.0,L18_T009,
synthetic_all_stop_counts,alighting,GENEVE_VIEUSSEUX,07:10:00,0.0,L18_T010,
synthetic_all_stop_counts,alighting,GENEVE_VIEUSSEUX,07:30:00,0.0,L18_T011,
synthetic_all_stop_counts,alighting,GENEVE_VIEUSSEUX,08:46:00,0.0,L18_T012,
synthetic_all_stop_counts,alighting,GENEVE_VIEUSSEUX,09:05:00,1.0,L18_T013,
synthetic_all_stop_counts,alighting,GENEVE_VIEUSSEUX,09:24:00,17.0,L18_T014,
synthetic_all_stop_counts,alighting,GENEVE_VIEUSSEUX,08:10:00,0.0,L18_T015,
synthetic_all_stop_counts,alighting,GENEVE_VIEUSSEUX,07:50:00,0.0,L18_T016,
synthetic_all_stop_counts,alighting,GENEVE_VIEUSSEUX,08:28:00,0.0,L18_T017,
synthetic_all_stop_counts,alighting,GENEVE_VIEUSSEUX,06:45:00,0.0,L18_T019,
synthetic_all_stop_counts,alighting,GENEVE_VIEUSSEUX,07:16:00,0.0,L18_T020,
synthetic_all_stop_counts,alighting,GENEVE_VIEUSSEUX,08:33:00,0.0,L18_T021,
synthetic_all_stop_counts,alighting,GENEVE_VIEUSSEUX,07:34:00,0.0,L18_T022,
synthetic_all_stop_counts,alighting,GENEVE_VIEUSSEUX,07:54:00,0.0,L18_T023,
synthetic_all_stop_counts,alighting,GENEVE_VIEUSSEUX,08:51:00,0.0,L18_T024,
synthetic_all_stop_counts,alighting,GENEVE_VIEUSSEUX,09:09:00,0.0,L18_T025,
synthetic_all_stop_counts,alighting,GENEVE_VIEUSSEUX,08:14:00,0.0,L18_T026,
synthetic_all_stop_counts,alighting,GENEVE_VIEUSSEUX,06:32:00,0.0,L18_T027,
synthetic_all_stop_counts,alighting,GENEVE_VIEUSSEUX,08:04:00,0.0,L18_T028,
synthetic_all_stop_counts,alighting,GENEVE_VIEUSSEUX,06:54:00,0.0,L18_T029,
synthetic_all_stop_counts,alighting,GENEVE_VIEUSSEUX,07:05:00,0.0,L18_T030,
synthetic_all_stop_counts,alighting,GENEVE_VIEUSSEUX,08:42:00,0.0,L18_T031,
synthetic_all_stop_counts,alighting,GENEVE_VIEUSSEUX,08:23:00,0.0,L18_T032,
synthetic_all_stop_counts,alighting,GENEVE_VIEUSSEUX,07:44:00,0.0,L18_T033,
synthetic_all_stop_counts,alighting,GENEVE_VIEUSSEUX,07:26:00,0.0,L18_T034,
synthetic_all_stop_counts,alighting,GENEVE_VIEUSSEUX,09:00:00,0.0,L18_T035,
synthetic_all_stop_counts,alighting,GENEVE_VILLEREUSE,06:53:00,0.0,L12_T001,
synthetic_all_stop_counts,alighting,GENEVE_VILLEREUSE,07:33:00,0.0,L12_T002,
synthetic_all_stop_counts,alighting,GENEVE_VILLEREUSE,08:58:00,0.0,L12_T003,
synthetic_all_stop_counts,alighting,GENEVE_VILLEREUSE,07:43:00,0.0,L12_T004,
synthetic_all_stop_counts,alighting,GENEVE_VILLEREUSE,08:11:00,0.0,L12_T005,
synthetic_all_stop_counts,alighting,GENEVE_VILLEREUSE,08:39:00,0.0,L12_T006,
synthetic_all_stop_counts,alighting,GENEVE_VILLEREUSE,07:13:00,0.0,L12_T007,
synthetic_all_stop_counts,alighting,GENEVE_VILLEREUSE,07:03:00,0.0,L12_T008,
synthetic_all_stop_counts,alighting,GENEVE_VILLEREUSE,07:23:00,0.0,L12_T009,
synthetic_all_stop_counts,alighting,GENEVE_VILLEREUSE,08:20:00,0.0,L12_T010,
synthetic_all_stop_counts,alighting,GENEVE_VILLEREUSE,08:48:00,0.0,L12_T011,
synthetic_all_stop_counts,alighting,GENEVE_VILLEREUSE,07:52:00,0.0,L12_T012,
synthetic_all_stop_counts,alighting,GENEVE_VILLEREUSE,09:07:00,0.0,L12_T013,
synthetic_all_stop_counts,alighting,GENEVE_VILLEREUSE,08:01:02,0.0,L12_T014,
synthetic_all_stop_counts,alighting,GENEVE_VILLEREUSE,08:29:02,0.0,L12_T015,
synthetic_all_stop_counts,alighting,GENEVE_VILLEREUSE,09:16:02,0.0,L12_T016,
synthetic_all_stop_counts,alighting,GENEVE_VILLEREUSE,09:12:00,0.0,L12_T017,
synthetic_all_stop_counts,alighting,GENEVE_VILLEREUSE,08:25:00,0.0,L12_T018,
synthetic_all_stop_counts,alighting,GENEVE_VILLEREUSE,06:58:00,0.0,L12_T019,
synthetic_all_stop_counts,alighting,GENEVE_VILLEREUSE,07:08:00,0.0,L12_T020,
synthetic_all_stop_counts,alighting,GENEVE_VILLEREUSE,07:18:00,0.0,L12_T021,
synthetic_all_stop_counts,alighting,GENEVE_VILLEREUSE,06:51:00,0.0,L12_T022,
synthetic_all_stop_counts,alighting,GENEVE_VILLEREUSE,07:28:02,0.0,L12_T023,
synthetic_all_stop_counts,alighting,GENEVE_VILLEREUSE,07:38:00,0.0,L12_T024,
synthetic_all_stop_counts,alighting,GENEVE_VILLEREUSE,07:56:00,0.0,L12_T025,
synthetic_all_stop_counts,alighting,GENEVE_VILLEREUSE,09:21:00,0.0,L12_T026,
synthetic_all_stop_counts,alighting,GENEVE_VILLEREUSE,08:43:00,0.0,L12_T027,
synthetic_all_stop_counts,alighting,GENEVE_VILLEREUSE,08:53:00,0.0,L12_T028,
synthetic_all_stop_counts,alighting,GENEVE_VILLEREUSE,08:06:00,0.0,L12_T029,
synthetic_all_stop_counts,alighting,GENEVE_VILLEREUSE,08:34:00,0.0,L12_T030,
synthetic_all_stop_counts,alighting,GENEVE_VILLEREUSE,09:02:02,0.0,L12_T031,
synthetic_all_stop_counts,alighting,GENEVE_VILLEREUSE,08:15:02,0.0,L12_T032,
synthetic_all_stop_counts,alighting,GENEVE_VILLEREUSE,07:47:02,0.0,L12_T033,
synthetic_all_stop_counts,alighting,GENEVE_VILLEREUSE,07:19:00,0.0,L12_T034,
synthetic_all_stop_counts,alighting,GENEVE_VILLEREUSE,09:12:00,0.0,L12_T035,
synthetic_all_stop_counts,alighting,GENEVE_VILLEREUSE,06:58:00,0.0,L12_T036,
synthetic_all_stop_counts,alighting,GENEVE_VILLEREUSE,06:47:00,0.0,L12_T037,
synthetic_all_stop_counts,alighting,GENEVE_VILLEREUSE,07:29:00,0.0,L12_T038,
synthetic_all_stop_counts,alighting,GENEVE_VILLEREUSE,07:48:00,0.0,L12_T039,
synthetic_all_stop_counts,alighting,GENEVE_VILLEREUSE,08:54:00,0.0,L12_T040,
synthetic_all_stop_counts,alighting,GENEVE_VILLEREUSE,08:07:00,0.0,L12_T041,
synthetic_all_stop_counts,alighting,GENEVE_VILLEREUSE,08:26:00,0.0,L12_T042,
synthetic_all_stop_counts,alighting,GENEVE_VILLEREUSE,07:07:00,0.0,L12_T043,
synthetic_all_stop_counts,alighting,GENEVE_VILLEREUSE,08:35:00,0.0,L12_T044,
synthetic_all_stop_counts,alighting,GENEVE_VILLEREUSE,07:38:00,0.0,L12_T045,
synthetic_all_stop_counts,alighting,GENEVE_VILLEREUSE,08:17:00,0.0,L12_T046,
synthetic_all_stop_counts,alighting,GENEVE_VILLEREUSE,07:58:00,0.0,L12_T047,
synthetic_all_stop_counts,alighting,GENEVE_VILLEREUSE,08:45:00,0.0,L12_T048,
synthetic_all_stop_counts,alighting,GENEVE_VILLEREUSE,09:03:00,0.0,L12_T049,
synthetic_all_stop_counts,alighting,GENEVE_VILLEREUSE,09:07:00,0.0,L12_T050,
synthetic_all_stop_counts,alighting,GENEVE_VILLEREUSE,06:39:00,0.0,L12_T051,
synthetic_all_stop_counts,alighting,GENEVE_VILLEREUSE,06:53:00,0.0,L12_T052,
synthetic_all_stop_counts,alighting,GENEVE_VILLEREUSE,07:02:00,0.0,L12_T053,
synthetic_all_stop_counts,alighting,GENEVE_VILLEREUSE,07:13:00,0.0,L12_T054,
synthetic_all_stop_counts,alighting,GENEVE_VILLEREUSE,07:34:00,0.0,L12_T055,
synthetic_all_stop_counts,alighting,GENEVE_VILLEREUSE,08:59:00,0.0,L12_T056,
synthetic_all_stop_counts,alighting,GENEVE_VILLEREUSE,08:30:00,0.0,L12_T057,
synthetic_all_stop_counts,alighting,GENEVE_VILLEREUSE,08:40:00,0.0,L12_T058,
synthetic_all_stop_counts,alighting,GENEVE_VILLEREUSE,07:24:00,0.0,L12_T059,
synthetic_all_stop_counts,alighting,GENEVE_VILLEREUSE,07:43:00,0.0,L12_T060,
synthetic_all_stop_counts,alighting,GENEVE_VILLEREUSE,08:12:00,0.0,L12_T061,
synthetic_all_stop_counts,alighting,GENEVE_VILLEREUSE,08:02:00,0.0,L12_T062,
synthetic_all_stop_counts,alighting,GENEVE_VILLEREUSE,08:49:00,0.0,L12_T063,
synthetic_all_stop_counts,alighting,GENEVE_VILLEREUSE,08:21:00,0.0,L12_T064,
synthetic_all_stop_counts,alighting,GENEVE_VILLEREUSE,07:52:00,0.0,L12_T065,
synthetic_all_stop_counts,alighting,GRAND_LANCY_DE_STAEL,06:32:00,0.0,L12_T001,
synthetic_all_stop_counts,alighting,GRAND_LANCY_DE_STAEL,07:11:00,0.0,L12_T002,
synthetic_all_stop_counts,alighting,GRAND_LANCY_DE_STAEL,08:35:00,0.0,L12_T003,
synthetic_all_stop_counts,alighting,GRAND_LANCY_DE_STAEL,07:20:00,0.0,L12_T004,
synthetic_all_stop_counts,alighting,GRAND_LANCY_DE_STAEL,07:48:00,0.0,L12_T005,
synthetic_all_stop_counts,alighting,GRAND_LANCY_DE_STAEL,08:16:00,0.0,L12_T006,
synthetic_all_stop_counts,alighting,GRAND_LANCY_DE_STAEL,06:52:00,0.0,L12_T007,
synthetic_all_stop_counts,alighting,GRAND_LANCY_DE_STAEL,06:42:00,0.0,L12_T008,
synthetic_all_stop_counts,alighting,GRAND_LANCY_DE_STAEL,07:02:00,0.0,L12_T009,
synthetic_all_stop_counts,alighting,GRAND_LANCY_DE_STAEL,07:58:00,0.0,L12_T010,
synthetic_all_stop_counts,alighting,GRAND_LANCY_DE_STAEL,08:26:00,0.0,L12_T011,
synthetic_all_stop_counts,alighting,GRAND_LANCY_DE_STAEL,07:30:00,0.0,L12_T012,
synthetic_all_stop_counts,alighting,GRAND_LANCY_DE_STAEL,08:45:00,0.0,L12_T013,
synthetic_all_stop_counts,alighting,GRAND_LANCY_DE_STAEL,07:39:00,0.0,L12_T014,
synthetic_all_stop_counts,alighting,GRAND_LANCY_DE_STAEL,08:07:00,0.0,L12_T015,
synthetic_all_stop_counts,alighting,GRAND_LANCY_DE_STAEL,08:54:00,0.0,L12_T016,
synthetic_all_stop_counts,alighting,GRAND_LANCY_DE_STAEL,08:49:00,0.0,L12_T017,
synthetic_all_stop_counts,alighting,GRAND_LANCY_DE_STAEL,08:02:00,0.0,L12_T018,
synthetic_all_stop_counts,alighting,GRAND_LANCY_DE_STAEL,06:37:00,0.0,L12_T019,
synthetic_all_stop_counts,alighting,GRAND_LANCY_DE_STAEL,06:47:00,0.0,L12_T020,
synthetic_all_stop_counts,alighting,GRAND_LANCY_DE_STAEL,06:57:00,0.0,L12_T021,
synthetic_all_stop_counts,alighting,GRAND_LANCY_DE_STAEL,06:30:00,0.0,L12_T022,
synthetic_all_stop_counts,alighting,GRAND_LANCY_DE_STAEL,07:07:00,0.0,L12_T023,
synthetic_all_stop_counts,alighting,GRAND_LANCY_DE_STAEL,07:16:00,0.0,L12_T024,
synthetic_all_stop_counts,alighting,GRAND_LANCY_DE_STAEL,07:34:00,0.0,L12_T025,
synthetic_all_stop_counts,alighting,GRAND_LANCY_DE_STAEL,08:59:00,0.0,L12_T026,
synthetic_all_stop_counts,alighting,GRAND_LANCY_DE_STAEL,08:21:00,0.0,L12_T027,
synthetic_all_stop_counts,alighting,GRAND_LANCY_DE_STAEL,08:31:00,0.0,L12_T028,
synthetic_all_stop_counts,alighting,GRAND_LANCY_DE_STAEL,07:44:00,0.0,L12_T029,
synthetic_all_stop_counts,alighting,GRAND_LANCY_DE_STAEL,08:12:00,0.0,L12_T030,
synthetic_all_stop_counts,alighting,GRAND_LANCY_DE_STAEL,08:40:00,0.0,L12_T031,
synthetic_all_stop_counts,alighting,GRAND_LANCY_DE_STAEL,07:53:00,0.0,L12_T032,
synthetic_all_stop_counts,alighting,GRAND_LANCY_DE_STAEL,07:25:00,0.0,L12_T033,
synthetic_all_stop_counts,alighting,GRAND_LANCY_DE_STAEL,07:41:00,0.0,L12_T034,
synthetic_all_stop_counts,alighting,GRAND_LANCY_DE_STAEL,09:34:00,0.0,L12_T035,
synthetic_all_stop_counts,alighting,GRAND_LANCY_DE_STAEL,07:19:00,0.0,L12_T036,
synthetic_all_stop_counts,alighting,GRAND_LANCY_DE_STAEL,07:08:00,0.0,L12_T037,
synthetic_all_stop_counts,alighting,GRAND_LANCY_DE_STAEL,07:50:00,0.0,L12_T038,
synthetic_all_stop_counts,alighting,GRAND_LANCY_DE_STAEL,08:10:00,0.0,L12_T039,
synthetic_all_stop_counts,alighting,GRAND_LANCY_DE_STAEL,09:16:00,0.0,L12_T040,
synthetic_all_stop_counts,alighting,GRAND_LANCY_DE_STAEL,08:29:00,0.0,L12_T041,
synthetic_all_stop_counts,alighting,GRAND_LANCY_DE_STAEL,08:48:00,0.0,L12_T042,
synthetic_all_stop_counts,alighting,GRAND_LANCY_DE_STAEL,07:29:00,0.0,L12_T043,
synthetic_all_stop_counts,alighting,GRAND_LANCY_DE_STAEL,08:58:00,0.0,L12_T044,
synthetic_all_stop_counts,alighting,GRAND_LANCY_DE_STAEL,08:00:00,0.0,L12_T045,
synthetic_all_stop_counts,alighting,GRAND_LANCY_DE_STAEL,08:39:00,0.0,L12_T046,
synthetic_all_stop_counts,alighting,GRAND_LANCY_DE_STAEL,08:20:00,0.0,L12_T047,
synthetic_all_stop_counts,alighting,GRAND_LANCY_DE_STAEL,09:07:00,0.0,L12_T048,
synthetic_all_stop_counts,alighting,GRAND_LANCY_DE_STAEL,09:25:00,0.0,L12_T049,
synthetic_all_stop_counts,alighting,GRAND_LANCY_DE_STAEL,09:29:00,0.0,L12_T050,
synthetic_all_stop_counts,alighting,GRAND_LANCY_DE_STAEL,07:00:00,0.0,L12_T051,
synthetic_all_stop_counts,alighting,GRAND_LANCY_DE_STAEL,07:14:00,0.0,L12_T052,
synthetic_all_stop_counts,alighting,GRAND_LANCY_DE_STAEL,07:23:00,0.0,L12_T053,
synthetic_all_stop_counts,alighting,GRAND_LANCY_DE_STAEL,07:35:00,0.0,L12_T054,
synthetic_all_stop_counts,alighting,GRAND_LANCY_DE_STAEL,07:55:00,0.0,L12_T055,
synthetic_all_stop_counts,alighting,GRAND_LANCY_DE_STAEL,09:21:00,0.0,L12_T056,
synthetic_all_stop_counts,alighting,GRAND_LANCY_DE_STAEL,08:52:00,0.0,L12_T057,
synthetic_all_stop_counts,alighting,GRAND_LANCY_DE_STAEL,09:02:00,0.0,L12_T058,
synthetic_all_stop_counts,alighting,GRAND_LANCY_DE_STAEL,07:45:00,0.0,L12_T059,
synthetic_all_stop_counts,alighting,GRAND_LANCY_DE_STAEL,08:05:00,0.0,L12_T060,
synthetic_all_stop_counts,alighting,GRAND_LANCY_DE_STAEL,08:34:00,0.0,L12_T061,
synthetic_all_stop_counts,alighting,GRAND_LANCY_DE_STAEL,08:24:00,0.0,L12_T062,
synthetic_all_stop_counts,alighting,GRAND_LANCY_DE_STAEL,09:11:00,0.0,L12_T063,
synthetic_all_stop_counts,alighting,GRAND_LANCY_DE_STAEL,08:44:00,0.0,L12_T064,
synthetic_all_stop_counts,alighting,GRAND_LANCY_DE_STAEL,08:14:00,0.0,L12_T065,
synthetic_all_stop_counts,alighting,GRAND_LANCY_DE_STAEL,06:54:00,0.0,L18_T001,
synthetic_all_stop_counts,alighting,GRAND_LANCY_DE_STAEL,06:34:00,0.0,L18_T002,
synthetic_all_stop_counts,alighting,GRAND_LANCY_DE_STAEL,08:09:00,0.0,L18_T003,
synthetic_all_stop_counts,alighting,GRAND_LANCY_DE_STAEL,07:14:00,0.0,L18_T004,
synthetic_all_stop_counts,alighting,GRAND_LANCY_DE_STAEL,08:47:00,0.0,L18_T005,
synthetic_all_stop_counts,alighting,GRAND_LANCY_DE_STAEL,09:06:00,0.0,L18_T006,
synthetic_all_stop_counts,alighting,GRAND_LANCY_DE_STAEL,07:51:00,0.0,L18_T007,
synthetic_all_stop_counts,alighting,GRAND_LANCY_DE_STAEL,08:28:00,0.0,L18_T008,
synthetic_all_stop_counts,alighting,GRAND_LANCY_DE_STAEL,07:32:00,0.0,L18_T009,
synthetic_all_stop_counts,alighting,GRAND_LANCY_DE_STAEL,06:44:00,0.0,L18_T010,
synthetic_all_stop_counts,alighting,GRAND_LANCY_DE_STAEL,07:04:00,0.0,L18_T011,
synthetic_all_stop_counts,alighting,GRAND_LANCY_DE_STAEL,08:18:00,0.0,L18_T012,
synthetic_all_stop_counts,alighting,GRAND_LANCY_DE_STAEL,08:37:00,0.0,L18_T013,
synthetic_all_stop_counts,alighting,GRAND_LANCY_DE_STAEL,08:56:00,0.0,L18_T014,
synthetic_all_stop_counts,alighting,GRAND_LANCY_DE_STAEL,07:41:00,0.0,L18_T015,
synthetic_all_stop_counts,alighting,GRAND_LANCY_DE_STAEL,07:23:00,0.0,L18_T016,
synthetic_all_stop_counts,alighting,GRAND_LANCY_DE_STAEL,08:00:00,0.0,L18_T017,
synthetic_all_stop_counts,alighting,GRAND_LANCY_DE_STAEL,07:12:00,0.0,L18_T019,
synthetic_all_stop_counts,alighting,GRAND_LANCY_DE_STAEL,07:43:00,0.0,L18_T020,
synthetic_all_stop_counts,alighting,GRAND_LANCY_DE_STAEL,09:00:00,0.0,L18_T021,
synthetic_all_stop_counts,alighting,GRAND_LANCY_DE_STAEL,08:02:00,0.0,L18_T022,
synthetic_all_stop_counts,alighting,GRAND_LANCY_DE_STAEL,08:22:00,0.0,L18_T023,
synthetic_all_stop_counts,alighting,GRAND_LANCY_DE_STAEL,09:19:00,0.0,L18_T024,
synthetic_all_stop_counts,alighting,GRAND_LANCY_DE_STAEL,09:37:00,0.0,L18_T025,
synthetic_all_stop_counts,alighting,GRAND_LANCY_DE_STAEL,08:42:00,0.0,L18_T026,
synthetic_all_stop_counts,alighting,GRAND_LANCY_DE_STAEL,06:58:00,0.0,L18_T027,
synthetic_all_stop_counts,alighting,GRAND_LANCY_DE_STAEL,08:32:00,0.0,L18_T028,
synthetic_all_stop_counts,alighting,GRAND_LANCY_DE_STAEL,07:21:00,0.0,L18_T029,
synthetic_all_stop_counts,alighting,GRAND_LANCY_DE_STAEL,07:33:00,0.0,L18_T030,
synthetic_all_stop_counts,alighting,GRAND_LANCY_DE_STAEL,09:09:00,0.0,L18_T031,
synthetic_all_stop_counts,alighting,GRAND_LANCY_DE_STAEL,08:51:00,0.0,L18_T032,
synthetic_all_stop_counts,alighting,GRAND_LANCY_DE_STAEL,08:12:00,0.0,L18_T033,
synthetic_all_stop_counts,alighting,GRAND_LANCY_DE_STAEL,07:53:00,0.0,L18_T034,
synthetic_all_stop_counts,alighting,GRAND_LANCY_DE_STAEL,09:28:00,0.0,L18_T035,
synthetic_all_stop_counts,alighting,GRAND_LANCY_PALETTES,06:48:00,0.0,L18_T001,
synthetic_all_stop_counts,alighting,GRAND_LANCY_PALETTES,06:28:00,0.0,L18_T002,
synthetic_all_stop_counts,alighting,GRAND_LANCY_PALETTES,08:03:00,0.0,L18_T003,
synthetic_all_stop_counts,alighting,GRAND_LANCY_PALETTES,07:07:00,0.0,L18_T004,
synthetic_all_stop_counts,alighting,GRAND_LANCY_PALETTES,08:40:00,0.0,L18_T005,
synthetic_all_stop_counts,alighting,GRAND_LANCY_PALETTES,08:59:00,0.0,L18_T006,
synthetic_all_stop_counts,alighting,GRAND_LANCY_PALETTES,07:44:00,0.0,L18_T007,
synthetic_all_stop_counts,alighting,GRAND_LANCY_PALETTES,08:21:00,0.0,L18_T008,
synthetic_all_stop_counts,alighting,GRAND_LANCY_PALETTES,07:25:00,0.0,L18_T009,
synthetic_all_stop_counts,alighting,GRAND_LANCY_PALETTES,06:38:00,0.0,L18_T010,
synthetic_all_stop_counts,alighting,GRAND_LANCY_PALETTES,06:58:00,0.0,L18_T011,
synthetic_all_stop_counts,alighting,GRAND_LANCY_PALETTES,08:12:00,0.0,L18_T012,
synthetic_all_stop_counts,alighting,GRAND_LANCY_PALETTES,08:31:00,0.0,L18_T013,
synthetic_all_stop_counts,alighting,GRAND_LANCY_PALETTES,08:50:00,0.0,L18_T014,
synthetic_all_stop_counts,alighting,GRAND_LANCY_PALETTES,07:35:00,0.0,L18_T015,
synthetic_all_stop_counts,alighting,GRAND_LANCY_PALETTES,07:16:00,0.0,L18_T016,
synthetic_all_stop_counts,alighting,GRAND_LANCY_PALETTES,07:53:00,0.0,L18_T017,
synthetic_all_stop_counts,alighting,GRAND_LANCY_PALETTES,07:33:00,0.0,L18_T018,
synthetic_all_stop_counts,alighting,GRAND_LANCY_PALETTES,07:18:00,0.0,L18_T019,
synthetic_all_stop_counts,alighting,GRAND_LANCY_PALETTES,07:50:00,0.0,L18_T020,
synthetic_all_stop_counts,alighting,GRAND_LANCY_PALETTES,09:07:00,4.0,L18_T021,
synthetic_all_stop_counts,alighting,GRAND_LANCY_PALETTES,08:09:00,0.0,L18_T022,
synthetic_all_stop_counts,alighting,GRAND_LANCY_PALETTES,08:29:00,0.0,L18_T023,
synthetic_all_stop_counts,alighting,GRAND_LANCY_PALETTES,09:25:00,32.0,L18_T024,
synthetic_all_stop_counts,alighting,GRAND_LANCY_PALETTES,09:43:00,144.0,L18_T025,
synthetic_all_stop_counts,alighting,GRAND_LANCY_PALETTES,08:48:00,0.0,L18_T026,
synthetic_all_stop_counts,alighting,GRAND_LANCY_PALETTES,07:04:00,0.0,L18_T027,
synthetic_all_stop_counts,alighting,GRAND_LANCY_PALETTES,08:38:00,0.0,L18_T028,
synthetic_all_stop_counts,alighting,GRAND_LANCY_PALETTES,07:27:00,0.0,L18_T029,
synthetic_all_stop_counts,alighting,GRAND_LANCY_PALETTES,07:39:00,0.0,L18_T030,
synthetic_all_stop_counts,alighting,GRAND_LANCY_PALETTES,09:16:00,12.0,L18_T031,
synthetic_all_stop_counts,alighting,GRAND_LANCY_PALETTES,08:57:00,1.0,L18_T032,
synthetic_all_stop_counts,alighting,GRAND_LANCY_PALETTES,08:19:00,0.0,L18_T033,
synthetic_all_stop_counts,alighting,GRAND_LANCY_PALETTES,07:59:00,0.0,L18_T034,
synthetic_all_stop_counts,alighting,GRAND_LANCY_PALETTES,09:34:00,61.0,L18_T035,
synthetic_all_stop_counts,alighting,GRAND_LANCY_PONTETS,06:49:00,0.0,L18_T001,
synthetic_all_stop_counts,alighting,GRAND_LANCY_PONTETS,06:29:00,0.0,L18_T002,
synthetic_all_stop_counts,alighting,GRAND_LANCY_PONTETS,08:04:00,0.0,L18_T003,
synthetic_all_stop_counts,alighting,GRAND_LANCY_PONTETS,07:09:00,0.0,L18_T004,
synthetic_all_stop_counts,alighting,GRAND_LANCY_PONTETS,08:42:00,0.0,L18_T005,
synthetic_all_stop_counts,alighting,GRAND_LANCY_PONTETS,09:01:00,0.0,L18_T006,
synthetic_all_stop_counts,alighting,GRAND_LANCY_PONTETS,07:46:00,0.0,L18_T007,
synthetic_all_stop_counts,alighting,GRAND_LANCY_PONTETS,08:23:00,0.0,L18_T008,
synthetic_all_stop_counts,alighting,GRAND_LANCY_PONTETS,07:27:00,0.0,L18_T009,
synthetic_all_stop_counts,alighting,GRAND_LANCY_PONTETS,06:39:00,0.0,L18_T010,
synthetic_all_stop_counts,alighting,GRAND_LANCY_PONTETS,06:59:00,0.0,L18_T011,
synthetic_all_stop_counts,alighting,GRAND_LANCY_PONTETS,08:13:00,0.0,L18_T012,
synthetic_all_stop_counts,alighting,GRAND_LANCY_PONTETS,08:32:00,0.0,L18_T013,
synthetic_all_stop_counts,alighting,GRAND_LANCY_PONTETS,08:51:00,0.0,L18_T014,
synthetic_all_stop_counts,alighting,GRAND_LANCY_PONTETS,07:36:00,0.0,L18_T015,
synthetic_all_stop_counts,alighting,GRAND_LANCY_PONTETS,07:18:00,0.0,L18_T016,
synthetic_all_stop_counts,alighting,GRAND_LANCY_PONTETS,07:55:00,0.0,L18_T017,
synthetic_all_stop_counts,alighting,GRAND_LANCY_PONTETS,07:31:00,0.0,L18_T018,
synthetic_all_stop_counts,alighting,GRAND_LANCY_PONTETS,07:16:00,0.0,L18_T019,
synthetic_all_stop_counts,alighting,GRAND_LANCY_PONTETS,07:48:00,0.0,L18_T020,
synthetic_all_stop_counts,alighting,GRAND_LANCY_PONTETS,09:05:00,0.0,L18_T021,
synthetic_all_stop_counts,alighting,GRAND_LANCY_PONTETS,08:07:00,0.0,L18_T022,
synthetic_all_stop_counts,alighting,GRAND_LANCY_PONTETS,08:27:00,0.0,L18_T023,
synthetic_all_stop_counts,alighting,GRAND_LANCY_PONTETS,09:23:00,0.0,L18_T024,
synthetic_all_stop_counts,alighting,GRAND_LANCY_PONTETS,09:41:00,0.0,L18_T025,
synthetic_all_stop_counts,alighting,GRAND_LANCY_PONTETS,08:46:00,0.0,L18_T026,
synthetic_all_stop_counts,alighting,GRAND_LANCY_PONTETS,07:02:00,0.0,L18_T027,
synthetic_all_stop_counts,alighting,GRAND_LANCY_PONTETS,08:36:00,0.0,L18_T028,
synthetic_all_stop_counts,alighting,GRAND_LANCY_PONTETS,07:25:00,0.0,L18_T029,
synthetic_all_stop_counts,alighting,GRAND_LANCY_PONTETS,07:37:00,0.0,L18_T030,
synthetic_all_stop_counts,alighting,GRAND_LANCY_PONTETS,09:14:00,0.0,L18_T031,
synthetic_all_stop_counts,alighting,GRAND_LANCY_PONTETS,08:55:00,0.0,L18_T032,
synthetic_all_stop_counts,alighting,GRAND_LANCY_PONTETS,08:17:00,0.0,L18_T033,
synthetic_all_stop_counts,alighting,GRAND_LANCY_PONTETS,07:57:00,0.0,L18_T034,
synthetic_all_stop_counts,alighting,GRAND_LANCY_PONTETS,09:32:00,0.0,L18_T035,
synthetic_all_stop_counts,alighting,LANCY_BACHET_GARE,07:10:00,0.0,L12_T002,
synthetic_all_stop_counts,alighting,LANCY_BACHET_GARE,08:34:00,0.0,L12_T003,
synthetic_all_stop_counts,alighting,LANCY_BACHET_GARE,07:19:00,0.0,L12_T004,
synthetic_all_stop_counts,alighting,LANCY_BACHET_GARE,07:47:00,0.0,L12_T005,
synthetic_all_stop_counts,alighting,LANCY_BACHET_GARE,08:15:00,0.0,L12_T006,
synthetic_all_stop_counts,alighting,LANCY_BACHET_GARE,06:50:00,0.0,L12_T007,
synthetic_all_stop_counts,alighting,LANCY_BACHET_GARE,06:40:00,0.0,L12_T008,
synthetic_all_stop_counts,alighting,LANCY_BACHET_GARE,07:00:00,0.0,L12_T009,
synthetic_all_stop_counts,alighting,LANCY_BACHET_GARE,07:56:00,0.0,L12_T010,
synthetic_all_stop_counts,alighting,LANCY_BACHET_GARE,08:24:00,0.0,L12_T011,
synthetic_all_stop_counts,alighting,LANCY_BACHET_GARE,07:28:00,0.0,L12_T012,
synthetic_all_stop_counts,alighting,LANCY_BACHET_GARE,08:43:00,0.0,L12_T013,
synthetic_all_stop_counts,alighting,LANCY_BACHET_GARE,07:37:00,0.0,L12_T014,
synthetic_all_stop_counts,alighting,LANCY_BACHET_GARE,08:05:00,0.0,L12_T015,
synthetic_all_stop_counts,alighting,LANCY_BACHET_GARE,08:52:00,0.0,L12_T016,
synthetic_all_stop_counts,alighting,LANCY_BACHET_GARE,08:48:00,0.0,L12_T017,
synthetic_all_stop_counts,alighting,LANCY_BACHET_GARE,08:01:00,0.0,L12_T018,
synthetic_all_stop_counts,alighting,LANCY_BACHET_GARE,06:35:00,0.0,L12_T019,
synthetic_all_stop_counts,alighting,LANCY_BACHET_GARE,06:45:00,0.0,L12_T020,
synthetic_all_stop_counts,alighting,LANCY_BACHET_GARE,06:55:00,0.0,L12_T021,
synthetic_all_stop_counts,alighting,LANCY_BACHET_GARE,06:28:00,0.0,L12_T022,
synthetic_all_stop_counts,alighting,LANCY_BACHET_GARE,07:05:00,0.0,L12_T023,
synthetic_all_stop_counts,alighting,LANCY_BACHET_GARE,07:14:00,0.0,L12_T024,
synthetic_all_stop_counts,alighting,LANCY_BACHET_GARE,07:32:00,0.0,L12_T025,
synthetic_all_stop_counts,alighting,LANCY_BACHET_GARE,08:57:00,0.0,L12_T026,
synthetic_all_stop_counts,alighting,LANCY_BACHET_GARE,08:19:00,0.0,L12_T027,
synthetic_all_stop_counts,alighting,LANCY_BACHET_GARE,08:29:00,0.0,L12_T028,
synthetic_all_stop_counts,alighting,LANCY_BACHET_GARE,07:42:00,0.0,L12_T029,
synthetic_all_stop_counts,alighting,LANCY_BACHET_GARE,08:10:00,0.0,L12_T030,
synthetic_all_stop_counts,alighting,LANCY_BACHET_GARE,08:38:00,0.0,L12_T031,
synthetic_all_stop_counts,alighting,LANCY_BACHET_GARE,07:51:00,0.0,L12_T032,
synthetic_all_stop_counts,alighting,LANCY_BACHET_GARE,07:23:00,0.0,L12_T033,
synthetic_all_stop_counts,alighting,LANCY_BACHET_GARE,07:42:00,0.0,L12_T034,
synthetic_all_stop_counts,alighting,LANCY_BACHET_GARE,09:36:00,13.0,L12_T035,
synthetic_all_stop_counts,alighting,LANCY_BACHET_GARE,07:20:00,0.0,L12_T036,
synthetic_all_stop_counts,alighting,LANCY_BACHET_GARE,07:09:00,0.0,L12_T037,
synthetic_all_stop_counts,alighting,LANCY_BACHET_GARE,07:52:00,0.0,L12_T038,
synthetic_all_stop_counts,alighting,LANCY_BACHET_GARE,08:11:00,0.0,L12_T039,
synthetic_all_stop_counts,alighting,LANCY_BACHET_GARE,09:17:00,6.0,L12_T040,
synthetic_all_stop_counts,alighting,LANCY_BACHET_GARE,08:30:00,0.0,L12_T041,
synthetic_all_stop_counts,alighting,LANCY_BACHET_GARE,08:50:00,0.0,L12_T042,
synthetic_all_stop_counts,alighting,LANCY_BACHET_GARE,07:30:00,0.0,L12_T043,
synthetic_all_stop_counts,alighting,LANCY_BACHET_GARE,08:59:00,1.0,L12_T044,
synthetic_all_stop_counts,alighting,LANCY_BACHET_GARE,08:01:00,0.0,L12_T045,
synthetic_all_stop_counts,alighting,LANCY_BACHET_GARE,08:40:00,0.0,L12_T046,
synthetic_all_stop_counts,alighting,LANCY_BACHET_GARE,08:21:00,0.0,L12_T047,
synthetic_all_stop_counts,alighting,LANCY_BACHET_GARE,09:08:00,2.0,L12_T048,
synthetic_all_stop_counts,alighting,LANCY_BACHET_GARE,09:26:00,9.0,L12_T049,
synthetic_all_stop_counts,alighting,LANCY_BACHET_GARE,09:31:00,47.0,L12_T050,
synthetic_all_stop_counts,alighting,LANCY_BACHET_GARE,07:01:00,0.0,L12_T051,
synthetic_all_stop_counts,alighting,LANCY_BACHET_GARE,07:15:00,0.0,L12_T052,
synthetic_all_stop_counts,alighting,LANCY_BACHET_GARE,07:24:00,0.0,L12_T053,
synthetic_all_stop_counts,alighting,LANCY_BACHET_GARE,07:36:00,0.0,L12_T054,
synthetic_all_stop_counts,alighting,LANCY_BACHET_GARE,07:57:00,0.0,L12_T055,
synthetic_all_stop_counts,alighting,LANCY_BACHET_GARE,09:22:00,25.0,L12_T056,
synthetic_all_stop_counts,alighting,LANCY_BACHET_GARE,08:54:00,1.0,L12_T057,
synthetic_all_stop_counts,alighting,LANCY_BACHET_GARE,09:04:00,3.0,L12_T058,
synthetic_all_stop_counts,alighting,LANCY_BACHET_GARE,07:47:00,0.0,L12_T059,
synthetic_all_stop_counts,alighting,LANCY_BACHET_GARE,08:06:00,0.0,L12_T060,
synthetic_all_stop_counts,alighting,LANCY_BACHET_GARE,08:36:00,0.0,L12_T061,
synthetic_all_stop_counts,alighting,LANCY_BACHET_GARE,08:26:00,0.0,L12_T062,
synthetic_all_stop_counts,alighting,LANCY_BACHET_GARE,09:13:00,9.0,L12_T063,
synthetic_all_stop_counts,alighting,LANCY_BACHET_GARE,08:45:00,0.0,L12_T064,
synthetic_all_stop_counts,alighting,LANCY_BACHET_GARE,08:16:00,0.0,L12_T065,
synthetic_all_stop_counts,alighting,LANCY_BACHET_GARE,06:53:00,0.0,L18_T001,
synthetic_all_stop_counts,alighting,LANCY_BACHET_GARE,06:33:00,0.0,L18_T002,
synthetic_all_stop_counts,alighting,LANCY_BACHET_GARE,08:08:00,0.0,L18_T003,
synthetic_all_stop_counts,alighting,LANCY_BACHET_GARE,07:12:00,0.0,L18_T004,
synthetic_all_stop_counts,alighting,LANCY_BACHET_GARE,08:45:00,0.0,L18_T005,
synthetic_all_stop_counts,alighting,LANCY_BACHET_GARE,09:04:00,0.0,L18_T006,
synthetic_all_stop_counts,alighting,LANCY_BACHET_GARE,07:49:00,0.0,L18_T007,
synthetic_all_stop_counts,alighting,LANCY_BACHET_GARE,08:26:00,0.0,L18_T008,
synthetic_all_stop_counts,alighting,LANCY_BACHET_GARE,07:30:00,0.0,L18_T009,
synthetic_all_stop_counts,alighting,LANCY_BACHET_GARE,06:43:00,0.0,L18_T010,
synthetic_all_stop_counts,alighting,LANCY_BACHET_GARE,07:03:00,0.0,L18_T011,
synthetic_all_stop_counts,alighting,LANCY_BACHET_GARE,08:17:00,0.0,L18_T012,
synthetic_all_stop_counts,alighting,LANCY_BACHET_GARE,08:36:00,0.0,L18_T013,
synthetic_all_stop_counts,alighting,LANCY_BACHET_GARE,08:55:00,0.0,L18_T014,
synthetic_all_stop_counts,alighting,LANCY_BACHET_GARE,07:40:00,0.0,L18_T015,
synthetic_all_stop_counts,alighting,LANCY_BACHET_GARE,07:21:00,0.0,L18_T016,
synthetic_all_stop_counts,alighting,LANCY_BACHET_GARE,07:58:00,0.0,L18_T017,
synthetic_all_stop_counts,alighting,LANCY_BACHET_GARE,07:29:00,0.0,L18_T018,
synthetic_all_stop_counts,alighting,LANCY_BACHET_GARE,07:13:00,0.0,L18_T019,
synthetic_all_stop_counts,alighting,LANCY_BACHET_GARE,07:45:00,0.0,L18_T020,
synthetic_all_stop_counts,alighting,LANCY_BACHET_GARE,09:02:00,2.0,L18_T021,
synthetic_all_stop_counts,alighting,LANCY_BACHET_GARE,08:04:00,0.0,L18_T022,
synthetic_all_stop_counts,alighting,LANCY_BACHET_GARE,08:24:00,0.0,L18_T023,
synthetic_all_stop_counts,alighting,LANCY_BACHET_GARE,09:20:00,14.0,L18_T024,
synthetic_all_stop_counts,alighting,LANCY_BACHET_GARE,09:38:00,46.0,L18_T025,
synthetic_all_stop_counts,alighting,LANCY_BACHET_GARE,08:43:00,0.0,L18_T026,
synthetic_all_stop_counts,alighting,LANCY_BACHET_GARE,06:59:00,0.0,L18_T027,
synthetic_all_stop_counts,alighting,LANCY_BACHET_GARE,08:33:00,0.0,L18_T028,
synthetic_all_stop_counts,alighting,LANCY_BACHET_GARE,07:23:00,0.0,L18_T029,
synthetic_all_stop_counts,alighting,LANCY_BACHET_GARE,07:34:00,0.0,L18_T030,
synthetic_all_stop_counts,alighting,LANCY_BACHET_GARE,09:11:00,5.0,L18_T031,
synthetic_all_stop_counts,alighting,LANCY_BACHET_GARE,08:52:00,1.0,L18_T032,
synthetic_all_stop_counts,alighting,LANCY_BACHET_GARE,08:14:00,0.0,L18_T033,
synthetic_all_stop_counts,alighting,LANCY_BACHET_GARE,07:54:00,0.0,L18_T034,
synthetic_all_stop_counts,alighting,LANCY_BACHET_GARE,09:29:00,25.0,L18_T035,
synthetic_all_stop_counts,alighting,MEYRIN_BOIS_DU_LAN,07:30:00,0.0,L18_T001,
synthetic_all_stop_counts,alighting,MEYRIN_BOIS_DU_LAN,07:10:00,0.0,L18_T002,
synthetic_all_stop_counts,alighting,MEYRIN_BOIS_DU_LAN,08:47:00,0.0,L18_T003,
synthetic_all_stop_counts,alighting,MEYRIN_BOIS_DU_LAN,07:51:00,0.0,L18_T004,
synthetic_all_stop_counts,alighting,MEYRIN_BOIS_DU_LAN,09:24:00,0.0,L18_T005,
synthetic_all_stop_counts,alighting,MEYRIN_BOIS_DU_LAN,09:43:00,0.0,L18_T006,
synthetic_all_stop_counts,alighting,MEYRIN_BOIS_DU_LAN,08:29:00,0.0,L18_T007,
synthetic_all_stop_counts,alighting,MEYRIN_BOIS_DU_LAN,09:06:00,0.0,L18_T008,
synthetic_all_stop_counts,alighting,MEYRIN_BOIS_DU_LAN,08:10:00,0.0,L18_T009,
synthetic_all_stop_counts,alighting,MEYRIN_BOIS_DU_LAN,07:20:00,0.0,L18_T010,
synthetic_all_stop_counts,alighting,MEYRIN_BOIS_DU_LAN,07:40:00,0.0,L18_T011,
synthetic_all_stop_counts,alighting,MEYRIN_BOIS_DU_LAN,08:56:00,0.0,L18_T012,
synthetic_all_stop_counts,alighting,MEYRIN_BOIS_DU_LAN,09:15:00,0.0,L18_T013,
synthetic_all_stop_counts,alighting,MEYRIN_BOIS_DU_LAN,09:34:00,0.0,L18_T014,
synthetic_all_stop_counts,alighting,MEYRIN_BOIS_DU_LAN,08:20:00,0.0,L18_T015,
synthetic_all_stop_counts,alighting,MEYRIN_BOIS_DU_LAN,08:01:00,0.0,L18_T016,
synthetic_all_stop_counts,alighting,MEYRIN_BOIS_DU_LAN,08:38:00,0.0,L18_T017,
synthetic_all_stop_counts,alighting,MEYRIN_BOIS_DU_LAN,06:34:00,0.0,L18_T019,
synthetic_all_stop_counts,alighting,MEYRIN_BOIS_DU_LAN,07:05:00,0.0,L18_T020,
synthetic_all_stop_counts,alighting,MEYRIN_BOIS_DU_LAN,08:21:00,0.0,L18_T021,
synthetic_all_stop_counts,alighting,MEYRIN_BOIS_DU_LAN,07:24:00,0.0,L18_T022,
synthetic_all_stop_counts,alighting,MEYRIN_BOIS_DU_LAN,07:43:00,0.0,L18_T023,
synthetic_all_stop_counts,alighting,MEYRIN_BOIS_DU_LAN,08:40:00,0.0,L18_T024,
synthetic_all_stop_counts,alighting,MEYRIN_BOIS_DU_LAN,08:58:00,0.0,L18_T025,
synthetic_all_stop_counts,alighting,MEYRIN_BOIS_DU_LAN,08:02:00,0.0,L18_T026,
synthetic_all_stop_counts,alighting,MEYRIN_BOIS_DU_LAN,06:21:00,0.0,L18_T027,
synthetic_all_stop_counts,alighting,MEYRIN_BOIS_DU_LAN,07:52:00,0.0,L18_T028,
synthetic_all_stop_counts,alighting,MEYRIN_BOIS_DU_LAN,06:44:00,0.0,L18_T029,
synthetic_all_stop_counts,alighting,MEYRIN_BOIS_DU_LAN,06:55:00,0.0,L18_T030,
synthetic_all_stop_counts,alighting,MEYRIN_BOIS_DU_LAN,08:31:00,0.0,L18_T031,
synthetic_all_stop_counts,alighting,MEYRIN_BOIS_DU_LAN,08:12:00,0.0,L18_T032,
synthetic_all_stop_counts,alighting,MEYRIN_BOIS_DU_LAN,07:33:00,0.0,L18_T033,
synthetic_all_stop_counts,alighting,MEYRIN_BOIS_DU_LAN,07:15:00,0.0,L18_T034,
synthetic_all_stop_counts,alighting,MEYRIN_BOIS_DU_LAN,08:49:00,0.0,L18_T035,
synthetic_all_stop_counts,alighting,MEYRIN_BOIS_DU_LAN,07:03:00,0.0,L18_T036,
synthetic_all_stop_counts,alighting,MEYRIN_CERN,07:35:00,0.0,L18_T001,
synthetic_all_stop_counts,alighting,MEYRIN_CERN,07:15:00,0.0,L18_T002,
synthetic_all_stop_counts,alighting,MEYRIN_CERN,08:53:00,0.0,L18_T003,
synthetic_all_stop_counts,alighting,MEYRIN_CERN,07:57:00,0.0,L18_T004,
synthetic_all_stop_counts,alighting,MEYRIN_CERN,09:30:00,31.0,L18_T005,
synthetic_all_stop_counts,alighting,MEYRIN_CERN,09:49:00,175.0,L18_T006,
synthetic_all_stop_counts,alighting,MEYRIN_CERN,08:35:00,0.0,L18_T007,
synthetic_all_stop_counts,alighting,MEYRIN_CERN,09:11:00,4.0,L18_T008,
synthetic_all_stop_counts,alighting,MEYRIN_CERN,08:16:00,0.0,L18_T009,
synthetic_all_stop_counts,alighting,MEYRIN_CERN,07:25:00,0.0,L18_T010,
synthetic_all_stop_counts,alighting,MEYRIN_CERN,07:45:00,0.0,L18_T011,
synthetic_all_stop_counts,alighting,MEYRIN_CERN,09:01:00,1.0,L18_T012,
synthetic_all_stop_counts,alighting,MEYRIN_CERN,09:20:00,15.0,L18_T013,
synthetic_all_stop_counts,alighting,MEYRIN_CERN,09:39:00,75.0,L18_T014,
synthetic_all_stop_counts,alighting,MEYRIN_CERN,08:25:00,0.0,L18_T015,
synthetic_all_stop_counts,alighting,MEYRIN_CERN,08:06:00,0.0,L18_T016,
synthetic_all_stop_counts,alighting,MEYRIN_CERN,08:44:00,0.0,L18_T017,
synthetic_all_stop_counts,alighting,MEYRIN_CERN,06:29:00,0.0,L18_T019,
synthetic_all_stop_counts,alighting,MEYRIN_CERN,07:00:00,0.0,L18_T020,
synthetic_all_stop_counts,alighting,MEYRIN_CERN,08:16:00,0.0,L18_T021,
synthetic_all_stop_counts,alighting,MEYRIN_CERN,07:18:00,0.0,L18_T022,
synthetic_all_stop_counts,alighting,MEYRIN_CERN,07:37:00,0.0,L18_T023,
synthetic_all_stop_counts,alighting,MEYRIN_CERN,08:34:00,0.0,L18_T024,
synthetic_all_stop_counts,alighting,MEYRIN_CERN,08:52:00,0.0,L18_T025,
synthetic_all_stop_counts,alighting,MEYRIN_CERN,07:56:00,0.0,L18_T026,
synthetic_all_stop_counts,alighting,MEYRIN_CERN,06:16:00,0.0,L18_T027,
synthetic_all_stop_counts,alighting,MEYRIN_CERN,07:47:00,0.0,L18_T028,
synthetic_all_stop_counts,alighting,MEYRIN_CERN,06:38:00,0.0,L18_T029,
synthetic_all_stop_counts,alighting,MEYRIN_CERN,06:49:00,0.0,L18_T030,
synthetic_all_stop_counts,alighting,MEYRIN_CERN,08:25:00,0.0,L18_T031,
synthetic_all_stop_counts,alighting,MEYRIN_CERN,08:06:00,0.0,L18_T032,
synthetic_all_stop_counts,alighting,MEYRIN_CERN,07:27:00,0.0,L18_T033,
synthetic_all_stop_counts,alighting,MEYRIN_CERN,07:09:00,0.0,L18_T034,
synthetic_all_stop_counts,alighting,MEYRIN_CERN,08:43:00,0.0,L18_T035,
synthetic_all_stop_counts,alighting,MEYRIN_CERN,07:08:00,0.0,L18_T036,
synthetic_all_stop_counts,alighting,MEYRIN_FORUMEYRIN,09:37:00,0.0,L14_T001,
synthetic_all_stop_counts,alighting,MEYRIN_FORUMEYRIN,07:06:00,0.0,L14_T002,
synthetic_all_stop_counts,alighting,MEYRIN_FORUMEYRIN,08:50:00,0.0,L14_T003,
synthetic_all_stop_counts,alighting,MEYRIN_FORUMEYRIN,08:23:00,0.0,L14_T004,
synthetic_all_stop_counts,alighting,MEYRIN_FORUMEYRIN,07:23:00,0.0,L14_T005,
synthetic_all_stop_counts,alighting,MEYRIN_FORUMEYRIN,07:33:00,0.0,L14_T006,
synthetic_all_stop_counts,alighting,MEYRIN_FORUMEYRIN,07:43:00,0.0,L14_T007,
synthetic_all_stop_counts,alighting,MEYRIN_FORUMEYRIN,07:54:00,0.0,L14_T008,
synthetic_all_stop_counts,alighting,MEYRIN_FORUMEYRIN,08:04:00,0.0,L14_T009,
synthetic_all_stop_counts,alighting,MEYRIN_FORUMEYRIN,09:08:00,0.0,L14_T010,
synthetic_all_stop_counts,alighting,MEYRIN_FORUMEYRIN,08:59:00,0.0,L14_T011,
synthetic_all_stop_counts,alighting,MEYRIN_FORUMEYRIN,08:14:00,0.0,L14_T012,
synthetic_all_stop_counts,alighting,MEYRIN_FORUMEYRIN,08:41:00,0.0,L14_T013,
synthetic_all_stop_counts,alighting,MEYRIN_FORUMEYRIN,08:32:00,0.0,L14_T014,
synthetic_all_stop_counts,alighting,MEYRIN_FORUMEYRIN,07:01:00,0.0,L14_T015,
synthetic_all_stop_counts,alighting,MEYRIN_FORUMEYRIN,07:12:00,0.0,L14_T016,
synthetic_all_stop_counts,alighting,MEYRIN_FORUMEYRIN,09:18:00,0.0,L14_T017,
synthetic_all_stop_counts,alighting,MEYRIN_FORUMEYRIN,09:28:00,0.0,L14_T018,
synthetic_all_stop_counts,alighting,MEYRIN_FORUMEYRIN,06:57:00,0.0,L14_T019,
synthetic_all_stop_counts,alighting,MEYRIN_FORUMEYRIN,09:32:00,0.0,L14_T020,
synthetic_all_stop_counts,alighting,MEYRIN_FORUMEYRIN,07:50:00,0.0,L14_T021,
synthetic_all_stop_counts,alighting,MEYRIN_FORUMEYRIN,09:13:00,0.0,L14_T022,
synthetic_all_stop_counts,alighting,MEYRIN_FORUMEYRIN,09:41:00,0.0,L14_T023,
synthetic_all_stop_counts,alighting,MEYRIN_FORUMEYRIN,07:59:00,0.0,L14_T024,
synthetic_all_stop_counts,alighting,MEYRIN_FORUMEYRIN,08:09:00,0.0,L14_T025,
synthetic_all_stop_counts,alighting,MEYRIN_FORUMEYRIN,09:04:00,0.0,L14_T026,
synthetic_all_stop_counts,alighting,MEYRIN_FORUMEYRIN,08:55:00,0.0,L14_T027,
synthetic_all_stop_counts,alighting,MEYRIN_FORUMEYRIN,08:45:00,0.0,L14_T028,
synthetic_all_stop_counts,alighting,MEYRIN_FORUMEYRIN,08:36:00,0.0,L14_T029,
synthetic_all_stop_counts,alighting,MEYRIN_FORUMEYRIN,08:19:00,0.0,L14_T030,
synthetic_all_stop_counts,alighting,MEYRIN_FORUMEYRIN,08:28:00,0.0,L14_T031,
synthetic_all_stop_counts,alighting,MEYRIN_FORUMEYRIN,07:28:00,0.0,L14_T032,
synthetic_all_stop_counts,alighting,MEYRIN_FORUMEYRIN,07:38:00,0.0,L14_T033,
synthetic_all_stop_counts,alighting,MEYRIN_FORUMEYRIN,07:18:00,0.0,L14_T034,
synthetic_all_stop_counts,alighting,MEYRIN_FORUMEYRIN,09:22:00,0.0,L14_T035,
synthetic_all_stop_counts,alighting,MEYRIN_FORUMEYRIN,07:12:00,0.0,L14_T040,
synthetic_all_stop_counts,alighting,MEYRIN_FORUMEYRIN,08:28:00,0.0,L14_T041,
synthetic_all_stop_counts,alighting,MEYRIN_FORUMEYRIN,08:09:00,0.0,L14_T042,
synthetic_all_stop_counts,alighting,MEYRIN_FORUMEYRIN,06:17:00,0.0,L14_T043,
synthetic_all_stop_counts,alighting,MEYRIN_FORUMEYRIN,07:02:00,0.0,L14_T044,
synthetic_all_stop_counts,alighting,MEYRIN_FORUMEYRIN,07:20:00,0.0,L14_T045,
synthetic_all_stop_counts,alighting,MEYRIN_FORUMEYRIN,08:55:00,0.0,L14_T046,
synthetic_all_stop_counts,alighting,MEYRIN_FORUMEYRIN,08:46:00,0.0,L14_T047,
synthetic_all_stop_counts,alighting,MEYRIN_FORUMEYRIN,07:59:00,0.0,L14_T048,
synthetic_all_stop_counts,alighting,MEYRIN_FORUMEYRIN,08:19:00,0.0,L14_T049,
synthetic_all_stop_counts,alighting,MEYRIN_FORUMEYRIN,07:40:00,0.0,L14_T050,
synthetic_all_stop_counts,alighting,MEYRIN_FORUMEYRIN,07:30:00,0.0,L14_T051,
synthetic_all_stop_counts,alighting,MEYRIN_FORUMEYRIN,07:50:00,0.0,L14_T052,
synthetic_all_stop_counts,alighting,MEYRIN_FORUMEYRIN,08:37:00,0.0,L14_T053,
synthetic_all_stop_counts,alighting,MEYRIN_FORUMEYRIN,06:51:00,0.0,L14_T054,
synthetic_all_stop_counts,alighting,MEYRIN_FORUMEYRIN,06:38:00,0.0,L14_T055,
synthetic_all_stop_counts,alighting,MEYRIN_FORUMEYRIN,07:07:00,0.0,L14_T056,
synthetic_all_stop_counts,alighting,MEYRIN_FORUMEYRIN,09:00:00,0.0,L14_T057,
synthetic_all_stop_counts,alighting,MEYRIN_FORUMEYRIN,08:51:00,0.0,L14_T058,
synthetic_all_stop_counts,alighting,MEYRIN_FORUMEYRIN,08:42:00,0.0,L14_T059,
synthetic_all_stop_counts,alighting,MEYRIN_FORUMEYRIN,07:35:00,0.0,L14_T060,
synthetic_all_stop_counts,alighting,MEYRIN_FORUMEYRIN,07:45:00,0.0,L14_T061,
synthetic_all_stop_counts,alighting,MEYRIN_FORUMEYRIN,07:15:00,0.0,L14_T062,
synthetic_all_stop_counts,alighting,MEYRIN_FORUMEYRIN,06:56:00,0.0,L14_T063,
synthetic_all_stop_counts,alighting,MEYRIN_FORUMEYRIN,07:16:00,0.0,L14_T064,
synthetic_all_stop_counts,alighting,MEYRIN_FORUMEYRIN,08:23:00,0.0,L14_T065,
synthetic_all_stop_counts,alighting,MEYRIN_FORUMEYRIN,07:25:00,0.0,L14_T066,
synthetic_all_stop_counts,alighting,MEYRIN_FORUMEYRIN,07:54:00,0.0,L14_T067,
synthetic_all_stop_counts,alighting,MEYRIN_FORUMEYRIN,08:04:00,0.0,L14_T068,
synthetic_all_stop_counts,alighting,MEYRIN_FORUMEYRIN,08:14:00,0.0,L14_T069,
synthetic_all_stop_counts,alighting,MEYRIN_FORUMEYRIN,06:27:00,0.0,L14_T070,
synthetic_all_stop_counts,alighting,MEYRIN_FORUMEYRIN,06:46:00,0.0,L14_T071,
synthetic_all_stop_counts,alighting,MEYRIN_FORUMEYRIN,08:33:00,0.0,L14_T072,
synthetic_all_stop_counts,alighting,MEYRIN_GRAVIERE,09:41:00,78.0,L14_T001,
synthetic_all_stop_counts,alighting,MEYRIN_GRAVIERE,07:10:00,0.0,L14_T002,
synthetic_all_stop_counts,alighting,MEYRIN_GRAVIERE,08:54:00,1.0,L14_T003,
synthetic_all_stop_counts,alighting,MEYRIN_GRAVIERE,08:27:00,0.0,L14_T004,
synthetic_all_stop_counts,alighting,MEYRIN_GRAVIERE,07:27:00,0.0,L14_T005,
synthetic_all_stop_counts,alighting,MEYRIN_GRAVIERE,07:37:00,0.0,L14_T006,
synthetic_all_stop_counts,alighting,MEYRIN_GRAVIERE,07:47:00,0.0,L14_T007,
synthetic_all_stop_counts,alighting,MEYRIN_GRAVIERE,07:58:00,0.0,L14_T008,
synthetic_all_stop_counts,alighting,MEYRIN_GRAVIERE,08:08:00,0.0,L14_T009,
synthetic_all_stop_counts,alighting,MEYRIN_GRAVIERE,09:12:00,7.0,L14_T010,
synthetic_all_stop_counts,alighting,MEYRIN_GRAVIERE,09:03:00,2.0,L14_T011,
synthetic_all_stop_counts,alighting,MEYRIN_GRAVIERE,08:18:00,0.0,L14_T012,
synthetic_all_stop_counts,alighting,MEYRIN_GRAVIERE,08:45:00,0.0,L14_T013,
synthetic_all_stop_counts,alighting,MEYRIN_GRAVIERE,08:36:00,0.0,L14_T014,
synthetic_all_stop_counts,alighting,MEYRIN_GRAVIERE,07:05:00,0.0,L14_T015,
synthetic_all_stop_counts,alighting,MEYRIN_GRAVIERE,07:16:00,0.0,L14_T016,
synthetic_all_stop_counts,alighting,MEYRIN_GRAVIERE,09:21:00,24.0,L14_T017,
synthetic_all_stop_counts,alighting,MEYRIN_GRAVIERE,09:31:00,41.0,L14_T018,
synthetic_all_stop_counts,alighting,MEYRIN_GRAVIERE,07:01:00,0.0,L14_T019,
synthetic_all_stop_counts,alighting,MEYRIN_GRAVIERE,09:36:00,12.0,L14_T020,
synthetic_all_stop_counts,alighting,MEYRIN_GRAVIERE,07:53:00,0.0,L14_T021,
synthetic_all_stop_counts,alighting,MEYRIN_GRAVIERE,09:17:00,4.0,L14_T022,
synthetic_all_stop_counts,alighting,MEYRIN_GRAVIERE,09:45:00,24.0,L14_T023,
synthetic_all_stop_counts,alighting,MEYRIN_GRAVIERE,08:03:00,0.0,L14_T024,
synthetic_all_stop_counts,alighting,MEYRIN_GRAVIERE,08:13:00,0.0,L14_T025,
synthetic_all_stop_counts,alighting,MEYRIN_GRAVIERE,09:08:00,1.0,L14_T026,
synthetic_all_stop_counts,alighting,MEYRIN_GRAVIERE,08:58:00,1.0,L14_T027,
synthetic_all_stop_counts,alighting,MEYRIN_GRAVIERE,08:49:00,0.0,L14_T028,
synthetic_all_stop_counts,alighting,MEYRIN_GRAVIERE,08:40:00,0.0,L14_T029,
synthetic_all_stop_counts,alighting,MEYRIN_GRAVIERE,08:22:00,0.0,L14_T030,
synthetic_all_stop_counts,alighting,MEYRIN_GRAVIERE,08:32:00,0.0,L14_T031,
synthetic_all_stop_counts,alighting,MEYRIN_GRAVIERE,07:32:00,0.0,L14_T032,
synthetic_all_stop_counts,alighting,MEYRIN_GRAVIERE,07:42:00,0.0,L14_T033,
synthetic_all_stop_counts,alighting,MEYRIN_GRAVIERE,07:22:00,0.0,L14_T034,
synthetic_all_stop_counts,alighting,MEYRIN_GRAVIERE,09:26:00,8.0,L14_T035,
synthetic_all_stop_counts,alighting,MEYRIN_GRAVIERE,07:09:00,0.0,L14_T040,
synthetic_all_stop_counts,alighting,MEYRIN_GRAVIERE,08:25:00,0.0,L14_T041,
synthetic_all_stop_counts,alighting,MEYRIN_GRAVIERE,08:06:00,0.0,L14_T042,
synthetic_all_stop_counts,alighting,MEYRIN_GRAVIERE,06:14:00,0.0,L14_T043,
synthetic_all_stop_counts,alighting,MEYRIN_GRAVIERE,06:59:00,0.0,L14_T044,
synthetic_all_stop_counts,alighting,MEYRIN_GRAVIERE,07:17:00,0.0,L14_T045,
synthetic_all_stop_counts,alighting,MEYRIN_GRAVIERE,08:52:00,0.0,L14_T046,
synthetic_all_stop_counts,alighting,MEYRIN_GRAVIERE,08:43:00,0.0,L14_T047,
synthetic_all_stop_counts,alighting,MEYRIN_GRAVIERE,07:56:00,0.0,L14_T048,
synthetic_all_stop_counts,alighting,MEYRIN_GRAVIERE,08:15:00,0.0,L14_T049,
synthetic_all_stop_counts,alighting,MEYRIN_GRAVIERE,07:36:00,0.0,L14_T050,
synthetic_all_stop_counts,alighting,MEYRIN_GRAVIERE,07:26:00,0.0,L14_T051,
synthetic_all_stop_counts,alighting,MEYRIN_GRAVIERE,07:46:00,0.0,L14_T052,
synthetic_all_stop_counts,alighting,MEYRIN_GRAVIERE,08:34:00,0.0,L14_T053,
synthetic_all_stop_counts,alighting,MEYRIN_GRAVIERE,06:48:00,0.0,L14_T054,
synthetic_all_stop_counts,alighting,MEYRIN_GRAVIERE,06:34:00,0.0,L14_T055,
synthetic_all_stop_counts,alighting,MEYRIN_GRAVIERE,07:04:00,0.0,L14_T056,
synthetic_all_stop_counts,alighting,MEYRIN_GRAVIERE,08:57:00,0.0,L14_T057,
synthetic_all_stop_counts,alighting,MEYRIN_GRAVIERE,08:48:00,0.0,L14_T058,
synthetic_all_stop_counts,alighting,MEYRIN_GRAVIERE,08:39:00,0.0,L14_T059,
synthetic_all_stop_counts,alighting,MEYRIN_GRAVIERE,07:32:00,0.0,L14_T060,
synthetic_all_stop_counts,alighting,MEYRIN_GRAVIERE,07:42:00,0.0,L14_T061,
synthetic_all_stop_counts,alighting,MEYRIN_GRAVIERE,07:19:00,0.0,L14_T062,
synthetic_all_stop_counts,alighting,MEYRIN_GRAVIERE,06:53:00,0.0,L14_T063,
synthetic_all_stop_counts,alighting,MEYRIN_GRAVIERE,07:13:00,0.0,L14_T064,
synthetic_all_stop_counts,alighting,MEYRIN_GRAVIERE,08:20:00,0.0,L14_T065,
synthetic_all_stop_counts,alighting,MEYRIN_GRAVIERE,07:22:00,0.0,L14_T066,
synthetic_all_stop_counts,alighting,MEYRIN_GRAVIERE,07:51:00,0.0,L14_T067,
synthetic_all_stop_counts,alighting,MEYRIN_GRAVIERE,08:01:00,0.0,L14_T068,
synthetic_all_stop_counts,alighting,MEYRIN_GRAVIERE,08:10:00,0.0,L14_T069,
synthetic_all_stop_counts,alighting,MEYRIN_GRAVIERE,06:24:00,0.0,L14_T070,
synthetic_all_stop_counts,alighting,MEYRIN_GRAVIERE,06:42:00,0.0,L14_T071,
synthetic_all_stop_counts,alighting,MEYRIN_GRAVIERE,08:29:00,0.0,L14_T072,
synthetic_all_stop_counts,alighting,MEYRIN_HOPITAL_DE_LA_TOUR,07:33:00,0.0,L18_T001,
synthetic_all_stop_counts,alighting,MEYRIN_HOPITAL_DE_LA_TOUR,07:13:00,0.0,L18_T002,
synthetic_all_stop_counts,alighting,MEYRIN_HOPITAL_DE_LA_TOUR,08:51:00,0.0,L18_T003,
synthetic_all_stop_counts,alighting,MEYRIN_HOPITAL_DE_LA_TOUR,07:55:00,0.0,L18_T004,
synthetic_all_stop_counts,alighting,MEYRIN_HOPITAL_DE_LA_TOUR,09:28:00,0.0,L18_T005,
synthetic_all_stop_counts,alighting,MEYRIN_HOPITAL_DE_LA_TOUR,09:47:00,0.0,L18_T006,
synthetic_all_stop_counts,alighting,MEYRIN_HOPITAL_DE_LA_TOUR,08:33:00,0.0,L18_T007,
synthetic_all_stop_counts,alighting,MEYRIN_HOPITAL_DE_LA_TOUR,09:09:00,0.0,L18_T008,
synthetic_all_stop_counts,alighting,MEYRIN_HOPITAL_DE_LA_TOUR,08:14:00,0.0,L18_T009,
synthetic_all_stop_counts,alighting,MEYRIN_HOPITAL_DE_LA_TOUR,07:23:00,0.0,L18_T010,
synthetic_all_stop_counts,alighting,MEYRIN_HOPITAL_DE_LA_TOUR,07:43:00,0.0,L18_T011,
synthetic_all_stop_counts,alighting,MEYRIN_HOPITAL_DE_LA_TOUR,08:59:00,0.0,L18_T012,
synthetic_all_stop_counts,alighting,MEYRIN_HOPITAL_DE_LA_TOUR,09:18:00,0.0,L18_T013,
synthetic_all_stop_counts,alighting,MEYRIN_HOPITAL_DE_LA_TOUR,09:37:00,0.0,L18_T014,
synthetic_all_stop_counts,alighting,MEYRIN_HOPITAL_DE_LA_TOUR,08:23:00,0.0,L18_T015,
synthetic_all_stop_counts,alighting,MEYRIN_HOPITAL_DE_LA_TOUR,08:04:00,0.0,L18_T016,
synthetic_all_stop_counts,alighting,MEYRIN_HOPITAL_DE_LA_TOUR,08:42:00,0.0,L18_T017,
synthetic_all_stop_counts,alighting,MEYRIN_HOPITAL_DE_LA_TOUR,06:31:00,0.0,L18_T019,
synthetic_all_stop_counts,alighting,MEYRIN_HOPITAL_DE_LA_TOUR,07:02:00,0.0,L18_T020,
synthetic_all_stop_counts,alighting,MEYRIN_HOPITAL_DE_LA_TOUR,08:18:00,0.0,L18_T021,
synthetic_all_stop_counts,alighting,MEYRIN_HOPITAL_DE_LA_TOUR,07:21:00,0.0,L18_T022,
synthetic_all_stop_counts,alighting,MEYRIN_HOPITAL_DE_LA_TOUR,07:40:00,0.0,L18_T023,
synthetic_all_stop_counts,alighting,MEYRIN_HOPITAL_DE_LA_TOUR,08:37:00,0.0,L18_T024,
synthetic_all_stop_counts,alighting,MEYRIN_HOPITAL_DE_LA_TOUR,08:55:00,0.0,L18_T025,
synthetic_all_stop_counts,alighting,MEYRIN_HOPITAL_DE_LA_TOUR,07:59:00,0.0,L18_T026,
synthetic_all_stop_counts,alighting,MEYRIN_HOPITAL_DE_LA_TOUR,06:18:00,0.0,L18_T027,
synthetic_all_stop_counts,alighting,MEYRIN_HOPITAL_DE_LA_TOUR,07:49:00,0.0,L18_T028,
synthetic_all_stop_counts,alighting,MEYRIN_HOPITAL_DE_LA_TOUR,06:41:00,0.0,L18_T029,
synthetic_all_stop_counts,alighting,MEYRIN_HOPITAL_DE_LA_TOUR,06:52:00,0.0,L18_T030,
synthetic_all_stop_counts,alighting,MEYRIN_HOPITAL_DE_LA_TOUR,08:28:00,0.0,L18_T031,
synthetic_all_stop_counts,alighting,MEYRIN_HOPITAL_DE_LA_TOUR,08:09:00,0.0,L18_T032,
synthetic_all_stop_counts,alighting,MEYRIN_HOPITAL_DE_LA_TOUR,07:30:00,0.0,L18_T033,
synthetic_all_stop_counts,alighting,MEYRIN_HOPITAL_DE_LA_TOUR,07:12:00,0.0,L18_T034,
synthetic_all_stop_counts,alighting,MEYRIN_HOPITAL_DE_LA_TOUR,08:46:00,0.0,L18_T035,
synthetic_all_stop_counts,alighting,MEYRIN_HOPITAL_DE_LA_TOUR,07:06:00,0.0,L18_T036,
synthetic_all_stop_counts,alighting,MEYRIN_JARDIN_ALPIN_VIVARIUM,09:35:00,0.0,L14_T001,
synthetic_all_stop_counts,alighting,MEYRIN_JARDIN_ALPIN_VIVARIUM,07:05:00,0.0,L14_T002,
synthetic_all_stop_counts,alighting,MEYRIN_JARDIN_ALPIN_VIVARIUM,08:48:00,0.0,L14_T003,
synthetic_all_stop_counts,alighting,MEYRIN_JARDIN_ALPIN_VIVARIUM,08:21:00,0.0,L14_T004,
synthetic_all_stop_counts,alighting,MEYRIN_JARDIN_ALPIN_VIVARIUM,07:21:00,0.0,L14_T005,
synthetic_all_stop_counts,alighting,MEYRIN_JARDIN_ALPIN_VIVARIUM,07:31:00,0.0,L14_T006,
synthetic_all_stop_counts,alighting,MEYRIN_JARDIN_ALPIN_VIVARIUM,07:42:00,0.0,L14_T007,
synthetic_all_stop_counts,alighting,MEYRIN_JARDIN_ALPIN_VIVARIUM,07:53:00,0.0,L14_T008,
synthetic_all_stop_counts,alighting,MEYRIN_JARDIN_ALPIN_VIVARIUM,08:02:00,0.0,L14_T009,
synthetic_all_stop_counts,alighting,MEYRIN_JARDIN_ALPIN_VIVARIUM,09:07:00,0.0,L14_T010,
synthetic_all_stop_counts,alighting,MEYRIN_JARDIN_ALPIN_VIVARIUM,08:57:00,0.0,L14_T011,
synthetic_all_stop_counts,alighting,MEYRIN_JARDIN_ALPIN_VIVARIUM,08:12:00,0.0,L14_T012,
synthetic_all_stop_counts,alighting,MEYRIN_JARDIN_ALPIN_VIVARIUM,08:39:00,0.0,L14_T013,
synthetic_all_stop_counts,alighting,MEYRIN_JARDIN_ALPIN_VIVARIUM,08:31:00,0.0,L14_T014,
synthetic_all_stop_counts,alighting,MEYRIN_JARDIN_ALPIN_VIVARIUM,07:00:00,0.0,L14_T015,
synthetic_all_stop_counts,alighting,MEYRIN_JARDIN_ALPIN_VIVARIUM,07:11:00,0.0,L14_T016,
synthetic_all_stop_counts,alighting,MEYRIN_JARDIN_ALPIN_VIVARIUM,09:16:00,0.0,L14_T017,
synthetic_all_stop_counts,alighting,MEYRIN_JARDIN_ALPIN_VIVARIUM,09:26:00,0.0,L14_T018,
synthetic_all_stop_counts,alighting,MEYRIN_JARDIN_ALPIN_VIVARIUM,06:55:00,0.0,L14_T019,
synthetic_all_stop_counts,alighting,MEYRIN_JARDIN_ALPIN_VIVARIUM,09:30:00,0.0,L14_T020,
synthetic_all_stop_counts,alighting,MEYRIN_JARDIN_ALPIN_VIVARIUM,07:48:00,0.0,L14_T021,
synthetic_all_stop_counts,alighting,MEYRIN_JARDIN_ALPIN_VIVARIUM,09:12:00,0.0,L14_T022,
synthetic_all_stop_counts,alighting,MEYRIN_JARDIN_ALPIN_VIVARIUM,09:40:00,0.0,L14_T023,
synthetic_all_stop_counts,alighting,MEYRIN_JARDIN_ALPIN_VIVARIUM,07:58:00,0.0,L14_T024,
synthetic_all_stop_counts,alighting,MEYRIN_JARDIN_ALPIN_VIVARIUM,08:07:00,0.0,L14_T025,
synthetic_all_stop_counts,alighting,MEYRIN_JARDIN_ALPIN_VIVARIUM,09:02:00,0.0,L14_T026,
synthetic_all_stop_counts,alighting,MEYRIN_JARDIN_ALPIN_VIVARIUM,08:53:00,0.0,L14_T027,
synthetic_all_stop_counts,alighting,MEYRIN_JARDIN_ALPIN_VIVARIUM,08:43:00,0.0,L14_T028,
synthetic_all_stop_counts,alighting,MEYRIN_JARDIN_ALPIN_VIVARIUM,08:35:00,0.0,L14_T029,
synthetic_all_stop_counts,alighting,MEYRIN_JARDIN_ALPIN_VIVARIUM,08:17:00,0.0,L14_T030,
synthetic_all_stop_counts,alighting,MEYRIN_JARDIN_ALPIN_VIVARIUM,08:26:00,0.0,L14_T031,
synthetic_all_stop_counts,alighting,MEYRIN_JARDIN_ALPIN_VIVARIUM,07:26:00,0.0,L14_T032,
synthetic_all_stop_counts,alighting,MEYRIN_JARDIN_ALPIN_VIVARIUM,07:36:00,0.0,L14_T033,
synthetic_all_stop_counts,alighting,MEYRIN_JARDIN_ALPIN_VIVARIUM,07:16:00,0.0,L14_T034,
synthetic_all_stop_counts,alighting,MEYRIN_JARDIN_ALPIN_VIVARIUM,09:21:00,0.0,L14_T035,
synthetic_all_stop_counts,alighting,MEYRIN_JARDIN_ALPIN_VIVARIUM,07:14:00,0.0,L14_T040,
synthetic_all_stop_counts,alighting,MEYRIN_JARDIN_ALPIN_VIVARIUM,08:30:00,0.0,L14_T041,
synthetic_all_stop_counts,alighting,MEYRIN_JARDIN_ALPIN_VIVARIUM,08:11:00,0.0,L14_T042,
synthetic_all_stop_counts,alighting,MEYRIN_JARDIN_ALPIN_VIVARIUM,06:19:00,0.0,L14_T043,
synthetic_all_stop_counts,alighting,MEYRIN_JARDIN_ALPIN_VIVARIUM,07:04:00,0.0,L14_T044,
synthetic_all_stop_counts,alighting,MEYRIN_JARDIN_ALPIN_VIVARIUM,07:22:00,0.0,L14_T045,
synthetic_all_stop_counts,alighting,MEYRIN_JARDIN_ALPIN_VIVARIUM,08:57:00,0.0,L14_T046,
synthetic_all_stop_counts,alighting,MEYRIN_JARDIN_ALPIN_VIVARIUM,08:48:00,0.0,L14_T047,
synthetic_all_stop_counts,alighting,MEYRIN_JARDIN_ALPIN_VIVARIUM,08:01:00,0.0,L14_T048,
synthetic_all_stop_counts,alighting,MEYRIN_JARDIN_ALPIN_VIVARIUM,08:20:00,0.0,L14_T049,
synthetic_all_stop_counts,alighting,MEYRIN_JARDIN_ALPIN_VIVARIUM,07:41:00,0.0,L14_T050,
synthetic_all_stop_counts,alighting,MEYRIN_JARDIN_ALPIN_VIVARIUM,07:31:00,0.0,L14_T051,
synthetic_all_stop_counts,alighting,MEYRIN_JARDIN_ALPIN_VIVARIUM,07:51:00,0.0,L14_T052,
synthetic_all_stop_counts,alighting,MEYRIN_JARDIN_ALPIN_VIVARIUM,08:39:00,0.0,L14_T053,
synthetic_all_stop_counts,alighting,MEYRIN_JARDIN_ALPIN_VIVARIUM,06:53:00,0.0,L14_T054,
synthetic_all_stop_counts,alighting,MEYRIN_JARDIN_ALPIN_VIVARIUM,06:39:00,0.0,L14_T055,
synthetic_all_stop_counts,alighting,MEYRIN_JARDIN_ALPIN_VIVARIUM,07:09:00,0.0,L14_T056,
synthetic_all_stop_counts,alighting,MEYRIN_JARDIN_ALPIN_VIVARIUM,09:02:00,0.0,L14_T057,
synthetic_all_stop_counts,alighting,MEYRIN_JARDIN_ALPIN_VIVARIUM,08:53:00,0.0,L14_T058,
synthetic_all_stop_counts,alighting,MEYRIN_JARDIN_ALPIN_VIVARIUM,08:44:00,0.0,L14_T059,
synthetic_all_stop_counts,alighting,MEYRIN_JARDIN_ALPIN_VIVARIUM,07:37:00,0.0,L14_T060,
synthetic_all_stop_counts,alighting,MEYRIN_JARDIN_ALPIN_VIVARIUM,07:47:00,0.0,L14_T061,
synthetic_all_stop_counts,alighting,MEYRIN_JARDIN_ALPIN_VIVARIUM,07:14:00,0.0,L14_T062,
synthetic_all_stop_counts,alighting,MEYRIN_JARDIN_ALPIN_VIVARIUM,06:58:00,0.0,L14_T063,
synthetic_all_stop_counts,alighting,MEYRIN_JARDIN_ALPIN_VIVARIUM,07:18:00,0.0,L14_T064,
synthetic_all_stop_counts,alighting,MEYRIN_JARDIN_ALPIN_VIVARIUM,08:25:00,0.0,L14_T065,
synthetic_all_stop_counts,alighting,MEYRIN_JARDIN_ALPIN_VIVARIUM,07:27:00,0.0,L14_T066,
synthetic_all_stop_counts,alighting,MEYRIN_JARDIN_ALPIN_VIVARIUM,07:56:00,0.0,L14_T067,
synthetic_all_stop_counts,alighting,MEYRIN_JARDIN_ALPIN_VIVARIUM,08:06:00,0.0,L14_T068,
synthetic_all_stop_counts,alighting,MEYRIN_JARDIN_ALPIN_VIVARIUM,08:15:00,0.0,L14_T069,
synthetic_all_stop_counts,alighting,MEYRIN_JARDIN_ALPIN_VIVARIUM,06:29:00,0.0,L14_T070,
synthetic_all_stop_counts,alighting,MEYRIN_JARDIN_ALPIN_VIVARIUM,06:47:00,0.0,L14_T071,
synthetic_all_stop_counts,alighting,MEYRIN_JARDIN_ALPIN_VIVARIUM,08:34:00,0.0,L14_T072,
synthetic_all_stop_counts,alighting,MEYRIN_JARDIN_ALPIN_VIVARIUM,07:29:00,0.0,L18_T001,
synthetic_all_stop_counts,alighting,MEYRIN_JARDIN_ALPIN_VIVARIUM,07:09:00,0.0,L18_T002,
synthetic_all_stop_counts,alighting,MEYRIN_JARDIN_ALPIN_VIVARIUM,08:46:00,0.0,L18_T003,
synthetic_all_stop_counts,alighting,MEYRIN_JARDIN_ALPIN_VIVARIUM,07:50:00,0.0,L18_T004,
synthetic_all_stop_counts,alighting,MEYRIN_JARDIN_ALPIN_VIVARIUM,09:23:00,0.0,L18_T005,
synthetic_all_stop_counts,alighting,MEYRIN_JARDIN_ALPIN_VIVARIUM,09:42:00,0.0,L18_T006,
synthetic_all_stop_counts,alighting,MEYRIN_JARDIN_ALPIN_VIVARIUM,08:28:00,0.0,L18_T007,
synthetic_all_stop_counts,alighting,MEYRIN_JARDIN_ALPIN_VIVARIUM,09:05:00,0.0,L18_T008,
synthetic_all_stop_counts,alighting,MEYRIN_JARDIN_ALPIN_VIVARIUM,08:09:00,0.0,L18_T009,
synthetic_all_stop_counts,alighting,MEYRIN_JARDIN_ALPIN_VIVARIUM,07:19:00,0.0,L18_T010,
synthetic_all_stop_counts,alighting,MEYRIN_JARDIN_ALPIN_VIVARIUM,07:39:00,0.0,L18_T011,
synthetic_all_stop_counts,alighting,MEYRIN_JARDIN_ALPIN_VIVARIUM,08:55:00,0.0,L18_T012,
synthetic_all_stop_counts,alighting,MEYRIN_JARDIN_ALPIN_VIVARIUM,09:14:00,0.0,L18_T013,
synthetic_all_stop_counts,alighting,MEYRIN_JARDIN_ALPIN_VIVARIUM,09:33:00,0.0,L18_T014,
synthetic_all_stop_counts,alighting,MEYRIN_JARDIN_ALPIN_VIVARIUM,08:19:00,0.0,L18_T015,
synthetic_all_stop_counts,alighting,MEYRIN_JARDIN_ALPIN_VIVARIUM,08:00:00,0.0,L18_T016,
synthetic_all_stop_counts,alighting,MEYRIN_JARDIN_ALPIN_VIVARIUM,08:37:00,0.0,L18_T017,
synthetic_all_stop_counts,alighting,MEYRIN_JARDIN_ALPIN_VIVARIUM,06:35:00,0.0,L18_T019,
synthetic_all_stop_counts,alighting,MEYRIN_JARDIN_ALPIN_VIVARIUM,07:07:00,0.0,L18_T020,
synthetic_all_stop_counts,alighting,MEYRIN_JARDIN_ALPIN_VIVARIUM,08:23:00,0.0,L18_T021,
synthetic_all_stop_counts,alighting,MEYRIN_JARDIN_ALPIN_VIVARIUM,07:25:00,0.0,L18_T022,
synthetic_all_stop_counts,alighting,MEYRIN_JARDIN_ALPIN_VIVARIUM,07:44:00,0.0,L18_T023,
synthetic_all_stop_counts,alighting,MEYRIN_JARDIN_ALPIN_VIVARIUM,08:42:00,0.0,L18_T024,
synthetic_all_stop_counts,alighting,MEYRIN_JARDIN_ALPIN_VIVARIUM,09:00:00,0.0,L18_T025,
synthetic_all_stop_counts,alighting,MEYRIN_JARDIN_ALPIN_VIVARIUM,08:04:00,0.0,L18_T026,
synthetic_all_stop_counts,alighting,MEYRIN_JARDIN_ALPIN_VIVARIUM,06:22:00,0.0,L18_T027,
synthetic_all_stop_counts,alighting,MEYRIN_JARDIN_ALPIN_VIVARIUM,07:54:00,0.0,L18_T028,
synthetic_all_stop_counts,alighting,MEYRIN_JARDIN_ALPIN_VIVARIUM,06:45:00,0.0,L18_T029,
synthetic_all_stop_counts,alighting,MEYRIN_JARDIN_ALPIN_VIVARIUM,06:56:00,0.0,L18_T030,
synthetic_all_stop_counts,alighting,MEYRIN_JARDIN_ALPIN_VIVARIUM,08:32:00,0.0,L18_T031,
synthetic_all_stop_counts,alighting,MEYRIN_JARDIN_ALPIN_VIVARIUM,08:13:00,0.0,L18_T032,
synthetic_all_stop_counts,alighting,MEYRIN_JARDIN_ALPIN_VIVARIUM,07:34:00,0.0,L18_T033,
synthetic_all_stop_counts,alighting,MEYRIN_JARDIN_ALPIN_VIVARIUM,07:16:00,0.0,L18_T034,
synthetic_all_stop_counts,alighting,MEYRIN_JARDIN_ALPIN_VIVARIUM,08:51:00,0.0,L18_T035,
synthetic_all_stop_counts,alighting,MEYRIN_JARDIN_ALPIN_VIVARIUM,07:02:00,0.0,L18_T036,
synthetic_all_stop_counts,alighting,MEYRIN_MAISONNEX,07:34:00,0.0,L18_T001,
synthetic_all_stop_counts,alighting,MEYRIN_MAISONNEX,07:14:00,0.0,L18_T002,
synthetic_all_stop_counts,alighting,MEYRIN_MAISONNEX,08:52:00,0.0,L18_T003,
synthetic_all_stop_counts,alighting,MEYRIN_MAISONNEX,07:56:00,0.0,L18_T004,
synthetic_all_stop_counts,alighting,MEYRIN_MAISONNEX,09:29:00,0.0,L18_T005,
synthetic_all_stop_counts,alighting,MEYRIN_MAISONNEX,09:48:00,0.0,L18_T006,
synthetic_all_stop_counts,alighting,MEYRIN_MAISONNEX,08:34:00,0.0,L18_T007,
synthetic_all_stop_counts,alighting,MEYRIN_MAISONNEX,09:10:00,0.0,L18_T008,
synthetic_all_stop_counts,alighting,MEYRIN_MAISONNEX,08:15:00,0.0,L18_T009,
synthetic_all_stop_counts,alighting,MEYRIN_MAISONNEX,07:24:00,0.0,L18_T010,
synthetic_all_stop_counts,alighting,MEYRIN_MAISONNEX,07:44:00,0.0,L18_T011,
synthetic_all_stop_counts,alighting,MEYRIN_MAISONNEX,09:00:00,0.0,L18_T012,
synthetic_all_stop_counts,alighting,MEYRIN_MAISONNEX,09:19:00,0.0,L18_T013,
synthetic_all_stop_counts,alighting,MEYRIN_MAISONNEX,09:38:00,0.0,L18_T014,
synthetic_all_stop_counts,alighting,MEYRIN_MAISONNEX,08:24:00,0.0,L18_T015,
synthetic_all_stop_counts,alighting,MEYRIN_MAISONNEX,08:05:00,0.0,L18_T016,
synthetic_all_stop_counts,alighting,MEYRIN_MAISONNEX,08:43:00,0.0,L18_T017,
synthetic_all_stop_counts,alighting,MEYRIN_MAISONNEX,06:29:02,0.0,L18_T019,
synthetic_all_stop_counts,alighting,MEYRIN_MAISONNEX,07:01:00,0.0,L18_T020,
synthetic_all_stop_counts,alighting,MEYRIN_MAISONNEX,08:17:00,0.0,L18_T021,
synthetic_all_stop_counts,alighting,MEYRIN_MAISONNEX,07:19:00,0.0,L18_T022,
synthetic_all_stop_counts,alighting,MEYRIN_MAISONNEX,07:38:00,0.0,L18_T023,
synthetic_all_stop_counts,alighting,MEYRIN_MAISONNEX,08:35:00,0.0,L18_T024,
synthetic_all_stop_counts,alighting,MEYRIN_MAISONNEX,08:53:00,0.0,L18_T025,
synthetic_all_stop_counts,alighting,MEYRIN_MAISONNEX,07:57:00,0.0,L18_T026,
synthetic_all_stop_counts,alighting,MEYRIN_MAISONNEX,06:16:02,0.0,L18_T027,
synthetic_all_stop_counts,alighting,MEYRIN_MAISONNEX,07:48:00,0.0,L18_T028,
synthetic_all_stop_counts,alighting,MEYRIN_MAISONNEX,06:39:00,0.0,L18_T029,
synthetic_all_stop_counts,alighting,MEYRIN_MAISONNEX,06:50:00,0.0,L18_T030,
synthetic_all_stop_counts,alighting,MEYRIN_MAISONNEX,08:26:00,0.0,L18_T031,
synthetic_all_stop_counts,alighting,MEYRIN_MAISONNEX,08:07:00,0.0,L18_T032,
synthetic_all_stop_counts,alighting,MEYRIN_MAISONNEX,07:28:00,0.0,L18_T033,
synthetic_all_stop_counts,alighting,MEYRIN_MAISONNEX,07:10:00,0.0,L18_T034,
synthetic_all_stop_counts,alighting,MEYRIN_MAISONNEX,08:44:00,0.0,L18_T035,
synthetic_all_stop_counts,alighting,MEYRIN_MAISONNEX,07:07:00,0.0,L18_T036,
synthetic_all_stop_counts,alighting,MEYRIN_VAUDAGNE,09:38:00,0.0,L14_T001,
synthetic_all_stop_counts,alighting,MEYRIN_VAUDAGNE,07:08:00,0.0,L14_T002,
synthetic_all_stop_counts,alighting,MEYRIN_VAUDAGNE,08:51:00,0.0,L14_T003,
synthetic_all_stop_counts,alighting,MEYRIN_VAUDAGNE,08:24:00,0.0,L14_T004,
synthetic_all_stop_counts,alighting,MEYRIN_VAUDAGNE,07:24:00,0.0,L14_T005,
synthetic_all_stop_counts,alighting,MEYRIN_VAUDAGNE,07:34:00,0.0,L14_T006,
synthetic_all_stop_counts,alighting,MEYRIN_VAUDAGNE,07:45:00,0.0,L14_T007,
synthetic_all_stop_counts,alighting,MEYRIN_VAUDAGNE,07:56:00,0.0,L14_T008,
synthetic_all_stop_counts,alighting,MEYRIN_VAUDAGNE,08:05:00,0.0,L14_T009,
synthetic_all_stop_counts,alighting,MEYRIN_VAUDAGNE,09:10:00,0.0,L14_T010,
synthetic_all_stop_counts,alighting,MEYRIN_VAUDAGNE,09:00:00,0.0,L14_T011,
synthetic_all_stop_counts,alighting,MEYRIN_VAUDAGNE,08:15:00,0.0,L14_T012,
synthetic_all_stop_counts,alighting,MEYRIN_VAUDAGNE,08:42:00,0.0,L14_T013,
synthetic_all_stop_counts,alighting,MEYRIN_VAUDAGNE,08:34:00,0.0,L14_T014,
synthetic_all_stop_counts,alighting,MEYRIN_VAUDAGNE,07:03:00,0.0,L14_T015,
synthetic_all_stop_counts,alighting,MEYRIN_VAUDAGNE,07:14:00,0.0,L14_T016,
synthetic_all_stop_counts,alighting,MEYRIN_VAUDAGNE,09:19:00,0.0,L14_T017,
synthetic_all_stop_counts,alighting,MEYRIN_VAUDAGNE,09:29:00,0.0,L14_T018,
synthetic_all_stop_counts,alighting,MEYRIN_VAUDAGNE,06:58:00,0.0,L14_T019,
synthetic_all_stop_counts,alighting,MEYRIN_VAUDAGNE,09:33:00,0.0,L14_T020,
synthetic_all_stop_counts,alighting,MEYRIN_VAUDAGNE,07:51:00,0.0,L14_T021,
synthetic_all_stop_counts,alighting,MEYRIN_VAUDAGNE,09:15:00,0.0,L14_T022,
synthetic_all_stop_counts,alighting,MEYRIN_VAUDAGNE,09:43:00,0.0,L14_T023,
synthetic_all_stop_counts,alighting,MEYRIN_VAUDAGNE,08:01:00,0.0,L14_T024,
synthetic_all_stop_counts,alighting,MEYRIN_VAUDAGNE,08:10:00,0.0,L14_T025,
synthetic_all_stop_counts,alighting,MEYRIN_VAUDAGNE,09:05:00,0.0,L14_T026,
synthetic_all_stop_counts,alighting,MEYRIN_VAUDAGNE,08:56:00,0.0,L14_T027,
synthetic_all_stop_counts,alighting,MEYRIN_VAUDAGNE,08:46:00,0.0,L14_T028,
synthetic_all_stop_counts,alighting,MEYRIN_VAUDAGNE,08:38:00,0.0,L14_T029,
synthetic_all_stop_counts,alighting,MEYRIN_VAUDAGNE,08:20:00,0.0,L14_T030,
synthetic_all_stop_counts,alighting,MEYRIN_VAUDAGNE,08:29:00,0.0,L14_T031,
synthetic_all_stop_counts,alighting,MEYRIN_VAUDAGNE,07:29:00,0.0,L14_T032,
synthetic_all_stop_counts,alighting,MEYRIN_VAUDAGNE,07:39:00,0.0,L14_T033,
synthetic_all_stop_counts,alighting,MEYRIN_VAUDAGNE,07:19:00,0.0,L14_T034,
synthetic_all_stop_counts,alighting,MEYRIN_VAUDAGNE,09:24:00,0.0,L14_T035,
synthetic_all_stop_counts,alighting,MEYRIN_VAUDAGNE,07:10:00,0.0,L14_T040,
synthetic_all_stop_counts,alighting,MEYRIN_VAUDAGNE,08:26:00,0.0,L14_T041,
synthetic_all_stop_counts,alighting,MEYRIN_VAUDAGNE,08:07:00,0.0,L14_T042,
synthetic_all_stop_counts,alighting,MEYRIN_VAUDAGNE,06:16:00,0.0,L14_T043,
synthetic_all_stop_counts,alighting,MEYRIN_VAUDAGNE,07:01:00,0.0,L14_T044,
synthetic_all_stop_counts,alighting,MEYRIN_VAUDAGNE,07:19:00,0.0,L14_T045,
synthetic_all_stop_counts,alighting,MEYRIN_VAUDAGNE,08:54:00,0.0,L14_T046,
synthetic_all_stop_counts,alighting,MEYRIN_VAUDAGNE,08:45:00,0.0,L14_T047,
synthetic_all_stop_counts,alighting,MEYRIN_VAUDAGNE,07:58:00,0.0,L14_T048,
synthetic_all_stop_counts,alighting,MEYRIN_VAUDAGNE,08:17:00,0.0,L14_T049,
synthetic_all_stop_counts,alighting,MEYRIN_VAUDAGNE,07:38:00,0.0,L14_T050,
synthetic_all_stop_counts,alighting,MEYRIN_VAUDAGNE,07:28:00,0.0,L14_T051,
synthetic_all_stop_counts,alighting,MEYRIN_VAUDAGNE,07:48:00,0.0,L14_T052,
synthetic_all_stop_counts,alighting,MEYRIN_VAUDAGNE,08:35:00,0.0,L14_T053,
synthetic_all_stop_counts,alighting,MEYRIN_VAUDAGNE,06:50:00,0.0,L14_T054,
synthetic_all_stop_counts,alighting,MEYRIN_VAUDAGNE,06:36:00,0.0,L14_T055,
synthetic_all_stop_counts,alighting,MEYRIN_VAUDAGNE,07:05:00,0.0,L14_T056,
synthetic_all_stop_counts,alighting,MEYRIN_VAUDAGNE,08:58:00,0.0,L14_T057,
synthetic_all_stop_counts,alighting,MEYRIN_VAUDAGNE,08:49:00,0.0,L14_T058,
synthetic_all_stop_counts,alighting,MEYRIN_VAUDAGNE,08:40:00,0.0,L14_T059,
synthetic_all_stop_counts,alighting,MEYRIN_VAUDAGNE,07:33:00,0.0,L14_T060,
synthetic_all_stop_counts,alighting,MEYRIN_VAUDAGNE,07:43:00,0.0,L14_T061,
synthetic_all_stop_counts,alighting,MEYRIN_VAUDAGNE,07:17:00,0.0,L14_T062,
synthetic_all_stop_counts,alighting,MEYRIN_VAUDAGNE,06:55:00,0.0,L14_T063,
synthetic_all_stop_counts,alighting,MEYRIN_VAUDAGNE,07:15:00,0.0,L14_T064,
synthetic_all_stop_counts,alighting,MEYRIN_VAUDAGNE,08:22:00,0.0,L14_T065,
synthetic_all_stop_counts,alighting,MEYRIN_VAUDAGNE,07:24:00,0.0,L14_T066,
synthetic_all_stop_counts,alighting,MEYRIN_VAUDAGNE,07:53:00,0.0,L14_T067,
synthetic_all_stop_counts,alighting,MEYRIN_VAUDAGNE,08:03:00,0.0,L14_T068,
synthetic_all_stop_counts,alighting,MEYRIN_VAUDAGNE,08:12:00,0.0,L14_T069,
synthetic_all_stop_counts,alighting,MEYRIN_VAUDAGNE,06:26:00,0.0,L14_T070,
synthetic_all_stop_counts,alighting,MEYRIN_VAUDAGNE,06:44:00,0.0,L14_T071,
synthetic_all_stop_counts,alighting,MEYRIN_VAUDAGNE,08:31:00,0.0,L14_T072,
synthetic_all_stop_counts,alighting,MEYRIN_VILLAGE,07:32:00,0.0,L18_T001,
synthetic_all_stop_counts,alighting,MEYRIN_VILLAGE,07:12:00,0.0,L18_T002,
synthetic_all_stop_counts,alighting,MEYRIN_VILLAGE,08:49:00,0.0,L18_T003,
synthetic_all_stop_counts,alighting,MEYRIN_VILLAGE,07:53:00,0.0,L18_T004,
synthetic_all_stop_counts,alighting,MEYRIN_VILLAGE,09:26:00,0.0,L18_T005,
synthetic_all_stop_counts,alighting,MEYRIN_VILLAGE,09:45:00,0.0,L18_T006,
synthetic_all_stop_counts,alighting,MEYRIN_VILLAGE,08:31:00,0.0,L18_T007,
synthetic_all_stop_counts,alighting,MEYRIN_VILLAGE,09:07:00,0.0,L18_T008,
synthetic_all_stop_counts,alighting,MEYRIN_VILLAGE,08:12:00,0.0,L18_T009,
synthetic_all_stop_counts,alighting,MEYRIN_VILLAGE,07:22:00,0.0,L18_T010,
synthetic_all_stop_counts,alighting,MEYRIN_VILLAGE,07:42:00,0.0,L18_T011,
synthetic_all_stop_counts,alighting,MEYRIN_VILLAGE,08:58:00,0.0,L18_T012,
synthetic_all_stop_counts,alighting,MEYRIN_VILLAGE,09:17:00,0.0,L18_T013,
synthetic_all_stop_counts,alighting,MEYRIN_VILLAGE,09:36:00,0.0,L18_T014,
synthetic_all_stop_counts,alighting,MEYRIN_VILLAGE,08:22:00,0.0,L18_T015,
synthetic_all_stop_counts,alighting,MEYRIN_VILLAGE,08:02:00,0.0,L18_T016,
synthetic_all_stop_counts,alighting,MEYRIN_VILLAGE,08:40:00,0.0,L18_T017,
synthetic_all_stop_counts,alighting,MEYRIN_VILLAGE,06:33:00,0.0,L18_T019,
synthetic_all_stop_counts,alighting,MEYRIN_VILLAGE,07:04:00,0.0,L18_T020,
synthetic_all_stop_counts,alighting,MEYRIN_VILLAGE,08:20:00,0.0,L18_T021,
synthetic_all_stop_counts,alighting,MEYRIN_VILLAGE,07:22:00,0.0,L18_T022,
synthetic_all_stop_counts,alighting,MEYRIN_VILLAGE,07:41:00,0.0,L18_T023,
synthetic_all_stop_counts,alighting,MEYRIN_VILLAGE,08:39:00,0.0,L18_T024,
synthetic_all_stop_counts,alighting,MEYRIN_VILLAGE,08:57:00,0.0,L18_T025,
synthetic_all_stop_counts,alighting,MEYRIN_VILLAGE,08:01:00,0.0,L18_T026,
synthetic_all_stop_counts,alighting,MEYRIN_VILLAGE,06:20:00,0.0,L18_T027,
synthetic_all_stop_counts,alighting,MEYRIN_VILLAGE,07:51:00,0.0,L18_T028,
synthetic_all_stop_counts,alighting,MEYRIN_VILLAGE,06:42:00,0.0,L18_T029,
synthetic_all_stop_counts,alighting,MEYRIN_VILLAGE,06:53:00,0.0,L18_T030,
synthetic_all_stop_counts,alighting,MEYRIN_VILLAGE,08:29:00,0.0,L18_T031,
synthetic_all_stop_counts,alighting,MEYRIN_VILLAGE,08:10:00,0.0,L18_T032,
synthetic_all_stop_counts,alighting,MEYRIN_VILLAGE,07:31:00,0.0,L18_T033,
synthetic_all_stop_counts,alighting,MEYRIN_VILLAGE,07:14:00,0.0,L18_T034,
synthetic_all_stop_counts,alighting,MEYRIN_VILLAGE,08:48:00,0.0,L18_T035,
synthetic_all_stop_counts,alighting,MEYRIN_VILLAGE,07:04:00,0.0,L18_T036,
synthetic_all_stop_counts,alighting,ONEX_BANDOL,09:01:00,0.0,L14_T001,
synthetic_all_stop_counts,alighting,ONEX_BANDOL,06:32:00,0.0,L14_T002,
synthetic_all_stop_counts,alighting,ONEX_BANDOL,08:13:00,0.0,L14_T003,
synthetic_all_stop_counts,alighting,ONEX_BANDOL,07:45:00,0.0,L14_T004,
synthetic_all_stop_counts,alighting,ONEX_BANDOL,06:48:00,0.0,L14_T005,
synthetic_all_stop_counts,alighting,ONEX_BANDOL,06:58:00,0.0,L14_T006,
synthetic_all_stop_counts,alighting,ONEX_BANDOL,07:08:00,0.0,L14_T007,
synthetic_all_stop_counts,alighting,ONEX_BANDOL,07:18:00,0.0,L14_T008,
synthetic_all_stop_counts,alighting,ONEX_BANDOL,07:27:00,0.0,L14_T009,
synthetic_all_stop_counts,alighting,ONEX_BANDOL,08:33:00,0.0,L14_T010,
synthetic_all_stop_counts,alighting,ONEX_BANDOL,08:23:00,0.0,L14_T011,
synthetic_all_stop_counts,alighting,ONEX_BANDOL,07:37:00,0.0,L14_T012,
synthetic_all_stop_counts,alighting,ONEX_BANDOL,08:04:00,0.0,L14_T013,
synthetic_all_stop_counts,alighting,ONEX_BANDOL,07:55:00,0.0,L14_T014,
synthetic_all_stop_counts,alighting,ONEX_BANDOL,08:42:00,0.0,L14_T017,
synthetic_all_stop_counts,alighting,ONEX_BANDOL,08:52:00,0.0,L14_T018,
synthetic_all_stop_counts,alighting,ONEX_BANDOL,06:23:00,0.0,L14_T019,
synthetic_all_stop_counts,alighting,ONEX_BANDOL,08:56:00,0.0,L14_T020,
synthetic_all_stop_counts,alighting,ONEX_BANDOL,07:14:00,0.0,L14_T021,
synthetic_all_stop_counts,alighting,ONEX_BANDOL,08:38:00,0.0,L14_T022,
synthetic_all_stop_counts,alighting,ONEX_BANDOL,09:06:00,0.0,L14_T023,
synthetic_all_stop_counts,alighting,ONEX_BANDOL,07:23:00,0.0,L14_T024,
synthetic_all_stop_counts,alighting,ONEX_BANDOL,07:32:00,0.0,L14_T025,
synthetic_all_stop_counts,alighting,ONEX_BANDOL,08:28:00,0.0,L14_T026,
synthetic_all_stop_counts,alighting,ONEX_BANDOL,08:18:00,0.0,L14_T027,
synthetic_all_stop_counts,alighting,ONEX_BANDOL,08:08:00,0.0,L14_T028,
synthetic_all_stop_counts,alighting,ONEX_BANDOL,07:59:00,0.0,L14_T029,
synthetic_all_stop_counts,alighting,ONEX_BANDOL,07:41:00,0.0,L14_T030,
synthetic_all_stop_counts,alighting,ONEX_BANDOL,07:50:00,0.0,L14_T031,
synthetic_all_stop_counts,alighting,ONEX_BANDOL,06:53:00,0.0,L14_T032,
synthetic_all_stop_counts,alighting,ONEX_BANDOL,07:03:00,0.0,L14_T033,
synthetic_all_stop_counts,alighting,ONEX_BANDOL,06:43:00,0.0,L14_T034,
synthetic_all_stop_counts,alighting,ONEX_BANDOL,08:47:00,0.0,L14_T035,
synthetic_all_stop_counts,alighting,ONEX_BANDOL,06:58:00,0.0,L14_T036,
synthetic_all_stop_counts,alighting,ONEX_BANDOL,07:06:00,0.0,L14_T037,
synthetic_all_stop_counts,alighting,ONEX_BANDOL,07:24:00,0.0,L14_T038,
synthetic_all_stop_counts,alighting,ONEX_BANDOL,07:11:00,0.0,L14_T039,
synthetic_all_stop_counts,alighting,ONEX_BANDOL,07:49:00,0.0,L14_T040,
synthetic_all_stop_counts,alighting,ONEX_BANDOL,09:05:00,0.0,L14_T041,
synthetic_all_stop_counts,alighting,ONEX_BANDOL,08:47:00,0.0,L14_T042,
synthetic_all_stop_counts,alighting,ONEX_BANDOL,06:52:00,0.0,L14_T043,
synthetic_all_stop_counts,alighting,ONEX_BANDOL,07:38:00,0.0,L14_T044,
synthetic_all_stop_counts,alighting,ONEX_BANDOL,07:57:00,0.0,L14_T045,
synthetic_all_stop_counts,alighting,ONEX_BANDOL,09:32:00,0.0,L14_T046,
synthetic_all_stop_counts,alighting,ONEX_BANDOL,09:23:00,0.0,L14_T047,
synthetic_all_stop_counts,alighting,ONEX_BANDOL,08:37:00,0.0,L14_T048,
synthetic_all_stop_counts,alighting,ONEX_BANDOL,08:56:00,0.0,L14_T049,
synthetic_all_stop_counts,alighting,ONEX_BANDOL,08:17:00,0.0,L14_T050,
synthetic_all_stop_counts,alighting,ONEX_BANDOL,08:07:00,0.0,L14_T051,
synthetic_all_stop_counts,alighting,ONEX_BANDOL,08:27:00,0.0,L14_T052,
synthetic_all_stop_counts,alighting,ONEX_BANDOL,09:14:00,0.0,L14_T053,
synthetic_all_stop_counts,alighting,ONEX_BANDOL,07:27:00,0.0,L14_T054,
synthetic_all_stop_counts,alighting,ONEX_BANDOL,07:13:00,0.0,L14_T055,
synthetic_all_stop_counts,alighting,ONEX_BANDOL,07:43:00,0.0,L14_T056,
synthetic_all_stop_counts,alighting,ONEX_BANDOL,09:37:00,0.0,L14_T057,
synthetic_all_stop_counts,alighting,ONEX_BANDOL,09:28:00,0.0,L14_T058,
synthetic_all_stop_counts,alighting,ONEX_BANDOL,09:19:00,0.0,L14_T059,
synthetic_all_stop_counts,alighting,ONEX_BANDOL,08:13:00,0.0,L14_T060,
synthetic_all_stop_counts,alighting,ONEX_BANDOL,08:23:00,0.0,L14_T061,
synthetic_all_stop_counts,alighting,ONEX_BANDOL,07:32:00,0.0,L14_T063,
synthetic_all_stop_counts,alighting,ONEX_BANDOL,07:53:00,0.0,L14_T064,
synthetic_all_stop_counts,alighting,ONEX_BANDOL,09:00:00,0.0,L14_T065,
synthetic_all_stop_counts,alighting,ONEX_BANDOL,08:03:00,0.0,L14_T066,
synthetic_all_stop_counts,alighting,ONEX_BANDOL,08:32:00,0.0,L14_T067,
synthetic_all_stop_counts,alighting,ONEX_BANDOL,08:42:00,0.0,L14_T068,
synthetic_all_stop_counts,alighting,ONEX_BANDOL,08:51:00,0.0,L14_T069,
synthetic_all_stop_counts,alighting,ONEX_BANDOL,07:03:00,0.0,L14_T070,
synthetic_all_stop_counts,alighting,ONEX_BANDOL,07:21:00,0.0,L14_T071,
synthetic_all_stop_counts,alighting,ONEX_BANDOL,09:09:00,0.0,L14_T072,
synthetic_all_stop_counts,alighting,ONEX_SALLE_COMMUNALE,09:00:00,0.0,L14_T001,
synthetic_all_stop_counts,alighting,ONEX_SALLE_COMMUNALE,06:30:00,0.0,L14_T002,
synthetic_all_stop_counts,alighting,ONEX_SALLE_COMMUNALE,08:12:00,0.0,L14_T003,
synthetic_all_stop_counts,alighting,ONEX_SALLE_COMMUNALE,07:44:00,0.0,L14_T004,
synthetic_all_stop_counts,alighting,ONEX_SALLE_COMMUNALE,06:47:00,0.0,L14_T005,
synthetic_all_stop_counts,alighting,ONEX_SALLE_COMMUNALE,06:57:00,0.0,L14_T006,
synthetic_all_stop_counts,alighting,ONEX_SALLE_COMMUNALE,07:07:00,0.0,L14_T007,
synthetic_all_stop_counts,alighting,ONEX_SALLE_COMMUNALE,07:17:00,0.0,L14_T008,
synthetic_all_stop_counts,alighting,ONEX_SALLE_COMMUNALE,07:26:00,0.0,L14_T009,
synthetic_all_stop_counts,alighting,ONEX_SALLE_COMMUNALE,08:31:00,0.0,L14_T010,
synthetic_all_stop_counts,alighting,ONEX_SALLE_COMMUNALE,08:21:00,0.0,L14_T011,
synthetic_all_stop_counts,alighting,ONEX_SALLE_COMMUNALE,07:35:00,0.0,L14_T012,
synthetic_all_stop_counts,alighting,ONEX_SALLE_COMMUNALE,08:02:00,0.0,L14_T013,
synthetic_all_stop_counts,alighting,ONEX_SALLE_COMMUNALE,07:53:00,0.0,L14_T014,
synthetic_all_stop_counts,alighting,ONEX_SALLE_COMMUNALE,08:41:00,0.0,L14_T017,
synthetic_all_stop_counts,alighting,ONEX_SALLE_COMMUNALE,08:51:00,0.0,L14_T018,
synthetic_all_stop_counts,alighting,ONEX_SALLE_COMMUNALE,06:21:00,0.0,L14_T019,
synthetic_all_stop_counts,alighting,ONEX_SALLE_COMMUNALE,08:55:00,0.0,L14_T020,
synthetic_all_stop_counts,alighting,ONEX_SALLE_COMMUNALE,07:12:00,0.0,L14_T021,
synthetic_all_stop_counts,alighting,ONEX_SALLE_COMMUNALE,08:36:00,0.0,L14_T022,
synthetic_all_stop_counts,alighting,ONEX_SALLE_COMMUNALE,09:04:00,0.0,L14_T023,
synthetic_all_stop_counts,alighting,ONEX_SALLE_COMMUNALE,07:21:00,0.0,L14_T024,
synthetic_all_stop_counts,alighting,ONEX_SALLE_COMMUNALE,07:30:00,0.0,L14_T025,
synthetic_all_stop_counts,alighting,ONEX_SALLE_COMMUNALE,08:27:00,0.0,L14_T026,
synthetic_all_stop_counts,alighting,ONEX_SALLE_COMMUNALE,08:17:00,0.0,L14_T027,
synthetic_all_stop_counts,alighting,ONEX_SALLE_COMMUNALE,08:07:00,0.0,L14_T028,
synthetic_all_stop_counts,alighting,ONEX_SALLE_COMMUNALE,07:58:00,0.0,L14_T029,
synthetic_all_stop_counts,alighting,ONEX_SALLE_COMMUNALE,07:40:00,0.0,L14_T030,
synthetic_all_stop_counts,alighting,ONEX_SALLE_COMMUNALE,07:49:00,0.0,L14_T031,
synthetic_all_stop_counts,alighting,ONEX_SALLE_COMMUNALE,06:52:00,0.0,L14_T032,
synthetic_all_stop_counts,alighting,ONEX_SALLE_COMMUNALE,07:02:00,0.0,L14_T033,
synthetic_all_stop_counts,alighting,ONEX_SALLE_COMMUNALE,06:42:00,0.0,L14_T034,
synthetic_all_stop_counts,alighting,ONEX_SALLE_COMMUNALE,08:45:00,0.0,L14_T035,
synthetic_all_stop_counts,alighting,ONEX_SALLE_COMMUNALE,07:00:00,0.0,L14_T036,
synthetic_all_stop_counts,alighting,ONEX_SALLE_COMMUNALE,07:07:00,0.0,L14_T037,
synthetic_all_stop_counts,alighting,ONEX_SALLE_COMMUNALE,07:25:00,0.0,L14_T038,
synthetic_all_stop_counts,alighting,ONEX_SALLE_COMMUNALE,07:12:00,0.0,L14_T039,
synthetic_all_stop_counts,alighting,ONEX_SALLE_COMMUNALE,07:50:00,0.0,L14_T040,
synthetic_all_stop_counts,alighting,ONEX_SALLE_COMMUNALE,09:06:00,1.0,L14_T041,
synthetic_all_stop_counts,alighting,ONEX_SALLE_COMMUNALE,08:48:00,0.0,L14_T042,
synthetic_all_stop_counts,alighting,ONEX_SALLE_COMMUNALE,06:54:00,0.0,L14_T043,
synthetic_all_stop_counts,alighting,ONEX_SALLE_COMMUNALE,07:40:00,0.0,L14_T044,
synthetic_all_stop_counts,alighting,ONEX_SALLE_COMMUNALE,07:59:00,0.0,L14_T045,
synthetic_all_stop_counts,alighting,ONEX_SALLE_COMMUNALE,09:34:00,33.0,L14_T046,
synthetic_all_stop_counts,alighting,ONEX_SALLE_COMMUNALE,09:25:00,10.0,L14_T047,
synthetic_all_stop_counts,alighting,ONEX_SALLE_COMMUNALE,08:39:00,0.0,L14_T048,
synthetic_all_stop_counts,alighting,ONEX_SALLE_COMMUNALE,08:57:00,0.0,L14_T049,
synthetic_all_stop_counts,alighting,ONEX_SALLE_COMMUNALE,08:19:00,0.0,L14_T050,
synthetic_all_stop_counts,alighting,ONEX_SALLE_COMMUNALE,08:09:00,0.0,L14_T051,
synthetic_all_stop_counts,alighting,ONEX_SALLE_COMMUNALE,08:29:00,0.0,L14_T052,
synthetic_all_stop_counts,alighting,ONEX_SALLE_COMMUNALE,09:15:00,4.0,L14_T053,
synthetic_all_stop_counts,alighting,ONEX_SALLE_COMMUNALE,07:29:00,0.0,L14_T054,
synthetic_all_stop_counts,alighting,ONEX_SALLE_COMMUNALE,07:15:00,0.0,L14_T055,
synthetic_all_stop_counts,alighting,ONEX_SALLE_COMMUNALE,07:45:00,0.0,L14_T056,
synthetic_all_stop_counts,alighting,ONEX_SALLE_COMMUNALE,09:38:00,61.0,L14_T057,
synthetic_all_stop_counts,alighting,ONEX_SALLE_COMMUNALE,09:29:00,22.0,L14_T058,
synthetic_all_stop_counts,alighting,ONEX_SALLE_COMMUNALE,09:20:00,12.0,L14_T059,
synthetic_all_stop_counts,alighting,ONEX_SALLE_COMMUNALE,08:14:00,0.0,L14_T060,
synthetic_all_stop_counts,alighting,ONEX_SALLE_COMMUNALE,08:24:00,0.0,L14_T061,
synthetic_all_stop_counts,alighting,ONEX_SALLE_COMMUNALE,07:34:00,0.0,L14_T063,
synthetic_all_stop_counts,alighting,ONEX_SALLE_COMMUNALE,07:55:00,0.0,L14_T064,
synthetic_all_stop_counts,alighting,ONEX_SALLE_COMMUNALE,09:02:00,1.0,L14_T065,
synthetic_all_stop_counts,alighting,ONEX_SALLE_COMMUNALE,08:05:00,0.0,L14_T066,
synthetic_all_stop_counts,alighting,ONEX_SALLE_COMMUNALE,08:34:00,0.0,L14_T067,
synthetic_all_stop_counts,alighting,ONEX_SALLE_COMMUNALE,08:44:00,0.0,L14_T068,
synthetic_all_stop_counts,alighting,ONEX_SALLE_COMMUNALE,08:53:00,0.0,L14_T069,
synthetic_all_stop_counts,alighting,ONEX_SALLE_COMMUNALE,07:04:00,0.0,L14_T070,
synthetic_all_stop_counts,alighting,ONEX_SALLE_COMMUNALE,07:23:00,0.0,L14_T071,
synthetic_all_stop_counts,alighting,ONEX_SALLE_COMMUNALE,09:11:00,4.0,L14_T072,
synthetic_all_stop_counts,alighting,PETIT_LANCY_LES_ESSERTS,09:03:00,0.0,L14_T001,
synthetic_all_stop_counts,alighting,PETIT_LANCY_LES_ESSERTS,06:33:00,0.0,L14_T002,
synthetic_all_stop_counts,alighting,PETIT_LANCY_LES_ESSERTS,08:15:00,0.0,L14_T003,
synthetic_all_stop_counts,alighting,PETIT_LANCY_LES_ESSERTS,07:47:00,0.0,L14_T004,
synthetic_all_stop_counts,alighting,PETIT_LANCY_LES_ESSERTS,06:50:00,0.0,L14_T005,
synthetic_all_stop_counts,alighting,PETIT_LANCY_LES_ESSERTS,07:00:00,0.0,L14_T006,
synthetic_all_stop_counts,alighting,PETIT_LANCY_LES_ESSERTS,07:10:00,0.0,L14_T007,
synthetic_all_stop_counts,alighting,PETIT_LANCY_LES_ESSERTS,07:20:00,0.0,L14_T008,
synthetic_all_stop_counts,alighting,PETIT_LANCY_LES_ESSERTS,07:29:00,0.0,L14_T009,
synthetic_all_stop_counts,alighting,PETIT_LANCY_LES_ESSERTS,08:34:00,0.0,L14_T010,
synthetic_all_stop_counts,alighting,PETIT_LANCY_LES_ESSERTS,08:25:00,0.0,L14_T011,
synthetic_all_stop_counts,alighting,PETIT_LANCY_LES_ESSERTS,07:39:00,0.0,L14_T012,
synthetic_all_stop_counts,alighting,PETIT_LANCY_LES_ESSERTS,08:06:00,0.0,L14_T013,
synthetic_all_stop_counts,alighting,PETIT_LANCY_LES_ESSERTS,07:57:00,0.0,L14_T014,
synthetic_all_stop_counts,alighting,PETIT_LANCY_LES_ESSERTS,08:44:00,0.0,L14_T017,
synthetic_all_stop_counts,alighting,PETIT_LANCY_LES_ESSERTS,08:54:00,0.0,L14_T018,
synthetic_all_stop_counts,alighting,PETIT_LANCY_LES_ESSERTS,06:24:00,0.0,L14_T019,
synthetic_all_stop_counts,alighting,PETIT_LANCY_LES_ESSERTS,08:58:00,0.0,L14_T020,
synthetic_all_stop_counts,alighting,PETIT_LANCY_LES_ESSERTS,07:15:00,0.0,L14_T021,
synthetic_all_stop_counts,alighting,PETIT_LANCY_LES_ESSERTS,08:39:00,0.0,L14_T022,
synthetic_all_stop_counts,alighting,PETIT_LANCY_LES_ESSERTS,09:07:00,0.0,L14_T023,
synthetic_all_stop_counts,alighting,PETIT_LANCY_LES_ESSERTS,07:24:00,0.0,L14_T024,
synthetic_all_stop_counts,alighting,PETIT_LANCY_LES_ESSERTS,07:34:00,0.0,L14_T025,
synthetic_all_stop_counts,alighting,PETIT_LANCY_LES_ESSERTS,08:30:00,0.0,L14_T026,
synthetic_all_stop_counts,alighting,PETIT_LANCY_LES_ESSERTS,08:20:00,0.0,L14_T027,
synthetic_all_stop_counts,alighting,PETIT_LANCY_LES_ESSERTS,08:10:00,0.0,L14_T028,
synthetic_all_stop_counts,alighting,PETIT_LANCY_LES_ESSERTS,08:01:00,0.0,L14_T029,
synthetic_all_stop_counts,alighting,PETIT_LANCY_LES_ESSERTS,07:43:00,0.0,L14_T030,
synthetic_all_stop_counts,alighting,PETIT_LANCY_LES_ESSERTS,07:52:00,0.0,L14_T031,
synthetic_all_stop_counts,alighting,PETIT_LANCY_LES_ESSERTS,06:55:00,0.0,L14_T032,
synthetic_all_stop_counts,alighting,PETIT_LANCY_LES_ESSERTS,07:05:00,0.0,L14_T033,
synthetic_all_stop_counts,alighting,PETIT_LANCY_LES_ESSERTS,06:45:00,0.0,L14_T034,
synthetic_all_stop_counts,alighting,PETIT_LANCY_LES_ESSERTS,08:48:00,0.0,L14_T035,
synthetic_all_stop_counts,alighting,PETIT_LANCY_LES_ESSERTS,06:57:00,0.0,L14_T036,
synthetic_all_stop_counts,alighting,PETIT_LANCY_LES_ESSERTS,07:04:00,0.0,L14_T037,
synthetic_all_stop_counts,alighting,PETIT_LANCY_LES_ESSERTS,07:22:00,0.0,L14_T038,
synthetic_all_stop_counts,alighting,PETIT_LANCY_LES_ESSERTS,07:09:00,0.0,L14_T039,
synthetic_all_stop_counts,alighting,PETIT_LANCY_LES_ESSERTS,07:47:00,0.0,L14_T040,
synthetic_all_stop_counts,alighting,PETIT_LANCY_LES_ESSERTS,09:03:00,1.0,L14_T041,
synthetic_all_stop_counts,alighting,PETIT_LANCY_LES_ESSERTS,08:45:00,0.0,L14_T042,
synthetic_all_stop_counts,alighting,PETIT_LANCY_LES_ESSERTS,06:51:00,0.0,L14_T043,
synthetic_all_stop_counts,alighting,PETIT_LANCY_LES_ESSERTS,07:37:00,0.0,L14_T044,
synthetic_all_stop_counts,alighting,PETIT_LANCY_LES_ESSERTS,07:56:00,0.0,L14_T045,
synthetic_all_stop_counts,alighting,PETIT_LANCY_LES_ESSERTS,09:31:00,31.0,L14_T046,
synthetic_all_stop_counts,alighting,PETIT_LANCY_LES_ESSERTS,09:22:00,9.0,L14_T047,
synthetic_all_stop_counts,alighting,PETIT_LANCY_LES_ESSERTS,08:36:00,0.0,L14_T048,
synthetic_all_stop_counts,alighting,PETIT_LANCY_LES_ESSERTS,08:54:00,0.0,L14_T049,
synthetic_all_stop_counts,alighting,PETIT_LANCY_LES_ESSERTS,08:16:00,0.0,L14_T050,
synthetic_all_stop_counts,alighting,PETIT_LANCY_LES_ESSERTS,08:06:00,0.0,L14_T051,
synthetic_all_stop_counts,alighting,PETIT_LANCY_LES_ESSERTS,08:26:00,0.0,L14_T052,
synthetic_all_stop_counts,alighting,PETIT_LANCY_LES_ESSERTS,09:12:00,3.0,L14_T053,
synthetic_all_stop_counts,alighting,PETIT_LANCY_LES_ESSERTS,07:26:00,0.0,L14_T054,
synthetic_all_stop_counts,alighting,PETIT_LANCY_LES_ESSERTS,07:12:00,0.0,L14_T055,
synthetic_all_stop_counts,alighting,PETIT_LANCY_LES_ESSERTS,07:42:00,0.0,L14_T056,
synthetic_all_stop_counts,alighting,PETIT_LANCY_LES_ESSERTS,09:35:00,68.0,L14_T057,
synthetic_all_stop_counts,alighting,PETIT_LANCY_LES_ESSERTS,09:26:00,23.0,L14_T058,
synthetic_all_stop_counts,alighting,PETIT_LANCY_LES_ESSERTS,09:17:00,11.0,L14_T059,
synthetic_all_stop_counts,alighting,PETIT_LANCY_LES_ESSERTS,08:11:00,0.0,L14_T060,
synthetic_all_stop_counts,alighting,PETIT_LANCY_LES_ESSERTS,08:21:00,0.0,L14_T061,
synthetic_all_stop_counts,alighting,PETIT_LANCY_LES_ESSERTS,07:31:00,0.0,L14_T063,
synthetic_all_stop_counts,alighting,PETIT_LANCY_LES_ESSERTS,07:52:00,0.0,L14_T064,
synthetic_all_stop_counts,alighting,PETIT_LANCY_LES_ESSERTS,08:59:00,1.0,L14_T065,
synthetic_all_stop_counts,alighting,PETIT_LANCY_LES_ESSERTS,08:02:00,0.0,L14_T066,
synthetic_all_stop_counts,alighting,PETIT_LANCY_LES_ESSERTS,08:31:00,0.0,L14_T067,
synthetic_all_stop_counts,alighting,PETIT_LANCY_LES_ESSERTS,08:41:00,0.0,L14_T068,
synthetic_all_stop_counts,alighting,PETIT_LANCY_LES_ESSERTS,08:50:00,0.0,L14_T069,
synthetic_all_stop_counts,alighting,PETIT_LANCY_LES_ESSERTS,07:01:00,0.0,L14_T070,
synthetic_all_stop_counts,alighting,PETIT_LANCY_LES_ESSERTS,07:20:00,0.0,L14_T071,
synthetic_all_stop_counts,alighting,PETIT_LANCY_LES_ESSERTS,09:08:00,3.0,L14_T072,
synthetic_all_stop_counts,alighting,PETIT_LANCY_PLACE,09:05:00,0.0,L14_T001,
synthetic_all_stop_counts,alighting,PETIT_LANCY_PLACE,06:35:00,0.0,L14_T002,
synthetic_all_stop_counts,alighting,PETIT_LANCY_PLACE,08:17:00,0.0,L14_T003,
synthetic_all_stop_counts,alighting,PETIT_LANCY_PLACE,07:49:00,0.0,L14_T004,
synthetic_all_stop_counts,alighting,PETIT_LANCY_PLACE,06:52:00,0.0,L14_T005,
synthetic_all_stop_counts,alighting,PETIT_LANCY_PLACE,07:02:00,0.0,L14_T006,
synthetic_all_stop_counts,alighting,PETIT_LANCY_PLACE,07:12:00,0.0,L14_T007,
synthetic_all_stop_counts,alighting,PETIT_LANCY_PLACE,07:22:00,0.0,L14_T008,
synthetic_all_stop_counts,alighting,PETIT_LANCY_PLACE,07:31:00,0.0,L14_T009,
synthetic_all_stop_counts,alighting,PETIT_LANCY_PLACE,08:36:00,0.0,L14_T010,
synthetic_all_stop_counts,alighting,PETIT_LANCY_PLACE,08:26:00,0.0,L14_T011,
synthetic_all_stop_counts,alighting,PETIT_LANCY_PLACE,07:40:00,0.0,L14_T012,
synthetic_all_stop_counts,alighting,PETIT_LANCY_PLACE,08:07:00,0.0,L14_T013,
synthetic_all_stop_counts,alighting,PETIT_LANCY_PLACE,07:58:00,0.0,L14_T014,
synthetic_all_stop_counts,alighting,PETIT_LANCY_PLACE,08:45:00,0.0,L14_T017,
synthetic_all_stop_counts,alighting,PETIT_LANCY_PLACE,08:55:00,0.0,L14_T018,
synthetic_all_stop_counts,alighting,PETIT_LANCY_PLACE,06:26:00,0.0,L14_T019,
synthetic_all_stop_counts,alighting,PETIT_LANCY_PLACE,09:00:00,0.0,L14_T020,
synthetic_all_stop_counts,alighting,PETIT_LANCY_PLACE,07:17:00,0.0,L14_T021,
synthetic_all_stop_counts,alighting,PETIT_LANCY_PLACE,08:41:00,0.0,L14_T022,
synthetic_all_stop_counts,alighting,PETIT_LANCY_PLACE,09:09:00,0.0,L14_T023,
synthetic_all_stop_counts,alighting,PETIT_LANCY_PLACE,07:26:00,0.0,L14_T024,
synthetic_all_stop_counts,alighting,PETIT_LANCY_PLACE,07:35:00,0.0,L14_T025,
synthetic_all_stop_counts,alighting,PETIT_LANCY_PLACE,08:32:00,0.0,L14_T026,
synthetic_all_stop_counts,alighting,PETIT_LANCY_PLACE,08:22:00,0.0,L14_T027,
synthetic_all_stop_counts,alighting,PETIT_LANCY_PLACE,08:12:00,0.0,L14_T028,
synthetic_all_stop_counts,alighting,PETIT_LANCY_PLACE,08:03:00,0.0,L14_T029,
synthetic_all_stop_counts,alighting,PETIT_LANCY_PLACE,07:45:00,0.0,L14_T030,
synthetic_all_stop_counts,alighting,PETIT_LANCY_PLACE,07:54:00,0.0,L14_T031,
synthetic_all_stop_counts,alighting,PETIT_LANCY_PLACE,06:57:00,0.0,L14_T032,
synthetic_all_stop_counts,alighting,PETIT_LANCY_PLACE,07:07:00,0.0,L14_T033,
synthetic_all_stop_counts,alighting,PETIT_LANCY_PLACE,06:47:00,0.0,L14_T034,
synthetic_all_stop_counts,alighting,PETIT_LANCY_PLACE,08:50:00,0.0,L14_T035,
synthetic_all_stop_counts,alighting,PETIT_LANCY_PLACE,06:55:00,0.0,L14_T036,
synthetic_all_stop_counts,alighting,PETIT_LANCY_PLACE,07:03:00,0.0,L14_T037,
synthetic_all_stop_counts,alighting,PETIT_LANCY_PLACE,07:21:00,0.0,L14_T038,
synthetic_all_stop_counts,alighting,PETIT_LANCY_PLACE,07:08:00,0.0,L14_T039,
synthetic_all_stop_counts,alighting,PETIT_LANCY_PLACE,07:46:00,0.0,L14_T040,
synthetic_all_stop_counts,alighting,PETIT_LANCY_PLACE,09:02:00,0.0,L14_T041,
synthetic_all_stop_counts,alighting,PETIT_LANCY_PLACE,08:44:00,0.0,L14_T042,
synthetic_all_stop_counts,alighting,PETIT_LANCY_PLACE,06:49:00,0.0,L14_T043,
synthetic_all_stop_counts,alighting,PETIT_LANCY_PLACE,07:35:00,0.0,L14_T044,
synthetic_all_stop_counts,alighting,PETIT_LANCY_PLACE,07:54:00,0.0,L14_T045,
synthetic_all_stop_counts,alighting,PETIT_LANCY_PLACE,09:29:00,0.0,L14_T046,
synthetic_all_stop_counts,alighting,PETIT_LANCY_PLACE,09:20:00,0.0,L14_T047,
synthetic_all_stop_counts,alighting,PETIT_LANCY_PLACE,08:34:00,0.0,L14_T048,
synthetic_all_stop_counts,alighting,PETIT_LANCY_PLACE,08:53:00,0.0,L14_T049,
synthetic_all_stop_counts,alighting,PETIT_LANCY_PLACE,08:14:00,0.0,L14_T050,
synthetic_all_stop_counts,alighting,PETIT_LANCY_PLACE,08:04:00,0.0,L14_T051,
synthetic_all_stop_counts,alighting,PETIT_LANCY_PLACE,08:24:00,0.0,L14_T052,
synthetic_all_stop_counts,alighting,PETIT_LANCY_PLACE,09:11:00,0.0,L14_T053,
synthetic_all_stop_counts,alighting,PETIT_LANCY_PLACE,07:24:00,0.0,L14_T054,
synthetic_all_stop_counts,alighting,PETIT_LANCY_PLACE,07:10:00,0.0,L14_T055,
synthetic_all_stop_counts,alighting,PETIT_LANCY_PLACE,07:40:00,0.0,L14_T056,
synthetic_all_stop_counts,alighting,PETIT_LANCY_PLACE,09:34:00,0.0,L14_T057,
synthetic_all_stop_counts,alighting,PETIT_LANCY_PLACE,09:25:00,0.0,L14_T058,
synthetic_all_stop_counts,alighting,PETIT_LANCY_PLACE,09:16:00,0.0,L14_T059,
synthetic_all_stop_counts,alighting,PETIT_LANCY_PLACE,08:10:00,0.0,L14_T060,
synthetic_all_stop_counts,alighting,PETIT_LANCY_PLACE,08:20:00,0.0,L14_T061,
synthetic_all_stop_counts,alighting,PETIT_LANCY_PLACE,07:29:00,0.0,L14_T063,
synthetic_all_stop_counts,alighting,PETIT_LANCY_PLACE,07:50:00,0.0,L14_T064,
synthetic_all_stop_counts,alighting,PETIT_LANCY_PLACE,08:57:00,0.0,L14_T065,
synthetic_all_stop_counts,alighting,PETIT_LANCY_PLACE,08:00:00,0.0,L14_T066,
synthetic_all_stop_counts,alighting,PETIT_LANCY_PLACE,08:29:00,0.0,L14_T067,
synthetic_all_stop_counts,alighting,PETIT_LANCY_PLACE,08:39:00,0.0,L14_T068,
synthetic_all_stop_counts,alighting,PETIT_LANCY_PLACE,08:48:00,0.0,L14_T069,
synthetic_all_stop_counts,alighting,PETIT_LANCY_PLACE,07:00:00,0.0,L14_T070,
synthetic_all_stop_counts,alighting,PETIT_LANCY_PLACE,07:18:00,0.0,L14_T071,
synthetic_all_stop_counts,alighting,PETIT_LANCY_PLACE,09:06:00,0.0,L14_T072,
synthetic_all_stop_counts,alighting,PETIT_LANCY_QUIDORT,09:06:00,0.0,L14_T001,
synthetic_all_stop_counts,alighting,PETIT_LANCY_QUIDORT,06:37:00,0.0,L14_T002,
synthetic_all_stop_counts,alighting,PETIT_LANCY_QUIDORT,08:19:00,0.0,L14_T003,
synthetic_all_stop_counts,alighting,PETIT_LANCY_QUIDORT,07:51:00,0.0,L14_T004,
synthetic_all_stop_counts,alighting,PETIT_LANCY_QUIDORT,06:53:00,0.0,L14_T005,
synthetic_all_stop_counts,alighting,PETIT_LANCY_QUIDORT,07:03:00,0.0,L14_T006,
synthetic_all_stop_counts,alighting,PETIT_LANCY_QUIDORT,07:13:00,0.0,L14_T007,
synthetic_all_stop_counts,alighting,PETIT_LANCY_QUIDORT,07:23:00,0.0,L14_T008,
synthetic_all_stop_counts,alighting,PETIT_LANCY_QUIDORT,07:32:00,0.0,L14_T009,
synthetic_all_stop_counts,alighting,PETIT_LANCY_QUIDORT,08:38:00,0.0,L14_T010,
synthetic_all_stop_counts,alighting,PETIT_LANCY_QUIDORT,08:28:00,0.0,L14_T011,
synthetic_all_stop_counts,alighting,PETIT_LANCY_QUIDORT,07:42:00,0.0,L14_T012,
synthetic_all_stop_counts,alighting,PETIT_LANCY_QUIDORT,08:09:00,0.0,L14_T013,
synthetic_all_stop_counts,alighting,PETIT_LANCY_QUIDORT,08:00:00,0.0,L14_T014,
synthetic_all_stop_counts,alighting,PETIT_LANCY_QUIDORT,08:47:00,0.0,L14_T017,
synthetic_all_stop_counts,alighting,PETIT_LANCY_QUIDORT,08:57:00,0.0,L14_T018,
synthetic_all_stop_counts,alighting,PETIT_LANCY_QUIDORT,06:27:00,0.0,L14_T019,
synthetic_all_stop_counts,alighting,PETIT_LANCY_QUIDORT,09:01:00,0.0,L14_T020,
synthetic_all_stop_counts,alighting,PETIT_LANCY_QUIDORT,07:19:00,0.0,L14_T021,
synthetic_all_stop_counts,alighting,PETIT_LANCY_QUIDORT,08:43:00,0.0,L14_T022,
synthetic_all_stop_counts,alighting,PETIT_LANCY_QUIDORT,09:11:00,0.0,L14_T023,
synthetic_all_stop_counts,alighting,PETIT_LANCY_QUIDORT,07:28:00,0.0,L14_T024,
synthetic_all_stop_counts,alighting,PETIT_LANCY_QUIDORT,07:37:00,0.0,L14_T025,
synthetic_all_stop_counts,alighting,PETIT_LANCY_QUIDORT,08:33:00,0.0,L14_T026,
synthetic_all_stop_counts,alighting,PETIT_LANCY_QUIDORT,08:23:00,0.0,L14_T027,
synthetic_all_stop_counts,alighting,PETIT_LANCY_QUIDORT,08:13:00,0.0,L14_T028,
synthetic_all_stop_counts,alighting,PETIT_LANCY_QUIDORT,08:04:00,0.0,L14_T029,
synthetic_all_stop_counts,alighting,PETIT_LANCY_QUIDORT,07:46:00,0.0,L14_T030,
synthetic_all_stop_counts,alighting,PETIT_LANCY_QUIDORT,07:56:00,0.0,L14_T031,
synthetic_all_stop_counts,alighting,PETIT_LANCY_QUIDORT,06:58:00,0.0,L14_T032,
synthetic_all_stop_counts,alighting,PETIT_LANCY_QUIDORT,07:08:00,0.0,L14_T033,
synthetic_all_stop_counts,alighting,PETIT_LANCY_QUIDORT,06:48:00,0.0,L14_T034,
synthetic_all_stop_counts,alighting,PETIT_LANCY_QUIDORT,08:52:00,0.0,L14_T035,
synthetic_all_stop_counts,alighting,PETIT_LANCY_QUIDORT,06:54:00,0.0,L14_T036,
synthetic_all_stop_counts,alighting,PETIT_LANCY_QUIDORT,07:01:00,0.0,L14_T037,
synthetic_all_stop_counts,alighting,PETIT_LANCY_QUIDORT,07:19:00,0.0,L14_T038,
synthetic_all_stop_counts,alighting,PETIT_LANCY_QUIDORT,07:06:00,0.0,L14_T039,
synthetic_all_stop_counts,alighting,PETIT_LANCY_QUIDORT,07:44:00,0.0,L14_T040,
synthetic_all_stop_counts,alighting,PETIT_LANCY_QUIDORT,09:00:00,0.0,L14_T041,
synthetic_all_stop_counts,alighting,PETIT_LANCY_QUIDORT,08:42:00,0.0,L14_T042,
synthetic_all_stop_counts,alighting,PETIT_LANCY_QUIDORT,06:48:00,0.0,L14_T043,
synthetic_all_stop_counts,alighting,PETIT_LANCY_QUIDORT,07:34:00,0.0,L14_T044,
synthetic_all_stop_counts,alighting,PETIT_LANCY_QUIDORT,07:53:00,0.0,L14_T045,
synthetic_all_stop_counts,alighting,PETIT_LANCY_QUIDORT,09:27:00,0.0,L14_T046,
synthetic_all_stop_counts,alighting,PETIT_LANCY_QUIDORT,09:18:00,0.0,L14_T047,
synthetic_all_stop_counts,alighting,PETIT_LANCY_QUIDORT,08:32:00,0.0,L14_T048,
synthetic_all_stop_counts,alighting,PETIT_LANCY_QUIDORT,08:51:00,0.0,L14_T049,
synthetic_all_stop_counts,alighting,PETIT_LANCY_QUIDORT,08:13:00,0.0,L14_T050,
synthetic_all_stop_counts,alighting,PETIT_LANCY_QUIDORT,08:03:00,0.0,L14_T051,
synthetic_all_stop_counts,alighting,PETIT_LANCY_QUIDORT,08:23:00,0.0,L14_T052,
synthetic_all_stop_counts,alighting,PETIT_LANCY_QUIDORT,09:09:00,0.0,L14_T053,
synthetic_all_stop_counts,alighting,PETIT_LANCY_QUIDORT,07:23:00,0.0,L14_T054,
synthetic_all_stop_counts,alighting,PETIT_LANCY_QUIDORT,07:09:00,0.0,L14_T055,
synthetic_all_stop_counts,alighting,PETIT_LANCY_QUIDORT,07:39:00,0.0,L14_T056,
synthetic_all_stop_counts,alighting,PETIT_LANCY_QUIDORT,09:32:00,0.0,L14_T057,
synthetic_all_stop_counts,alighting,PETIT_LANCY_QUIDORT,09:23:00,0.0,L14_T058,
synthetic_all_stop_counts,alighting,PETIT_LANCY_QUIDORT,09:14:00,0.0,L14_T059,
synthetic_all_stop_counts,alighting,PETIT_LANCY_QUIDORT,08:08:00,0.0,L14_T060,
synthetic_all_stop_counts,alighting,PETIT_LANCY_QUIDORT,08:18:00,0.0,L14_T061,
synthetic_all_stop_counts,alighting,PETIT_LANCY_QUIDORT,07:28:00,0.0,L14_T063,
synthetic_all_stop_counts,alighting,PETIT_LANCY_QUIDORT,07:48:00,0.0,L14_T064,
synthetic_all_stop_counts,alighting,PETIT_LANCY_QUIDORT,08:56:00,0.0,L14_T065,
synthetic_all_stop_counts,alighting,PETIT_LANCY_QUIDORT,07:58:00,0.0,L14_T066,
synthetic_all_stop_counts,alighting,PETIT_LANCY_QUIDORT,08:27:00,0.0,L14_T067,
synthetic_all_stop_counts,alighting,PETIT_LANCY_QUIDORT,08:37:00,0.0,L14_T068,
synthetic_all_stop_counts,alighting,PETIT_LANCY_QUIDORT,08:46:00,0.0,L14_T069,
synthetic_all_stop_counts,alighting,PETIT_LANCY_QUIDORT,06:58:00,0.0,L14_T070,
synthetic_all_stop_counts,alighting,PETIT_LANCY_QUIDORT,07:17:00,0.0,L14_T071,
synthetic_all_stop_counts,alighting,PETIT_LANCY_QUIDORT,09:05:00,0.0,L14_T072,
synthetic_all_stop_counts,alighting,PLAN_LES_OUATES_TREFLE_BLANC,06:51:00,0.0,L18_T001,
synthetic_all_stop_counts,alighting,PLAN_LES_OUATES_TREFLE_BLANC,06:31:00,0.0,L18_T002,
synthetic_all_stop_counts,alighting,PLAN_LES_OUATES_TREFLE_BLANC,08:06:00,0.0,L18_T003,
synthetic_all_stop_counts,alighting,PLAN_LES_OUATES_TREFLE_BLANC,07:10:00,0.0,L18_T004,
synthetic_all_stop_counts,alighting,PLAN_LES_OUATES_TREFLE_BLANC,08:43:00,0.0,L18_T005,
synthetic_all_stop_counts,alighting,PLAN_LES_OUATES_TREFLE_BLANC,09:02:00,0.0,L18_T006,
synthetic_all_stop_counts,alighting,PLAN_LES_OUATES_TREFLE_BLANC,07:47:00,0.0,L18_T007,
synthetic_all_stop_counts,alighting,PLAN_LES_OUATES_TREFLE_BLANC,08:24:00,0.0,L18_T008,
synthetic_all_stop_counts,alighting,PLAN_LES_OUATES_TREFLE_BLANC,07:28:00,0.0,L18_T009,
synthetic_all_stop_counts,alighting,PLAN_LES_OUATES_TREFLE_BLANC,06:41:00,0.0,L18_T010,
synthetic_all_stop_counts,alighting,PLAN_LES_OUATES_TREFLE_BLANC,07:01:00,0.0,L18_T011,
synthetic_all_stop_counts,alighting,PLAN_LES_OUATES_TREFLE_BLANC,08:15:00,0.0,L18_T012,
synthetic_all_stop_counts,alighting,PLAN_LES_OUATES_TREFLE_BLANC,08:34:00,0.0,L18_T013,
synthetic_all_stop_counts,alighting,PLAN_LES_OUATES_TREFLE_BLANC,08:53:00,0.0,L18_T014,
synthetic_all_stop_counts,alighting,PLAN_LES_OUATES_TREFLE_BLANC,07:38:00,0.0,L18_T015,
synthetic_all_stop_counts,alighting,PLAN_LES_OUATES_TREFLE_BLANC,07:19:00,0.0,L18_T016,
synthetic_all_stop_counts,alighting,PLAN_LES_OUATES_TREFLE_BLANC,07:56:00,0.0,L18_T017,
synthetic_all_stop_counts,alighting,PLAN_LES_OUATES_TREFLE_BLANC,07:30:00,0.0,L18_T018,
synthetic_all_stop_counts,alighting,PLAN_LES_OUATES_TREFLE_BLANC,07:14:00,0.0,L18_T019,
synthetic_all_stop_counts,alighting,PLAN_LES_OUATES_TREFLE_BLANC,07:46:00,0.0,L18_T020,
synthetic_all_stop_counts,alighting,PLAN_LES_OUATES_TREFLE_BLANC,09:03:00,0.0,L18_T021,
synthetic_all_stop_counts,alighting,PLAN_LES_OUATES_TREFLE_BLANC,08:05:00,0.0,L18_T022,
synthetic_all_stop_counts,alighting,PLAN_LES_OUATES_TREFLE_BLANC,08:25:00,0.0,L18_T023,
synthetic_all_stop_counts,alighting,PLAN_LES_OUATES_TREFLE_BLANC,09:22:00,0.0,L18_T024,
synthetic_all_stop_counts,alighting,PLAN_LES_OUATES_TREFLE_BLANC,09:40:00,0.0,L18_T025,
synthetic_all_stop_counts,alighting,PLAN_LES_OUATES_TREFLE_BLANC,08:45:00,0.0,L18_T026,
synthetic_all_stop_counts,alighting,PLAN_LES_OUATES_TREFLE_BLANC,07:00:00,0.0,L18_T027,
synthetic_all_stop_counts,alighting,PLAN_LES_OUATES_TREFLE_BLANC,08:35:00,0.0,L18_T028,
synthetic_all_stop_counts,alighting,PLAN_LES_OUATES_TREFLE_BLANC,07:24:00,0.0,L18_T029,
synthetic_all_stop_counts,alighting,PLAN_LES_OUATES_TREFLE_BLANC,07:36:00,0.0,L18_T030,
synthetic_all_stop_counts,alighting,PLAN_LES_OUATES_TREFLE_BLANC,09:12:00,0.0,L18_T031,
synthetic_all_stop_counts,alighting,PLAN_LES_OUATES_TREFLE_BLANC,08:54:00,0.0,L18_T032,
synthetic_all_stop_counts,alighting,PLAN_LES_OUATES_TREFLE_BLANC,08:15:00,0.0,L18_T033,
synthetic_all_stop_counts,alighting,PLAN_LES_OUATES_TREFLE_BLANC,07:56:00,0.0,L18_T034,
synthetic_all_stop_counts,alighting,PLAN_LES_OUATES_TREFLE_BLANC,09:31:00,0.0,L18_T035,
synthetic_all_stop_counts,alighting,THONEX_GRAVESON,07:04:00,0.0,L12_T001,
synthetic_all_stop_counts,alighting,THONEX_GRAVESON,07:45:00,0.0,L12_T002,
synthetic_all_stop_counts,alighting,THONEX_GRAVESON,09:09:00,0.0,L12_T003,
synthetic_all_stop_counts,alighting,THONEX_GRAVESON,07:54:00,0.0,L12_T004,
synthetic_all_stop_counts,alighting,THONEX_GRAVESON,08:22:00,0.0,L12_T005,
synthetic_all_stop_counts,alighting,THONEX_GRAVESON,08:50:00,0.0,L12_T006,
synthetic_all_stop_counts,alighting,THONEX_GRAVESON,07:24:00,0.0,L12_T007,
synthetic_all_stop_counts,alighting,THONEX_GRAVESON,07:14:00,0.0,L12_T008,
synthetic_all_stop_counts,alighting,THONEX_GRAVESON,07:34:00,0.0,L12_T009,
synthetic_all_stop_counts,alighting,THONEX_GRAVESON,08:32:00,0.0,L12_T010,
synthetic_all_stop_counts,alighting,THONEX_GRAVESON,09:00:00,0.0,L12_T011,
synthetic_all_stop_counts,alighting,THONEX_GRAVESON,08:04:00,0.0,L12_T012,
synthetic_all_stop_counts,alighting,THONEX_GRAVESON,09:19:00,0.0,L12_T013,
synthetic_all_stop_counts,alighting,THONEX_GRAVESON,08:13:00,0.0,L12_T014,
synthetic_all_stop_counts,alighting,THONEX_GRAVESON,08:41:00,0.0,L12_T015,
synthetic_all_stop_counts,alighting,THONEX_GRAVESON,09:28:00,0.0,L12_T016,
synthetic_all_stop_counts,alighting,THONEX_GRAVESON,09:23:00,0.0,L12_T017,
synthetic_all_stop_counts,alighting,THONEX_GRAVESON,08:36:00,0.0,L12_T018,
synthetic_all_stop_counts,alighting,THONEX_GRAVESON,07:09:00,0.0,L12_T019,
synthetic_all_stop_counts,alighting,THONEX_GRAVESON,07:19:00,0.0,L12_T020,
synthetic_all_stop_counts,alighting,THONEX_GRAVESON,07:29:00,0.0,L12_T021,
synthetic_all_stop_counts,alighting,THONEX_GRAVESON,07:02:00,0.0,L12_T022,
synthetic_all_stop_counts,alighting,THONEX_GRAVESON,07:40:00,0.0,L12_T023,
synthetic_all_stop_counts,alighting,THONEX_GRAVESON,07:49:00,0.0,L12_T024,
synthetic_all_stop_counts,alighting,THONEX_GRAVESON,08:08:00,0.0,L12_T025,
synthetic_all_stop_counts,alighting,THONEX_GRAVESON,09:33:00,0.0,L12_T026,
synthetic_all_stop_counts,alighting,THONEX_GRAVESON,08:55:00,0.0,L12_T027,
synthetic_all_stop_counts,alighting,THONEX_GRAVESON,09:05:00,0.0,L12_T028,
synthetic_all_stop_counts,alighting,THONEX_GRAVESON,08:18:00,0.0,L12_T029,
synthetic_all_stop_counts,alighting,THONEX_GRAVESON,08:46:00,0.0,L12_T030,
synthetic_all_stop_counts,alighting,THONEX_GRAVESON,09:14:00,0.0,L12_T031,
synthetic_all_stop_counts,alighting,THONEX_GRAVESON,08:27:00,0.0,L12_T032,
synthetic_all_stop_counts,alighting,THONEX_GRAVESON,07:59:00,0.0,L12_T033,
synthetic_all_stop_counts,alighting,THONEX_GRAVESON,07:07:00,0.0,L12_T034,
synthetic_all_stop_counts,alighting,THONEX_GRAVESON,09:00:00,0.0,L12_T035,
synthetic_all_stop_counts,alighting,THONEX_GRAVESON,06:46:00,0.0,L12_T036,
synthetic_all_stop_counts,alighting,THONEX_GRAVESON,06:35:00,0.0,L12_T037,
synthetic_all_stop_counts,alighting,THONEX_GRAVESON,07:16:00,0.0,L12_T038,
synthetic_all_stop_counts,alighting,THONEX_GRAVESON,07:35:00,0.0,L12_T039,
synthetic_all_stop_counts,alighting,THONEX_GRAVESON,08:41:00,0.0,L12_T040,
synthetic_all_stop_counts,alighting,THONEX_GRAVESON,07:54:00,0.0,L12_T041,
synthetic_all_stop_counts,alighting,THONEX_GRAVESON,08:13:00,0.0,L12_T042,
synthetic_all_stop_counts,alighting,THONEX_GRAVESON,06:55:00,0.0,L12_T043,
synthetic_all_stop_counts,alighting,THONEX_GRAVESON,08:22:00,0.0,L12_T044,
synthetic_all_stop_counts,alighting,THONEX_GRAVESON,07:25:00,0.0,L12_T045,
synthetic_all_stop_counts,alighting,THONEX_GRAVESON,08:03:00,0.0,L12_T046,
synthetic_all_stop_counts,alighting,THONEX_GRAVESON,07:44:00,0.0,L12_T047,
synthetic_all_stop_counts,alighting,THONEX_GRAVESON,08:31:00,0.0,L12_T048,
synthetic_all_stop_counts,alighting,THONEX_GRAVESON,08:50:00,0.0,L12_T049,
synthetic_all_stop_counts,alighting,THONEX_GRAVESON,08:55:00,0.0,L12_T050,
synthetic_all_stop_counts,alighting,THONEX_GRAVESON,06:27:00,0.0,L12_T051,
synthetic_all_stop_counts,alighting,THONEX_GRAVESON,06:41:00,0.0,L12_T052,
synthetic_all_stop_counts,alighting,THONEX_GRAVESON,06:50:00,0.0,L12_T053,
synthetic_all_stop_counts,alighting,THONEX_GRAVESON,07:01:00,0.0,L12_T054,
synthetic_all_stop_counts,alighting,THONEX_GRAVESON,07:21:00,0.0,L12_T055,
synthetic_all_stop_counts,alighting,THONEX_GRAVESON,08:46:00,0.0,L12_T056,
synthetic_all_stop_counts,alighting,THONEX_GRAVESON,08:17:00,0.0,L12_T057,
synthetic_all_stop_counts,alighting,THONEX_GRAVESON,08:27:00,0.0,L12_T058,
synthetic_all_stop_counts,alighting,THONEX_GRAVESON,07:11:00,0.0,L12_T059,
synthetic_all_stop_counts,alighting,THONEX_GRAVESON,07:30:00,0.0,L12_T060,
synthetic_all_stop_counts,alighting,THONEX_GRAVESON,07:59:00,0.0,L12_T061,
synthetic_all_stop_counts,alighting,THONEX_GRAVESON,07:49:00,0.0,L12_T062,
synthetic_all_stop_counts,alighting,THONEX_GRAVESON,08:36:00,0.0,L12_T063,
synthetic_all_stop_counts,alighting,THONEX_GRAVESON,08:08:00,0.0,L12_T064,
synthetic_all_stop_counts,alighting,THONEX_GRAVESON,07:39:00,0.0,L12_T065,
synthetic_all_stop_counts,alighting,THONEX_MOILLESULAZ,07:06:00,0.0,L12_T001,
synthetic_all_stop_counts,alighting,THONEX_MOILLESULAZ,07:47:00,0.0,L12_T002,
synthetic_all_stop_counts,alighting,THONEX_MOILLESULAZ,09:11:00,4.0,L12_T003,
synthetic_all_stop_counts,alighting,THONEX_MOILLESULAZ,07:56:00,0.0,L12_T004,
synthetic_all_stop_counts,alighting,THONEX_MOILLESULAZ,08:24:00,0.0,L12_T005,
synthetic_all_stop_counts,alighting,THONEX_MOILLESULAZ,08:52:00,0.0,L12_T006,
synthetic_all_stop_counts,alighting,THONEX_MOILLESULAZ,07:26:00,0.0,L12_T007,
synthetic_all_stop_counts,alighting,THONEX_MOILLESULAZ,07:16:00,0.0,L12_T008,
synthetic_all_stop_counts,alighting,THONEX_MOILLESULAZ,07:36:00,0.0,L12_T009,
synthetic_all_stop_counts,alighting,THONEX_MOILLESULAZ,08:34:00,0.0,L12_T010,
synthetic_all_stop_counts,alighting,THONEX_MOILLESULAZ,09:02:00,1.0,L12_T011,
synthetic_all_stop_counts,alighting,THONEX_MOILLESULAZ,08:06:00,0.0,L12_T012,
synthetic_all_stop_counts,alighting,THONEX_MOILLESULAZ,09:21:00,12.0,L12_T013,
synthetic_all_stop_counts,alighting,THONEX_MOILLESULAZ,08:15:00,0.0,L12_T014,
synthetic_all_stop_counts,alighting,THONEX_MOILLESULAZ,08:43:00,0.0,L12_T015,
synthetic_all_stop_counts,alighting,THONEX_MOILLESULAZ,09:30:00,40.0,L12_T016,
synthetic_all_stop_counts,alighting,THONEX_MOILLESULAZ,09:25:00,34.0,L12_T017,
synthetic_all_stop_counts,alighting,THONEX_MOILLESULAZ,08:38:00,0.0,L12_T018,
synthetic_all_stop_counts,alighting,THONEX_MOILLESULAZ,07:11:00,0.0,L12_T019,
synthetic_all_stop_counts,alighting,THONEX_MOILLESULAZ,07:21:00,0.0,L12_T020,
synthetic_all_stop_counts,alighting,THONEX_MOILLESULAZ,07:31:00,0.0,L12_T021,
synthetic_all_stop_counts,alighting,THONEX_MOILLESULAZ,07:04:00,0.0,L12_T022,
synthetic_all_stop_counts,alighting,THONEX_MOILLESULAZ,07:42:00,0.0,L12_T023,
synthetic_all_stop_counts,alighting,THONEX_MOILLESULAZ,07:51:00,0.0,L12_T024,
synthetic_all_stop_counts,alighting,THONEX_MOILLESULAZ,08:10:00,0.0,L12_T025,
synthetic_all_stop_counts,alighting,THONEX_MOILLESULAZ,09:35:00,99.0,L12_T026,
synthetic_all_stop_counts,alighting,THONEX_MOILLESULAZ,08:57:00,1.0,L12_T027,
synthetic_all_stop_counts,alighting,THONEX_MOILLESULAZ,09:07:00,3.0,L12_T028,
synthetic_all_stop_counts,alighting,THONEX_MOILLESULAZ,08:20:00,0.0,L12_T029,
synthetic_all_stop_counts,alighting,THONEX_MOILLESULAZ,08:48:00,0.0,L12_T030,
synthetic_all_stop_counts,alighting,THONEX_MOILLESULAZ,09:16:00,10.0,L12_T031,
synthetic_all_stop_counts,alighting,THONEX_MOILLESULAZ,08:29:00,0.0,L12_T032,
synthetic_all_stop_counts,alighting,THONEX_MOILLESULAZ,08:01:00,0.0,L12_T033,
synthetic_all_stop_counts,alighting,THONEX_MOILLESULAZ,07:05:00,0.0,L12_T034,
synthetic_all_stop_counts,alighting,THONEX_MOILLESULAZ,08:58:00,0.0,L12_T035,
synthetic_all_stop_counts,alighting,THONEX_MOILLESULAZ,06:44:00,0.0,L12_T036,
synthetic_all_stop_counts,alighting,THONEX_MOILLESULAZ,06:33:00,0.0,L12_T037,
synthetic_all_stop_counts,alighting,THONEX_MOILLESULAZ,07:14:00,0.0,L12_T038,
synthetic_all_stop_counts,alighting,THONEX_MOILLESULAZ,07:33:00,0.0,L12_T039,
synthetic_all_stop_counts,alighting,THONEX_MOILLESULAZ,08:39:00,0.0,L12_T040,
synthetic_all_stop_counts,alighting,THONEX_MOILLESULAZ,07:52:00,0.0,L12_T041,
synthetic_all_stop_counts,alighting,THONEX_MOILLESULAZ,08:11:00,0.0,L12_T042,
synthetic_all_stop_counts,alighting,THONEX_MOILLESULAZ,06:53:00,0.0,L12_T043,
synthetic_all_stop_counts,alighting,THONEX_MOILLESULAZ,08:20:00,0.0,L12_T044,
synthetic_all_stop_counts,alighting,THONEX_MOILLESULAZ,07:23:00,0.0,L12_T045,
synthetic_all_stop_counts,alighting,THONEX_MOILLESULAZ,08:01:00,0.0,L12_T046,
synthetic_all_stop_counts,alighting,THONEX_MOILLESULAZ,07:42:00,0.0,L12_T047,
synthetic_all_stop_counts,alighting,THONEX_MOILLESULAZ,08:29:00,0.0,L12_T048,
synthetic_all_stop_counts,alighting,THONEX_MOILLESULAZ,08:48:00,0.0,L12_T049,
synthetic_all_stop_counts,alighting,THONEX_MOILLESULAZ,08:53:00,0.0,L12_T050,
synthetic_all_stop_counts,alighting,THONEX_MOILLESULAZ,06:25:00,0.0,L12_T051,
synthetic_all_stop_counts,alighting,THONEX_MOILLESULAZ,06:39:00,0.0,L12_T052,
synthetic_all_stop_counts,alighting,THONEX_MOILLESULAZ,06:48:00,0.0,L12_T053,
synthetic_all_stop_counts,alighting,THONEX_MOILLESULAZ,06:59:00,0.0,L12_T054,
synthetic_all_stop_counts,alighting,THONEX_MOILLESULAZ,07:19:00,0.0,L12_T055,
synthetic_all_stop_counts,alighting,THONEX_MOILLESULAZ,08:44:00,0.0,L12_T056,
synthetic_all_stop_counts,alighting,THONEX_MOILLESULAZ,08:15:00,0.0,L12_T057,
synthetic_all_stop_counts,alighting,THONEX_MOILLESULAZ,08:25:00,0.0,L12_T058,
synthetic_all_stop_counts,alighting,THONEX_MOILLESULAZ,07:09:00,0.0,L12_T059,
synthetic_all_stop_counts,alighting,THONEX_MOILLESULAZ,07:28:00,0.0,L12_T060,
synthetic_all_stop_counts,alighting,THONEX_MOILLESULAZ,07:57:00,0.0,L12_T061,
synthetic_all_stop_counts,alighting,THONEX_MOILLESULAZ,07:47:00,0.0,L12_T062,
synthetic_all_stop_counts,alighting,THONEX_MOILLESULAZ,08:34:00,0.0,L12_T063,
synthetic_all_stop_counts,alighting,THONEX_MOILLESULAZ,08:06:00,0.0,L12_T064,
synthetic_all_stop_counts,alighting,THONEX_MOILLESULAZ,07:37:00,0.0,L12_T065,
synthetic_all_stop_counts,alighting,VERNIER_AVANCHETS_ETANG,09:31:00,28.0,L14_T001,
synthetic_all_stop_counts,alighting,VERNIER_AVANCHETS_ETANG,07:00:00,0.0,L14_T002,
synthetic_all_stop_counts,alighting,VERNIER_AVANCHETS_ETANG,08:44:00,0.0,L14_T003,
synthetic_all_stop_counts,alighting,VERNIER_AVANCHETS_ETANG,08:17:00,0.0,L14_T004,
synthetic_all_stop_counts,alighting,VERNIER_AVANCHETS_ETANG,07:17:00,0.0,L14_T005,
synthetic_all_stop_counts,alighting,VERNIER_AVANCHETS_ETANG,07:27:00,0.0,L14_T006,
synthetic_all_stop_counts,alighting,VERNIER_AVANCHETS_ETANG,07:37:00,0.0,L14_T007,
synthetic_all_stop_counts,alighting,VERNIER_AVANCHETS_ETANG,07:48:00,0.0,L14_T008,
synthetic_all_stop_counts,alighting,VERNIER_AVANCHETS_ETANG,07:58:00,0.0,L14_T009,
synthetic_all_stop_counts,alighting,VERNIER_AVANCHETS_ETANG,09:03:00,1.0,L14_T010,
synthetic_all_stop_counts,alighting,VERNIER_AVANCHETS_ETANG,08:53:00,0.0,L14_T011,
synthetic_all_stop_counts,alighting,VERNIER_AVANCHETS_ETANG,08:08:00,0.0,L14_T012,
synthetic_all_stop_counts,alighting,VERNIER_AVANCHETS_ETANG,08:35:00,0.0,L14_T013,
synthetic_all_stop_counts,alighting,VERNIER_AVANCHETS_ETANG,08:26:00,0.0,L14_T014,
synthetic_all_stop_counts,alighting,VERNIER_AVANCHETS_ETANG,09:12:00,3.0,L14_T017,
synthetic_all_stop_counts,alighting,VERNIER_AVANCHETS_ETANG,09:22:00,7.0,L14_T018,
synthetic_all_stop_counts,alighting,VERNIER_AVANCHETS_ETANG,06:51:00,0.0,L14_T019,
synthetic_all_stop_counts,alighting,VERNIER_AVANCHETS_ETANG,09:26:00,3.0,L14_T020,
synthetic_all_stop_counts,alighting,VERNIER_AVANCHETS_ETANG,07:44:00,0.0,L14_T021,
synthetic_all_stop_counts,alighting,VERNIER_AVANCHETS_ETANG,09:08:00,0.0,L14_T022,
synthetic_all_stop_counts,alighting,VERNIER_AVANCHETS_ETANG,09:36:00,8.0,L14_T023,
synthetic_all_stop_counts,alighting,VERNIER_AVANCHETS_ETANG,07:53:00,0.0,L14_T024,
synthetic_all_stop_counts,alighting,VERNIER_AVANCHETS_ETANG,08:03:00,0.0,L14_T025,
synthetic_all_stop_counts,alighting,VERNIER_AVANCHETS_ETANG,08:58:00,0.0,L14_T026,
synthetic_all_stop_counts,alighting,VERNIER_AVANCHETS_ETANG,08:49:00,0.0,L14_T027,
synthetic_all_stop_counts,alighting,VERNIER_AVANCHETS_ETANG,08:39:00,0.0,L14_T028,
synthetic_all_stop_counts,alighting,VERNIER_AVANCHETS_ETANG,08:31:00,0.0,L14_T029,
synthetic_all_stop_counts,alighting,VERNIER_AVANCHETS_ETANG,08:13:00,0.0,L14_T030,
synthetic_all_stop_counts,alighting,VERNIER_AVANCHETS_ETANG,08:22:00,0.0,L14_T031,
synthetic_all_stop_counts,alighting,VERNIER_AVANCHETS_ETANG,07:22:00,0.0,L14_T032,
synthetic_all_stop_counts,alighting,VERNIER_AVANCHETS_ETANG,07:32:00,0.0,L14_T033,
synthetic_all_stop_counts,alighting,VERNIER_AVANCHETS_ETANG,07:12:00,0.0,L14_T034,
synthetic_all_stop_counts,alighting,VERNIER_AVANCHETS_ETANG,09:17:00,2.0,L14_T035,
synthetic_all_stop_counts,alighting,VERNIER_AVANCHETS_ETANG,06:29:00,0.0,L14_T036,
synthetic_all_stop_counts,alighting,VERNIER_AVANCHETS_ETANG,06:36:00,0.0,L14_T037,
synthetic_all_stop_counts,alighting,VERNIER_AVANCHETS_ETANG,06:54:00,0.0,L14_T038,
synthetic_all_stop_counts,alighting,VERNIER_AVANCHETS_ETANG,06:41:00,0.0,L14_T039,
synthetic_all_stop_counts,alighting,VERNIER_AVANCHETS_ETANG,07:18:00,0.0,L14_T040,
synthetic_all_stop_counts,alighting,VERNIER_AVANCHETS_ETANG,08:34:00,0.0,L14_T041,
synthetic_all_stop_counts,alighting,VERNIER_AVANCHETS_ETANG,08:16:00,0.0,L14_T042,
synthetic_all_stop_counts,alighting,VERNIER_AVANCHETS_ETANG,06:23:00,0.0,L14_T043,
synthetic_all_stop_counts,alighting,VERNIER_AVANCHETS_ETANG,07:09:00,0.0,L14_T044,
synthetic_all_stop_counts,alighting,VERNIER_AVANCHETS_ETANG,07:27:00,0.0,L14_T045,
synthetic_all_stop_counts,alighting,VERNIER_AVANCHETS_ETANG,09:02:00,0.0,L14_T046,
synthetic_all_stop_counts,alighting,VERNIER_AVANCHETS_ETANG,08:53:00,0.0,L14_T047,
synthetic_all_stop_counts,alighting,VERNIER_AVANCHETS_ETANG,08:06:00,0.0,L14_T048,
synthetic_all_stop_counts,alighting,VERNIER_AVANCHETS_ETANG,08:25:00,0.0,L14_T049,
synthetic_all_stop_counts,alighting,VERNIER_AVANCHETS_ETANG,07:46:00,0.0,L14_T050,
synthetic_all_stop_counts,alighting,VERNIER_AVANCHETS_ETANG,07:36:00,0.0,L14_T051,
synthetic_all_stop_counts,alighting,VERNIER_AVANCHETS_ETANG,07:56:00,0.0,L14_T052,
synthetic_all_stop_counts,alighting,VERNIER_AVANCHETS_ETANG,08:43:00,0.0,L14_T053,
synthetic_all_stop_counts,alighting,VERNIER_AVANCHETS_ETANG,06:58:00,0.0,L14_T054,
synthetic_all_stop_counts,alighting,VERNIER_AVANCHETS_ETANG,06:44:00,0.0,L14_T055,
synthetic_all_stop_counts,alighting,VERNIER_AVANCHETS_ETANG,07:13:00,0.0,L14_T056,
synthetic_all_stop_counts,alighting,VERNIER_AVANCHETS_ETANG,09:06:00,0.0,L14_T057,
synthetic_all_stop_counts,alighting,VERNIER_AVANCHETS_ETANG,08:57:00,0.0,L14_T058,
synthetic_all_stop_counts,alighting,VERNIER_AVANCHETS_ETANG,08:48:00,0.0,L14_T059,
synthetic_all_stop_counts,alighting,VERNIER_AVANCHETS_ETANG,07:42:00,0.0,L14_T060,
synthetic_all_stop_counts,alighting,VERNIER_AVANCHETS_ETANG,07:52:00,0.0,L14_T061,
synthetic_all_stop_counts,alighting,VERNIER_AVANCHETS_ETANG,07:03:00,0.0,L14_T063,
synthetic_all_stop_counts,alighting,VERNIER_AVANCHETS_ETANG,07:23:00,0.0,L14_T064,
synthetic_all_stop_counts,alighting,VERNIER_AVANCHETS_ETANG,08:30:00,0.0,L14_T065,
synthetic_all_stop_counts,alighting,VERNIER_AVANCHETS_ETANG,07:32:00,0.0,L14_T066,
synthetic_all_stop_counts,alighting,VERNIER_AVANCHETS_ETANG,08:01:00,0.0,L14_T067,
synthetic_all_stop_counts,alighting,VERNIER_AVANCHETS_ETANG,08:11:00,0.0,L14_T068,
synthetic_all_stop_counts,alighting,VERNIER_AVANCHETS_ETANG,08:20:00,0.0,L14_T069,
synthetic_all_stop_counts,alighting,VERNIER_AVANCHETS_ETANG,06:33:00,0.0,L14_T070,
synthetic_all_stop_counts,alighting,VERNIER_AVANCHETS_ETANG,06:52:00,0.0,L14_T071,
synthetic_all_stop_counts,alighting,VERNIER_AVANCHETS_ETANG,08:39:00,0.0,L14_T072,
synthetic_all_stop_counts,alighting,VERNIER_AVANCHETS_ETANG,07:25:00,0.0,L18_T001,
synthetic_all_stop_counts,alighting,VERNIER_AVANCHETS_ETANG,07:05:00,0.0,L18_T002,
synthetic_all_stop_counts,alighting,VERNIER_AVANCHETS_ETANG,08:42:00,0.0,L18_T003,
synthetic_all_stop_counts,alighting,VERNIER_AVANCHETS_ETANG,07:46:00,0.0,L18_T004,
synthetic_all_stop_counts,alighting,VERNIER_AVANCHETS_ETANG,09:19:00,5.0,L18_T005,
synthetic_all_stop_counts,alighting,VERNIER_AVANCHETS_ETANG,09:38:00,32.0,L18_T006,
synthetic_all_stop_counts,alighting,VERNIER_AVANCHETS_ETANG,08:24:00,0.0,L18_T007,
synthetic_all_stop_counts,alighting,VERNIER_AVANCHETS_ETANG,09:01:00,0.0,L18_T008,
synthetic_all_stop_counts,alighting,VERNIER_AVANCHETS_ETANG,08:05:00,0.0,L18_T009,
synthetic_all_stop_counts,alighting,VERNIER_AVANCHETS_ETANG,07:15:00,0.0,L18_T010,
synthetic_all_stop_counts,alighting,VERNIER_AVANCHETS_ETANG,07:35:00,0.0,L18_T011,
synthetic_all_stop_counts,alighting,VERNIER_AVANCHETS_ETANG,08:51:00,0.0,L18_T012,
synthetic_all_stop_counts,alighting,VERNIER_AVANCHETS_ETANG,09:10:00,2.0,L18_T013,
synthetic_all_stop_counts,alighting,VERNIER_AVANCHETS_ETANG,09:29:00,12.0,L18_T014,
synthetic_all_stop_counts,alighting,VERNIER_AVANCHETS_ETANG,08:15:00,0.0,L18_T015,
synthetic_all_stop_counts,alighting,VERNIER_AVANCHETS_ETANG,07:55:00,0.0,L18_T016,
synthetic_all_stop_counts,alighting,VERNIER_AVANCHETS_ETANG,08:33:00,0.0,L18_T017,
synthetic_all_stop_counts,alighting,VERNIER_AVANCHETS_ETANG,06:40:00,0.0,L18_T019,
synthetic_all_stop_counts,alighting,VERNIER_AVANCHETS_ETANG,07:11:00,0.0,L18_T020,
synthetic_all_stop_counts,alighting,VERNIER_AVANCHETS_ETANG,08:28:00,0.0,L18_T021,
synthetic_all_stop_counts,alighting,VERNIER_AVANCHETS_ETANG,07:29:00,0.0,L18_T022,
synthetic_all_stop_counts,alighting,VERNIER_AVANCHETS_ETANG,07:49:00,0.0,L18_T023,
synthetic_all_stop_counts,alighting,VERNIER_AVANCHETS_ETANG,08:46:00,0.0,L18_T024,
synthetic_all_stop_counts,alighting,VERNIER_AVANCHETS_ETANG,09:04:00,0.0,L18_T025,
synthetic_all_stop_counts,alighting,VERNIER_AVANCHETS_ETANG,08:08:00,0.0,L18_T026,
synthetic_all_stop_counts,alighting,VERNIER_AVANCHETS_ETANG,06:27:00,0.0,L18_T027,
synthetic_all_stop_counts,alighting,VERNIER_AVANCHETS_ETANG,07:59:00,0.0,L18_T028,
synthetic_all_stop_counts,alighting,VERNIER_AVANCHETS_ETANG,06:49:00,0.0,L18_T029,
synthetic_all_stop_counts,alighting,VERNIER_AVANCHETS_ETANG,07:00:00,0.0,L18_T030,
synthetic_all_stop_counts,alighting,VERNIER_AVANCHETS_ETANG,08:37:00,0.0,L18_T031,
synthetic_all_stop_counts,alighting,VERNIER_AVANCHETS_ETANG,08:18:00,0.0,L18_T032,
synthetic_all_stop_counts,alighting,VERNIER_AVANCHETS_ETANG,07:39:00,0.0,L18_T033,
synthetic_all_stop_counts,alighting,VERNIER_AVANCHETS_ETANG,07:21:00,0.0,L18_T034,
synthetic_all_stop_counts,alighting,VERNIER_AVANCHETS_ETANG,08:55:00,0.0,L18_T035,
synthetic_all_stop_counts,alighting,VERNIER_BALEXERT,09:30:00,0.0,L14_T001,
synthetic_all_stop_counts,alighting,VERNIER_BALEXERT,06:59:00,0.0,L14_T002,
synthetic_all_stop_counts,alighting,VERNIER_BALEXERT,08:43:00,0.0,L14_T003,
synthetic_all_stop_counts,alighting,VERNIER_BALEXERT,08:16:00,0.0,L14_T004,
synthetic_all_stop_counts,alighting,VERNIER_BALEXERT,07:16:00,0.0,L14_T005,
synthetic_all_stop_counts,alighting,VERNIER_BALEXERT,07:26:00,0.0,L14_T006,
synthetic_all_stop_counts,alighting,VERNIER_BALEXERT,07:36:00,0.0,L14_T007,
synthetic_all_stop_counts,alighting,VERNIER_BALEXERT,07:47:00,0.0,L14_T008,
synthetic_all_stop_counts,alighting,VERNIER_BALEXERT,07:57:00,0.0,L14_T009,
synthetic_all_stop_counts,alighting,VERNIER_BALEXERT,09:01:00,0.0,L14_T010,
synthetic_all_stop_counts,alighting,VERNIER_BALEXERT,08:52:00,0.0,L14_T011,
synthetic_all_stop_counts,alighting,VERNIER_BALEXERT,08:07:00,0.0,L14_T012,
synthetic_all_stop_counts,alighting,VERNIER_BALEXERT,08:34:00,0.0,L14_T013,
synthetic_all_stop_counts,alighting,VERNIER_BALEXERT,08:25:00,0.0,L14_T014,
synthetic_all_stop_counts,alighting,VERNIER_BALEXERT,09:11:00,0.0,L14_T017,
synthetic_all_stop_counts,alighting,VERNIER_BALEXERT,09:21:00,0.0,L14_T018,
synthetic_all_stop_counts,alighting,VERNIER_BALEXERT,06:50:00,0.0,L14_T019,
synthetic_all_stop_counts,alighting,VERNIER_BALEXERT,09:25:00,0.0,L14_T020,
synthetic_all_stop_counts,alighting,VERNIER_BALEXERT,07:42:00,0.0,L14_T021,
synthetic_all_stop_counts,alighting,VERNIER_BALEXERT,09:06:00,0.0,L14_T022,
synthetic_all_stop_counts,alighting,VERNIER_BALEXERT,09:34:00,0.0,L14_T023,
synthetic_all_stop_counts,alighting,VERNIER_BALEXERT,07:52:00,0.0,L14_T024,
synthetic_all_stop_counts,alighting,VERNIER_BALEXERT,08:02:00,0.0,L14_T025,
synthetic_all_stop_counts,alighting,VERNIER_BALEXERT,08:57:00,0.0,L14_T026,
synthetic_all_stop_counts,alighting,VERNIER_BALEXERT,08:48:00,0.0,L14_T027,
synthetic_all_stop_counts,alighting,VERNIER_BALEXERT,08:38:00,0.0,L14_T028,
synthetic_all_stop_counts,alighting,VERNIER_BALEXERT,08:29:00,0.0,L14_T029,
synthetic_all_stop_counts,alighting,VERNIER_BALEXERT,08:11:00,0.0,L14_T030,
synthetic_all_stop_counts,alighting,VERNIER_BALEXERT,08:21:00,0.0,L14_T031,
synthetic_all_stop_counts,alighting,VERNIER_BALEXERT,07:21:00,0.0,L14_T032,
synthetic_all_stop_counts,alighting,VERNIER_BALEXERT,07:31:00,0.0,L14_T033,
synthetic_all_stop_counts,alighting,VERNIER_BALEXERT,07:11:00,0.0,L14_T034,
synthetic_all_stop_counts,alighting,VERNIER_BALEXERT,09:15:00,0.0,L14_T035,
synthetic_all_stop_counts,alighting,VERNIER_BALEXERT,06:30:00,0.0,L14_T036,
synthetic_all_stop_counts,alighting,VERNIER_BALEXERT,06:37:00,0.0,L14_T037,
synthetic_all_stop_counts,alighting,VERNIER_BALEXERT,06:55:00,0.0,L14_T038,
synthetic_all_stop_counts,alighting,VERNIER_BALEXERT,06:42:00,0.0,L14_T039,
synthetic_all_stop_counts,alighting,VERNIER_BALEXERT,07:19:00,0.0,L14_T040,
synthetic_all_stop_counts,alighting,VERNIER_BALEXERT,08:36:00,0.0,L14_T041,
synthetic_all_stop_counts,alighting,VERNIER_BALEXERT,08:17:00,0.0,L14_T042,
synthetic_all_stop_counts,alighting,VERNIER_BALEXERT,06:24:00,0.0,L14_T043,
synthetic_all_stop_counts,alighting,VERNIER_BALEXERT,07:10:00,0.0,L14_T044,
synthetic_all_stop_counts,alighting,VERNIER_BALEXERT,07:28:00,0.0,L14_T045,
synthetic_all_stop_counts,alighting,VERNIER_BALEXERT,09:03:00,0.0,L14_T046,
synthetic_all_stop_counts,alighting,VERNIER_BALEXERT,08:54:00,0.0,L14_T047,
synthetic_all_stop_counts,alighting,VERNIER_BALEXERT,08:07:00,0.0,L14_T048,
synthetic_all_stop_counts,alighting,VERNIER_BALEXERT,08:27:00,0.0,L14_T049,
synthetic_all_stop_counts,alighting,VERNIER_BALEXERT,07:48:00,0.0,L14_T050,
synthetic_all_stop_counts,alighting,VERNIER_BALEXERT,07:38:00,0.0,L14_T051,
synthetic_all_stop_counts,alighting,VERNIER_BALEXERT,07:58:00,0.0,L14_T052,
synthetic_all_stop_counts,alighting,VERNIER_BALEXERT,08:45:00,0.0,L14_T053,
synthetic_all_stop_counts,alighting,VERNIER_BALEXERT,06:59:00,0.0,L14_T054,
synthetic_all_stop_counts,alighting,VERNIER_BALEXERT,06:45:00,0.0,L14_T055,
synthetic_all_stop_counts,alighting,VERNIER_BALEXERT,07:14:00,0.0,L14_T056,
synthetic_all_stop_counts,alighting,VERNIER_BALEXERT,09:08:00,0.0,L14_T057,
synthetic_all_stop_counts,alighting,VERNIER_BALEXERT,08:59:00,0.0,L14_T058,
synthetic_all_stop_counts,alighting,VERNIER_BALEXERT,08:50:00,0.0,L14_T059,
synthetic_all_stop_counts,alighting,VERNIER_BALEXERT,07:43:00,0.0,L14_T060,
synthetic_all_stop_counts,alighting,VERNIER_BALEXERT,07:53:00,0.0,L14_T061,
synthetic_all_stop_counts,alighting,VERNIER_BALEXERT,07:04:00,0.0,L14_T063,
synthetic_all_stop_counts,alighting,VERNIER_BALEXERT,07:24:00,0.0,L14_T064,
synthetic_all_stop_counts,alighting,VERNIER_BALEXERT,08:31:00,0.0,L14_T065,
synthetic_all_stop_counts,alighting,VERNIER_BALEXERT,07:33:00,0.0,L14_T066,
synthetic_all_stop_counts,alighting,VERNIER_BALEXERT,08:02:00,0.0,L14_T067,
synthetic_all_stop_counts,alighting,VERNIER_BALEXERT,08:12:00,0.0,L14_T068,
synthetic_all_stop_counts,alighting,VERNIER_BALEXERT,08:22:00,0.0,L14_T069,
synthetic_all_stop_counts,alighting,VERNIER_BALEXERT,06:34:00,0.0,L14_T070,
synthetic_all_stop_counts,alighting,VERNIER_BALEXERT,06:53:00,0.0,L14_T071,
synthetic_all_stop_counts,alighting,VERNIER_BALEXERT,08:40:00,0.0,L14_T072,
synthetic_all_stop_counts,alighting,VERNIER_BALEXERT,07:23:00,0.0,L18_T001,
synthetic_all_stop_counts,alighting,VERNIER_BALEXERT,07:03:00,0.0,L18_T002,
synthetic_all_stop_counts,alighting,VERNIER_BALEXERT,08:41:00,0.0,L18_T003,
synthetic_all_stop_counts,alighting,VERNIER_BALEXERT,07:45:00,0.0,L18_T004,
synthetic_all_stop_counts,alighting,VERNIER_BALEXERT,09:18:00,0.0,L18_T005,
synthetic_all_stop_counts,alighting,VERNIER_BALEXERT,09:37:00,0.0,L18_T006,
synthetic_all_stop_counts,alighting,VERNIER_BALEXERT,08:23:00,0.0,L18_T007,
synthetic_all_stop_counts,alighting,VERNIER_BALEXERT,08:59:00,0.0,L18_T008,
synthetic_all_stop_counts,alighting,VERNIER_BALEXERT,08:04:00,0.0,L18_T009,
synthetic_all_stop_counts,alighting,VERNIER_BALEXERT,07:13:00,0.0,L18_T010,
synthetic_all_stop_counts,alighting,VERNIER_BALEXERT,07:33:00,0.0,L18_T011,
synthetic_all_stop_counts,alighting,VERNIER_BALEXERT,08:50:00,0.0,L18_T012,
synthetic_all_stop_counts,alighting,VERNIER_BALEXERT,09:09:00,0.0,L18_T013,
synthetic_all_stop_counts,alighting,VERNIER_BALEXERT,09:28:00,0.0,L18_T014,
synthetic_all_stop_counts,alighting,VERNIER_BALEXERT,08:13:00,0.0,L18_T015,
synthetic_all_stop_counts,alighting,VERNIER_BALEXERT,07:54:00,0.0,L18_T016,
synthetic_all_stop_counts,alighting,VERNIER_BALEXERT,08:32:00,0.0,L18_T017,
synthetic_all_stop_counts,alighting,VERNIER_BALEXERT,06:41:00,0.0,L18_T019,
synthetic_all_stop_counts,alighting,VERNIER_BALEXERT,07:12:00,0.0,L18_T020,
synthetic_all_stop_counts,alighting,VERNIER_BALEXERT,08:29:00,0.0,L18_T021,
synthetic_all_stop_counts,alighting,VERNIER_BALEXERT,07:30:00,0.0,L18_T022,
synthetic_all_stop_counts,alighting,VERNIER_BALEXERT,07:50:00,0.0,L18_T023,
synthetic_all_stop_counts,alighting,VERNIER_BALEXERT,08:47:00,0.0,L18_T024,
synthetic_all_stop_counts,alighting,VERNIER_BALEXERT,09:05:00,0.0,L18_T025,
synthetic_all_stop_counts,alighting,VERNIER_BALEXERT,08:10:00,0.0,L18_T026,
synthetic_all_stop_counts,alighting,VERNIER_BALEXERT,06:28:00,0.0,L18_T027,
synthetic_all_stop_counts,alighting,VERNIER_BALEXERT,08:00:00,0.0,L18_T028,
synthetic_all_stop_counts,alighting,VERNIER_BALEXERT,06:50:00,0.0,L18_T029,
synthetic_all_stop_counts,alighting,VERNIER_BALEXERT,07:01:00,0.0,L18_T030,
synthetic_all_stop_counts,alighting,VERNIER_BALEXERT,08:38:00,0.0,L18_T031,
synthetic_all_stop_counts,alighting,VERNIER_BALEXERT,08:19:00,0.0,L18_T032,
synthetic_all_stop_counts,alighting,VERNIER_BALEXERT,07:40:00,0.0,L18_T033,
synthetic_all_stop_counts,alighting,VERNIER_BALEXERT,07:22:00,0.0,L18_T034,
synthetic_all_stop_counts,alighting,VERNIER_BALEXERT,08:56:00,0.0,L18_T035,
synthetic_all_stop_counts,alighting,VERNIER_BLANDONNET,09:33:00,0.0,L14_T001,
synthetic_all_stop_counts,alighting,VERNIER_BLANDONNET,07:02:00,0.0,L14_T002,
synthetic_all_stop_counts,alighting,VERNIER_BLANDONNET,08:46:00,0.0,L14_T003,
synthetic_all_stop_counts,alighting,VERNIER_BLANDONNET,08:19:00,0.0,L14_T004,
synthetic_all_stop_counts,alighting,VERNIER_BLANDONNET,07:19:00,0.0,L14_T005,
synthetic_all_stop_counts,alighting,VERNIER_BLANDONNET,07:29:00,0.0,L14_T006,
synthetic_all_stop_counts,alighting,VERNIER_BLANDONNET,07:39:00,0.0,L14_T007,
synthetic_all_stop_counts,alighting,VERNIER_BLANDONNET,07:50:00,0.0,L14_T008,
synthetic_all_stop_counts,alighting,VERNIER_BLANDONNET,08:00:00,0.0,L14_T009,
synthetic_all_stop_counts,alighting,VERNIER_BLANDONNET,09:04:00,0.0,L14_T010,
synthetic_all_stop_counts,alighting,VERNIER_BLANDONNET,08:55:00,0.0,L14_T011,
synthetic_all_stop_counts,alighting,VERNIER_BLANDONNET,08:10:00,0.0,L14_T012,
synthetic_all_stop_counts,alighting,VERNIER_BLANDONNET,08:37:00,0.0,L14_T013,
synthetic_all_stop_counts,alighting,VERNIER_BLANDONNET,08:28:00,0.0,L14_T014,
synthetic_all_stop_counts,alighting,VERNIER_BLANDONNET,09:14:00,0.0,L14_T017,
synthetic_all_stop_counts,alighting,VERNIER_BLANDONNET,09:24:00,0.0,L14_T018,
synthetic_all_stop_counts,alighting,VERNIER_BLANDONNET,06:53:00,0.0,L14_T019,
synthetic_all_stop_counts,alighting,VERNIER_BLANDONNET,09:28:00,0.0,L14_T020,
synthetic_all_stop_counts,alighting,VERNIER_BLANDONNET,07:45:00,0.0,L14_T021,
synthetic_all_stop_counts,alighting,VERNIER_BLANDONNET,09:09:00,0.0,L14_T022,
synthetic_all_stop_counts,alighting,VERNIER_BLANDONNET,09:37:00,0.0,L14_T023,
synthetic_all_stop_counts,alighting,VERNIER_BLANDONNET,07:55:00,0.0,L14_T024,
synthetic_all_stop_counts,alighting,VERNIER_BLANDONNET,08:05:00,0.0,L14_T025,
synthetic_all_stop_counts,alighting,VERNIER_BLANDONNET,09:00:00,0.0,L14_T026,
synthetic_all_stop_counts,alighting,VERNIER_BLANDONNET,08:51:00,0.0,L14_T027,
synthetic_all_stop_counts,alighting,VERNIER_BLANDONNET,08:41:00,0.0,L14_T028,
synthetic_all_stop_counts,alighting,VERNIER_BLANDONNET,08:32:00,0.0,L14_T029,
synthetic_all_stop_counts,alighting,VERNIER_BLANDONNET,08:14:00,0.0,L14_T030,
synthetic_all_stop_counts,alighting,VERNIER_BLANDONNET,08:24:00,0.0,L14_T031,
synthetic_all_stop_counts,alighting,VERNIER_BLANDONNET,07:24:00,0.0,L14_T032,
synthetic_all_stop_counts,alighting,VERNIER_BLANDONNET,07:34:00,0.0,L14_T033,
synthetic_all_stop_counts,alighting,VERNIER_BLANDONNET,07:14:00,0.0,L14_T034,
synthetic_all_stop_counts,alighting,VERNIER_BLANDONNET,09:18:00,0.0,L14_T035,
synthetic_all_stop_counts,alighting,VERNIER_BLANDONNET,06:28:00,0.0,L14_T036,
synthetic_all_stop_counts,alighting,VERNIER_BLANDONNET,06:35:00,0.0,L14_T037,
synthetic_all_stop_counts,alighting,VERNIER_BLANDONNET,06:53:00,0.0,L14_T038,
synthetic_all_stop_counts,alighting,VERNIER_BLANDONNET,06:40:00,0.0,L14_T039,
synthetic_all_stop_counts,alighting,VERNIER_BLANDONNET,07:17:00,0.0,L14_T040,
synthetic_all_stop_counts,alighting,VERNIER_BLANDONNET,08:33:00,0.0,L14_T041,
synthetic_all_stop_counts,alighting,VERNIER_BLANDONNET,08:14:00,0.0,L14_T042,
synthetic_all_stop_counts,alighting,VERNIER_BLANDONNET,06:22:00,0.0,L14_T043,
synthetic_all_stop_counts,alighting,VERNIER_BLANDONNET,07:07:00,0.0,L14_T044,
synthetic_all_stop_counts,alighting,VERNIER_BLANDONNET,07:25:00,0.0,L14_T045,
synthetic_all_stop_counts,alighting,VERNIER_BLANDONNET,09:00:00,0.0,L14_T046,
synthetic_all_stop_counts,alighting,VERNIER_BLANDONNET,08:51:00,0.0,L14_T047,
synthetic_all_stop_counts,alighting,VERNIER_BLANDONNET,08:04:00,0.0,L14_T048,
synthetic_all_stop_counts,alighting,VERNIER_BLANDONNET,08:23:00,0.0,L14_T049,
synthetic_all_stop_counts,alighting,VERNIER_BLANDONNET,07:44:00,0.0,L14_T050,
synthetic_all_stop_counts,alighting,VERNIER_BLANDONNET,07:34:00,0.0,L14_T051,
synthetic_all_stop_counts,alighting,VERNIER_BLANDONNET,07:54:00,0.0,L14_T052,
synthetic_all_stop_counts,alighting,VERNIER_BLANDONNET,08:42:00,0.0,L14_T053,
synthetic_all_stop_counts,alighting,VERNIER_BLANDONNET,06:56:00,0.0,L14_T054,
synthetic_all_stop_counts,alighting,VERNIER_BLANDONNET,06:42:00,0.0,L14_T055,
synthetic_all_stop_counts,alighting,VERNIER_BLANDONNET,07:12:00,0.0,L14_T056,
synthetic_all_stop_counts,alighting,VERNIER_BLANDONNET,09:05:00,0.0,L14_T057,
synthetic_all_stop_counts,alighting,VERNIER_BLANDONNET,08:56:00,0.0,L14_T058,
synthetic_all_stop_counts,alighting,VERNIER_BLANDONNET,08:47:00,0.0,L14_T059,
synthetic_all_stop_counts,alighting,VERNIER_BLANDONNET,07:40:00,0.0,L14_T060,
synthetic_all_stop_counts,alighting,VERNIER_BLANDONNET,07:50:00,0.0,L14_T061,
synthetic_all_stop_counts,alighting,VERNIER_BLANDONNET,07:01:00,0.0,L14_T063,
synthetic_all_stop_counts,alighting,VERNIER_BLANDONNET,07:21:00,0.0,L14_T064,
synthetic_all_stop_counts,alighting,VERNIER_BLANDONNET,08:28:00,0.0,L14_T065,
synthetic_all_stop_counts,alighting,VERNIER_BLANDONNET,07:30:00,0.0,L14_T066,
synthetic_all_stop_counts,alighting,VERNIER_BLANDONNET,07:59:00,0.0,L14_T067,
synthetic_all_stop_counts,alighting,VERNIER_BLANDONNET,08:09:00,0.0,L14_T068,
synthetic_all_stop_counts,alighting,VERNIER_BLANDONNET,08:18:00,0.0,L14_T069,
synthetic_all_stop_counts,alighting,VERNIER_BLANDONNET,06:32:00,0.0,L14_T070,
synthetic_all_stop_counts,alighting,VERNIER_BLANDONNET,06:50:00,0.0,L14_T071,
synthetic_all_stop_counts,alighting,VERNIER_BLANDONNET,08:37:00,0.0,L14_T072,
synthetic_all_stop_counts,alighting,VERNIER_BLANDONNET,07:26:00,0.0,L18_T001,
synthetic_all_stop_counts,alighting,VERNIER_BLANDONNET,07:06:00,0.0,L18_T002,
synthetic_all_stop_counts,alighting,VERNIER_BLANDONNET,08:44:00,0.0,L18_T003,
synthetic_all_stop_counts,alighting,VERNIER_BLANDONNET,07:48:00,0.0,L18_T004,
synthetic_all_stop_counts,alighting,VERNIER_BLANDONNET,09:21:00,0.0,L18_T005,
synthetic_all_stop_counts,alighting,VERNIER_BLANDONNET,09:40:00,0.0,L18_T006,
synthetic_all_stop_counts,alighting,VERNIER_BLANDONNET,08:26:00,0.0,L18_T007,
synthetic_all_stop_counts,alighting,VERNIER_BLANDONNET,09:02:00,0.0,L18_T008,
synthetic_all_stop_counts,alighting,VERNIER_BLANDONNET,08:07:00,0.0,L18_T009,
synthetic_all_stop_counts,alighting,VERNIER_BLANDONNET,07:16:00,0.0,L18_T010,
synthetic_all_stop_counts,alighting,VERNIER_BLANDONNET,07:36:00,0.0,L18_T011,
synthetic_all_stop_counts,alighting,VERNIER_BLANDONNET,08:53:00,0.0,L18_T012,
synthetic_all_stop_counts,alighting,VERNIER_BLANDONNET,09:12:00,0.0,L18_T013,
synthetic_all_stop_counts,alighting,VERNIER_BLANDONNET,09:31:00,0.0,L18_T014,
synthetic_all_stop_counts,alighting,VERNIER_BLANDONNET,08:16:00,0.0,L18_T015,
synthetic_all_stop_counts,alighting,VERNIER_BLANDONNET,07:57:00,0.0,L18_T016,
synthetic_all_stop_counts,alighting,VERNIER_BLANDONNET,08:35:00,0.0,L18_T017,
synthetic_all_stop_counts,alighting,VERNIER_BLANDONNET,06:38:00,0.0,L18_T019,
synthetic_all_stop_counts,alighting,VERNIER_BLANDONNET,07:09:00,0.0,L18_T020,
synthetic_all_stop_counts,alighting,VERNIER_BLANDONNET,08:26:00,0.0,L18_T021,
synthetic_all_stop_counts,alighting,VERNIER_BLANDONNET,07:28:00,0.0,L18_T022,
synthetic_all_stop_counts,alighting,VERNIER_BLANDONNET,07:47:00,0.0,L18_T023,
synthetic_all_stop_counts,alighting,VERNIER_BLANDONNET,08:44:00,0.0,L18_T024,
synthetic_all_stop_counts,alighting,VERNIER_BLANDONNET,09:02:00,0.0,L18_T025,
synthetic_all_stop_counts,alighting,VERNIER_BLANDONNET,08:06:00,0.0,L18_T026,
synthetic_all_stop_counts,alighting,VERNIER_BLANDONNET,06:25:00,0.0,L18_T027,
synthetic_all_stop_counts,alighting,VERNIER_BLANDONNET,07:57:00,0.0,L18_T028,
synthetic_all_stop_counts,alighting,VERNIER_BLANDONNET,06:48:00,0.0,L18_T029,
synthetic_all_stop_counts,alighting,VERNIER_BLANDONNET,06:59:00,0.0,L18_T030,
synthetic_all_stop_counts,alighting,VERNIER_BLANDONNET,08:35:00,0.0,L18_T031,
synthetic_all_stop_counts,alighting,VERNIER_BLANDONNET,08:16:00,0.0,L18_T032,
synthetic_all_stop_counts,alighting,VERNIER_BLANDONNET,07:37:00,0.0,L18_T033,
synthetic_all_stop_counts,alighting,VERNIER_BLANDONNET,07:19:00,0.0,L18_T034,
synthetic_all_stop_counts,alighting,VERNIER_BLANDONNET,08:53:00,0.0,L18_T035,
synthetic_all_stop_counts,alighting,VERNIER_BOUCHET,09:28:00,21.0,L14_T001,
synthetic_all_stop_counts,alighting,VERNIER_BOUCHET,06:57:00,0.0,L14_T002,
synthetic_all_stop_counts,alighting,VERNIER_BOUCHET,08:41:00,0.0,L14_T003,
synthetic_all_stop_counts,alighting,VERNIER_BOUCHET,08:14:00,0.0,L14_T004,
synthetic_all_stop_counts,alighting,VERNIER_BOUCHET,07:14:00,0.0,L14_T005,
synthetic_all_stop_counts,alighting,VERNIER_BOUCHET,07:24:00,0.0,L14_T006,
synthetic_all_stop_counts,alighting,VERNIER_BOUCHET,07:34:00,0.0,L14_T007,
synthetic_all_stop_counts,alighting,VERNIER_BOUCHET,07:45:00,0.0,L14_T008,
synthetic_all_stop_counts,alighting,VERNIER_BOUCHET,07:55:00,0.0,L14_T009,
synthetic_all_stop_counts,alighting,VERNIER_BOUCHET,09:00:00,1.0,L14_T010,
synthetic_all_stop_counts,alighting,VERNIER_BOUCHET,08:50:00,0.0,L14_T011,
synthetic_all_stop_counts,alighting,VERNIER_BOUCHET,08:05:00,0.0,L14_T012,
synthetic_all_stop_counts,alighting,VERNIER_BOUCHET,08:32:00,0.0,L14_T013,
synthetic_all_stop_counts,alighting,VERNIER_BOUCHET,08:23:00,0.0,L14_T014,
synthetic_all_stop_counts,alighting,VERNIER_BOUCHET,09:09:00,3.0,L14_T017,
synthetic_all_stop_counts,alighting,VERNIER_BOUCHET,09:19:00,6.0,L14_T018,
synthetic_all_stop_counts,alighting,VERNIER_BOUCHET,06:48:00,0.0,L14_T019,
synthetic_all_stop_counts,alighting,VERNIER_BOUCHET,09:23:00,3.0,L14_T020,
synthetic_all_stop_counts,alighting,VERNIER_BOUCHET,07:41:00,0.0,L14_T021,
synthetic_all_stop_counts,alighting,VERNIER_BOUCHET,09:05:00,1.0,L14_T022,
synthetic_all_stop_counts,alighting,VERNIER_BOUCHET,09:33:00,7.0,L14_T023,
synthetic_all_stop_counts,alighting,VERNIER_BOUCHET,07:50:00,0.0,L14_T024,
synthetic_all_stop_counts,alighting,VERNIER_BOUCHET,08:00:00,0.0,L14_T025,
synthetic_all_stop_counts,alighting,VERNIER_BOUCHET,08:55:00,0.0,L14_T026,
synthetic_all_stop_counts,alighting,VERNIER_BOUCHET,08:46:00,0.0,L14_T027,
synthetic_all_stop_counts,alighting,VERNIER_BOUCHET,08:36:00,0.0,L14_T028,
synthetic_all_stop_counts,alighting,VERNIER_BOUCHET,08:28:00,0.0,L14_T029,
synthetic_all_stop_counts,alighting,VERNIER_BOUCHET,08:10:00,0.0,L14_T030,
synthetic_all_stop_counts,alighting,VERNIER_BOUCHET,08:19:00,0.0,L14_T031,
synthetic_all_stop_counts,alighting,VERNIER_BOUCHET,07:19:00,0.0,L14_T032,
synthetic_all_stop_counts,alighting,VERNIER_BOUCHET,07:29:00,0.0,L14_T033,
synthetic_all_stop_counts,alighting,VERNIER_BOUCHET,07:09:00,0.0,L14_T034,
synthetic_all_stop_counts,alighting,VERNIER_BOUCHET,09:14:00,2.0,L14_T035,
synthetic_all_stop_counts,alighting,VERNIER_BOUCHET,06:32:00,0.0,L14_T036,
synthetic_all_stop_counts,alighting,VERNIER_BOUCHET,06:39:00,0.0,L14_T037,
synthetic_all_stop_counts,alighting,VERNIER_BOUCHET,06:57:00,0.0,L14_T038,
synthetic_all_stop_counts,alighting,VERNIER_BOUCHET,06:44:00,0.0,L14_T039,
synthetic_all_stop_counts,alighting,VERNIER_BOUCHET,07:21:00,0.0,L14_T040,
synthetic_all_stop_counts,alighting,VERNIER_BOUCHET,08:38:00,0.0,L14_T041,
synthetic_all_stop_counts,alighting,VERNIER_BOUCHET,08:19:00,0.0,L14_T042,
synthetic_all_stop_counts,alighting,VERNIER_BOUCHET,06:26:00,0.0,L14_T043,
synthetic_all_stop_counts,alighting,VERNIER_BOUCHET,07:12:00,0.0,L14_T044,
synthetic_all_stop_counts,alighting,VERNIER_BOUCHET,07:30:00,0.0,L14_T045,
synthetic_all_stop_counts,alighting,VERNIER_BOUCHET,09:05:00,0.0,L14_T046,
synthetic_all_stop_counts,alighting,VERNIER_BOUCHET,08:56:00,0.0,L14_T047,
synthetic_all_stop_counts,alighting,VERNIER_BOUCHET,08:09:00,0.0,L14_T048,
synthetic_all_stop_counts,alighting,VERNIER_BOUCHET,08:29:00,0.0,L14_T049,
synthetic_all_stop_counts,alighting,VERNIER_BOUCHET,07:50:00,0.0,L14_T050,
synthetic_all_stop_counts,alighting,VERNIER_BOUCHET,07:40:00,0.0,L14_T051,
synthetic_all_stop_counts,alighting,VERNIER_BOUCHET,08:00:00,0.0,L14_T052,
synthetic_all_stop_counts,alighting,VERNIER_BOUCHET,08:47:00,0.0,L14_T053,
synthetic_all_stop_counts,alighting,VERNIER_BOUCHET,07:01:00,0.0,L14_T054,
synthetic_all_stop_counts,alighting,VERNIER_BOUCHET,06:47:00,0.0,L14_T055,
synthetic_all_stop_counts,alighting,VERNIER_BOUCHET,07:16:00,0.0,L14_T056,
synthetic_all_stop_counts,alighting,VERNIER_BOUCHET,09:10:00,0.0,L14_T057,
synthetic_all_stop_counts,alighting,VERNIER_BOUCHET,09:01:00,0.0,L14_T058,
synthetic_all_stop_counts,alighting,VERNIER_BOUCHET,08:52:00,0.0,L14_T059,
synthetic_all_stop_counts,alighting,VERNIER_BOUCHET,07:45:00,0.0,L14_T060,
synthetic_all_stop_counts,alighting,VERNIER_BOUCHET,07:55:00,0.0,L14_T061,
synthetic_all_stop_counts,alighting,VERNIER_BOUCHET,07:06:00,0.0,L14_T063,
synthetic_all_stop_counts,alighting,VERNIER_BOUCHET,07:26:00,0.0,L14_T064,
synthetic_all_stop_counts,alighting,VERNIER_BOUCHET,08:33:00,0.0,L14_T065,
synthetic_all_stop_counts,alighting,VERNIER_BOUCHET,07:35:00,0.0,L14_T066,
synthetic_all_stop_counts,alighting,VERNIER_BOUCHET,08:04:00,0.0,L14_T067,
synthetic_all_stop_counts,alighting,VERNIER_BOUCHET,08:14:00,0.0,L14_T068,
synthetic_all_stop_counts,alighting,VERNIER_BOUCHET,08:24:00,0.0,L14_T069,
synthetic_all_stop_counts,alighting,VERNIER_BOUCHET,06:36:00,0.0,L14_T070,
synthetic_all_stop_counts,alighting,VERNIER_BOUCHET,06:55:00,0.0,L14_T071,
synthetic_all_stop_counts,alighting,VERNIER_BOUCHET,08:42:00,0.0,L14_T072,
synthetic_all_stop_counts,alighting,VERNIER_BOUCHET,07:22:00,0.0,L18_T001,
synthetic_all_stop_counts,alighting,VERNIER_BOUCHET,07:02:00,0.0,L18_T002,
synthetic_all_stop_counts,alighting,VERNIER_BOUCHET,08:39:00,0.0,L18_T003,
synthetic_all_stop_counts,alighting,VERNIER_BOUCHET,07:43:00,0.0,L18_T004,
synthetic_all_stop_counts,alighting,VERNIER_BOUCHET,09:16:00,4.0,L18_T005,
synthetic_all_stop_counts,alighting,VERNIER_BOUCHET,09:35:00,22.0,L18_T006,
synthetic_all_stop_counts,alighting,VERNIER_BOUCHET,08:21:00,0.0,L18_T007,
synthetic_all_stop_counts,alighting,VERNIER_BOUCHET,08:58:00,1.0,L18_T008,
synthetic_all_stop_counts,alighting,VERNIER_BOUCHET,08:02:00,0.0,L18_T009,
synthetic_all_stop_counts,alighting,VERNIER_BOUCHET,07:12:00,0.0,L18_T010,
synthetic_all_stop_counts,alighting,VERNIER_BOUCHET,07:32:00,0.0,L18_T011,
synthetic_all_stop_counts,alighting,VERNIER_BOUCHET,08:48:00,0.0,L18_T012,
synthetic_all_stop_counts,alighting,VERNIER_BOUCHET,09:07:00,2.0,L18_T013,
synthetic_all_stop_counts,alighting,VERNIER_BOUCHET,09:26:00,11.0,L18_T014,
synthetic_all_stop_counts,alighting,VERNIER_BOUCHET,08:12:00,0.0,L18_T015,
synthetic_all_stop_counts,alighting,VERNIER_BOUCHET,07:52:00,0.0,L18_T016,
synthetic_all_stop_counts,alighting,VERNIER_BOUCHET,08:30:00,0.0,L18_T017,
synthetic_all_stop_counts,alighting,VERNIER_BOUCHET,06:43:00,0.0,L18_T019,
synthetic_all_stop_counts,alighting,VERNIER_BOUCHET,07:14:00,0.0,L18_T020,
synthetic_all_stop_counts,alighting,VERNIER_BOUCHET,08:31:00,0.0,L18_T021,
synthetic_all_stop_counts,alighting,VERNIER_BOUCHET,07:32:00,0.0,L18_T022,
synthetic_all_stop_counts,alighting,VERNIER_BOUCHET,07:52:00,0.0,L18_T023,
synthetic_all_stop_counts,alighting,VERNIER_BOUCHET,08:49:00,0.0,L18_T024,
synthetic_all_stop_counts,alighting,VERNIER_BOUCHET,09:07:00,0.0,L18_T025,
synthetic_all_stop_counts,alighting,VERNIER_BOUCHET,08:12:00,0.0,L18_T026,
synthetic_all_stop_counts,alighting,VERNIER_BOUCHET,06:30:00,0.0,L18_T027,
synthetic_all_stop_counts,alighting,VERNIER_BOUCHET,08:02:00,0.0,L18_T028,
synthetic_all_stop_counts,alighting,VERNIER_BOUCHET,06:52:00,0.0,L18_T029,
synthetic_all_stop_counts,alighting,VERNIER_BOUCHET,07:03:00,0.0,L18_T030,
synthetic_all_stop_counts,alighting,VERNIER_BOUCHET,08:40:00,0.0,L18_T031,
synthetic_all_stop_counts,alighting,VERNIER_BOUCHET,08:21:00,0.0,L18_T032,
synthetic_all_stop_counts,alighting,VERNIER_BOUCHET,07:42:00,0.0,L18_T033,
synthetic_all_stop_counts,alighting,VERNIER_BOUCHET,07:24:00,0.0,L18_T034,
synthetic_all_stop_counts,alighting,VERNIER_BOUCHET,08:58:00,0.0,L18_T035,
synthetic_all_stop_counts,boarding,BERNEX_HAINARD,08:52:01,0.0,L14_T001,
synthetic_all_stop_counts,boarding,BERNEX_HAINARD,08:03:01,0.0,L14_T003,
synthetic_all_stop_counts,boarding,BERNEX_HAINARD,07:35:01,0.0,L14_T004,
synthetic_all_stop_counts,boarding,BERNEX_HAINARD,06:49:01,0.0,L14_T006,
synthetic_all_stop_counts,boarding,BERNEX_HAINARD,06:59:01,0.0,L14_T007,
synthetic_all_stop_counts,boarding,BERNEX_HAINARD,07:09:01,0.0,L14_T008,
synthetic_all_stop_counts,boarding,BERNEX_HAINARD,07:18:01,0.0,L14_T009,
synthetic_all_stop_counts,boarding,BERNEX_HAINARD,08:23:01,0.0,L14_T010,
synthetic_all_stop_counts,boarding,BERNEX_HAINARD,08:13:01,0.0,L14_T011,
synthetic_all_stop_counts,boarding,BERNEX_HAINARD,07:27:01,0.0,L14_T012,
synthetic_all_stop_counts,boarding,BERNEX_HAINARD,07:54:01,0.0,L14_T013,
synthetic_all_stop_counts,boarding,BERNEX_HAINARD,07:45:01,0.0,L14_T014,
synthetic_all_stop_counts,boarding,BERNEX_HAINARD,08:32:01,0.0,L14_T017,
synthetic_all_stop_counts,boarding,BERNEX_HAINARD,08:42:01,0.0,L14_T018,
synthetic_all_stop_counts,boarding,BERNEX_HAINARD,08:47:01,0.0,L14_T020,
synthetic_all_stop_counts,boarding,BERNEX_HAINARD,07:04:01,0.0,L14_T021,
synthetic_all_stop_counts,boarding,BERNEX_HAINARD,08:28:01,0.0,L14_T022,
synthetic_all_stop_counts,boarding,BERNEX_HAINARD,08:56:01,0.0,L14_T023,
synthetic_all_stop_counts,boarding,BERNEX_HAINARD,07:13:01,0.0,L14_T024,
synthetic_all_stop_counts,boarding,BERNEX_HAINARD,07:22:01,0.0,L14_T025,
synthetic_all_stop_counts,boarding,BERNEX_HAINARD,08:18:01,0.0,L14_T026,
synthetic_all_stop_counts,boarding,BERNEX_HAINARD,08:08:01,0.0,L14_T027,
synthetic_all_stop_counts,boarding,BERNEX_HAINARD,07:58:01,0.0,L14_T028,
synthetic_all_stop_counts,boarding,BERNEX_HAINARD,07:49:01,0.0,L14_T029,
synthetic_all_stop_counts,boarding,BERNEX_HAINARD,07:31:01,0.0,L14_T030,
synthetic_all_stop_counts,boarding,BERNEX_HAINARD,07:40:01,0.0,L14_T031,
synthetic_all_stop_counts,boarding,BERNEX_HAINARD,06:54:01,0.0,L14_T033,
synthetic_all_stop_counts,boarding,BERNEX_HAINARD,08:37:01,0.0,L14_T035,
synthetic_all_stop_counts,boarding,BERNEX_HAINARD,07:07:01,0.0,L14_T036,
synthetic_all_stop_counts,boarding,BERNEX_HAINARD,07:15:01,0.0,L14_T037,
synthetic_all_stop_counts,boarding,BERNEX_HAINARD,07:33:01,0.0,L14_T038,
synthetic_all_stop_counts,boarding,BERNEX_HAINARD,07:20:01,0.0,L14_T039,
synthetic_all_stop_counts,boarding,BERNEX_HAINARD,07:58:01,0.0,L14_T040,
synthetic_all_stop_counts,boarding,BERNEX_HAINARD,09:14:01,0.0,L14_T041,
synthetic_all_stop_counts,boarding,BERNEX_HAINARD,08:56:01,0.0,L14_T042,
synthetic_all_stop_counts,boarding,BERNEX_HAINARD,07:01:01,0.0,L14_T043,
synthetic_all_stop_counts,boarding,BERNEX_HAINARD,07:48:01,0.0,L14_T044,
synthetic_all_stop_counts,boarding,BERNEX_HAINARD,08:07:01,0.0,L14_T045,
synthetic_all_stop_counts,boarding,BERNEX_HAINARD,08:46:01,0.0,L14_T048,
synthetic_all_stop_counts,boarding,BERNEX_HAINARD,09:05:01,0.0,L14_T049,
synthetic_all_stop_counts,boarding,BERNEX_HAINARD,08:27:01,0.0,L14_T050,
synthetic_all_stop_counts,boarding,BERNEX_HAINARD,08:17:01,0.0,L14_T051,
synthetic_all_stop_counts,boarding,BERNEX_HAINARD,08:37:01,0.0,L14_T052,
synthetic_all_stop_counts,boarding,BERNEX_HAINARD,07:36:01,0.0,L14_T054,
synthetic_all_stop_counts,boarding,BERNEX_HAINARD,07:22:01,0.0,L14_T055,
synthetic_all_stop_counts,boarding,BERNEX_HAINARD,07:53:01,0.0,L14_T056,
synthetic_all_stop_counts,boarding,BERNEX_HAINARD,08:22:01,0.0,L14_T060,
synthetic_all_stop_counts,boarding,BERNEX_HAINARD,08:32:01,0.0,L14_T061,
synthetic_all_stop_counts,boarding,BERNEX_HAINARD,07:41:01,0.0,L14_T063,
synthetic_all_stop_counts,boarding,BERNEX_HAINARD,08:02:01,0.0,L14_T064,
synthetic_all_stop_counts,boarding,BERNEX_HAINARD,09:10:01,0.0,L14_T065,
synthetic_all_stop_counts,boarding,BERNEX_HAINARD,08:12:01,0.0,L14_T066,
synthetic_all_stop_counts,boarding,BERNEX_HAINARD,08:41:01,0.0,L14_T067,
synthetic_all_stop_counts,boarding,BERNEX_HAINARD,08:51:01,0.0,L14_T068,
synthetic_all_stop_counts,boarding,BERNEX_HAINARD,09:00:01,0.0,L14_T069,
synthetic_all_stop_counts,boarding,BERNEX_HAINARD,07:12:01,0.0,L14_T070,
synthetic_all_stop_counts,boarding,BERNEX_HAINARD,07:30:01,0.0,L14_T071,
synthetic_all_stop_counts,boarding,BERNEX_LUCHEPELET,08:53:01,0.0,L14_T001,
synthetic_all_stop_counts,boarding,BERNEX_LUCHEPELET,08:05:01,0.0,L14_T003,
synthetic_all_stop_counts,boarding,BERNEX_LUCHEPELET,07:37:01,0.0,L14_T004,
synthetic_all_stop_counts,boarding,BERNEX_LUCHEPELET,06:50:01,0.0,L14_T006,
synthetic_all_stop_counts,boarding,BERNEX_LUCHEPELET,07:00:01,0.0,L14_T007,
synthetic_all_stop_counts,boarding,BERNEX_LUCHEPELET,07:10:01,0.0,L14_T008,
synthetic_all_stop_counts,boarding,BERNEX_LUCHEPELET,07:19:01,0.0,L14_T009,
synthetic_all_stop_counts,boarding,BERNEX_LUCHEPELET,08:24:01,0.0,L14_T010,
synthetic_all_stop_counts,boarding,BERNEX_LUCHEPELET,08:14:01,0.0,L14_T011,
synthetic_all_stop_counts,boarding,BERNEX_LUCHEPELET,07:28:01,0.0,L14_T012,
synthetic_all_stop_counts,boarding,BERNEX_LUCHEPELET,07:55:01,0.0,L14_T013,
synthetic_all_stop_counts,boarding,BERNEX_LUCHEPELET,07:46:01,0.0,L14_T014,
synthetic_all_stop_counts,boarding,BERNEX_LUCHEPELET,08:34:01,0.0,L14_T017,
synthetic_all_stop_counts,boarding,BERNEX_LUCHEPELET,08:44:01,0.0,L14_T018,
synthetic_all_stop_counts,boarding,BERNEX_LUCHEPELET,08:48:01,0.0,L14_T020,
synthetic_all_stop_counts,boarding,BERNEX_LUCHEPELET,07:06:01,0.0,L14_T021,
synthetic_all_stop_counts,boarding,BERNEX_LUCHEPELET,08:30:01,0.0,L14_T022,
synthetic_all_stop_counts,boarding,BERNEX_LUCHEPELET,08:58:01,0.0,L14_T023,
synthetic_all_stop_counts,boarding,BERNEX_LUCHEPELET,07:15:01,0.0,L14_T024,
synthetic_all_stop_counts,boarding,BERNEX_LUCHEPELET,07:24:01,0.0,L14_T025,
synthetic_all_stop_counts,boarding,BERNEX_LUCHEPELET,08:20:01,0.0,L14_T026,
synthetic_all_stop_counts,boarding,BERNEX_LUCHEPELET,08:10:01,0.0,L14_T027,
synthetic_all_stop_counts,boarding,BERNEX_LUCHEPELET,08:00:01,0.0,L14_T028,
synthetic_all_stop_counts,boarding,BERNEX_LUCHEPELET,07:51:01,0.0,L14_T029,
synthetic_all_stop_counts,boarding,BERNEX_LUCHEPELET,07:33:01,0.0,L14_T030,
synthetic_all_stop_counts,boarding,BERNEX_LUCHEPELET,07:42:01,0.0,L14_T031,
synthetic_all_stop_counts,boarding,BERNEX_LUCHEPELET,06:45:01,0.0,L14_T032,
synthetic_all_stop_counts,boarding,BERNEX_LUCHEPELET,06:55:01,0.0,L14_T033,
synthetic_all_stop_counts,boarding,BERNEX_LUCHEPELET,08:39:01,0.0,L14_T035,
synthetic_all_stop_counts,boarding,BERNEX_LUCHEPELET,07:06:01,0.0,L14_T036,
synthetic_all_stop_counts,boarding,BERNEX_LUCHEPELET,07:13:01,0.0,L14_T037,
synthetic_all_stop_counts,boarding,BERNEX_LUCHEPELET,07:31:01,0.0,L14_T038,
synthetic_all_stop_counts,boarding,BERNEX_LUCHEPELET,07:18:01,0.0,L14_T039,
synthetic_all_stop_counts,boarding,BERNEX_LUCHEPELET,07:56:03,0.0,L14_T040,
synthetic_all_stop_counts,boarding,BERNEX_LUCHEPELET,09:12:03,0.0,L14_T041,
synthetic_all_stop_counts,boarding,BERNEX_LUCHEPELET,08:54:03,0.0,L14_T042,
synthetic_all_stop_counts,boarding,BERNEX_LUCHEPELET,07:00:01,0.0,L14_T043,
synthetic_all_stop_counts,boarding,BERNEX_LUCHEPELET,07:46:01,0.0,L14_T044,
synthetic_all_stop_counts,boarding,BERNEX_LUCHEPELET,08:05:01,0.0,L14_T045,
synthetic_all_stop_counts,boarding,BERNEX_LUCHEPELET,08:45:01,0.0,L14_T048,
synthetic_all_stop_counts,boarding,BERNEX_LUCHEPELET,09:03:03,0.0,L14_T049,
synthetic_all_stop_counts,boarding,BERNEX_LUCHEPELET,08:25:01,0.0,L14_T050,
synthetic_all_stop_counts,boarding,BERNEX_LUCHEPELET,08:15:01,0.0,L14_T051,
synthetic_all_stop_counts,boarding,BERNEX_LUCHEPELET,08:35:01,0.0,L14_T052,
synthetic_all_stop_counts,boarding,BERNEX_LUCHEPELET,07:34:03,0.0,L14_T054,
synthetic_all_stop_counts,boarding,BERNEX_LUCHEPELET,07:21:01,0.0,L14_T055,
synthetic_all_stop_counts,boarding,BERNEX_LUCHEPELET,07:51:01,0.0,L14_T056,
synthetic_all_stop_counts,boarding,BERNEX_LUCHEPELET,08:20:03,0.0,L14_T060,
synthetic_all_stop_counts,boarding,BERNEX_LUCHEPELET,08:30:03,0.0,L14_T061,
synthetic_all_stop_counts,boarding,BERNEX_LUCHEPELET,07:40:01,0.0,L14_T063,
synthetic_all_stop_counts,boarding,BERNEX_LUCHEPELET,08:01:01,0.0,L14_T064,
synthetic_all_stop_counts,boarding,BERNEX_LUCHEPELET,09:08:01,0.0,L14_T065,
synthetic_all_stop_counts,boarding,BERNEX_LUCHEPELET,08:11:01,0.0,L14_T066,
synthetic_all_stop_counts,boarding,BERNEX_LUCHEPELET,08:40:01,0.0,L14_T067,
synthetic_all_stop_counts,boarding,BERNEX_LUCHEPELET,08:50:01,0.0,L14_T068,
synthetic_all_stop_counts,boarding,BERNEX_LUCHEPELET,08:59:01,0.0,L14_T069,
synthetic_all_stop_counts,boarding,BERNEX_LUCHEPELET,07:10:01,0.0,L14_T070,
synthetic_all_stop_counts,boarding,BERNEX_LUCHEPELET,07:29:01,0.0,L14_T071,
synthetic_all_stop_counts,boarding,BERNEX_PRE_MARAIS,08:55:01,0.0,L14_T001,
synthetic_all_stop_counts,boarding,BERNEX_PRE_MARAIS,08:06:01,0.0,L14_T003,
synthetic_all_stop_counts,boarding,BERNEX_PRE_MARAIS,07:38:01,0.0,L14_T004,
synthetic_all_stop_counts,boarding,BERNEX_PRE_MARAIS,06:52:01,0.0,L14_T006,
synthetic_all_stop_counts,boarding,BERNEX_PRE_MARAIS,07:02:01,0.0,L14_T007,
synthetic_all_stop_counts,boarding,BERNEX_PRE_MARAIS,07:12:01,0.0,L14_T008,
synthetic_all_stop_counts,boarding,BERNEX_PRE_MARAIS,07:21:01,0.0,L14_T009,
synthetic_all_stop_counts,boarding,BERNEX_PRE_MARAIS,08:26:01,0.0,L14_T010,
synthetic_all_stop_counts,boarding,BERNEX_PRE_MARAIS,08:16:01,0.0,L14_T011,
synthetic_all_stop_counts,boarding,BERNEX_PRE_MARAIS,07:30:01,0.0,L14_T012,
synthetic_all_stop_counts,boarding,BERNEX_PRE_MARAIS,07:57:01,0.0,L14_T013,
synthetic_all_stop_counts,boarding,BERNEX_PRE_MARAIS,07:48:01,0.0,L14_T014,
synthetic_all_stop_counts,boarding,BERNEX_PRE_MARAIS,08:35:01,0.0,L14_T017,
synthetic_all_stop_counts,boarding,BERNEX_PRE_MARAIS,08:45:01,0.0,L14_T018,
synthetic_all_stop_counts,boarding,BERNEX_PRE_MARAIS,08:50:01,0.0,L14_T020,
synthetic_all_stop_counts,boarding,BERNEX_PRE_MARAIS,07:07:01,0.0,L14_T021,
synthetic_all_stop_counts,boarding,BERNEX_PRE_MARAIS,08:31:01,0.0,L14_T022,
synthetic_all_stop_counts,boarding,BERNEX_PRE_MARAIS,08:59:01,0.0,L14_T023,
synthetic_all_stop_counts,boarding,BERNEX_PRE_MARAIS,07:16:01,0.0,L14_T024,
synthetic_all_stop_counts,boarding,BERNEX_PRE_MARAIS,07:25:01,0.0,L14_T025,
synthetic_all_stop_counts,boarding,BERNEX_PRE_MARAIS,08:21:01,0.0,L14_T026,
synthetic_all_stop_counts,boarding,BERNEX_PRE_MARAIS,08:11:01,0.0,L14_T027,
synthetic_all_stop_counts,boarding,BERNEX_PRE_MARAIS,08:01:01,0.0,L14_T028,
synthetic_all_stop_counts,boarding,BERNEX_PRE_MARAIS,07:52:01,0.0,L14_T029,
synthetic_all_stop_counts,boarding,BERNEX_PRE_MARAIS,07:34:01,0.0,L14_T030,
synthetic_all_stop_counts,boarding,BERNEX_PRE_MARAIS,07:43:01,0.0,L14_T031,
synthetic_all_stop_counts,boarding,BERNEX_PRE_MARAIS,06:47:01,0.0,L14_T032,
synthetic_all_stop_counts,boarding,BERNEX_PRE_MARAIS,06:57:01,0.0,L14_T033,
synthetic_all_stop_counts,boarding,BERNEX_PRE_MARAIS,08:40:01,0.0,L14_T035,
synthetic_all_stop_counts,boarding,BERNEX_PRE_MARAIS,07:05:01,0.0,L14_T036,
synthetic_all_stop_counts,boarding,BERNEX_PRE_MARAIS,07:12:01,0.0,L14_T037,
synthetic_all_stop_counts,boarding,BERNEX_PRE_MARAIS,07:30:01,0.0,L14_T038,
synthetic_all_stop_counts,boarding,BERNEX_PRE_MARAIS,07:17:01,0.0,L14_T039,
synthetic_all_stop_counts,boarding,BERNEX_PRE_MARAIS,07:56:01,0.0,L14_T040,
synthetic_all_stop_counts,boarding,BERNEX_PRE_MARAIS,09:12:01,0.0,L14_T041,
synthetic_all_stop_counts,boarding,BERNEX_PRE_MARAIS,08:54:01,0.0,L14_T042,
synthetic_all_stop_counts,boarding,BERNEX_PRE_MARAIS,06:59:01,0.0,L14_T043,
synthetic_all_stop_counts,boarding,BERNEX_PRE_MARAIS,07:45:01,0.0,L14_T044,
synthetic_all_stop_counts,boarding,BERNEX_PRE_MARAIS,08:04:01,0.0,L14_T045,
synthetic_all_stop_counts,boarding,BERNEX_PRE_MARAIS,08:44:01,0.0,L14_T048,
synthetic_all_stop_counts,boarding,BERNEX_PRE_MARAIS,09:03:01,0.0,L14_T049,
synthetic_all_stop_counts,boarding,BERNEX_PRE_MARAIS,08:24:01,0.0,L14_T050,
synthetic_all_stop_counts,boarding,BERNEX_PRE_MARAIS,08:14:01,0.0,L14_T051,
synthetic_all_stop_counts,boarding,BERNEX_PRE_MARAIS,08:34:01,0.0,L14_T052,
synthetic_all_stop_counts,boarding,BERNEX_PRE_MARAIS,07:34:01,0.0,L14_T054,
synthetic_all_stop_counts,boarding,BERNEX_PRE_MARAIS,07:20:01,0.0,L14_T055,
synthetic_all_stop_counts,boarding,BERNEX_PRE_MARAIS,07:50:01,0.0,L14_T056,
synthetic_all_stop_counts,boarding,BERNEX_PRE_MARAIS,08:20:01,0.0,L14_T060,
synthetic_all_stop_counts,boarding,BERNEX_PRE_MARAIS,08:30:01,0.0,L14_T061,
synthetic_all_stop_counts,boarding,BERNEX_PRE_MARAIS,07:39:01,0.0,L14_T063,
synthetic_all_stop_counts,boarding,BERNEX_PRE_MARAIS,08:00:01,0.0,L14_T064,
synthetic_all_stop_counts,boarding,BERNEX_PRE_MARAIS,09:07:01,0.0,L14_T065,
synthetic_all_stop_counts,boarding,BERNEX_PRE_MARAIS,08:10:01,0.0,L14_T066,
synthetic_all_stop_counts,boarding,BERNEX_PRE_MARAIS,08:39:01,0.0,L14_T067,
synthetic_all_stop_counts,boarding,BERNEX_PRE_MARAIS,08:49:01,0.0,L14_T068,
synthetic_all_stop_counts,boarding,BERNEX_PRE_MARAIS,08:58:01,0.0,L14_T069,
synthetic_all_stop_counts,boarding,BERNEX_PRE_MARAIS,07:09:01,0.0,L14_T070,
synthetic_all_stop_counts,boarding,BERNEX_PRE_MARAIS,07:28:01,0.0,L14_T071,
synthetic_all_stop_counts,boarding,BERNEX_P_R,08:56:01,0.0,L14_T001,
synthetic_all_stop_counts,boarding,BERNEX_P_R,08:07:01,0.0,L14_T003,
synthetic_all_stop_counts,boarding,BERNEX_P_R,07:39:01,0.0,L14_T004,
synthetic_all_stop_counts,boarding,BERNEX_P_R,06:53:01,0.0,L14_T006,
synthetic_all_stop_counts,boarding,BERNEX_P_R,07:03:01,0.0,L14_T007,
synthetic_all_stop_counts,boarding,BERNEX_P_R,07:13:01,0.0,L14_T008,
synthetic_all_stop_counts,boarding,BERNEX_P_R,07:22:01,0.0,L14_T009,
synthetic_all_stop_counts,boarding,BERNEX_P_R,08:27:01,0.0,L14_T010,
synthetic_all_stop_counts,boarding,BERNEX_P_R,08:17:01,0.0,L14_T011,
synthetic_all_stop_counts,boarding,BERNEX_P_R,07:31:01,0.0,L14_T012,
synthetic_all_stop_counts,boarding,BERNEX_P_R,07:58:01,0.0,L14_T013,
synthetic_all_stop_counts,boarding,BERNEX_P_R,07:49:01,0.0,L14_T014,
synthetic_all_stop_counts,boarding,BERNEX_P_R,08:36:01,0.0,L14_T017,
synthetic_all_stop_counts,boarding,BERNEX_P_R,08:46:01,0.0,L14_T018,
synthetic_all_stop_counts,boarding,BERNEX_P_R,08:51:01,0.0,L14_T020,
synthetic_all_stop_counts,boarding,BERNEX_P_R,07:08:01,0.0,L14_T021,
synthetic_all_stop_counts,boarding,BERNEX_P_R,08:32:01,0.0,L14_T022,
synthetic_all_stop_counts,boarding,BERNEX_P_R,09:00:01,0.0,L14_T023,
synthetic_all_stop_counts,boarding,BERNEX_P_R,07:17:01,0.0,L14_T024,
synthetic_all_stop_counts,boarding,BERNEX_P_R,07:26:01,0.0,L14_T025,
synthetic_all_stop_counts,boarding,BERNEX_P_R,08:22:01,0.0,L14_T026,
synthetic_all_stop_counts,boarding,BERNEX_P_R,08:12:01,0.0,L14_T027,
synthetic_all_stop_counts,boarding,BERNEX_P_R,08:02:01,0.0,L14_T028,
synthetic_all_stop_counts,boarding,BERNEX_P_R,07:53:01,0.0,L14_T029,
synthetic_all_stop_counts,boarding,BERNEX_P_R,07:35:01,0.0,L14_T030,
synthetic_all_stop_counts,boarding,BERNEX_P_R,07:44:01,0.0,L14_T031,
synthetic_all_stop_counts,boarding,BERNEX_P_R,06:48:01,0.0,L14_T032,
synthetic_all_stop_counts,boarding,BERNEX_P_R,06:58:01,0.0,L14_T033,
synthetic_all_stop_counts,boarding,BERNEX_P_R,08:41:01,0.0,L14_T035,
synthetic_all_stop_counts,boarding,BERNEX_P_R,07:04:01,0.0,L14_T036,
synthetic_all_stop_counts,boarding,BERNEX_P_R,07:11:01,0.0,L14_T037,
synthetic_all_stop_counts,boarding,BERNEX_P_R,07:29:01,0.0,L14_T038,
synthetic_all_stop_counts,boarding,BERNEX_P_R,07:16:01,0.0,L14_T039,
synthetic_all_stop_counts,boarding,BERNEX_P_R,07:55:01,0.0,L14_T040,
synthetic_all_stop_counts,boarding,BERNEX_P_R,09:11:01,0.0,L14_T041,
synthetic_all_stop_counts,boarding,BERNEX_P_R,08:53:01,0.0,L14_T042,
synthetic_all_stop_counts,boarding,BERNEX_P_R,06:58:01,0.0,L14_T043,
synthetic_all_stop_counts,boarding,BERNEX_P_R,07:44:01,0.0,L14_T044,
synthetic_all_stop_counts,boarding,BERNEX_P_R,08:03:01,0.0,L14_T045,
synthetic_all_stop_counts,boarding,BERNEX_P_R,08:43:01,0.0,L14_T048,
synthetic_all_stop_counts,boarding,BERNEX_P_R,09:02:01,0.0,L14_T049,
synthetic_all_stop_counts,boarding,BERNEX_P_R,08:23:01,0.0,L14_T050,
synthetic_all_stop_counts,boarding,BERNEX_P_R,08:13:01,0.0,L14_T051,
synthetic_all_stop_counts,boarding,BERNEX_P_R,08:33:01,0.0,L14_T052,
synthetic_all_stop_counts,boarding,BERNEX_P_R,07:33:01,0.0,L14_T054,
synthetic_all_stop_counts,boarding,BERNEX_P_R,07:19:01,0.0,L14_T055,
synthetic_all_stop_counts,boarding,BERNEX_P_R,07:49:01,0.0,L14_T056,
synthetic_all_stop_counts,boarding,BERNEX_P_R,08:19:01,0.0,L14_T060,
synthetic_all_stop_counts,boarding,BERNEX_P_R,08:29:01,0.0,L14_T061,
synthetic_all_stop_counts,boarding,BERNEX_P_R,07:38:01,0.0,L14_T063,
synthetic_all_stop_counts,boarding,BERNEX_P_R,07:59:01,0.0,L14_T064,
synthetic_all_stop_counts,boarding,BERNEX_P_R,09:06:01,0.0,L14_T065,
synthetic_all_stop_counts,boarding,BERNEX_P_R,08:09:01,0.0,L14_T066,
synthetic_all_stop_counts,boarding,BERNEX_P_R,08:38:01,0.0,L14_T067,
synthetic_all_stop_counts,boarding,BERNEX_P_R,08:48:01,0.0,L14_T068,
synthetic_all_stop_counts,boarding,BERNEX_P_R,08:57:01,0.0,L14_T069,
synthetic_all_stop_counts,boarding,BERNEX_P_R,07:08:01,0.0,L14_T070,
synthetic_all_stop_counts,boarding,BERNEX_P_R,07:27:01,0.0,L14_T071,
synthetic_all_stop_counts,boarding,BERNEX_VAILLY,08:51:01,1.0,L14_T001,
synthetic_all_stop_counts,boarding,BERNEX_VAILLY,08:02:01,11.0,L14_T003,
synthetic_all_stop_counts,boarding,BERNEX_VAILLY,07:34:01,9.0,L14_T004,
synthetic_all_stop_counts,boarding,BERNEX_VAILLY,06:47:01,1.0,L14_T006,
synthetic_all_stop_counts,boarding,BERNEX_VAILLY,06:57:01,9.0,L14_T007,
synthetic_all_stop_counts,boarding,BERNEX_VAILLY,07:07:01,10.0,L14_T008,
synthetic_all_stop_counts,boarding,BERNEX_VAILLY,07:16:01,4.0,L14_T009,
synthetic_all_stop_counts,boarding,BERNEX_VAILLY,08:21:01,2.0,L14_T010,
synthetic_all_stop_counts,boarding,BERNEX_VAILLY,08:11:01,4.0,L14_T011,
synthetic_all_stop_counts,boarding,BERNEX_VAILLY,07:25:01,5.0,L14_T012,
synthetic_all_stop_counts,boarding,BERNEX_VAILLY,07:52:01,2.0,L14_T013,
synthetic_all_stop_counts,boarding,BERNEX_VAILLY,07:43:01,2.0,L14_T014,
synthetic_all_stop_counts,boarding,BERNEX_VAILLY,08:31:01,8.0,L14_T017,
synthetic_all_stop_counts,boarding,BERNEX_VAILLY,08:41:01,5.0,L14_T018,
synthetic_all_stop_counts,boarding,BERNEX_VAILLY,08:46:01,7.0,L14_T020,
synthetic_all_stop_counts,boarding,BERNEX_VAILLY,07:03:01,16.0,L14_T021,
synthetic_all_stop_counts,boarding,BERNEX_VAILLY,08:27:01,17.0,L14_T022,
synthetic_all_stop_counts,boarding,BERNEX_VAILLY,08:55:01,1.0,L14_T023,
synthetic_all_stop_counts,boarding,BERNEX_VAILLY,07:12:01,5.0,L14_T024,
synthetic_all_stop_counts,boarding,BERNEX_VAILLY,07:21:01,3.0,L14_T025,
synthetic_all_stop_counts,boarding,BERNEX_VAILLY,08:17:01,7.0,L14_T026,
synthetic_all_stop_counts,boarding,BERNEX_VAILLY,08:07:01,16.0,L14_T027,
synthetic_all_stop_counts,boarding,BERNEX_VAILLY,07:57:01,9.0,L14_T028,
synthetic_all_stop_counts,boarding,BERNEX_VAILLY,07:48:01,3.0,L14_T029,
synthetic_all_stop_counts,boarding,BERNEX_VAILLY,07:30:01,16.0,L14_T030,
synthetic_all_stop_counts,boarding,BERNEX_VAILLY,07:39:01,9.0,L14_T031,
synthetic_all_stop_counts,boarding,BERNEX_VAILLY,06:52:01,2.0,L14_T033,
synthetic_all_stop_counts,boarding,BERNEX_VAILLY,08:36:01,18.0,L14_T035,
synthetic_all_stop_counts,boarding,BERNEX_VAILLY,07:09:01,0.0,L14_T036,
synthetic_all_stop_counts,boarding,BERNEX_VAILLY,07:16:01,0.0,L14_T037,
synthetic_all_stop_counts,boarding,BERNEX_VAILLY,07:34:01,0.0,L14_T038,
synthetic_all_stop_counts,boarding,BERNEX_VAILLY,07:21:01,0.0,L14_T039,
synthetic_all_stop_counts,boarding,BERNEX_VAILLY,08:00:01,0.0,L14_T040,
synthetic_all_stop_counts,boarding,BERNEX_VAILLY,08:58:01,0.0,L14_T042,
synthetic_all_stop_counts,boarding,BERNEX_VAILLY,07:03:01,0.0,L14_T043,
synthetic_all_stop_counts,boarding,BERNEX_VAILLY,07:49:01,0.0,L14_T044,
synthetic_all_stop_counts,boarding,BERNEX_VAILLY,08:08:01,0.0,L14_T045,
synthetic_all_stop_counts,boarding,BERNEX_VAILLY,08:48:01,0.0,L14_T048,
synthetic_all_stop_counts,boarding,BERNEX_VAILLY,09:07:01,0.0,L14_T049,
synthetic_all_stop_counts,boarding,BERNEX_VAILLY,08:28:01,0.0,L14_T050,
synthetic_all_stop_counts,boarding,BERNEX_VAILLY,08:18:01,0.0,L14_T051,
synthetic_all_stop_counts,boarding,BERNEX_VAILLY,08:38:01,0.0,L14_T052,
synthetic_all_stop_counts,boarding,BERNEX_VAILLY,07:38:01,0.0,L14_T054,
synthetic_all_stop_counts,boarding,BERNEX_VAILLY,07:24:01,0.0,L14_T055,
synthetic_all_stop_counts,boarding,BERNEX_VAILLY,07:54:01,0.0,L14_T056,
synthetic_all_stop_counts,boarding,BERNEX_VAILLY,08:24:01,0.0,L14_T060,
synthetic_all_stop_counts,boarding,BERNEX_VAILLY,08:34:01,0.0,L14_T061,
synthetic_all_stop_counts,boarding,BERNEX_VAILLY,07:43:01,0.0,L14_T063,
synthetic_all_stop_counts,boarding,BERNEX_VAILLY,08:04:01,0.0,L14_T064,
synthetic_all_stop_counts,boarding,BERNEX_VAILLY,09:11:01,0.0,L14_T065,
synthetic_all_stop_counts,boarding,BERNEX_VAILLY,08:14:01,0.0,L14_T066,
synthetic_all_stop_counts,boarding,BERNEX_VAILLY,08:43:01,0.0,L14_T067,
synthetic_all_stop_counts,boarding,BERNEX_VAILLY,08:53:01,0.0,L14_T068,
synthetic_all_stop_counts,boarding,BERNEX_VAILLY,09:02:01,0.0,L14_T069,
synthetic_all_stop_counts,boarding,BERNEX_VAILLY,07:13:01,0.0,L14_T070,
synthetic_all_stop_counts,boarding,BERNEX_VAILLY,07:32:01,0.0,L14_T071,
synthetic_all_stop_counts,boarding,CAROUGE_GE_ANCIENNE,07:15:01,0.0,L12_T002,
synthetic_all_stop_counts,boarding,CAROUGE_GE_ANCIENNE,08:39:01,0.0,L12_T003,
synthetic_all_stop_counts,boarding,CAROUGE_GE_ANCIENNE,07:24:01,0.0,L12_T004,
synthetic_all_stop_counts,boarding,CAROUGE_GE_ANCIENNE,07:52:01,0.0,L12_T005,
synthetic_all_stop_counts,boarding,CAROUGE_GE_ANCIENNE,08:20:01,0.0,L12_T006,
synthetic_all_stop_counts,boarding,CAROUGE_GE_ANCIENNE,06:55:01,0.0,L12_T007,
synthetic_all_stop_counts,boarding,CAROUGE_GE_ANCIENNE,06:45:01,0.0,L12_T008,
synthetic_all_stop_counts,boarding,CAROUGE_GE_ANCIENNE,07:05:01,0.0,L12_T009,
synthetic_all_stop_counts,boarding,CAROUGE_GE_ANCIENNE,08:01:01,0.0,L12_T010,
synthetic_all_stop_counts,boarding,CAROUGE_GE_ANCIENNE,08:29:01,0.0,L12_T011,
synthetic_all_stop_counts,boarding,CAROUGE_GE_ANCIENNE,07:33:01,0.0,L12_T012,
synthetic_all_stop_counts,boarding,CAROUGE_GE_ANCIENNE,08:48:01,0.0,L12_T013,
synthetic_all_stop_counts,boarding,CAROUGE_GE_ANCIENNE,07:42:01,0.0,L12_T014,
synthetic_all_stop_counts,boarding,CAROUGE_GE_ANCIENNE,08:10:01,0.0,L12_T015,
synthetic_all_stop_counts,boarding,CAROUGE_GE_ANCIENNE,08:57:01,0.0,L12_T016,
synthetic_all_stop_counts,boarding,CAROUGE_GE_ANCIENNE,08:53:01,0.0,L12_T017,
synthetic_all_stop_counts,boarding,CAROUGE_GE_ANCIENNE,08:06:01,0.0,L12_T018,
synthetic_all_stop_counts,boarding,CAROUGE_GE_ANCIENNE,06:50:01,0.0,L12_T020,
synthetic_all_stop_counts,boarding,CAROUGE_GE_ANCIENNE,07:00:01,0.0,L12_T021,
synthetic_all_stop_counts,boarding,CAROUGE_GE_ANCIENNE,07:10:01,0.0,L12_T023,
synthetic_all_stop_counts,boarding,CAROUGE_GE_ANCIENNE,07:19:01,0.0,L12_T024,
synthetic_all_stop_counts,boarding,CAROUGE_GE_ANCIENNE,07:37:01,0.0,L12_T025,
synthetic_all_stop_counts,boarding,CAROUGE_GE_ANCIENNE,09:02:01,0.0,L12_T026,
synthetic_all_stop_counts,boarding,CAROUGE_GE_ANCIENNE,08:24:01,0.0,L12_T027,
synthetic_all_stop_counts,boarding,CAROUGE_GE_ANCIENNE,08:34:01,0.0,L12_T028,
synthetic_all_stop_counts,boarding,CAROUGE_GE_ANCIENNE,07:47:01,0.0,L12_T029,
synthetic_all_stop_counts,boarding,CAROUGE_GE_ANCIENNE,08:15:01,0.0,L12_T030,
synthetic_all_stop_counts,boarding,CAROUGE_GE_ANCIENNE,08:43:01,0.0,L12_T031,
synthetic_all_stop_counts,boarding,CAROUGE_GE_ANCIENNE,07:56:01,0.0,L12_T032,
synthetic_all_stop_counts,boarding,CAROUGE_GE_ANCIENNE,07:28:01,0.0,L12_T033,
synthetic_all_stop_counts,boarding,CAROUGE_GE_ANCIENNE,07:37:01,0.0,L12_T034,
synthetic_all_stop_counts,boarding,CAROUGE_GE_ANCIENNE,07:15:01,0.0,L12_T036,
synthetic_all_stop_counts,boarding,CAROUGE_GE_ANCIENNE,07:04:01,0.0,L12_T037,
synthetic_all_stop_counts,boarding,CAROUGE_GE_ANCIENNE,07:47:01,0.0,L12_T038,
synthetic_all_stop_counts,boarding,CAROUGE_GE_ANCIENNE,08:06:01,0.0,L12_T039,
synthetic_all_stop_counts,boarding,CAROUGE_GE_ANCIENNE,09:12:01,0.0,L12_T040,
synthetic_all_stop_counts,boarding,CAROUGE_GE_ANCIENNE,08:25:01,0.0,L12_T041,
synthetic_all_stop_counts,boarding,CAROUGE_GE_ANCIENNE,08:45:01,0.0,L12_T042,
synthetic_all_stop_counts,boarding,CAROUGE_GE_ANCIENNE,07:25:01,0.0,L12_T043,
synthetic_all_stop_counts,boarding,CAROUGE_GE_ANCIENNE,08:54:01,0.0,L12_T044,
synthetic_all_stop_counts,boarding,CAROUGE_GE_ANCIENNE,07:56:01,0.0,L12_T045,
synthetic_all_stop_counts,boarding,CAROUGE_GE_ANCIENNE,08:35:01,0.0,L12_T046,
synthetic_all_stop_counts,boarding,CAROUGE_GE_ANCIENNE,08:16:01,0.0,L12_T047,
synthetic_all_stop_counts,boarding,CAROUGE_GE_ANCIENNE,09:03:01,0.0,L12_T048,
synthetic_all_stop_counts,boarding,CAROUGE_GE_ANCIENNE,06:56:01,0.0,L12_T051,
synthetic_all_stop_counts,boarding,CAROUGE_GE_ANCIENNE,07:10:01,0.0,L12_T052,
synthetic_all_stop_counts,boarding,CAROUGE_GE_ANCIENNE,07:19:01,0.0,L12_T053,
synthetic_all_stop_counts,boarding,CAROUGE_GE_ANCIENNE,07:31:01,0.0,L12_T054,
synthetic_all_stop_counts,boarding,CAROUGE_GE_ANCIENNE,07:52:01,0.0,L12_T055,
synthetic_all_stop_counts,boarding,CAROUGE_GE_ANCIENNE,08:49:01,0.0,L12_T057,
synthetic_all_stop_counts,boarding,CAROUGE_GE_ANCIENNE,08:59:01,0.0,L12_T058,
synthetic_all_stop_counts,boarding,CAROUGE_GE_ANCIENNE,07:42:01,0.0,L12_T059,
synthetic_all_stop_counts,boarding,CAROUGE_GE_ANCIENNE,08:01:01,0.0,L12_T060,
synthetic_all_stop_counts,boarding,CAROUGE_GE_ANCIENNE,08:31:01,0.0,L12_T061,
synthetic_all_stop_counts,boarding,CAROUGE_GE_ANCIENNE,08:21:01,0.0,L12_T062,
synthetic_all_stop_counts,boarding,CAROUGE_GE_ANCIENNE,09:08:01,0.0,L12_T063,
synthetic_all_stop_counts,boarding,CAROUGE_GE_ANCIENNE,08:40:01,0.0,L12_T064,
synthetic_all_stop_counts,boarding,CAROUGE_GE_ANCIENNE,08:11:01,0.0,L12_T065,
synthetic_all_stop_counts,boarding,CAROUGE_GE_ANCIENNE,06:57:01,0.0,L18_T001,
synthetic_all_stop_counts,boarding,CAROUGE_GE_ANCIENNE,08:13:01,0.0,L18_T003,
synthetic_all_stop_counts,boarding,CAROUGE_GE_ANCIENNE,07:17:01,0.0,L18_T004,
synthetic_all_stop_counts,boarding,CAROUGE_GE_ANCIENNE,08:50:01,0.0,L18_T005,
synthetic_all_stop_counts,boarding,CAROUGE_GE_ANCIENNE,09:09:01,0.0,L18_T006,
synthetic_all_stop_counts,boarding,CAROUGE_GE_ANCIENNE,07:54:01,0.0,L18_T007,
synthetic_all_stop_counts,boarding,CAROUGE_GE_ANCIENNE,08:31:01,0.0,L18_T008,
synthetic_all_stop_counts,boarding,CAROUGE_GE_ANCIENNE,07:35:01,0.0,L18_T009,
synthetic_all_stop_counts,boarding,CAROUGE_GE_ANCIENNE,06:47:01,0.0,L18_T010,
synthetic_all_stop_counts,boarding,CAROUGE_GE_ANCIENNE,07:07:01,0.0,L18_T011,
synthetic_all_stop_counts,boarding,CAROUGE_GE_ANCIENNE,08:22:01,0.0,L18_T012,
synthetic_all_stop_counts,boarding,CAROUGE_GE_ANCIENNE,08:41:01,0.0,L18_T013,
synthetic_all_stop_counts,boarding,CAROUGE_GE_ANCIENNE,09:00:01,0.0,L18_T014,
synthetic_all_stop_counts,boarding,CAROUGE_GE_ANCIENNE,07:45:01,0.0,L18_T015,
synthetic_all_stop_counts,boarding,CAROUGE_GE_ANCIENNE,07:26:01,0.0,L18_T016,
synthetic_all_stop_counts,boarding,CAROUGE_GE_ANCIENNE,08:03:01,0.0,L18_T017,
synthetic_all_stop_counts,boarding,CAROUGE_GE_ANCIENNE,07:08:01,0.0,L18_T019,
synthetic_all_stop_counts,boarding,CAROUGE_GE_ANCIENNE,07:40:01,0.0,L18_T020,
synthetic_all_stop_counts,boarding,CAROUGE_GE_ANCIENNE,08:57:01,0.0,L18_T021,
synthetic_all_stop_counts,boarding,CAROUGE_GE_ANCIENNE,07:59:01,0.0,L18_T022,
synthetic_all_stop_counts,boarding,CAROUGE_GE_ANCIENNE,08:19:01,0.0,L18_T023,
synthetic_all_stop_counts,boarding,CAROUGE_GE_ANCIENNE,08:38:01,0.0,L18_T026,
synthetic_all_stop_counts,boarding,CAROUGE_GE_ANCIENNE,06:54:01,0.0,L18_T027,
synthetic_all_stop_counts,boarding,CAROUGE_GE_ANCIENNE,08:28:01,0.0,L18_T028,
synthetic_all_stop_counts,boarding,CAROUGE_GE_ANCIENNE,07:18:01,0.0,L18_T029,
synthetic_all_stop_counts,boarding,CAROUGE_GE_ANCIENNE,07:29:01,0.0,L18_T030,
synthetic_all_stop_counts,boarding,CAROUGE_GE_ANCIENNE,09:06:01,0.0,L18_T031,
synthetic_all_stop_counts,boarding,CAROUGE_GE_ANCIENNE,08:47:01,0.0,L18_T032,
synthetic_all_stop_counts,boarding,CAROUGE_GE_ANCIENNE,08:09:01,0.0,L18_T033,
synthetic_all_stop_counts,boarding,CAROUGE_GE_ANCIENNE,07:49:01,0.0,L18_T034,
synthetic_all_stop_counts,boarding,CAROUGE_GE_ARMES,07:18:01,0.0,L12_T002,
synthetic_all_stop_counts,boarding,CAROUGE_GE_ARMES,08:42:01,0.0,L12_T003,
synthetic_all_stop_counts,boarding,CAROUGE_GE_ARMES,07:27:01,0.0,L12_T004,
synthetic_all_stop_counts,boarding,CAROUGE_GE_ARMES,07:55:01,0.0,L12_T005,
synthetic_all_stop_counts,boarding,CAROUGE_GE_ARMES,08:23:01,0.0,L12_T006,
synthetic_all_stop_counts,boarding,CAROUGE_GE_ARMES,06:58:01,0.0,L12_T007,
synthetic_all_stop_counts,boarding,CAROUGE_GE_ARMES,06:48:01,0.0,L12_T008,
synthetic_all_stop_counts,boarding,CAROUGE_GE_ARMES,07:08:01,0.0,L12_T009,
synthetic_all_stop_counts,boarding,CAROUGE_GE_ARMES,08:04:01,0.0,L12_T010,
synthetic_all_stop_counts,boarding,CAROUGE_GE_ARMES,08:32:01,0.0,L12_T011,
synthetic_all_stop_counts,boarding,CAROUGE_GE_ARMES,07:36:01,0.0,L12_T012,
synthetic_all_stop_counts,boarding,CAROUGE_GE_ARMES,08:51:01,0.0,L12_T013,
synthetic_all_stop_counts,boarding,CAROUGE_GE_ARMES,07:46:01,0.0,L12_T014,
synthetic_all_stop_counts,boarding,CAROUGE_GE_ARMES,08:14:01,0.0,L12_T015,
synthetic_all_stop_counts,boarding,CAROUGE_GE_ARMES,09:01:01,0.0,L12_T016,
synthetic_all_stop_counts,boarding,CAROUGE_GE_ARMES,08:56:01,0.0,L12_T017,
synthetic_all_stop_counts,boarding,CAROUGE_GE_ARMES,08:09:01,0.0,L12_T018,
synthetic_all_stop_counts,boarding,CAROUGE_GE_ARMES,06:53:01,0.0,L12_T020,
synthetic_all_stop_counts,boarding,CAROUGE_GE_ARMES,07:03:01,0.0,L12_T021,
synthetic_all_stop_counts,boarding,CAROUGE_GE_ARMES,07:13:01,0.0,L12_T023,
synthetic_all_stop_counts,boarding,CAROUGE_GE_ARMES,07:22:01,0.0,L12_T024,
synthetic_all_stop_counts,boarding,CAROUGE_GE_ARMES,07:40:01,0.0,L12_T025,
synthetic_all_stop_counts,boarding,CAROUGE_GE_ARMES,09:05:01,0.0,L12_T026,
synthetic_all_stop_counts,boarding,CAROUGE_GE_ARMES,08:27:01,0.0,L12_T027,
synthetic_all_stop_counts,boarding,CAROUGE_GE_ARMES,08:37:01,0.0,L12_T028,
synthetic_all_stop_counts,boarding,CAROUGE_GE_ARMES,07:50:01,0.0,L12_T029,
synthetic_all_stop_counts,boarding,CAROUGE_GE_ARMES,08:18:01,0.0,L12_T030,
synthetic_all_stop_counts,boarding,CAROUGE_GE_ARMES,08:47:01,0.0,L12_T031,
synthetic_all_stop_counts,boarding,CAROUGE_GE_ARMES,08:00:01,0.0,L12_T032,
synthetic_all_stop_counts,boarding,CAROUGE_GE_ARMES,07:32:01,0.0,L12_T033,
synthetic_all_stop_counts,boarding,CAROUGE_GE_ARMES,07:34:01,0.0,L12_T034,
synthetic_all_stop_counts,boarding,CAROUGE_GE_ARMES,07:12:01,0.0,L12_T036,
synthetic_all_stop_counts,boarding,CAROUGE_GE_ARMES,07:01:01,0.0,L12_T037,
synthetic_all_stop_counts,boarding,CAROUGE_GE_ARMES,07:44:01,0.0,L12_T038,
synthetic_all_stop_counts,boarding,CAROUGE_GE_ARMES,08:03:01,0.0,L12_T039,
synthetic_all_stop_counts,boarding,CAROUGE_GE_ARMES,09:09:01,0.0,L12_T040,
synthetic_all_stop_counts,boarding,CAROUGE_GE_ARMES,08:22:01,0.0,L12_T041,
synthetic_all_stop_counts,boarding,CAROUGE_GE_ARMES,08:42:01,0.0,L12_T042,
synthetic_all_stop_counts,boarding,CAROUGE_GE_ARMES,07:22:01,0.0,L12_T043,
synthetic_all_stop_counts,boarding,CAROUGE_GE_ARMES,08:51:01,0.0,L12_T044,
synthetic_all_stop_counts,boarding,CAROUGE_GE_ARMES,07:53:01,0.0,L12_T045,
synthetic_all_stop_counts,boarding,CAROUGE_GE_ARMES,08:32:01,0.0,L12_T046,
synthetic_all_stop_counts,boarding,CAROUGE_GE_ARMES,08:13:01,0.0,L12_T047,
synthetic_all_stop_counts,boarding,CAROUGE_GE_ARMES,09:00:01,0.0,L12_T048,
synthetic_all_stop_counts,boarding,CAROUGE_GE_ARMES,06:53:01,0.0,L12_T051,
synthetic_all_stop_counts,boarding,CAROUGE_GE_ARMES,07:07:01,0.0,L12_T052,
synthetic_all_stop_counts,boarding,CAROUGE_GE_ARMES,07:16:01,0.0,L12_T053,
synthetic_all_stop_counts,boarding,CAROUGE_GE_ARMES,07:28:01,0.0,L12_T054,
synthetic_all_stop_counts,boarding,CAROUGE_GE_ARMES,07:49:01,0.0,L12_T055,
synthetic_all_stop_counts,boarding,CAROUGE_GE_ARMES,09:14:01,0.0,L12_T056,
synthetic_all_stop_counts,boarding,CAROUGE_GE_ARMES,08:46:01,0.0,L12_T057,
synthetic_all_stop_counts,boarding,CAROUGE_GE_ARMES,08:56:01,0.0,L12_T058,
synthetic_all_stop_counts,boarding,CAROUGE_GE_ARMES,07:39:01,0.0,L12_T059,
synthetic_all_stop_counts,boarding,CAROUGE_GE_ARMES,07:58:01,0.0,L12_T060,
synthetic_all_stop_counts,boarding,CAROUGE_GE_ARMES,08:28:01,0.0,L12_T061,
synthetic_all_stop_counts,boarding,CAROUGE_GE_ARMES,08:18:01,0.0,L12_T062,
synthetic_all_stop_counts,boarding,CAROUGE_GE_ARMES,09:05:01,0.0,L12_T063,
synthetic_all_stop_counts,boarding,CAROUGE_GE_ARMES,08:37:01,0.0,L12_T064,
synthetic_all_stop_counts,boarding,CAROUGE_GE_ARMES,08:08:01,0.0,L12_T065,
synthetic_all_stop_counts,boarding,CAROUGE_GE_ARMES,07:00:01,0.0,L18_T001,
synthetic_all_stop_counts,boarding,CAROUGE_GE_ARMES,08:16:01,0.0,L18_T003,
synthetic_all_stop_counts,boarding,CAROUGE_GE_ARMES,07:20:01,0.0,L18_T004,
synthetic_all_stop_counts,boarding,CAROUGE_GE_ARMES,08:53:01,0.0,L18_T005,
synthetic_all_stop_counts,boarding,CAROUGE_GE_ARMES,09:12:01,0.0,L18_T006,
synthetic_all_stop_counts,boarding,CAROUGE_GE_ARMES,07:57:01,0.0,L18_T007,
synthetic_all_stop_counts,boarding,CAROUGE_GE_ARMES,08:35:01,0.0,L18_T008,
synthetic_all_stop_counts,boarding,CAROUGE_GE_ARMES,07:39:01,0.0,L18_T009,
synthetic_all_stop_counts,boarding,CAROUGE_GE_ARMES,06:50:01,0.0,L18_T010,
synthetic_all_stop_counts,boarding,CAROUGE_GE_ARMES,07:10:01,0.0,L18_T011,
synthetic_all_stop_counts,boarding,CAROUGE_GE_ARMES,08:25:01,0.0,L18_T012,
synthetic_all_stop_counts,boarding,CAROUGE_GE_ARMES,08:44:01,0.0,L18_T013,
synthetic_all_stop_counts,boarding,CAROUGE_GE_ARMES,09:03:01,0.0,L18_T014,
synthetic_all_stop_counts,boarding,CAROUGE_GE_ARMES,07:48:01,0.0,L18_T015,
synthetic_all_stop_counts,boarding,CAROUGE_GE_ARMES,07:29:01,0.0,L18_T016,
synthetic_all_stop_counts,boarding,CAROUGE_GE_ARMES,08:07:01,0.0,L18_T017,
synthetic_all_stop_counts,boarding,CAROUGE_GE_ARMES,07:05:01,0.0,L18_T019,
synthetic_all_stop_counts,boarding,CAROUGE_GE_ARMES,07:37:01,0.0,L18_T020,
synthetic_all_stop_counts,boarding,CAROUGE_GE_ARMES,08:54:01,0.0,L18_T021,
synthetic_all_stop_counts,boarding,CAROUGE_GE_ARMES,07:56:01,0.0,L18_T022,
synthetic_all_stop_counts,boarding,CAROUGE_GE_ARMES,08:16:01,0.0,L18_T023,
synthetic_all_stop_counts,boarding,CAROUGE_GE_ARMES,09:12:01,0.0,L18_T024,
synthetic_all_stop_counts,boarding,CAROUGE_GE_ARMES,08:35:01,0.0,L18_T026,
synthetic_all_stop_counts,boarding,CAROUGE_GE_ARMES,06:51:01,0.0,L18_T027,
synthetic_all_stop_counts,boarding,CAROUGE_GE_ARMES,08:25:01,0.0,L18_T028,
synthetic_all_stop_counts,boarding,CAROUGE_GE_ARMES,07:15:01,0.0,L18_T029,
synthetic_all_stop_counts,boarding,CAROUGE_GE_ARMES,07:26:01,0.0,L18_T030,
synthetic_all_stop_counts,boarding,CAROUGE_GE_ARMES,09:03:01,0.0,L18_T031,
synthetic_all_stop_counts,boarding,CAROUGE_GE_ARMES,08:44:01,0.0,L18_T032,
synthetic_all_stop_counts,boarding,CAROUGE_GE_ARMES,08:06:01,0.0,L18_T033,
synthetic_all_stop_counts,boarding,CAROUGE_GE_ARMES,07:46:01,0.0,L18_T034,
synthetic_all_stop_counts,boarding,CAROUGE_GE_MARCHE,07:16:01,0.0,L12_T002,
synthetic_all_stop_counts,boarding,CAROUGE_GE_MARCHE,08:40:01,2.0,L12_T003,
synthetic_all_stop_counts,boarding,CAROUGE_GE_MARCHE,07:25:01,2.0,L12_T004,
synthetic_all_stop_counts,boarding,CAROUGE_GE_MARCHE,07:53:01,2.0,L12_T005,
synthetic_all_stop_counts,boarding,CAROUGE_GE_MARCHE,08:21:01,1.0,L12_T006,
synthetic_all_stop_counts,boarding,CAROUGE_GE_MARCHE,06:56:01,1.0,L12_T007,
synthetic_all_stop_counts,boarding,CAROUGE_GE_MARCHE,06:46:01,0.0,L12_T008,
synthetic_all_stop_counts,boarding,CAROUGE_GE_MARCHE,07:06:01,1.0,L12_T009,
synthetic_all_stop_counts,boarding,CAROUGE_GE_MARCHE,08:02:01,5.0,L12_T010,
synthetic_all_stop_counts,boarding,CAROUGE_GE_MARCHE,08:30:01,4.0,L12_T011,
synthetic_all_stop_counts,boarding,CAROUGE_GE_MARCHE,07:34:01,6.0,L12_T012,
synthetic_all_stop_counts,boarding,CAROUGE_GE_MARCHE,08:49:01,0.0,L12_T013,
synthetic_all_stop_counts,boarding,CAROUGE_GE_MARCHE,07:44:01,2.0,L12_T014,
synthetic_all_stop_counts,boarding,CAROUGE_GE_MARCHE,08:12:01,2.0,L12_T015,
synthetic_all_stop_counts,boarding,CAROUGE_GE_MARCHE,08:59:01,0.0,L12_T016,
synthetic_all_stop_counts,boarding,CAROUGE_GE_MARCHE,08:54:01,0.0,L12_T017,
synthetic_all_stop_counts,boarding,CAROUGE_GE_MARCHE,08:07:01,1.0,L12_T018,
synthetic_all_stop_counts,boarding,CAROUGE_GE_MARCHE,06:51:01,0.0,L12_T020,
synthetic_all_stop_counts,boarding,CAROUGE_GE_MARCHE,07:01:01,3.0,L12_T021,
synthetic_all_stop_counts,boarding,CAROUGE_GE_MARCHE,07:11:01,0.0,L12_T023,
synthetic_all_stop_counts,boarding,CAROUGE_GE_MARCHE,07:20:01,0.0,L12_T024,
synthetic_all_stop_counts,boarding,CAROUGE_GE_MARCHE,07:38:01,1.0,L12_T025,
synthetic_all_stop_counts,boarding,CAROUGE_GE_MARCHE,09:03:01,0.0,L12_T026,
synthetic_all_stop_counts,boarding,CAROUGE_GE_MARCHE,08:25:01,0.0,L12_T027,
synthetic_all_stop_counts,boarding,CAROUGE_GE_MARCHE,08:35:01,1.0,L12_T028,
synthetic_all_stop_counts,boarding,CAROUGE_GE_MARCHE,07:48:01,0.0,L12_T029,
synthetic_all_stop_counts,boarding,CAROUGE_GE_MARCHE,08:16:01,0.0,L12_T030,
synthetic_all_stop_counts,boarding,CAROUGE_GE_MARCHE,08:45:01,0.0,L12_T031,
synthetic_all_stop_counts,boarding,CAROUGE_GE_MARCHE,07:58:01,2.0,L12_T032,
synthetic_all_stop_counts,boarding,CAROUGE_GE_MARCHE,07:30:01,4.0,L12_T033,
synthetic_all_stop_counts,boarding,CAROUGE_GE_MARCHE,07:35:01,2.0,L12_T034,
synthetic_all_stop_counts,boarding,CAROUGE_GE_MARCHE,07:14:01,0.0,L12_T036,
synthetic_all_stop_counts,boarding,CAROUGE_GE_MARCHE,07:03:01,1.0,L12_T037,
synthetic_all_stop_counts,boarding,CAROUGE_GE_MARCHE,07:45:01,1.0,L12_T038,
synthetic_all_stop_counts,boarding,CAROUGE_GE_MARCHE,08:04:01,1.0,L12_T039,
synthetic_all_stop_counts,boarding,CAROUGE_GE_MARCHE,09:11:01,0.0,L12_T040,
synthetic_all_stop_counts,boarding,CAROUGE_GE_MARCHE,08:24:01,0.0,L12_T041,
synthetic_all_stop_counts,boarding,CAROUGE_GE_MARCHE,08:43:01,0.0,L12_T042,
synthetic_all_stop_counts,boarding,CAROUGE_GE_MARCHE,07:23:01,1.0,L12_T043,
synthetic_all_stop_counts,boarding,CAROUGE_GE_MARCHE,08:52:01,0.0,L12_T044,
synthetic_all_stop_counts,boarding,CAROUGE_GE_MARCHE,07:55:01,1.0,L12_T045,
synthetic_all_stop_counts,boarding,CAROUGE_GE_MARCHE,08:33:01,1.0,L12_T046,
synthetic_all_stop_counts,boarding,CAROUGE_GE_MARCHE,08:14:01,0.0,L12_T047,
synthetic_all_stop_counts,boarding,CAROUGE_GE_MARCHE,09:02:01,0.0,L12_T048,
synthetic_all_stop_counts,boarding,CAROUGE_GE_MARCHE,06:54:01,0.0,L12_T051,
synthetic_all_stop_counts,boarding,CAROUGE_GE_MARCHE,07:09:01,0.0,L12_T052,
synthetic_all_stop_counts,boarding,CAROUGE_GE_MARCHE,07:18:01,0.0,L12_T053,
synthetic_all_stop_counts,boarding,CAROUGE_GE_MARCHE,07:29:01,2.0,L12_T054,
synthetic_all_stop_counts,boarding,CAROUGE_GE_MARCHE,07:50:01,1.0,L12_T055,
synthetic_all_stop_counts,boarding,CAROUGE_GE_MARCHE,08:47:01,0.0,L12_T057,
synthetic_all_stop_counts,boarding,CAROUGE_GE_MARCHE,08:57:01,0.0,L12_T058,
synthetic_all_stop_counts,boarding,CAROUGE_GE_MARCHE,07:40:01,2.0,L12_T059,
synthetic_all_stop_counts,boarding,CAROUGE_GE_MARCHE,08:00:01,2.0,L12_T060,
synthetic_all_stop_counts,boarding,CAROUGE_GE_MARCHE,08:29:01,2.0,L12_T061,
synthetic_all_stop_counts,boarding,CAROUGE_GE_MARCHE,08:19:01,0.0,L12_T062,
synthetic_all_stop_counts,boarding,CAROUGE_GE_MARCHE,09:06:01,0.0,L12_T063,
synthetic_all_stop_counts,boarding,CAROUGE_GE_MARCHE,08:38:01,1.0,L12_T064,
synthetic_all_stop_counts,boarding,CAROUGE_GE_MARCHE,08:09:01,1.0,L12_T065,
synthetic_all_stop_counts,boarding,CAROUGE_GE_MARCHE,06:59:01,3.0,L18_T001,
synthetic_all_stop_counts,boarding,CAROUGE_GE_MARCHE,08:14:01,1.0,L18_T003,
synthetic_all_stop_counts,boarding,CAROUGE_GE_MARCHE,07:18:01,0.0,L18_T004,
synthetic_all_stop_counts,boarding,CAROUGE_GE_MARCHE,08:51:01,0.0,L18_T005,
synthetic_all_stop_counts,boarding,CAROUGE_GE_MARCHE,09:10:01,0.0,L18_T006,
synthetic_all_stop_counts,boarding,CAROUGE_GE_MARCHE,07:55:01,2.0,L18_T007,
synthetic_all_stop_counts,boarding,CAROUGE_GE_MARCHE,08:33:01,3.0,L18_T008,
synthetic_all_stop_counts,boarding,CAROUGE_GE_MARCHE,07:37:01,4.0,L18_T009,
synthetic_all_stop_counts,boarding,CAROUGE_GE_MARCHE,06:49:01,0.0,L18_T010,
synthetic_all_stop_counts,boarding,CAROUGE_GE_MARCHE,07:09:01,1.0,L18_T011,
synthetic_all_stop_counts,boarding,CAROUGE_GE_MARCHE,08:23:01,1.0,L18_T012,
synthetic_all_stop_counts,boarding,CAROUGE_GE_MARCHE,08:42:01,1.0,L18_T013,
synthetic_all_stop_counts,boarding,CAROUGE_GE_MARCHE,09:01:01,0.0,L18_T014,
synthetic_all_stop_counts,boarding,CAROUGE_GE_MARCHE,07:46:01,1.0,L18_T015,
synthetic_all_stop_counts,boarding,CAROUGE_GE_MARCHE,07:27:01,3.0,L18_T016,
synthetic_all_stop_counts,boarding,CAROUGE_GE_MARCHE,08:05:01,4.0,L18_T017,
synthetic_all_stop_counts,boarding,CAROUGE_GE_MARCHE,07:06:01,1.0,L18_T019,
synthetic_all_stop_counts,boarding,CAROUGE_GE_MARCHE,07:38:01,4.0,L18_T020,
synthetic_all_stop_counts,boarding,CAROUGE_GE_MARCHE,08:55:01,0.0,L18_T021,
synthetic_all_stop_counts,boarding,CAROUGE_GE_MARCHE,07:57:01,3.0,L18_T022,
synthetic_all_stop_counts,boarding,CAROUGE_GE_MARCHE,08:17:01,1.0,L18_T023,
synthetic_all_stop_counts,boarding,CAROUGE_GE_MARCHE,09:13:01,0.0,L18_T024,
synthetic_all_stop_counts,boarding,CAROUGE_GE_MARCHE,08:36:01,1.0,L18_T026,
synthetic_all_stop_counts,boarding,CAROUGE_GE_MARCHE,06:52:01,0.0,L18_T027,
synthetic_all_stop_counts,boarding,CAROUGE_GE_MARCHE,08:27:01,2.0,L18_T028,
synthetic_all_stop_counts,boarding,CAROUGE_GE_MARCHE,07:16:01,0.0,L18_T029,
synthetic_all_stop_counts,boarding,CAROUGE_GE_MARCHE,07:27:01,3.0,L18_T030,
synthetic_all_stop_counts,boarding,CAROUGE_GE_MARCHE,09:04:01,0.0,L18_T031,
synthetic_all_stop_counts,boarding,CAROUGE_GE_MARCHE,08:46:01,0.0,L18_T032,
synthetic_all_stop_counts,boarding,CAROUGE_GE_MARCHE,08:07:01,2.0,L18_T033,
synthetic_all_stop_counts,boarding,CAROUGE_GE_MARCHE,07:48:01,2.0,L18_T034,
synthetic_all_stop_counts,boarding,CAROUGE_GE_RONDEAU,07:14:01,0.0,L12_T002,
synthetic_all_stop_counts,boarding,CAROUGE_GE_RONDEAU,08:38:01,0.0,L12_T003,
synthetic_all_stop_counts,boarding,CAROUGE_GE_RONDEAU,07:23:01,0.0,L12_T004,
synthetic_all_stop_counts,boarding,CAROUGE_GE_RONDEAU,07:51:01,0.0,L12_T005,
synthetic_all_stop_counts,boarding,CAROUGE_GE_RONDEAU,08:19:01,0.0,L12_T006,
synthetic_all_stop_counts,boarding,CAROUGE_GE_RONDEAU,06:54:01,0.0,L12_T007,
synthetic_all_stop_counts,boarding,CAROUGE_GE_RONDEAU,07:04:01,0.0,L12_T009,
synthetic_all_stop_counts,boarding,CAROUGE_GE_RONDEAU,08:00:01,0.0,L12_T010,
synthetic_all_stop_counts,boarding,CAROUGE_GE_RONDEAU,08:28:01,0.0,L12_T011,
synthetic_all_stop_counts,boarding,CAROUGE_GE_RONDEAU,07:32:01,0.0,L12_T012,
synthetic_all_stop_counts,boarding,CAROUGE_GE_RONDEAU,08:47:01,0.0,L12_T013,
synthetic_all_stop_counts,boarding,CAROUGE_GE_RONDEAU,07:41:01,0.0,L12_T014,
synthetic_all_stop_counts,boarding,CAROUGE_GE_RONDEAU,08:09:01,0.0,L12_T015,
synthetic_all_stop_counts,boarding,CAROUGE_GE_RONDEAU,08:56:01,0.0,L12_T016,
synthetic_all_stop_counts,boarding,CAROUGE_GE_RONDEAU,08:52:01,0.0,L12_T017,
synthetic_all_stop_counts,boarding,CAROUGE_GE_RONDEAU,08:05:01,0.0,L12_T018,
synthetic_all_stop_counts,boarding,CAROUGE_GE_RONDEAU,06:49:01,0.0,L12_T020,
synthetic_all_stop_counts,boarding,CAROUGE_GE_RONDEAU,06:59:01,0.0,L12_T021,
synthetic_all_stop_counts,boarding,CAROUGE_GE_RONDEAU,07:09:01,0.0,L12_T023,
synthetic_all_stop_counts,boarding,CAROUGE_GE_RONDEAU,07:18:01,0.0,L12_T024,
synthetic_all_stop_counts,boarding,CAROUGE_GE_RONDEAU,07:36:01,0.0,L12_T025,
synthetic_all_stop_counts,boarding,CAROUGE_GE_RONDEAU,09:01:01,0.0,L12_T026,
synthetic_all_stop_counts,boarding,CAROUGE_GE_RONDEAU,08:23:01,0.0,L12_T027,
synthetic_all_stop_counts,boarding,CAROUGE_GE_RONDEAU,08:33:01,0.0,L12_T028,
synthetic_all_stop_counts,boarding,CAROUGE_GE_RONDEAU,07:46:01,0.0,L12_T029,
synthetic_all_stop_counts,boarding,CAROUGE_GE_RONDEAU,08:14:01,0.0,L12_T030,
synthetic_all_stop_counts,boarding,CAROUGE_GE_RONDEAU,08:42:01,0.0,L12_T031,
synthetic_all_stop_counts,boarding,CAROUGE_GE_RONDEAU,07:55:01,0.0,L12_T032,
synthetic_all_stop_counts,boarding,CAROUGE_GE_RONDEAU,07:27:01,0.0,L12_T033,
synthetic_all_stop_counts,boarding,CAROUGE_GE_RONDEAU,07:38:01,0.0,L12_T034,
synthetic_all_stop_counts,boarding,CAROUGE_GE_RONDEAU,07:17:01,0.0,L12_T036,
synthetic_all_stop_counts,boarding,CAROUGE_GE_RONDEAU,07:06:01,0.0,L12_T037,
synthetic_all_stop_counts,boarding,CAROUGE_GE_RONDEAU,07:48:01,0.0,L12_T038,
synthetic_all_stop_counts,boarding,CAROUGE_GE_RONDEAU,08:07:01,0.0,L12_T039,
synthetic_all_stop_counts,boarding,CAROUGE_GE_RONDEAU,09:14:01,0.0,L12_T040,
synthetic_all_stop_counts,boarding,CAROUGE_GE_RONDEAU,08:27:01,0.0,L12_T041,
synthetic_all_stop_counts,boarding,CAROUGE_GE_RONDEAU,08:46:01,0.0,L12_T042,
synthetic_all_stop_counts,boarding,CAROUGE_GE_RONDEAU,07:26:01,0.0,L12_T043,
synthetic_all_stop_counts,boarding,CAROUGE_GE_RONDEAU,08:55:01,0.0,L12_T044,
synthetic_all_stop_counts,boarding,CAROUGE_GE_RONDEAU,07:58:01,0.0,L12_T045,
synthetic_all_stop_counts,boarding,CAROUGE_GE_RONDEAU,08:36:01,0.0,L12_T046,
synthetic_all_stop_counts,boarding,CAROUGE_GE_RONDEAU,08:17:01,0.0,L12_T047,
synthetic_all_stop_counts,boarding,CAROUGE_GE_RONDEAU,09:05:01,0.0,L12_T048,
synthetic_all_stop_counts,boarding,CAROUGE_GE_RONDEAU,06:57:01,0.0,L12_T051,
synthetic_all_stop_counts,boarding,CAROUGE_GE_RONDEAU,07:12:01,0.0,L12_T052,
synthetic_all_stop_counts,boarding,CAROUGE_GE_RONDEAU,07:21:01,0.0,L12_T053,
synthetic_all_stop_counts,boarding,CAROUGE_GE_RONDEAU,07:32:01,0.0,L12_T054,
synthetic_all_stop_counts,boarding,CAROUGE_GE_RONDEAU,07:53:01,0.0,L12_T055,
synthetic_all_stop_counts,boarding,CAROUGE_GE_RONDEAU,08:50:01,0.0,L12_T057,
synthetic_all_stop_counts,boarding,CAROUGE_GE_RONDEAU,09:00:01,0.0,L12_T058,
synthetic_all_stop_counts,boarding,CAROUGE_GE_RONDEAU,07:43:01,0.0,L12_T059,
synthetic_all_stop_counts,boarding,CAROUGE_GE_RONDEAU,08:03:01,0.0,L12_T060,
synthetic_all_stop_counts,boarding,CAROUGE_GE_RONDEAU,08:32:01,0.0,L12_T061,
synthetic_all_stop_counts,boarding,CAROUGE_GE_RONDEAU,08:22:01,0.0,L12_T062,
synthetic_all_stop_counts,boarding,CAROUGE_GE_RONDEAU,09:09:01,0.0,L12_T063,
synthetic_all_stop_counts,boarding,CAROUGE_GE_RONDEAU,08:41:01,0.0,L12_T064,
synthetic_all_stop_counts,boarding,CAROUGE_GE_RONDEAU,08:12:01,0.0,L12_T065,
synthetic_all_stop_counts,boarding,CAROUGE_GE_RONDEAU,06:56:01,0.0,L18_T001,
synthetic_all_stop_counts,boarding,CAROUGE_GE_RONDEAU,08:12:01,0.0,L18_T003,
synthetic_all_stop_counts,boarding,CAROUGE_GE_RONDEAU,07:16:01,0.0,L18_T004,
synthetic_all_stop_counts,boarding,CAROUGE_GE_RONDEAU,08:49:01,0.0,L18_T005,
synthetic_all_stop_counts,boarding,CAROUGE_GE_RONDEAU,09:08:01,0.0,L18_T006,
synthetic_all_stop_counts,boarding,CAROUGE_GE_RONDEAU,07:53:01,0.0,L18_T007,
synthetic_all_stop_counts,boarding,CAROUGE_GE_RONDEAU,08:30:01,0.0,L18_T008,
synthetic_all_stop_counts,boarding,CAROUGE_GE_RONDEAU,07:34:01,0.0,L18_T009,
synthetic_all_stop_counts,boarding,CAROUGE_GE_RONDEAU,06:46:01,0.0,L18_T010,
synthetic_all_stop_counts,boarding,CAROUGE_GE_RONDEAU,07:06:01,0.0,L18_T011,
synthetic_all_stop_counts,boarding,CAROUGE_GE_RONDEAU,08:21:01,0.0,L18_T012,
synthetic_all_stop_counts,boarding,CAROUGE_GE_RONDEAU,08:40:01,0.0,L18_T013,
synthetic_all_stop_counts,boarding,CAROUGE_GE_RONDEAU,08:59:01,0.0,L18_T014,
synthetic_all_stop_counts,boarding,CAROUGE_GE_RONDEAU,07:44:01,0.0,L18_T015,
synthetic_all_stop_counts,boarding,CAROUGE_GE_RONDEAU,07:25:01,0.0,L18_T016,
synthetic_all_stop_counts,boarding,CAROUGE_GE_RONDEAU,08:02:01,0.0,L18_T017,
synthetic_all_stop_counts,boarding,CAROUGE_GE_RONDEAU,07:09:01,0.0,L18_T019,
synthetic_all_stop_counts,boarding,CAROUGE_GE_RONDEAU,07:41:01,0.0,L18_T020,
synthetic_all_stop_counts,boarding,CAROUGE_GE_RONDEAU,08:58:01,0.0,L18_T021,
synthetic_all_stop_counts,boarding,CAROUGE_GE_RONDEAU,08:00:01,0.0,L18_T022,
synthetic_all_stop_counts,boarding,CAROUGE_GE_RONDEAU,08:20:01,0.0,L18_T023,
synthetic_all_stop_counts,boarding,CAROUGE_GE_RONDEAU,08:39:01,0.0,L18_T026,
synthetic_all_stop_counts,boarding,CAROUGE_GE_RONDEAU,06:55:01,0.0,L18_T027,
synthetic_all_stop_counts,boarding,CAROUGE_GE_RONDEAU,08:30:01,0.0,L18_T028,
synthetic_all_stop_counts,boarding,CAROUGE_GE_RONDEAU,07:19:01,0.0,L18_T029,
synthetic_all_stop_counts,boarding,CAROUGE_GE_RONDEAU,07:30:01,0.0,L18_T030,
synthetic_all_stop_counts,boarding,CAROUGE_GE_RONDEAU,09:07:01,0.0,L18_T031,
synthetic_all_stop_counts,boarding,CAROUGE_GE_RONDEAU,08:49:01,0.0,L18_T032,
synthetic_all_stop_counts,boarding,CAROUGE_GE_RONDEAU,08:10:01,0.0,L18_T033,
synthetic_all_stop_counts,boarding,CAROUGE_GE_RONDEAU,07:51:01,0.0,L18_T034,
synthetic_all_stop_counts,boarding,CHENE_BOUGERIES_GRANGETTES,06:58:01,0.0,L12_T001,
synthetic_all_stop_counts,boarding,CHENE_BOUGERIES_GRANGETTES,07:39:01,0.0,L12_T002,
synthetic_all_stop_counts,boarding,CHENE_BOUGERIES_GRANGETTES,09:04:01,0.0,L12_T003,
synthetic_all_stop_counts,boarding,CHENE_BOUGERIES_GRANGETTES,07:49:01,0.0,L12_T004,
synthetic_all_stop_counts,boarding,CHENE_BOUGERIES_GRANGETTES,08:17:01,0.0,L12_T005,
synthetic_all_stop_counts,boarding,CHENE_BOUGERIES_GRANGETTES,08:45:01,0.0,L12_T006,
synthetic_all_stop_counts,boarding,CHENE_BOUGERIES_GRANGETTES,07:18:01,0.0,L12_T007,
synthetic_all_stop_counts,boarding,CHENE_BOUGERIES_GRANGETTES,07:08:01,0.0,L12_T008,
synthetic_all_stop_counts,boarding,CHENE_BOUGERIES_GRANGETTES,07:29:01,0.0,L12_T009,
synthetic_all_stop_counts,boarding,CHENE_BOUGERIES_GRANGETTES,08:26:01,0.0,L12_T010,
synthetic_all_stop_counts,boarding,CHENE_BOUGERIES_GRANGETTES,08:54:01,0.0,L12_T011,
synthetic_all_stop_counts,boarding,CHENE_BOUGERIES_GRANGETTES,07:58:01,0.0,L12_T012,
synthetic_all_stop_counts,boarding,CHENE_BOUGERIES_GRANGETTES,09:13:01,0.0,L12_T013,
synthetic_all_stop_counts,boarding,CHENE_BOUGERIES_GRANGETTES,08:07:01,0.0,L12_T014,
synthetic_all_stop_counts,boarding,CHENE_BOUGERIES_GRANGETTES,08:35:01,0.0,L12_T015,
synthetic_all_stop_counts,boarding,CHENE_BOUGERIES_GRANGETTES,08:31:01,0.0,L12_T018,
synthetic_all_stop_counts,boarding,CHENE_BOUGERIES_GRANGETTES,07:03:01,0.0,L12_T019,
synthetic_all_stop_counts,boarding,CHENE_BOUGERIES_GRANGETTES,07:13:01,0.0,L12_T020,
synthetic_all_stop_counts,boarding,CHENE_BOUGERIES_GRANGETTES,07:23:01,0.0,L12_T021,
synthetic_all_stop_counts,boarding,CHENE_BOUGERIES_GRANGETTES,06:57:01,0.0,L12_T022,
synthetic_all_stop_counts,boarding,CHENE_BOUGERIES_GRANGETTES,07:34:01,0.0,L12_T023,
synthetic_all_stop_counts,boarding,CHENE_BOUGERIES_GRANGETTES,07:44:01,0.0,L12_T024,
synthetic_all_stop_counts,boarding,CHENE_BOUGERIES_GRANGETTES,08:02:01,0.0,L12_T025,
synthetic_all_stop_counts,boarding,CHENE_BOUGERIES_GRANGETTES,08:49:01,0.0,L12_T027,
synthetic_all_stop_counts,boarding,CHENE_BOUGERIES_GRANGETTES,08:59:01,0.0,L12_T028,
synthetic_all_stop_counts,boarding,CHENE_BOUGERIES_GRANGETTES,08:12:01,0.0,L12_T029,
synthetic_all_stop_counts,boarding,CHENE_BOUGERIES_GRANGETTES,08:40:01,0.0,L12_T030,
synthetic_all_stop_counts,boarding,CHENE_BOUGERIES_GRANGETTES,09:08:01,0.0,L12_T031,
synthetic_all_stop_counts,boarding,CHENE_BOUGERIES_GRANGETTES,08:21:01,0.0,L12_T032,
synthetic_all_stop_counts,boarding,CHENE_BOUGERIES_GRANGETTES,07:53:01,0.0,L12_T033,
synthetic_all_stop_counts,boarding,CHENE_BOUGERIES_GRANGETTES,07:13:01,0.0,L12_T034,
synthetic_all_stop_counts,boarding,CHENE_BOUGERIES_GRANGETTES,09:06:01,0.0,L12_T035,
synthetic_all_stop_counts,boarding,CHENE_BOUGERIES_GRANGETTES,06:52:01,0.0,L12_T036,
synthetic_all_stop_counts,boarding,CHENE_BOUGERIES_GRANGETTES,07:22:01,0.0,L12_T038,
synthetic_all_stop_counts,boarding,CHENE_BOUGERIES_GRANGETTES,07:41:01,0.0,L12_T039,
synthetic_all_stop_counts,boarding,CHENE_BOUGERIES_GRANGETTES,08:47:01,0.0,L12_T040,
synthetic_all_stop_counts,boarding,CHENE_BOUGERIES_GRANGETTES,08:00:01,0.0,L12_T041,
synthetic_all_stop_counts,boarding,CHENE_BOUGERIES_GRANGETTES,08:19:01,0.0,L12_T042,
synthetic_all_stop_counts,boarding,CHENE_BOUGERIES_GRANGETTES,07:01:01,0.0,L12_T043,
synthetic_all_stop_counts,boarding,CHENE_BOUGERIES_GRANGETTES,08:29:01,0.0,L12_T044,
synthetic_all_stop_counts,boarding,CHENE_BOUGERIES_GRANGETTES,07:32:01,0.0,L12_T045,
synthetic_all_stop_counts,boarding,CHENE_BOUGERIES_GRANGETTES,08:10:01,0.0,L12_T046,
synthetic_all_stop_counts,boarding,CHENE_BOUGERIES_GRANGETTES,07:51:01,0.0,L12_T047,
synthetic_all_stop_counts,boarding,CHENE_BOUGERIES_GRANGETTES,08:38:01,0.0,L12_T048,
synthetic_all_stop_counts,boarding,CHENE_BOUGERIES_GRANGETTES,08:56:01,0.0,L12_T049,
synthetic_all_stop_counts,boarding,CHENE_BOUGERIES_GRANGETTES,09:01:01,0.0,L12_T050,
synthetic_all_stop_counts,boarding,CHENE_BOUGERIES_GRANGETTES,06:47:01,0.0,L12_T052,
synthetic_all_stop_counts,boarding,CHENE_BOUGERIES_GRANGETTES,06:56:01,0.0,L12_T053,
synthetic_all_stop_counts,boarding,CHENE_BOUGERIES_GRANGETTES,07:07:01,0.0,L12_T054,
synthetic_all_stop_counts,boarding,CHENE_BOUGERIES_GRANGETTES,07:27:01,0.0,L12_T055,
synthetic_all_stop_counts,boarding,CHENE_BOUGERIES_GRANGETTES,08:52:01,0.0,L12_T056,
synthetic_all_stop_counts,boarding,CHENE_BOUGERIES_GRANGETTES,08:23:01,0.0,L12_T057,
synthetic_all_stop_counts,boarding,CHENE_BOUGERIES_GRANGETTES,08:33:01,0.0,L12_T058,
synthetic_all_stop_counts,boarding,CHENE_BOUGERIES_GRANGETTES,07:17:01,0.0,L12_T059,
synthetic_all_stop_counts,boarding,CHENE_BOUGERIES_GRANGETTES,07:36:01,0.0,L12_T060,
synthetic_all_stop_counts,boarding,CHENE_BOUGERIES_GRANGETTES,08:06:01,0.0,L12_T061,
synthetic_all_stop_counts,boarding,CHENE_BOUGERIES_GRANGETTES,07:56:01,0.0,L12_T062,
synthetic_all_stop_counts,boarding,CHENE_BOUGERIES_GRANGETTES,08:43:01,0.0,L12_T063,
synthetic_all_stop_counts,boarding,CHENE_BOUGERIES_GRANGETTES,08:15:01,0.0,L12_T064,
synthetic_all_stop_counts,boarding,CHENE_BOUGERIES_GRANGETTES,07:46:01,0.0,L12_T065,
synthetic_all_stop_counts,boarding,CHENE_BOUGERIES_GRANGE_CANAL,06:57:01,0.0,L12_T001,
synthetic_all_stop_counts,boarding,CHENE_BOUGERIES_GRANGE_CANAL,07:38:01,0.0,L12_T002,
synthetic_all_stop_counts,boarding,CHENE_BOUGERIES_GRANGE_CANAL,09:03:01,0.0,L12_T003,
synthetic_all_stop_counts,boarding,CHENE_BOUGERIES_GRANGE_CANAL,07:48:01,0.0,L12_T004,
synthetic_all_stop_counts,boarding,CHENE_BOUGERIES_GRANGE_CANAL,08:16:01,0.0,L12_T005,
synthetic_all_stop_counts,boarding,CHENE_BOUGERIES_GRANGE_CANAL,08:44:01,0.0,L12_T006,
synthetic_all_stop_counts,boarding,CHENE_BOUGERIES_GRANGE_CANAL,07:17:01,0.0,L12_T007,
synthetic_all_stop_counts,boarding,CHENE_BOUGERIES_GRANGE_CANAL,07:07:01,0.0,L12_T008,
synthetic_all_stop_counts,boarding,CHENE_BOUGERIES_GRANGE_CANAL,07:28:01,0.0,L12_T009,
synthetic_all_stop_counts,boarding,CHENE_BOUGERIES_GRANGE_CANAL,08:25:01,0.0,L12_T010,
synthetic_all_stop_counts,boarding,CHENE_BOUGERIES_GRANGE_CANAL,08:53:01,0.0,L12_T011,
synthetic_all_stop_counts,boarding,CHENE_BOUGERIES_GRANGE_CANAL,07:57:01,0.0,L12_T012,
synthetic_all_stop_counts,boarding,CHENE_BOUGERIES_GRANGE_CANAL,09:12:01,0.0,L12_T013,
synthetic_all_stop_counts,boarding,CHENE_BOUGERIES_GRANGE_CANAL,08:06:01,0.0,L12_T014,
synthetic_all_stop_counts,boarding,CHENE_BOUGERIES_GRANGE_CANAL,08:34:01,0.0,L12_T015,
synthetic_all_stop_counts,boarding,CHENE_BOUGERIES_GRANGE_CANAL,08:30:01,0.0,L12_T018,
synthetic_all_stop_counts,boarding,CHENE_BOUGERIES_GRANGE_CANAL,07:02:01,0.0,L12_T019,
synthetic_all_stop_counts,boarding,CHENE_BOUGERIES_GRANGE_CANAL,07:12:01,0.0,L12_T020,
synthetic_all_stop_counts,boarding,CHENE_BOUGERIES_GRANGE_CANAL,07:22:01,0.0,L12_T021,
synthetic_all_stop_counts,boarding,CHENE_BOUGERIES_GRANGE_CANAL,06:56:01,0.0,L12_T022,
synthetic_all_stop_counts,boarding,CHENE_BOUGERIES_GRANGE_CANAL,07:33:01,0.0,L12_T023,
synthetic_all_stop_counts,boarding,CHENE_BOUGERIES_GRANGE_CANAL,07:43:01,0.0,L12_T024,
synthetic_all_stop_counts,boarding,CHENE_BOUGERIES_GRANGE_CANAL,08:01:01,0.0,L12_T025,
synthetic_all_stop_counts,boarding,CHENE_BOUGERIES_GRANGE_CANAL,08:48:01,0.0,L12_T027,
synthetic_all_stop_counts,boarding,CHENE_BOUGERIES_GRANGE_CANAL,08:58:01,0.0,L12_T028,
synthetic_all_stop_counts,boarding,CHENE_BOUGERIES_GRANGE_CANAL,08:11:01,0.0,L12_T029,
synthetic_all_stop_counts,boarding,CHENE_BOUGERIES_GRANGE_CANAL,08:39:01,0.0,L12_T030,
synthetic_all_stop_counts,boarding,CHENE_BOUGERIES_GRANGE_CANAL,09:07:01,0.0,L12_T031,
synthetic_all_stop_counts,boarding,CHENE_BOUGERIES_GRANGE_CANAL,08:20:01,0.0,L12_T032,
synthetic_all_stop_counts,boarding,CHENE_BOUGERIES_GRANGE_CANAL,07:52:01,0.0,L12_T033,
synthetic_all_stop_counts,boarding,CHENE_BOUGERIES_GRANGE_CANAL,07:14:01,4.0,L12_T034,
synthetic_all_stop_counts,boarding,CHENE_BOUGERIES_GRANGE_CANAL,09:07:01,0.0,L12_T035,
synthetic_all_stop_counts,boarding,CHENE_BOUGERIES_GRANGE_CANAL,06:53:01,2.0,L12_T036,
synthetic_all_stop_counts,boarding,CHENE_BOUGERIES_GRANGE_CANAL,07:24:01,2.0,L12_T038,
synthetic_all_stop_counts,boarding,CHENE_BOUGERIES_GRANGE_CANAL,07:43:01,2.0,L12_T039,
synthetic_all_stop_counts,boarding,CHENE_BOUGERIES_GRANGE_CANAL,08:49:01,2.0,L12_T040,
synthetic_all_stop_counts,boarding,CHENE_BOUGERIES_GRANGE_CANAL,08:02:01,15.0,L12_T041,
synthetic_all_stop_counts,boarding,CHENE_BOUGERIES_GRANGE_CANAL,08:21:01,3.0,L12_T042,
synthetic_all_stop_counts,boarding,CHENE_BOUGERIES_GRANGE_CANAL,07:03:01,14.0,L12_T043,
synthetic_all_stop_counts,boarding,CHENE_BOUGERIES_GRANGE_CANAL,08:30:01,10.0,L12_T044,
synthetic_all_stop_counts,boarding,CHENE_BOUGERIES_GRANGE_CANAL,07:33:01,5.0,L12_T045,
synthetic_all_stop_counts,boarding,CHENE_BOUGERIES_GRANGE_CANAL,08:12:01,7.0,L12_T046,
synthetic_all_stop_counts,boarding,CHENE_BOUGERIES_GRANGE_CANAL,07:53:01,3.0,L12_T047,
synthetic_all_stop_counts,boarding,CHENE_BOUGERIES_GRANGE_CANAL,08:40:01,5.0,L12_T048,
synthetic_all_stop_counts,boarding,CHENE_BOUGERIES_GRANGE_CANAL,08:58:01,1.0,L12_T049,
synthetic_all_stop_counts,boarding,CHENE_BOUGERIES_GRANGE_CANAL,09:02:01,0.0,L12_T050,
synthetic_all_stop_counts,boarding,CHENE_BOUGERIES_GRANGE_CANAL,06:48:01,1.0,L12_T052,
synthetic_all_stop_counts,boarding,CHENE_BOUGERIES_GRANGE_CANAL,06:57:01,6.0,L12_T053,
synthetic_all_stop_counts,boarding,CHENE_BOUGERIES_GRANGE_CANAL,07:08:01,5.0,L12_T054,
synthetic_all_stop_counts,boarding,CHENE_BOUGERIES_GRANGE_CANAL,07:29:01,7.0,L12_T055,
synthetic_all_stop_counts,boarding,CHENE_BOUGERIES_GRANGE_CANAL,08:54:01,1.0,L12_T056,
synthetic_all_stop_counts,boarding,CHENE_BOUGERIES_GRANGE_CANAL,08:25:01,3.0,L12_T057,
synthetic_all_stop_counts,boarding,CHENE_BOUGERIES_GRANGE_CANAL,08:35:01,3.0,L12_T058,
synthetic_all_stop_counts,boarding,CHENE_BOUGERIES_GRANGE_CANAL,07:19:01,3.0,L12_T059,
synthetic_all_stop_counts,boarding,CHENE_BOUGERIES_GRANGE_CANAL,07:38:01,3.0,L12_T060,
synthetic_all_stop_counts,boarding,CHENE_BOUGERIES_GRANGE_CANAL,08:07:01,5.0,L12_T061,
synthetic_all_stop_counts,boarding,CHENE_BOUGERIES_GRANGE_CANAL,07:57:01,6.0,L12_T062,
synthetic_all_stop_counts,boarding,CHENE_BOUGERIES_GRANGE_CANAL,08:44:01,3.0,L12_T063,
synthetic_all_stop_counts,boarding,CHENE_BOUGERIES_GRANGE_CANAL,08:16:01,4.0,L12_T064,
synthetic_all_stop_counts,boarding,CHENE_BOUGERIES_GRANGE_CANAL,07:47:01,1.0,L12_T065,
synthetic_all_stop_counts,boarding,CHENE_BOUGERIES_GRANGE_FALQUET,07:00:01,0.0,L12_T001,
synthetic_all_stop_counts,boarding,CHENE_BOUGERIES_GRANGE_FALQUET,07:40:01,0.0,L12_T002,
synthetic_all_stop_counts,boarding,CHENE_BOUGERIES_GRANGE_FALQUET,09:05:01,0.0,L12_T003,
synthetic_all_stop_counts,boarding,CHENE_BOUGERIES_GRANGE_FALQUET,07:50:01,0.0,L12_T004,
synthetic_all_stop_counts,boarding,CHENE_BOUGERIES_GRANGE_FALQUET,08:18:01,0.0,L12_T005,
synthetic_all_stop_counts,boarding,CHENE_BOUGERIES_GRANGE_FALQUET,08:46:01,0.0,L12_T006,
synthetic_all_stop_counts,boarding,CHENE_BOUGERIES_GRANGE_FALQUET,07:20:01,0.0,L12_T007,
synthetic_all_stop_counts,boarding,CHENE_BOUGERIES_GRANGE_FALQUET,07:10:01,0.0,L12_T008,
synthetic_all_stop_counts,boarding,CHENE_BOUGERIES_GRANGE_FALQUET,07:30:01,0.0,L12_T009,
synthetic_all_stop_counts,boarding,CHENE_BOUGERIES_GRANGE_FALQUET,08:27:01,0.0,L12_T010,
synthetic_all_stop_counts,boarding,CHENE_BOUGERIES_GRANGE_FALQUET,08:55:01,0.0,L12_T011,
synthetic_all_stop_counts,boarding,CHENE_BOUGERIES_GRANGE_FALQUET,07:59:01,0.0,L12_T012,
synthetic_all_stop_counts,boarding,CHENE_BOUGERIES_GRANGE_FALQUET,09:14:01,0.0,L12_T013,
synthetic_all_stop_counts,boarding,CHENE_BOUGERIES_GRANGE_FALQUET,08:09:01,0.0,L12_T014,
synthetic_all_stop_counts,boarding,CHENE_BOUGERIES_GRANGE_FALQUET,08:37:01,0.0,L12_T015,
synthetic_all_stop_counts,boarding,CHENE_BOUGERIES_GRANGE_FALQUET,08:32:01,0.0,L12_T018,
synthetic_all_stop_counts,boarding,CHENE_BOUGERIES_GRANGE_FALQUET,07:05:01,0.0,L12_T019,
synthetic_all_stop_counts,boarding,CHENE_BOUGERIES_GRANGE_FALQUET,07:15:01,0.0,L12_T020,
synthetic_all_stop_counts,boarding,CHENE_BOUGERIES_GRANGE_FALQUET,07:25:01,0.0,L12_T021,
synthetic_all_stop_counts,boarding,CHENE_BOUGERIES_GRANGE_FALQUET,06:58:01,0.0,L12_T022,
synthetic_all_stop_counts,boarding,CHENE_BOUGERIES_GRANGE_FALQUET,07:36:01,0.0,L12_T023,
synthetic_all_stop_counts,boarding,CHENE_BOUGERIES_GRANGE_FALQUET,07:45:01,0.0,L12_T024,
synthetic_all_stop_counts,boarding,CHENE_BOUGERIES_GRANGE_FALQUET,08:03:01,0.0,L12_T025,
synthetic_all_stop_counts,boarding,CHENE_BOUGERIES_GRANGE_FALQUET,08:50:01,0.0,L12_T027,
synthetic_all_stop_counts,boarding,CHENE_BOUGERIES_GRANGE_FALQUET,09:00:01,0.0,L12_T028,
synthetic_all_stop_counts,boarding,CHENE_BOUGERIES_GRANGE_FALQUET,08:13:01,0.0,L12_T029,
synthetic_all_stop_counts,boarding,CHENE_BOUGERIES_GRANGE_FALQUET,08:41:01,0.0,L12_T030,
synthetic_all_stop_counts,boarding,CHENE_BOUGERIES_GRANGE_FALQUET,09:10:01,0.0,L12_T031,
synthetic_all_stop_counts,boarding,CHENE_BOUGERIES_GRANGE_FALQUET,08:23:01,0.0,L12_T032,
synthetic_all_stop_counts,boarding,CHENE_BOUGERIES_GRANGE_FALQUET,07:55:01,0.0,L12_T033,
synthetic_all_stop_counts,boarding,CHENE_BOUGERIES_GRANGE_FALQUET,07:11:01,0.0,L12_T034,
synthetic_all_stop_counts,boarding,CHENE_BOUGERIES_GRANGE_FALQUET,09:04:01,0.0,L12_T035,
synthetic_all_stop_counts,boarding,CHENE_BOUGERIES_GRANGE_FALQUET,06:51:01,0.0,L12_T036,
synthetic_all_stop_counts,boarding,CHENE_BOUGERIES_GRANGE_FALQUET,07:21:01,0.0,L12_T038,
synthetic_all_stop_counts,boarding,CHENE_BOUGERIES_GRANGE_FALQUET,07:40:01,0.0,L12_T039,
synthetic_all_stop_counts,boarding,CHENE_BOUGERIES_GRANGE_FALQUET,08:46:01,0.0,L12_T040,
synthetic_all_stop_counts,boarding,CHENE_BOUGERIES_GRANGE_FALQUET,07:59:01,0.0,L12_T041,
synthetic_all_stop_counts,boarding,CHENE_BOUGERIES_GRANGE_FALQUET,08:18:01,0.0,L12_T042,
synthetic_all_stop_counts,boarding,CHENE_BOUGERIES_GRANGE_FALQUET,07:00:01,0.0,L12_T043,
synthetic_all_stop_counts,boarding,CHENE_BOUGERIES_GRANGE_FALQUET,08:27:01,0.0,L12_T044,
synthetic_all_stop_counts,boarding,CHENE_BOUGERIES_GRANGE_FALQUET,07:30:01,0.0,L12_T045,
synthetic_all_stop_counts,boarding,CHENE_BOUGERIES_GRANGE_FALQUET,08:09:01,0.0,L12_T046,
synthetic_all_stop_counts,boarding,CHENE_BOUGERIES_GRANGE_FALQUET,07:50:01,0.0,L12_T047,
synthetic_all_stop_counts,boarding,CHENE_BOUGERIES_GRANGE_FALQUET,08:37:01,0.0,L12_T048,
synthetic_all_stop_counts,boarding,CHENE_BOUGERIES_GRANGE_FALQUET,08:55:01,0.0,L12_T049,
synthetic_all_stop_counts,boarding,CHENE_BOUGERIES_GRANGE_FALQUET,08:59:01,0.0,L12_T050,
synthetic_all_stop_counts,boarding,CHENE_BOUGERIES_GRANGE_FALQUET,06:46:01,0.0,L12_T052,
synthetic_all_stop_counts,boarding,CHENE_BOUGERIES_GRANGE_FALQUET,06:55:01,0.0,L12_T053,
synthetic_all_stop_counts,boarding,CHENE_BOUGERIES_GRANGE_FALQUET,07:06:01,0.0,L12_T054,
synthetic_all_stop_counts,boarding,CHENE_BOUGERIES_GRANGE_FALQUET,07:26:01,0.0,L12_T055,
synthetic_all_stop_counts,boarding,CHENE_BOUGERIES_GRANGE_FALQUET,08:51:01,0.0,L12_T056,
synthetic_all_stop_counts,boarding,CHENE_BOUGERIES_GRANGE_FALQUET,08:22:01,0.0,L12_T057,
synthetic_all_stop_counts,boarding,CHENE_BOUGERIES_GRANGE_FALQUET,08:32:01,0.0,L12_T058,
synthetic_all_stop_counts,boarding,CHENE_BOUGERIES_GRANGE_FALQUET,07:16:01,0.0,L12_T059,
synthetic_all_stop_counts,boarding,CHENE_BOUGERIES_GRANGE_FALQUET,07:35:01,0.0,L12_T060,
synthetic_all_stop_counts,boarding,CHENE_BOUGERIES_GRANGE_FALQUET,08:04:01,0.0,L12_T061,
synthetic_all_stop_counts,boarding,CHENE_BOUGERIES_GRANGE_FALQUET,07:54:01,0.0,L12_T062,
synthetic_all_stop_counts,boarding,CHENE_BOUGERIES_GRANGE_FALQUET,08:41:01,0.0,L12_T063,
synthetic_all_stop_counts,boarding,CHENE_BOUGERIES_GRANGE_FALQUET,08:13:01,0.0,L12_T064,
synthetic_all_stop_counts,boarding,CHENE_BOUGERIES_GRANGE_FALQUET,07:44:01,0.0,L12_T065,
synthetic_all_stop_counts,boarding,CHENE_BOURG_PEILLONNEX,07:02:01,0.0,L12_T001,
synthetic_all_stop_counts,boarding,CHENE_BOURG_PEILLONNEX,07:43:01,0.0,L12_T002,
synthetic_all_stop_counts,boarding,CHENE_BOURG_PEILLONNEX,09:08:01,0.0,L12_T003,
synthetic_all_stop_counts,boarding,CHENE_BOURG_PEILLONNEX,07:53:01,0.0,L12_T004,
synthetic_all_stop_counts,boarding,CHENE_BOURG_PEILLONNEX,08:21:01,0.0,L12_T005,
synthetic_all_stop_counts,boarding,CHENE_BOURG_PEILLONNEX,08:49:01,0.0,L12_T006,
synthetic_all_stop_counts,boarding,CHENE_BOURG_PEILLONNEX,07:22:01,0.0,L12_T007,
synthetic_all_stop_counts,boarding,CHENE_BOURG_PEILLONNEX,07:12:01,0.0,L12_T008,
synthetic_all_stop_counts,boarding,CHENE_BOURG_PEILLONNEX,07:33:01,0.0,L12_T009,
synthetic_all_stop_counts,boarding,CHENE_BOURG_PEILLONNEX,08:30:01,0.0,L12_T010,
synthetic_all_stop_counts,boarding,CHENE_BOURG_PEILLONNEX,08:58:01,0.0,L12_T011,
synthetic_all_stop_counts,boarding,CHENE_BOURG_PEILLONNEX,08:02:01,0.0,L12_T012,
synthetic_all_stop_counts,boarding,CHENE_BOURG_PEILLONNEX,08:12:01,0.0,L12_T014,
synthetic_all_stop_counts,boarding,CHENE_BOURG_PEILLONNEX,08:40:01,0.0,L12_T015,
synthetic_all_stop_counts,boarding,CHENE_BOURG_PEILLONNEX,08:35:01,0.0,L12_T018,
synthetic_all_stop_counts,boarding,CHENE_BOURG_PEILLONNEX,07:07:01,0.0,L12_T019,
synthetic_all_stop_counts,boarding,CHENE_BOURG_PEILLONNEX,07:17:01,0.0,L12_T020,
synthetic_all_stop_counts,boarding,CHENE_BOURG_PEILLONNEX,07:27:01,0.0,L12_T021,
synthetic_all_stop_counts,boarding,CHENE_BOURG_PEILLONNEX,07:01:01,0.0,L12_T022,
synthetic_all_stop_counts,boarding,CHENE_BOURG_PEILLONNEX,07:39:01,0.0,L12_T023,
synthetic_all_stop_counts,boarding,CHENE_BOURG_PEILLONNEX,07:48:01,0.0,L12_T024,
synthetic_all_stop_counts,boarding,CHENE_BOURG_PEILLONNEX,08:06:01,0.0,L12_T025,
synthetic_all_stop_counts,boarding,CHENE_BOURG_PEILLONNEX,08:53:01,0.0,L12_T027,
synthetic_all_stop_counts,boarding,CHENE_BOURG_PEILLONNEX,09:03:01,0.0,L12_T028,
synthetic_all_stop_counts,boarding,CHENE_BOURG_PEILLONNEX,08:16:01,0.0,L12_T029,
synthetic_all_stop_counts,boarding,CHENE_BOURG_PEILLONNEX,08:44:01,0.0,L12_T030,
synthetic_all_stop_counts,boarding,CHENE_BOURG_PEILLONNEX,09:13:01,0.0,L12_T031,
synthetic_all_stop_counts,boarding,CHENE_BOURG_PEILLONNEX,08:26:01,0.0,L12_T032,
synthetic_all_stop_counts,boarding,CHENE_BOURG_PEILLONNEX,07:58:01,0.0,L12_T033,
synthetic_all_stop_counts,boarding,CHENE_BOURG_PEILLONNEX,07:08:01,0.0,L12_T034,
synthetic_all_stop_counts,boarding,CHENE_BOURG_PEILLONNEX,09:01:01,0.0,L12_T035,
synthetic_all_stop_counts,boarding,CHENE_BOURG_PEILLONNEX,06:47:01,0.0,L12_T036,
synthetic_all_stop_counts,boarding,CHENE_BOURG_PEILLONNEX,07:17:01,0.0,L12_T038,
synthetic_all_stop_counts,boarding,CHENE_BOURG_PEILLONNEX,07:36:01,0.0,L12_T039,
synthetic_all_stop_counts,boarding,CHENE_BOURG_PEILLONNEX,08:42:01,0.0,L12_T040,
synthetic_all_stop_counts,boarding,CHENE_BOURG_PEILLONNEX,07:55:01,0.0,L12_T041,
synthetic_all_stop_counts,boarding,CHENE_BOURG_PEILLONNEX,08:14:01,0.0,L12_T042,
synthetic_all_stop_counts,boarding,CHENE_BOURG_PEILLONNEX,06:57:01,0.0,L12_T043,
synthetic_all_stop_counts,boarding,CHENE_BOURG_PEILLONNEX,08:24:01,0.0,L12_T044,
synthetic_all_stop_counts,boarding,CHENE_BOURG_PEILLONNEX,07:27:01,0.0,L12_T045,
synthetic_all_stop_counts,boarding,CHENE_BOURG_PEILLONNEX,08:05:01,0.0,L12_T046,
synthetic_all_stop_counts,boarding,CHENE_BOURG_PEILLONNEX,07:46:01,0.0,L12_T047,
synthetic_all_stop_counts,boarding,CHENE_BOURG_PEILLONNEX,08:33:01,0.0,L12_T048,
synthetic_all_stop_counts,boarding,CHENE_BOURG_PEILLONNEX,08:52:01,0.0,L12_T049,
synthetic_all_stop_counts,boarding,CHENE_BOURG_PEILLONNEX,08:56:01,0.0,L12_T050,
synthetic_all_stop_counts,boarding,CHENE_BOURG_PEILLONNEX,06:51:01,0.0,L12_T053,
synthetic_all_stop_counts,boarding,CHENE_BOURG_PEILLONNEX,07:02:01,0.0,L12_T054,
synthetic_all_stop_counts,boarding,CHENE_BOURG_PEILLONNEX,07:22:01,0.0,L12_T055,
synthetic_all_stop_counts,boarding,CHENE_BOURG_PEILLONNEX,08:47:01,0.0,L12_T056,
synthetic_all_stop_counts,boarding,CHENE_BOURG_PEILLONNEX,08:18:01,0.0,L12_T057,
synthetic_all_stop_counts,boarding,CHENE_BOURG_PEILLONNEX,08:28:01,0.0,L12_T058,
synthetic_all_stop_counts,boarding,CHENE_BOURG_PEILLONNEX,07:13:01,0.0,L12_T059,
synthetic_all_stop_counts,boarding,CHENE_BOURG_PEILLONNEX,07:32:01,0.0,L12_T060,
synthetic_all_stop_counts,boarding,CHENE_BOURG_PEILLONNEX,08:01:01,0.0,L12_T061,
synthetic_all_stop_counts,boarding,CHENE_BOURG_PEILLONNEX,07:51:01,0.0,L12_T062,
synthetic_all_stop_counts,boarding,CHENE_BOURG_PEILLONNEX,08:38:01,0.0,L12_T063,
synthetic_all_stop_counts,boarding,CHENE_BOURG_PEILLONNEX,08:10:01,0.0,L12_T064,
synthetic_all_stop_counts,boarding,CHENE_BOURG_PEILLONNEX,07:41:01,0.0,L12_T065,
synthetic_all_stop_counts,boarding,CHENE_BOURG_PLACE_FAVRE,07:01:01,0.0,L12_T001,
synthetic_all_stop_counts,boarding,CHENE_BOURG_PLACE_FAVRE,07:42:01,0.0,L12_T002,
synthetic_all_stop_counts,boarding,CHENE_BOURG_PLACE_FAVRE,09:07:01,0.0,L12_T003,
synthetic_all_stop_counts,boarding,CHENE_BOURG_PLACE_FAVRE,07:52:01,0.0,L12_T004,
synthetic_all_stop_counts,boarding,CHENE_BOURG_PLACE_FAVRE,08:20:01,0.0,L12_T005,
synthetic_all_stop_counts,boarding,CHENE_BOURG_PLACE_FAVRE,08:48:01,0.0,L12_T006,
synthetic_all_stop_counts,boarding,CHENE_BOURG_PLACE_FAVRE,07:21:01,0.0,L12_T007,
synthetic_all_stop_counts,boarding,CHENE_BOURG_PLACE_FAVRE,07:11:01,0.0,L12_T008,
synthetic_all_stop_counts,boarding,CHENE_BOURG_PLACE_FAVRE,07:32:01,0.0,L12_T009,
synthetic_all_stop_counts,boarding,CHENE_BOURG_PLACE_FAVRE,08:29:01,0.0,L12_T010,
synthetic_all_stop_counts,boarding,CHENE_BOURG_PLACE_FAVRE,08:57:01,0.0,L12_T011,
synthetic_all_stop_counts,boarding,CHENE_BOURG_PLACE_FAVRE,08:01:01,0.0,L12_T012,
synthetic_all_stop_counts,boarding,CHENE_BOURG_PLACE_FAVRE,08:11:01,0.0,L12_T014,
synthetic_all_stop_counts,boarding,CHENE_BOURG_PLACE_FAVRE,08:39:01,0.0,L12_T015,
synthetic_all_stop_counts,boarding,CHENE_BOURG_PLACE_FAVRE,08:34:01,0.0,L12_T018,
synthetic_all_stop_counts,boarding,CHENE_BOURG_PLACE_FAVRE,07:06:01,0.0,L12_T019,
synthetic_all_stop_counts,boarding,CHENE_BOURG_PLACE_FAVRE,07:16:01,0.0,L12_T020,
synthetic_all_stop_counts,boarding,CHENE_BOURG_PLACE_FAVRE,07:26:01,0.0,L12_T021,
synthetic_all_stop_counts,boarding,CHENE_BOURG_PLACE_FAVRE,07:00:01,0.0,L12_T022,
synthetic_all_stop_counts,boarding,CHENE_BOURG_PLACE_FAVRE,07:38:01,0.0,L12_T023,
synthetic_all_stop_counts,boarding,CHENE_BOURG_PLACE_FAVRE,07:47:01,0.0,L12_T024,
synthetic_all_stop_counts,boarding,CHENE_BOURG_PLACE_FAVRE,08:05:01,0.0,L12_T025,
synthetic_all_stop_counts,boarding,CHENE_BOURG_PLACE_FAVRE,08:52:01,0.0,L12_T027,
synthetic_all_stop_counts,boarding,CHENE_BOURG_PLACE_FAVRE,09:02:01,0.0,L12_T028,
synthetic_all_stop_counts,boarding,CHENE_BOURG_PLACE_FAVRE,08:15:01,0.0,L12_T029,
synthetic_all_stop_counts,boarding,CHENE_BOURG_PLACE_FAVRE,08:43:01,0.0,L12_T030,
synthetic_all_stop_counts,boarding,CHENE_BOURG_PLACE_FAVRE,09:12:01,0.0,L12_T031,
synthetic_all_stop_counts,boarding,CHENE_BOURG_PLACE_FAVRE,08:25:01,0.0,L12_T032,
synthetic_all_stop_counts,boarding,CHENE_BOURG_PLACE_FAVRE,07:57:01,0.0,L12_T033,
synthetic_all_stop_counts,boarding,CHENE_BOURG_PLACE_FAVRE,07:10:01,0.0,L12_T034,
synthetic_all_stop_counts,boarding,CHENE_BOURG_PLACE_FAVRE,09:03:01,0.0,L12_T035,
synthetic_all_stop_counts,boarding,CHENE_BOURG_PLACE_FAVRE,06:49:01,0.0,L12_T036,
synthetic_all_stop_counts,boarding,CHENE_BOURG_PLACE_FAVRE,07:19:01,0.0,L12_T038,
synthetic_all_stop_counts,boarding,CHENE_BOURG_PLACE_FAVRE,07:38:01,0.0,L12_T039,
synthetic_all_stop_counts,boarding,CHENE_BOURG_PLACE_FAVRE,08:44:01,0.0,L12_T040,
synthetic_all_stop_counts,boarding,CHENE_BOURG_PLACE_FAVRE,07:57:01,0.0,L12_T041,
synthetic_all_stop_counts,boarding,CHENE_BOURG_PLACE_FAVRE,08:16:01,0.0,L12_T042,
synthetic_all_stop_counts,boarding,CHENE_BOURG_PLACE_FAVRE,06:58:01,0.0,L12_T043,
synthetic_all_stop_counts,boarding,CHENE_BOURG_PLACE_FAVRE,08:25:01,0.0,L12_T044,
synthetic_all_stop_counts,boarding,CHENE_BOURG_PLACE_FAVRE,07:29:01,0.0,L12_T045,
synthetic_all_stop_counts,boarding,CHENE_BOURG_PLACE_FAVRE,08:07:01,0.0,L12_T046,
synthetic_all_stop_counts,boarding,CHENE_BOURG_PLACE_FAVRE,07:48:01,0.0,L12_T047,
synthetic_all_stop_counts,boarding,CHENE_BOURG_PLACE_FAVRE,08:35:01,0.0,L12_T048,
synthetic_all_stop_counts,boarding,CHENE_BOURG_PLACE_FAVRE,08:53:01,0.0,L12_T049,
synthetic_all_stop_counts,boarding,CHENE_BOURG_PLACE_FAVRE,08:58:01,0.0,L12_T050,
synthetic_all_stop_counts,boarding,CHENE_BOURG_PLACE_FAVRE,06:53:01,0.0,L12_T053,
synthetic_all_stop_counts,boarding,CHENE_BOURG_PLACE_FAVRE,07:04:01,0.0,L12_T054,
synthetic_all_stop_counts,boarding,CHENE_BOURG_PLACE_FAVRE,07:24:01,0.0,L12_T055,
synthetic_all_stop_counts,boarding,CHENE_BOURG_PLACE_FAVRE,08:49:01,0.0,L12_T056,
synthetic_all_stop_counts,boarding,CHENE_BOURG_PLACE_FAVRE,08:20:01,0.0,L12_T057,
synthetic_all_stop_counts,boarding,CHENE_BOURG_PLACE_FAVRE,08:30:01,0.0,L12_T058,
synthetic_all_stop_counts,boarding,CHENE_BOURG_PLACE_FAVRE,07:14:01,0.0,L12_T059,
synthetic_all_stop_counts,boarding,CHENE_BOURG_PLACE_FAVRE,07:33:01,0.0,L12_T060,
synthetic_all_stop_counts,boarding,CHENE_BOURG_PLACE_FAVRE,08:02:01,0.0,L12_T061,
synthetic_all_stop_counts,boarding,CHENE_BOURG_PLACE_FAVRE,07:52:01,0.0,L12_T062,
synthetic_all_stop_counts,boarding,CHENE_BOURG_PLACE_FAVRE,08:39:01,0.0,L12_T063,
synthetic_all_stop_counts,boarding,CHENE_BOURG_PLACE_FAVRE,08:11:01,0.0,L12_T064,
synthetic_all_stop_counts,boarding,CHENE_BOURG_PLACE_FAVRE,07:43:01,0.0,L12_T065,
synthetic_all_stop_counts,boarding,CONFIGNON_CROISEE,08:57:01,0.0,L14_T001,
synthetic_all_stop_counts,boarding,CONFIGNON_CROISEE,08:09:01,0.0,L14_T003,
synthetic_all_stop_counts,boarding,CONFIGNON_CROISEE,07:41:01,0.0,L14_T004,
synthetic_all_stop_counts,boarding,CONFIGNON_CROISEE,06:54:01,0.0,L14_T006,
synthetic_all_stop_counts,boarding,CONFIGNON_CROISEE,07:04:01,0.0,L14_T007,
synthetic_all_stop_counts,boarding,CONFIGNON_CROISEE,07:14:01,0.0,L14_T008,
synthetic_all_stop_counts,boarding,CONFIGNON_CROISEE,07:23:01,0.0,L14_T009,
synthetic_all_stop_counts,boarding,CONFIGNON_CROISEE,08:28:01,0.0,L14_T010,
synthetic_all_stop_counts,boarding,CONFIGNON_CROISEE,08:18:01,0.0,L14_T011,
synthetic_all_stop_counts,boarding,CONFIGNON_CROISEE,07:32:01,0.0,L14_T012,
synthetic_all_stop_counts,boarding,CONFIGNON_CROISEE,07:59:01,0.0,L14_T013,
synthetic_all_stop_counts,boarding,CONFIGNON_CROISEE,07:50:01,0.0,L14_T014,
synthetic_all_stop_counts,boarding,CONFIGNON_CROISEE,08:38:01,0.0,L14_T017,
synthetic_all_stop_counts,boarding,CONFIGNON_CROISEE,08:48:01,0.0,L14_T018,
synthetic_all_stop_counts,boarding,CONFIGNON_CROISEE,08:52:01,0.0,L14_T020,
synthetic_all_stop_counts,boarding,CONFIGNON_CROISEE,07:09:01,0.0,L14_T021,
synthetic_all_stop_counts,boarding,CONFIGNON_CROISEE,08:33:01,0.0,L14_T022,
synthetic_all_stop_counts,boarding,CONFIGNON_CROISEE,09:01:01,0.0,L14_T023,
synthetic_all_stop_counts,boarding,CONFIGNON_CROISEE,07:18:01,0.0,L14_T024,
synthetic_all_stop_counts,boarding,CONFIGNON_CROISEE,07:27:01,0.0,L14_T025,
synthetic_all_stop_counts,boarding,CONFIGNON_CROISEE,08:24:01,0.0,L14_T026,
synthetic_all_stop_counts,boarding,CONFIGNON_CROISEE,08:14:01,0.0,L14_T027,
synthetic_all_stop_counts,boarding,CONFIGNON_CROISEE,08:04:01,0.0,L14_T028,
synthetic_all_stop_counts,boarding,CONFIGNON_CROISEE,07:55:01,0.0,L14_T029,
synthetic_all_stop_counts,boarding,CONFIGNON_CROISEE,07:37:01,0.0,L14_T030,
synthetic_all_stop_counts,boarding,CONFIGNON_CROISEE,07:46:01,0.0,L14_T031,
synthetic_all_stop_counts,boarding,CONFIGNON_CROISEE,06:49:01,0.0,L14_T032,
synthetic_all_stop_counts,boarding,CONFIGNON_CROISEE,06:59:01,0.0,L14_T033,
synthetic_all_stop_counts,boarding,CONFIGNON_CROISEE,08:42:01,0.0,L14_T035,
synthetic_all_stop_counts,boarding,CONFIGNON_CROISEE,07:02:01,0.0,L14_T036,
synthetic_all_stop_counts,boarding,CONFIGNON_CROISEE,07:10:01,0.0,L14_T037,
synthetic_all_stop_counts,boarding,CONFIGNON_CROISEE,07:28:01,0.0,L14_T038,
synthetic_all_stop_counts,boarding,CONFIGNON_CROISEE,07:15:01,0.0,L14_T039,
synthetic_all_stop_counts,boarding,CONFIGNON_CROISEE,07:53:01,0.0,L14_T040,
synthetic_all_stop_counts,boarding,CONFIGNON_CROISEE,09:09:01,0.0,L14_T041,
synthetic_all_stop_counts,boarding,CONFIGNON_CROISEE,08:51:01,0.0,L14_T042,
synthetic_all_stop_counts,boarding,CONFIGNON_CROISEE,06:56:01,0.0,L14_T043,
synthetic_all_stop_counts,boarding,CONFIGNON_CROISEE,07:43:01,0.0,L14_T044,
synthetic_all_stop_counts,boarding,CONFIGNON_CROISEE,08:02:01,0.0,L14_T045,
synthetic_all_stop_counts,boarding,CONFIGNON_CROISEE,08:41:01,0.0,L14_T048,
synthetic_all_stop_counts,boarding,CONFIGNON_CROISEE,09:00:01,0.0,L14_T049,
synthetic_all_stop_counts,boarding,CONFIGNON_CROISEE,08:22:01,0.0,L14_T050,
synthetic_all_stop_counts,boarding,CONFIGNON_CROISEE,08:12:01,0.0,L14_T051,
synthetic_all_stop_counts,boarding,CONFIGNON_CROISEE,08:32:01,0.0,L14_T052,
synthetic_all_stop_counts,boarding,CONFIGNON_CROISEE,07:31:01,0.0,L14_T054,
synthetic_all_stop_counts,boarding,CONFIGNON_CROISEE,07:17:01,0.0,L14_T055,
synthetic_all_stop_counts,boarding,CONFIGNON_CROISEE,07:48:01,0.0,L14_T056,
synthetic_all_stop_counts,boarding,CONFIGNON_CROISEE,08:17:01,0.0,L14_T060,
synthetic_all_stop_counts,boarding,CONFIGNON_CROISEE,08:27:01,0.0,L14_T061,
synthetic_all_stop_counts,boarding,CONFIGNON_CROISEE,07:36:01,0.0,L14_T063,
synthetic_all_stop_counts,boarding,CONFIGNON_CROISEE,07:57:01,0.0,L14_T064,
synthetic_all_stop_counts,boarding,CONFIGNON_CROISEE,09:05:01,0.0,L14_T065,
synthetic_all_stop_counts,boarding,CONFIGNON_CROISEE,08:07:01,0.0,L14_T066,
synthetic_all_stop_counts,boarding,CONFIGNON_CROISEE,08:36:01,0.0,L14_T067,
synthetic_all_stop_counts,boarding,CONFIGNON_CROISEE,08:46:01,0.0,L14_T068,
synthetic_all_stop_counts,boarding,CONFIGNON_CROISEE,08:55:01,0.0,L14_T069,
synthetic_all_stop_counts,boarding,CONFIGNON_CROISEE,07:07:01,0.0,L14_T070,
synthetic_all_stop_counts,boarding,CONFIGNON_CROISEE,07:25:01,0.0,L14_T071,
synthetic_all_stop_counts,boarding,CONFIGNON_CROISEE,09:14:01,0.0,L14_T072,
synthetic_all_stop_counts,boarding,CONFIGNON_LA_DODE,08:59:01,0.0,L14_T001,
synthetic_all_stop_counts,boarding,CONFIGNON_LA_DODE,08:10:01,0.0,L14_T003,
synthetic_all_stop_counts,boarding,CONFIGNON_LA_DODE,07:42:01,0.0,L14_T004,
synthetic_all_stop_counts,boarding,CONFIGNON_LA_DODE,06:46:01,0.0,L14_T005,
synthetic_all_stop_counts,boarding,CONFIGNON_LA_DODE,06:56:01,0.0,L14_T006,
synthetic_all_stop_counts,boarding,CONFIGNON_LA_DODE,07:06:01,0.0,L14_T007,
synthetic_all_stop_counts,boarding,CONFIGNON_LA_DODE,07:16:01,0.0,L14_T008,
synthetic_all_stop_counts,boarding,CONFIGNON_LA_DODE,07:25:01,0.0,L14_T009,
synthetic_all_stop_counts,boarding,CONFIGNON_LA_DODE,08:30:01,0.0,L14_T010,
synthetic_all_stop_counts,boarding,CONFIGNON_LA_DODE,08:20:01,0.0,L14_T011,
synthetic_all_stop_counts,boarding,CONFIGNON_LA_DODE,07:34:01,0.0,L14_T012,
synthetic_all_stop_counts,boarding,CONFIGNON_LA_DODE,08:01:01,0.0,L14_T013,
synthetic_all_stop_counts,boarding,CONFIGNON_LA_DODE,07:52:01,0.0,L14_T014,
synthetic_all_stop_counts,boarding,CONFIGNON_LA_DODE,08:39:01,0.0,L14_T017,
synthetic_all_stop_counts,boarding,CONFIGNON_LA_DODE,08:49:01,0.0,L14_T018,
synthetic_all_stop_counts,boarding,CONFIGNON_LA_DODE,08:54:01,0.0,L14_T020,
synthetic_all_stop_counts,boarding,CONFIGNON_LA_DODE,07:11:01,0.0,L14_T021,
synthetic_all_stop_counts,boarding,CONFIGNON_LA_DODE,08:35:01,0.0,L14_T022,
synthetic_all_stop_counts,boarding,CONFIGNON_LA_DODE,09:03:01,0.0,L14_T023,
synthetic_all_stop_counts,boarding,CONFIGNON_LA_DODE,07:20:01,0.0,L14_T024,
synthetic_all_stop_counts,boarding,CONFIGNON_LA_DODE,07:29:01,0.0,L14_T025,
synthetic_all_stop_counts,boarding,CONFIGNON_LA_DODE,08:25:01,0.0,L14_T026,
synthetic_all_stop_counts,boarding,CONFIGNON_LA_DODE,08:15:01,0.0,L14_T027,
synthetic_all_stop_counts,boarding,CONFIGNON_LA_DODE,08:05:01,0.0,L14_T028,
synthetic_all_stop_counts,boarding,CONFIGNON_LA_DODE,07:56:01,0.0,L14_T029,
synthetic_all_stop_counts,boarding,CONFIGNON_LA_DODE,07:38:01,0.0,L14_T030,
synthetic_all_stop_counts,boarding,CONFIGNON_LA_DODE,07:47:01,0.0,L14_T031,
synthetic_all_stop_counts,boarding,CONFIGNON_LA_DODE,06:51:01,0.0,L14_T032,
synthetic_all_stop_counts,boarding,CONFIGNON_LA_DODE,07:01:01,0.0,L14_T033,
synthetic_all_stop_counts,boarding,CONFIGNON_LA_DODE,08:44:01,0.0,L14_T035,
synthetic_all_stop_counts,boarding,CONFIGNON_LA_DODE,07:01:01,0.0,L14_T036,
synthetic_all_stop_counts,boarding,CONFIGNON_LA_DODE,07:09:01,0.0,L14_T037,
synthetic_all_stop_counts,boarding,CONFIGNON_LA_DODE,07:27:01,0.0,L14_T038,
synthetic_all_stop_counts,boarding,CONFIGNON_LA_DODE,07:14:01,0.0,L14_T039,
synthetic_all_stop_counts,boarding,CONFIGNON_LA_DODE,07:52:01,0.0,L14_T040,
synthetic_all_stop_counts,boarding,CONFIGNON_LA_DODE,09:08:01,0.0,L14_T041,
synthetic_all_stop_counts,boarding,CONFIGNON_LA_DODE,08:50:01,0.0,L14_T042,
synthetic_all_stop_counts,boarding,CONFIGNON_LA_DODE,06:55:01,0.0,L14_T043,
synthetic_all_stop_counts,boarding,CONFIGNON_LA_DODE,07:41:01,0.0,L14_T044,
synthetic_all_stop_counts,boarding,CONFIGNON_LA_DODE,08:00:01,0.0,L14_T045,
synthetic_all_stop_counts,boarding,CONFIGNON_LA_DODE,08:40:01,0.0,L14_T048,
synthetic_all_stop_counts,boarding,CONFIGNON_LA_DODE,08:59:01,0.0,L14_T049,
synthetic_all_stop_counts,boarding,CONFIGNON_LA_DODE,08:20:01,0.0,L14_T050,
synthetic_all_stop_counts,boarding,CONFIGNON_LA_DODE,08:10:01,0.0,L14_T051,
synthetic_all_stop_counts,boarding,CONFIGNON_LA_DODE,08:30:01,0.0,L14_T052,
synthetic_all_stop_counts,boarding,CONFIGNON_LA_DODE,07:30:01,0.0,L14_T054,
synthetic_all_stop_counts,boarding,CONFIGNON_LA_DODE,07:16:01,0.0,L14_T055,
synthetic_all_stop_counts,boarding,CONFIGNON_LA_DODE,07:46:01,0.0,L14_T056,
synthetic_all_stop_counts,boarding,CONFIGNON_LA_DODE,08:16:01,0.0,L14_T060,
synthetic_all_stop_counts,boarding,CONFIGNON_LA_DODE,08:26:01,0.0,L14_T061,
synthetic_all_stop_counts,boarding,CONFIGNON_LA_DODE,07:35:01,0.0,L14_T063,
synthetic_all_stop_counts,boarding,CONFIGNON_LA_DODE,07:56:01,0.0,L14_T064,
synthetic_all_stop_counts,boarding,CONFIGNON_LA_DODE,09:03:01,0.0,L14_T065,
synthetic_all_stop_counts,boarding,CONFIGNON_LA_DODE,08:06:01,0.0,L14_T066,
synthetic_all_stop_counts,boarding,CONFIGNON_LA_DODE,08:35:01,0.0,L14_T067,
synthetic_all_stop_counts,boarding,CONFIGNON_LA_DODE,08:45:01,0.0,L14_T068,
synthetic_all_stop_counts,boarding,CONFIGNON_LA_DODE,08:54:01,0.0,L14_T069,
synthetic_all_stop_counts,boarding,CONFIGNON_LA_DODE,07:06:01,0.0,L14_T070,
synthetic_all_stop_counts,boarding,CONFIGNON_LA_DODE,07:24:01,0.0,L14_T071,
synthetic_all_stop_counts,boarding,CONFIGNON_LA_DODE,09:12:01,0.0,L14_T072,
synthetic_all_stop_counts,boarding,GENEVE_AMANDOLIER,06:56:01,0.0,L12_T001,
synthetic_all_stop_counts,boarding,GENEVE_AMANDOLIER,07:36:01,0.0,L12_T002,
synthetic_all_stop_counts,boarding,GENEVE_AMANDOLIER,09:01:01,0.0,L12_T003,
synthetic_all_stop_counts,boarding,GENEVE_AMANDOLIER,07:46:01,0.0,L12_T004,
synthetic_all_stop_counts,boarding,GENEVE_AMANDOLIER,08:14:01,0.0,L12_T005,
synthetic_all_stop_counts,boarding,GENEVE_AMANDOLIER,08:42:01,0.0,L12_T006,
synthetic_all_stop_counts,boarding,GENEVE_AMANDOLIER,07:16:01,0.0,L12_T007,
synthetic_all_stop_counts,boarding,GENEVE_AMANDOLIER,07:06:01,0.0,L12_T008,
synthetic_all_stop_counts,boarding,GENEVE_AMANDOLIER,07:26:01,0.0,L12_T009,
synthetic_all_stop_counts,boarding,GENEVE_AMANDOLIER,08:23:01,0.0,L12_T010,
synthetic_all_stop_counts,boarding,GENEVE_AMANDOLIER,08:51:01,0.0,L12_T011,
synthetic_all_stop_counts,boarding,GENEVE_AMANDOLIER,07:55:01,0.0,L12_T012,
synthetic_all_stop_counts,boarding,GENEVE_AMANDOLIER,09:10:01,0.0,L12_T013,
synthetic_all_stop_counts,boarding,GENEVE_AMANDOLIER,08:05:01,0.0,L12_T014,
synthetic_all_stop_counts,boarding,GENEVE_AMANDOLIER,08:33:01,0.0,L12_T015,
synthetic_all_stop_counts,boarding,GENEVE_AMANDOLIER,08:28:01,0.0,L12_T018,
synthetic_all_stop_counts,boarding,GENEVE_AMANDOLIER,07:01:01,0.0,L12_T019,
synthetic_all_stop_counts,boarding,GENEVE_AMANDOLIER,07:11:01,0.0,L12_T020,
synthetic_all_stop_counts,boarding,GENEVE_AMANDOLIER,07:21:01,0.0,L12_T021,
synthetic_all_stop_counts,boarding,GENEVE_AMANDOLIER,06:54:01,0.0,L12_T022,
synthetic_all_stop_counts,boarding,GENEVE_AMANDOLIER,07:32:01,0.0,L12_T023,
synthetic_all_stop_counts,boarding,GENEVE_AMANDOLIER,07:41:01,0.0,L12_T024,
synthetic_all_stop_counts,boarding,GENEVE_AMANDOLIER,07:59:01,0.0,L12_T025,
synthetic_all_stop_counts,boarding,GENEVE_AMANDOLIER,08:46:01,0.0,L12_T027,
synthetic_all_stop_counts,boarding,GENEVE_AMANDOLIER,08:56:01,0.0,L12_T028,
synthetic_all_stop_counts,boarding,GENEVE_AMANDOLIER,08:09:01,0.0,L12_T029,
synthetic_all_stop_counts,boarding,GENEVE_AMANDOLIER,08:37:01,0.0,L12_T030,
synthetic_all_stop_counts,boarding,GENEVE_AMANDOLIER,09:06:01,0.0,L12_T031,
synthetic_all_stop_counts,boarding,GENEVE_AMANDOLIER,08:19:01,0.0,L12_T032,
synthetic_all_stop_counts,boarding,GENEVE_AMANDOLIER,07:51:01,0.0,L12_T033,
synthetic_all_stop_counts,boarding,GENEVE_AMANDOLIER,07:15:01,0.0,L12_T034,
synthetic_all_stop_counts,boarding,GENEVE_AMANDOLIER,09:09:01,0.0,L12_T035,
synthetic_all_stop_counts,boarding,GENEVE_AMANDOLIER,06:55:01,0.0,L12_T036,
synthetic_all_stop_counts,boarding,GENEVE_AMANDOLIER,07:25:01,0.0,L12_T038,
synthetic_all_stop_counts,boarding,GENEVE_AMANDOLIER,07:44:01,0.0,L12_T039,
synthetic_all_stop_counts,boarding,GENEVE_AMANDOLIER,08:50:01,0.0,L12_T040,
synthetic_all_stop_counts,boarding,GENEVE_AMANDOLIER,08:03:01,0.0,L12_T041,
synthetic_all_stop_counts,boarding,GENEVE_AMANDOLIER,08:22:01,0.0,L12_T042,
synthetic_all_stop_counts,boarding,GENEVE_AMANDOLIER,07:04:01,0.0,L12_T043,
synthetic_all_stop_counts,boarding,GENEVE_AMANDOLIER,08:32:01,0.0,L12_T044,
synthetic_all_stop_counts,boarding,GENEVE_AMANDOLIER,07:35:01,0.0,L12_T045,
synthetic_all_stop_counts,boarding,GENEVE_AMANDOLIER,08:13:01,0.0,L12_T046,
synthetic_all_stop_counts,boarding,GENEVE_AMANDOLIER,07:54:01,0.0,L12_T047,
synthetic_all_stop_counts,boarding,GENEVE_AMANDOLIER,08:41:01,0.0,L12_T048,
synthetic_all_stop_counts,boarding,GENEVE_AMANDOLIER,08:59:01,0.0,L12_T049,
synthetic_all_stop_counts,boarding,GENEVE_AMANDOLIER,09:04:01,0.0,L12_T050,
synthetic_all_stop_counts,boarding,GENEVE_AMANDOLIER,06:50:01,0.0,L12_T052,
synthetic_all_stop_counts,boarding,GENEVE_AMANDOLIER,06:59:01,0.0,L12_T053,
synthetic_all_stop_counts,boarding,GENEVE_AMANDOLIER,07:10:01,0.0,L12_T054,
synthetic_all_stop_counts,boarding,GENEVE_AMANDOLIER,07:30:01,0.0,L12_T055,
synthetic_all_stop_counts,boarding,GENEVE_AMANDOLIER,08:55:01,0.0,L12_T056,
synthetic_all_stop_counts,boarding,GENEVE_AMANDOLIER,08:26:01,0.0,L12_T057,
synthetic_all_stop_counts,boarding,GENEVE_AMANDOLIER,08:36:01,0.0,L12_T058,
synthetic_all_stop_counts,boarding,GENEVE_AMANDOLIER,07:20:01,0.0,L12_T059,
synthetic_all_stop_counts,boarding,GENEVE_AMANDOLIER,07:39:01,0.0,L12_T060,
synthetic_all_stop_counts,boarding,GENEVE_AMANDOLIER,08:09:01,0.0,L12_T061,
synthetic_all_stop_counts,boarding,GENEVE_AMANDOLIER,07:59:01,0.0,L12_T062,
synthetic_all_stop_counts,boarding,GENEVE_AMANDOLIER,08:46:01,0.0,L12_T063,
synthetic_all_stop_counts,boarding,GENEVE_AMANDOLIER,08:18:01,0.0,L12_T064,
synthetic_all_stop_counts,boarding,GENEVE_AMANDOLIER,07:49:01,0.0,L12_T065,
synthetic_all_stop_counts,boarding,GENEVE_AUGUSTINS,07:21:01,1.0,L12_T002,
synthetic_all_stop_counts,boarding,GENEVE_AUGUSTINS,08:45:01,1.0,L12_T003,
synthetic_all_stop_counts,boarding,GENEVE_AUGUSTINS,07:30:01,6.0,L12_T004,
synthetic_all_stop_counts,boarding,GENEVE_AUGUSTINS,07:58:01,6.0,L12_T005,
synthetic_all_stop_counts,boarding,GENEVE_AUGUSTINS,08:26:01,3.0,L12_T006,
synthetic_all_stop_counts,boarding,GENEVE_AUGUSTINS,07:01:01,2.0,L12_T007,
synthetic_all_stop_counts,boarding,GENEVE_AUGUSTINS,06:51:01,0.0,L12_T008,
synthetic_all_stop_counts,boarding,GENEVE_AUGUSTINS,07:11:01,1.0,L12_T009,
synthetic_all_stop_counts,boarding,GENEVE_AUGUSTINS,08:08:01,4.0,L12_T010,
synthetic_all_stop_counts,boarding,GENEVE_AUGUSTINS,08:36:01,5.0,L12_T011,
synthetic_all_stop_counts,boarding,GENEVE_AUGUSTINS,07:40:01,2.0,L12_T012,
synthetic_all_stop_counts,boarding,GENEVE_AUGUSTINS,08:55:01,0.0,L12_T013,
synthetic_all_stop_counts,boarding,GENEVE_AUGUSTINS,07:49:01,1.0,L12_T014,
synthetic_all_stop_counts,boarding,GENEVE_AUGUSTINS,08:17:01,3.0,L12_T015,
synthetic_all_stop_counts,boarding,GENEVE_AUGUSTINS,09:04:01,0.0,L12_T016,
synthetic_all_stop_counts,boarding,GENEVE_AUGUSTINS,08:59:01,0.0,L12_T017,
synthetic_all_stop_counts,boarding,GENEVE_AUGUSTINS,08:12:01,1.0,L12_T018,
synthetic_all_stop_counts,boarding,GENEVE_AUGUSTINS,06:46:01,0.0,L12_T019,
synthetic_all_stop_counts,boarding,GENEVE_AUGUSTINS,06:56:01,1.0,L12_T020,
synthetic_all_stop_counts,boarding,GENEVE_AUGUSTINS,07:06:01,1.0,L12_T021,
synthetic_all_stop_counts,boarding,GENEVE_AUGUSTINS,07:16:01,0.0,L12_T023,
synthetic_all_stop_counts,boarding,GENEVE_AUGUSTINS,07:25:01,1.0,L12_T024,
synthetic_all_stop_counts,boarding,GENEVE_AUGUSTINS,07:44:01,1.0,L12_T025,
synthetic_all_stop_counts,boarding,GENEVE_AUGUSTINS,09:09:01,0.0,L12_T026,
synthetic_all_stop_counts,boarding,GENEVE_AUGUSTINS,08:31:01,2.0,L12_T027,
synthetic_all_stop_counts,boarding,GENEVE_AUGUSTINS,08:41:01,1.0,L12_T028,
synthetic_all_stop_counts,boarding,GENEVE_AUGUSTINS,07:54:01,1.0,L12_T029,
synthetic_all_stop_counts,boarding,GENEVE_AUGUSTINS,08:22:01,1.0,L12_T030,
synthetic_all_stop_counts,boarding,GENEVE_AUGUSTINS,08:50:01,0.0,L12_T031,
synthetic_all_stop_counts,boarding,GENEVE_AUGUSTINS,08:03:01,3.0,L12_T032,
synthetic_all_stop_counts,boarding,GENEVE_AUGUSTINS,07:35:01,1.0,L12_T033,
synthetic_all_stop_counts,boarding,GENEVE_AUGUSTINS,07:31:01,4.0,L12_T034,
synthetic_all_stop_counts,boarding,GENEVE_AUGUSTINS,07:10:01,1.0,L12_T036,
synthetic_all_stop_counts,boarding,GENEVE_AUGUSTINS,06:59:01,2.0,L12_T037,
synthetic_all_stop_counts,boarding,GENEVE_AUGUSTINS,07:41:01,2.0,L12_T038,
synthetic_all_stop_counts,boarding,GENEVE_AUGUSTINS,08:00:01,7.0,L12_T039,
synthetic_all_stop_counts,boarding,GENEVE_AUGUSTINS,09:06:01,0.0,L12_T040,
synthetic_all_stop_counts,boarding,GENEVE_AUGUSTINS,08:19:01,0.0,L12_T041,
synthetic_all_stop_counts,boarding,GENEVE_AUGUSTINS,08:39:01,1.0,L12_T042,
synthetic_all_stop_counts,boarding,GENEVE_AUGUSTINS,07:19:01,0.0,L12_T043,
synthetic_all_stop_counts,boarding,GENEVE_AUGUSTINS,08:48:01,0.0,L12_T044,
synthetic_all_stop_counts,boarding,GENEVE_AUGUSTINS,07:50:01,1.0,L12_T045,
synthetic_all_stop_counts,boarding,GENEVE_AUGUSTINS,08:29:01,2.0,L12_T046,
synthetic_all_stop_counts,boarding,GENEVE_AUGUSTINS,08:10:01,2.0,L12_T047,
synthetic_all_stop_counts,boarding,GENEVE_AUGUSTINS,08:57:01,0.0,L12_T048,
synthetic_all_stop_counts,boarding,GENEVE_AUGUSTINS,06:51:01,0.0,L12_T051,
synthetic_all_stop_counts,boarding,GENEVE_AUGUSTINS,07:05:01,1.0,L12_T052,
synthetic_all_stop_counts,boarding,GENEVE_AUGUSTINS,07:14:01,0.0,L12_T053,
synthetic_all_stop_counts,boarding,GENEVE_AUGUSTINS,07:25:01,1.0,L12_T054,
synthetic_all_stop_counts,boarding,GENEVE_AUGUSTINS,07:46:01,1.0,L12_T055,
synthetic_all_stop_counts,boarding,GENEVE_AUGUSTINS,09:11:01,0.0,L12_T056,
synthetic_all_stop_counts,boarding,GENEVE_AUGUSTINS,08:43:01,0.0,L12_T057,
synthetic_all_stop_counts,boarding,GENEVE_AUGUSTINS,08:53:01,0.0,L12_T058,
synthetic_all_stop_counts,boarding,GENEVE_AUGUSTINS,07:36:01,2.0,L12_T059,
synthetic_all_stop_counts,boarding,GENEVE_AUGUSTINS,07:55:01,1.0,L12_T060,
synthetic_all_stop_counts,boarding,GENEVE_AUGUSTINS,08:25:01,1.0,L12_T061,
synthetic_all_stop_counts,boarding,GENEVE_AUGUSTINS,08:15:01,1.0,L12_T062,
synthetic_all_stop_counts,boarding,GENEVE_AUGUSTINS,09:02:01,0.0,L12_T063,
synthetic_all_stop_counts,boarding,GENEVE_AUGUSTINS,08:34:01,2.0,L12_T064,
synthetic_all_stop_counts,boarding,GENEVE_AUGUSTINS,08:05:01,3.0,L12_T065,
synthetic_all_stop_counts,boarding,GENEVE_AUGUSTINS,07:04:01,3.0,L18_T001,
synthetic_all_stop_counts,boarding,GENEVE_AUGUSTINS,08:19:01,1.0,L18_T003,
synthetic_all_stop_counts,boarding,GENEVE_AUGUSTINS,07:23:01,1.0,L18_T004,
synthetic_all_stop_counts,boarding,GENEVE_AUGUSTINS,08:57:01,0.0,L18_T005,
synthetic_all_stop_counts,boarding,GENEVE_AUGUSTINS,08:01:01,11.0,L18_T007,
synthetic_all_stop_counts,boarding,GENEVE_AUGUSTINS,08:38:01,2.0,L18_T008,
synthetic_all_stop_counts,boarding,GENEVE_AUGUSTINS,07:42:01,1.0,L18_T009,
synthetic_all_stop_counts,boarding,GENEVE_AUGUSTINS,06:54:01,1.0,L18_T010,
synthetic_all_stop_counts,boarding,GENEVE_AUGUSTINS,07:14:01,1.0,L18_T011,
synthetic_all_stop_counts,boarding,GENEVE_AUGUSTINS,08:28:01,3.0,L18_T012,
synthetic_all_stop_counts,boarding,GENEVE_AUGUSTINS,08:47:01,1.0,L18_T013,
synthetic_all_stop_counts,boarding,GENEVE_AUGUSTINS,09:06:01,0.0,L18_T014,
synthetic_all_stop_counts,boarding,GENEVE_AUGUSTINS,07:51:01,1.0,L18_T015,
synthetic_all_stop_counts,boarding,GENEVE_AUGUSTINS,07:33:01,5.0,L18_T016,
synthetic_all_stop_counts,boarding,GENEVE_AUGUSTINS,08:10:01,3.0,L18_T017,
synthetic_all_stop_counts,boarding,GENEVE_AUGUSTINS,07:02:01,3.0,L18_T019,
synthetic_all_stop_counts,boarding,GENEVE_AUGUSTINS,07:34:01,4.0,L18_T020,
synthetic_all_stop_counts,boarding,GENEVE_AUGUSTINS,08:51:01,0.0,L18_T021,
synthetic_all_stop_counts,boarding,GENEVE_AUGUSTINS,07:53:01,2.0,L18_T022,
synthetic_all_stop_counts,boarding,GENEVE_AUGUSTINS,08:13:01,2.0,L18_T023,
synthetic_all_stop_counts,boarding,GENEVE_AUGUSTINS,09:09:01,0.0,L18_T024,
synthetic_all_stop_counts,boarding,GENEVE_AUGUSTINS,08:32:01,4.0,L18_T026,
synthetic_all_stop_counts,boarding,GENEVE_AUGUSTINS,06:49:01,0.0,L18_T027,
synthetic_all_stop_counts,boarding,GENEVE_AUGUSTINS,08:22:01,1.0,L18_T028,
synthetic_all_stop_counts,boarding,GENEVE_AUGUSTINS,07:12:01,1.0,L18_T029,
synthetic_all_stop_counts,boarding,GENEVE_AUGUSTINS,07:23:01,1.0,L18_T030,
synthetic_all_stop_counts,boarding,GENEVE_AUGUSTINS,09:00:01,0.0,L18_T031,
synthetic_all_stop_counts,boarding,GENEVE_AUGUSTINS,08:41:01,1.0,L18_T032,
synthetic_all_stop_counts,boarding,GENEVE_AUGUSTINS,08:03:01,7.0,L18_T033,
synthetic_all_stop_counts,boarding,GENEVE_AUGUSTINS,07:43:01,2.0,L18_T034,
synthetic_all_stop_counts,boarding,GENEVE_BEL_AIR,06:48:01,0.0,L12_T001,
synthetic_all_stop_counts,boarding,GENEVE_BEL_AIR,07:28:01,0.0,L12_T002,
synthetic_all_stop_counts,boarding,GENEVE_BEL_AIR,08:53:01,0.0,L12_T003,
synthetic_all_stop_counts,boarding,GENEVE_BEL_AIR,07:38:01,0.0,L12_T004,
synthetic_all_stop_counts,boarding,GENEVE_BEL_AIR,08:06:01,0.0,L12_T005,
synthetic_all_stop_counts,boarding,GENEVE_BEL_AIR,08:34:01,0.0,L12_T006,
synthetic_all_stop_counts,boarding,GENEVE_BEL_AIR,07:08:01,0.0,L12_T007,
synthetic_all_stop_counts,boarding,GENEVE_BEL_AIR,06:58:01,0.0,L12_T008,
synthetic_all_stop_counts,boarding,GENEVE_BEL_AIR,07:18:01,0.0,L12_T009,
synthetic_all_stop_counts,boarding,GENEVE_BEL_AIR,08:15:01,0.0,L12_T010,
synthetic_all_stop_counts,boarding,GENEVE_BEL_AIR,08:43:01,0.0,L12_T011,
synthetic_all_stop_counts,boarding,GENEVE_BEL_AIR,07:47:01,0.0,L12_T012,
synthetic_all_stop_counts,boarding,GENEVE_BEL_AIR,09:02:01,0.0,L12_T013,
synthetic_all_stop_counts,boarding,GENEVE_BEL_AIR,07:56:01,0.0,L12_T014,
synthetic_all_stop_counts,boarding,GENEVE_BEL_AIR,08:24:01,0.0,L12_T015,
synthetic_all_stop_counts,boarding,GENEVE_BEL_AIR,09:11:01,0.0,L12_T016,
synthetic_all_stop_counts,boarding,GENEVE_BEL_AIR,09:07:01,0.0,L12_T017,
synthetic_all_stop_counts,boarding,GENEVE_BEL_AIR,08:20:01,0.0,L12_T018,
synthetic_all_stop_counts,boarding,GENEVE_BEL_AIR,06:53:01,0.0,L12_T019,
synthetic_all_stop_counts,boarding,GENEVE_BEL_AIR,07:03:01,0.0,L12_T020,
synthetic_all_stop_counts,boarding,GENEVE_BEL_AIR,07:13:01,0.0,L12_T021,
synthetic_all_stop_counts,boarding,GENEVE_BEL_AIR,06:46:01,0.0,L12_T022,
synthetic_all_stop_counts,boarding,GENEVE_BEL_AIR,07:23:01,0.0,L12_T023,
synthetic_all_stop_counts,boarding,GENEVE_BEL_AIR,07:33:01,0.0,L12_T024,
synthetic_all_stop_counts,boarding,GENEVE_BEL_AIR,07:51:01,0.0,L12_T025,
synthetic_all_stop_counts,boarding,GENEVE_BEL_AIR,08:38:01,0.0,L12_T027,
synthetic_all_stop_counts,boarding,GENEVE_BEL_AIR,08:48:01,0.0,L12_T028,
synthetic_all_stop_counts,boarding,GENEVE_BEL_AIR,08:01:01,0.0,L12_T029,
synthetic_all_stop_counts,boarding,GENEVE_BEL_AIR,08:29:01,0.0,L12_T030,
synthetic_all_stop_counts,boarding,GENEVE_BEL_AIR,08:57:01,0.0,L12_T031,
synthetic_all_stop_counts,boarding,GENEVE_BEL_AIR,08:10:01,0.0,L12_T032,
synthetic_all_stop_counts,boarding,GENEVE_BEL_AIR,07:42:01,0.0,L12_T033,
synthetic_all_stop_counts,boarding,GENEVE_BEL_AIR,07:25:01,0.0,L12_T034,
synthetic_all_stop_counts,boarding,GENEVE_BEL_AIR,07:03:01,0.0,L12_T036,
synthetic_all_stop_counts,boarding,GENEVE_BEL_AIR,06:52:01,0.0,L12_T037,
synthetic_all_stop_counts,boarding,GENEVE_BEL_AIR,07:34:01,0.0,L12_T038,
synthetic_all_stop_counts,boarding,GENEVE_BEL_AIR,07:53:01,0.0,L12_T039,
synthetic_all_stop_counts,boarding,GENEVE_BEL_AIR,09:00:01,0.0,L12_T040,
synthetic_all_stop_counts,boarding,GENEVE_BEL_AIR,08:13:01,0.0,L12_T041,
synthetic_all_stop_counts,boarding,GENEVE_BEL_AIR,08:32:01,0.0,L12_T042,
synthetic_all_stop_counts,boarding,GENEVE_BEL_AIR,07:13:01,0.0,L12_T043,
synthetic_all_stop_counts,boarding,GENEVE_BEL_AIR,08:41:01,0.0,L12_T044,
synthetic_all_stop_counts,boarding,GENEVE_BEL_AIR,07:44:01,0.0,L12_T045,
synthetic_all_stop_counts,boarding,GENEVE_BEL_AIR,08:22:01,0.0,L12_T046,
synthetic_all_stop_counts,boarding,GENEVE_BEL_AIR,08:03:01,0.0,L12_T047,
synthetic_all_stop_counts,boarding,GENEVE_BEL_AIR,08:51:01,0.0,L12_T048,
synthetic_all_stop_counts,boarding,GENEVE_BEL_AIR,09:09:01,0.0,L12_T049,
synthetic_all_stop_counts,boarding,GENEVE_BEL_AIR,09:13:01,0.0,L12_T050,
synthetic_all_stop_counts,boarding,GENEVE_BEL_AIR,06:58:01,0.0,L12_T052,
synthetic_all_stop_counts,boarding,GENEVE_BEL_AIR,07:07:01,0.0,L12_T053,
synthetic_all_stop_counts,boarding,GENEVE_BEL_AIR,07:19:01,0.0,L12_T054,
synthetic_all_stop_counts,boarding,GENEVE_BEL_AIR,07:39:01,0.0,L12_T055,
synthetic_all_stop_counts,boarding,GENEVE_BEL_AIR,09:04:01,0.0,L12_T056,
synthetic_all_stop_counts,boarding,GENEVE_BEL_AIR,08:36:01,0.0,L12_T057,
synthetic_all_stop_counts,boarding,GENEVE_BEL_AIR,08:46:01,0.0,L12_T058,
synthetic_all_stop_counts,boarding,GENEVE_BEL_AIR,07:29:01,0.0,L12_T059,
synthetic_all_stop_counts,boarding,GENEVE_BEL_AIR,07:49:01,0.0,L12_T060,
synthetic_all_stop_counts,boarding,GENEVE_BEL_AIR,08:18:01,0.0,L12_T061,
synthetic_all_stop_counts,boarding,GENEVE_BEL_AIR,08:08:01,0.0,L12_T062,
synthetic_all_stop_counts,boarding,GENEVE_BEL_AIR,08:55:01,0.0,L12_T063,
synthetic_all_stop_counts,boarding,GENEVE_BEL_AIR,08:27:01,0.0,L12_T064,
synthetic_all_stop_counts,boarding,GENEVE_BEL_AIR,07:58:01,0.0,L12_T065,
synthetic_all_stop_counts,boarding,GENEVE_BEL_AIR,06:46:01,0.0,L14_T002,
synthetic_all_stop_counts,boarding,GENEVE_BEL_AIR,08:29:01,0.0,L14_T003,
synthetic_all_stop_counts,boarding,GENEVE_BEL_AIR,08:01:01,0.0,L14_T004,
synthetic_all_stop_counts,boarding,GENEVE_BEL_AIR,07:03:01,0.0,L14_T005,
synthetic_all_stop_counts,boarding,GENEVE_BEL_AIR,07:13:01,0.0,L14_T006,
synthetic_all_stop_counts,boarding,GENEVE_BEL_AIR,07:23:01,0.0,L14_T007,
synthetic_all_stop_counts,boarding,GENEVE_BEL_AIR,07:33:01,0.0,L14_T008,
synthetic_all_stop_counts,boarding,GENEVE_BEL_AIR,07:42:01,0.0,L14_T009,
synthetic_all_stop_counts,boarding,GENEVE_BEL_AIR,08:47:01,0.0,L14_T010,
synthetic_all_stop_counts,boarding,GENEVE_BEL_AIR,08:38:01,0.0,L14_T011,
synthetic_all_stop_counts,boarding,GENEVE_BEL_AIR,07:52:01,0.0,L14_T012,
synthetic_all_stop_counts,boarding,GENEVE_BEL_AIR,08:19:01,0.0,L14_T013,
synthetic_all_stop_counts,boarding,GENEVE_BEL_AIR,08:10:01,0.0,L14_T014,
synthetic_all_stop_counts,boarding,GENEVE_BEL_AIR,08:57:01,0.0,L14_T017,
synthetic_all_stop_counts,boarding,GENEVE_BEL_AIR,09:07:01,0.0,L14_T018,
synthetic_all_stop_counts,boarding,GENEVE_BEL_AIR,09:11:01,0.0,L14_T020,
synthetic_all_stop_counts,boarding,GENEVE_BEL_AIR,07:28:01,0.0,L14_T021,
synthetic_all_stop_counts,boarding,GENEVE_BEL_AIR,08:52:01,0.0,L14_T022,
synthetic_all_stop_counts,boarding,GENEVE_BEL_AIR,07:38:01,0.0,L14_T024,
synthetic_all_stop_counts,boarding,GENEVE_BEL_AIR,07:47:01,0.0,L14_T025,
synthetic_all_stop_counts,boarding,GENEVE_BEL_AIR,08:43:01,0.0,L14_T026,
synthetic_all_stop_counts,boarding,GENEVE_BEL_AIR,08:34:01,0.0,L14_T027,
synthetic_all_stop_counts,boarding,GENEVE_BEL_AIR,08:24:01,0.0,L14_T028,
synthetic_all_stop_counts,boarding,GENEVE_BEL_AIR,08:15:01,0.0,L14_T029,
synthetic_all_stop_counts,boarding,GENEVE_BEL_AIR,07:57:01,0.0,L14_T030,
synthetic_all_stop_counts,boarding,GENEVE_BEL_AIR,08:06:01,0.0,L14_T031,
synthetic_all_stop_counts,boarding,GENEVE_BEL_AIR,07:08:01,0.0,L14_T032,
synthetic_all_stop_counts,boarding,GENEVE_BEL_AIR,07:18:01,0.0,L14_T033,
synthetic_all_stop_counts,boarding,GENEVE_BEL_AIR,06:58:01,0.0,L14_T034,
synthetic_all_stop_counts,boarding,GENEVE_BEL_AIR,09:01:01,0.0,L14_T035,
synthetic_all_stop_counts,boarding,GENEVE_BEL_AIR,06:45:01,0.0,L14_T036,
synthetic_all_stop_counts,boarding,GENEVE_BEL_AIR,06:52:01,0.0,L14_T037,
synthetic_all_stop_counts,boarding,GENEVE_BEL_AIR,07:10:01,0.0,L14_T038,
synthetic_all_stop_counts,boarding,GENEVE_BEL_AIR,06:57:01,0.0,L14_T039,
synthetic_all_stop_counts,boarding,GENEVE_BEL_AIR,07:34:01,0.0,L14_T040,
synthetic_all_stop_counts,boarding,GENEVE_BEL_AIR,08:50:01,0.0,L14_T041,
synthetic_all_stop_counts,boarding,GENEVE_BEL_AIR,08:32:01,0.0,L14_T042,
synthetic_all_stop_counts,boarding,GENEVE_BEL_AIR,07:25:01,0.0,L14_T044,
synthetic_all_stop_counts,boarding,GENEVE_BEL_AIR,07:43:01,0.0,L14_T045,
synthetic_all_stop_counts,boarding,GENEVE_BEL_AIR,09:09:01,0.0,L14_T047,
synthetic_all_stop_counts,boarding,GENEVE_BEL_AIR,08:23:01,0.0,L14_T048,
synthetic_all_stop_counts,boarding,GENEVE_BEL_AIR,08:41:01,0.0,L14_T049,
synthetic_all_stop_counts,boarding,GENEVE_BEL_AIR,08:03:01,0.0,L14_T050,
synthetic_all_stop_counts,boarding,GENEVE_BEL_AIR,07:53:01,0.0,L14_T051,
synthetic_all_stop_counts,boarding,GENEVE_BEL_AIR,08:13:01,0.0,L14_T052,
synthetic_all_stop_counts,boarding,GENEVE_BEL_AIR,08:59:01,0.0,L14_T053,
synthetic_all_stop_counts,boarding,GENEVE_BEL_AIR,07:14:01,0.0,L14_T054,
synthetic_all_stop_counts,boarding,GENEVE_BEL_AIR,07:00:01,0.0,L14_T055,
synthetic_all_stop_counts,boarding,GENEVE_BEL_AIR,07:29:01,0.0,L14_T056,
synthetic_all_stop_counts,boarding,GENEVE_BEL_AIR,09:13:01,0.0,L14_T058,
synthetic_all_stop_counts,boarding,GENEVE_BEL_AIR,09:04:01,0.0,L14_T059,
synthetic_all_stop_counts,boarding,GENEVE_BEL_AIR,07:58:01,0.0,L14_T060,
synthetic_all_stop_counts,boarding,GENEVE_BEL_AIR,08:08:01,0.0,L14_T061,
synthetic_all_stop_counts,boarding,GENEVE_BEL_AIR,07:19:01,0.0,L14_T063,
synthetic_all_stop_counts,boarding,GENEVE_BEL_AIR,07:39:01,0.0,L14_T064,
synthetic_all_stop_counts,boarding,GENEVE_BEL_AIR,08:46:01,0.0,L14_T065,
synthetic_all_stop_counts,boarding,GENEVE_BEL_AIR,07:49:01,0.0,L14_T066,
synthetic_all_stop_counts,boarding,GENEVE_BEL_AIR,08:18:01,0.0,L14_T067,
synthetic_all_stop_counts,boarding,GENEVE_BEL_AIR,08:28:01,0.0,L14_T068,
synthetic_all_stop_counts,boarding,GENEVE_BEL_AIR,08:37:01,0.0,L14_T069,
synthetic_all_stop_counts,boarding,GENEVE_BEL_AIR,06:49:01,0.0,L14_T070,
synthetic_all_stop_counts,boarding,GENEVE_BEL_AIR,07:08:01,0.0,L14_T071,
synthetic_all_stop_counts,boarding,GENEVE_BEL_AIR,08:55:01,0.0,L14_T072,
synthetic_all_stop_counts,boarding,GENEVE_BEL_AIR,07:10:01,0.0,L18_T001,
synthetic_all_stop_counts,boarding,GENEVE_BEL_AIR,06:50:01,0.0,L18_T002,
synthetic_all_stop_counts,boarding,GENEVE_BEL_AIR,08:27:01,0.0,L18_T003,
synthetic_all_stop_counts,boarding,GENEVE_BEL_AIR,07:30:01,0.0,L18_T004,
synthetic_all_stop_counts,boarding,GENEVE_BEL_AIR,09:04:01,0.0,L18_T005,
synthetic_all_stop_counts,boarding,GENEVE_BEL_AIR,08:08:01,0.0,L18_T007,
synthetic_all_stop_counts,boarding,GENEVE_BEL_AIR,08:45:01,0.0,L18_T008,
synthetic_all_stop_counts,boarding,GENEVE_BEL_AIR,07:49:01,0.0,L18_T009,
synthetic_all_stop_counts,boarding,GENEVE_BEL_AIR,07:00:01,0.0,L18_T010,
synthetic_all_stop_counts,boarding,GENEVE_BEL_AIR,07:20:01,0.0,L18_T011,
synthetic_all_stop_counts,boarding,GENEVE_BEL_AIR,08:36:01,0.0,L18_T012,
synthetic_all_stop_counts,boarding,GENEVE_BEL_AIR,08:55:01,0.0,L18_T013,
synthetic_all_stop_counts,boarding,GENEVE_BEL_AIR,09:14:01,0.0,L18_T014,
synthetic_all_stop_counts,boarding,GENEVE_BEL_AIR,07:59:01,0.0,L18_T015,
synthetic_all_stop_counts,boarding,GENEVE_BEL_AIR,07:40:01,0.0,L18_T016,
synthetic_all_stop_counts,boarding,GENEVE_BEL_AIR,08:17:01,0.0,L18_T017,
synthetic_all_stop_counts,boarding,GENEVE_BEL_AIR,06:56:01,0.0,L18_T019,
synthetic_all_stop_counts,boarding,GENEVE_BEL_AIR,07:27:01,0.0,L18_T020,
synthetic_all_stop_counts,boarding,GENEVE_BEL_AIR,08:44:01,0.0,L18_T021,
synthetic_all_stop_counts,boarding,GENEVE_BEL_AIR,07:46:01,0.0,L18_T022,
synthetic_all_stop_counts,boarding,GENEVE_BEL_AIR,08:06:01,0.0,L18_T023,
synthetic_all_stop_counts,boarding,GENEVE_BEL_AIR,09:02:01,0.0,L18_T024,
synthetic_all_stop_counts,boarding,GENEVE_BEL_AIR,08:25:01,0.0,L18_T026,
synthetic_all_stop_counts,boarding,GENEVE_BEL_AIR,08:15:01,0.0,L18_T028,
synthetic_all_stop_counts,boarding,GENEVE_BEL_AIR,07:05:01,0.0,L18_T029,
synthetic_all_stop_counts,boarding,GENEVE_BEL_AIR,07:16:01,0.0,L18_T030,
synthetic_all_stop_counts,boarding,GENEVE_BEL_AIR,08:53:01,0.0,L18_T031,
synthetic_all_stop_counts,boarding,GENEVE_BEL_AIR,08:34:01,0.0,L18_T032,
synthetic_all_stop_counts,boarding,GENEVE_BEL_AIR,07:56:01,0.0,L18_T033,
synthetic_all_stop_counts,boarding,GENEVE_BEL_AIR,07:37:01,0.0,L18_T034,
synthetic_all_stop_counts,boarding,GENEVE_BEL_AIR,09:11:01,0.0,L18_T035,
synthetic_all_stop_counts,boarding,GENEVE_BLANCHE,07:19:01,2.0,L12_T002,
synthetic_all_stop_counts,boarding,GENEVE_BLANCHE,08:44:01,3.0,L12_T003,
synthetic_all_stop_counts,boarding,GENEVE_BLANCHE,07:29:01,5.0,L12_T004,
synthetic_all_stop_counts,boarding,GENEVE_BLANCHE,07:57:01,2.0,L12_T005,
synthetic_all_stop_counts,boarding,GENEVE_BLANCHE,08:25:01,3.0,L12_T006,
synthetic_all_stop_counts,boarding,GENEVE_BLANCHE,06:59:01,7.0,L12_T007,
synthetic_all_stop_counts,boarding,GENEVE_BLANCHE,06:49:01,0.0,L12_T008,
synthetic_all_stop_counts,boarding,GENEVE_BLANCHE,07:10:01,4.0,L12_T009,
synthetic_all_stop_counts,boarding,GENEVE_BLANCHE,08:06:01,1.0,L12_T010,
synthetic_all_stop_counts,boarding,GENEVE_BLANCHE,08:34:01,7.0,L12_T011,
synthetic_all_stop_counts,boarding,GENEVE_BLANCHE,07:38:01,2.0,L12_T012,
synthetic_all_stop_counts,boarding,GENEVE_BLANCHE,08:53:01,1.0,L12_T013,
synthetic_all_stop_counts,boarding,GENEVE_BLANCHE,07:47:01,1.0,L12_T014,
synthetic_all_stop_counts,boarding,GENEVE_BLANCHE,08:15:01,1.0,L12_T015,
synthetic_all_stop_counts,boarding,GENEVE_BLANCHE,09:02:01,0.0,L12_T016,
synthetic_all_stop_counts,boarding,GENEVE_BLANCHE,08:58:01,0.0,L12_T017,
synthetic_all_stop_counts,boarding,GENEVE_BLANCHE,08:11:01,1.0,L12_T018,
synthetic_all_stop_counts,boarding,GENEVE_BLANCHE,06:54:01,1.0,L12_T020,
synthetic_all_stop_counts,boarding,GENEVE_BLANCHE,07:04:01,3.0,L12_T021,
synthetic_all_stop_counts,boarding,GENEVE_BLANCHE,07:15:01,1.0,L12_T023,
synthetic_all_stop_counts,boarding,GENEVE_BLANCHE,07:24:01,0.0,L12_T024,
synthetic_all_stop_counts,boarding,GENEVE_BLANCHE,07:42:01,0.0,L12_T025,
synthetic_all_stop_counts,boarding,GENEVE_BLANCHE,09:07:01,0.0,L12_T026,
synthetic_all_stop_counts,boarding,GENEVE_BLANCHE,08:29:01,5.0,L12_T027,
synthetic_all_stop_counts,boarding,GENEVE_BLANCHE,08:39:01,3.0,L12_T028,
synthetic_all_stop_counts,boarding,GENEVE_BLANCHE,07:52:01,0.0,L12_T029,
synthetic_all_stop_counts,boarding,GENEVE_BLANCHE,08:20:01,1.0,L12_T030,
synthetic_all_stop_counts,boarding,GENEVE_BLANCHE,08:48:01,1.0,L12_T031,
synthetic_all_stop_counts,boarding,GENEVE_BLANCHE,08:01:01,3.0,L12_T032,
synthetic_all_stop_counts,boarding,GENEVE_BLANCHE,07:33:01,1.0,L12_T033,
synthetic_all_stop_counts,boarding,GENEVE_BLANCHE,07:32:01,4.0,L12_T034,
synthetic_all_stop_counts,boarding,GENEVE_BLANCHE,07:11:01,2.0,L12_T036,
synthetic_all_stop_counts,boarding,GENEVE_BLANCHE,07:00:01,5.0,L12_T037,
synthetic_all_stop_counts,boarding,GENEVE_BLANCHE,07:42:01,1.0,L12_T038,
synthetic_all_stop_counts,boarding,GENEVE_BLANCHE,08:01:01,2.0,L12_T039,
synthetic_all_stop_counts,boarding,GENEVE_BLANCHE,09:08:01,0.0,L12_T040,
synthetic_all_stop_counts,boarding,GENEVE_BLANCHE,08:21:01,0.0,L12_T041,
synthetic_all_stop_counts,boarding,GENEVE_BLANCHE,08:40:01,1.0,L12_T042,
synthetic_all_stop_counts,boarding,GENEVE_BLANCHE,07:20:01,1.0,L12_T043,
synthetic_all_stop_counts,boarding,GENEVE_BLANCHE,08:49:01,0.0,L12_T044,
synthetic_all_stop_counts,boarding,GENEVE_BLANCHE,07:52:01,1.0,L12_T045,
synthetic_all_stop_counts,boarding,GENEVE_BLANCHE,08:30:01,6.0,L12_T046,
synthetic_all_stop_counts,boarding,GENEVE_BLANCHE,08:11:01,1.0,L12_T047,
synthetic_all_stop_counts,boarding,GENEVE_BLANCHE,08:59:01,0.0,L12_T048,
synthetic_all_stop_counts,boarding,GENEVE_BLANCHE,06:52:01,0.0,L12_T051,
synthetic_all_stop_counts,boarding,GENEVE_BLANCHE,07:06:01,3.0,L12_T052,
synthetic_all_stop_counts,boarding,GENEVE_BLANCHE,07:15:01,1.0,L12_T053,
synthetic_all_stop_counts,boarding,GENEVE_BLANCHE,07:26:01,1.0,L12_T054,
synthetic_all_stop_counts,boarding,GENEVE_BLANCHE,07:47:01,0.0,L12_T055,
synthetic_all_stop_counts,boarding,GENEVE_BLANCHE,09:12:01,0.0,L12_T056,
synthetic_all_stop_counts,boarding,GENEVE_BLANCHE,08:44:01,0.0,L12_T057,
synthetic_all_stop_counts,boarding,GENEVE_BLANCHE,08:54:01,0.0,L12_T058,
synthetic_all_stop_counts,boarding,GENEVE_BLANCHE,07:37:01,2.0,L12_T059,
synthetic_all_stop_counts,boarding,GENEVE_BLANCHE,07:57:01,0.0,L12_T060,
synthetic_all_stop_counts,boarding,GENEVE_BLANCHE,08:26:01,1.0,L12_T061,
synthetic_all_stop_counts,boarding,GENEVE_BLANCHE,08:16:01,0.0,L12_T062,
synthetic_all_stop_counts,boarding,GENEVE_BLANCHE,09:03:01,0.0,L12_T063,
synthetic_all_stop_counts,boarding,GENEVE_BLANCHE,08:35:01,1.0,L12_T064,
synthetic_all_stop_counts,boarding,GENEVE_BLANCHE,08:06:01,1.0,L12_T065,
synthetic_all_stop_counts,boarding,GENEVE_BLANCHE,07:02:01,9.0,L18_T001,
synthetic_all_stop_counts,boarding,GENEVE_BLANCHE,08:18:01,1.0,L18_T003,
synthetic_all_stop_counts,boarding,GENEVE_BLANCHE,07:22:01,1.0,L18_T004,
synthetic_all_stop_counts,boarding,GENEVE_BLANCHE,08:55:01,1.0,L18_T005,
synthetic_all_stop_counts,boarding,GENEVE_BLANCHE,09:14:01,0.0,L18_T006,
synthetic_all_stop_counts,boarding,GENEVE_BLANCHE,07:59:01,2.0,L18_T007,
synthetic_all_stop_counts,boarding,GENEVE_BLANCHE,08:36:01,4.0,L18_T008,
synthetic_all_stop_counts,boarding,GENEVE_BLANCHE,07:40:01,1.0,L18_T009,
synthetic_all_stop_counts,boarding,GENEVE_BLANCHE,06:52:01,1.0,L18_T010,
synthetic_all_stop_counts,boarding,GENEVE_BLANCHE,07:12:01,2.0,L18_T011,
synthetic_all_stop_counts,boarding,GENEVE_BLANCHE,08:27:01,4.0,L18_T012,
synthetic_all_stop_counts,boarding,GENEVE_BLANCHE,08:46:01,2.0,L18_T013,
synthetic_all_stop_counts,boarding,GENEVE_BLANCHE,09:05:01,0.0,L18_T014,
synthetic_all_stop_counts,boarding,GENEVE_BLANCHE,07:50:01,1.0,L18_T015,
synthetic_all_stop_counts,boarding,GENEVE_BLANCHE,07:31:01,4.0,L18_T016,
synthetic_all_stop_counts,boarding,GENEVE_BLANCHE,08:08:01,1.0,L18_T017,
synthetic_all_stop_counts,boarding,GENEVE_BLANCHE,07:04:01,8.0,L18_T019,
synthetic_all_stop_counts,boarding,GENEVE_BLANCHE,07:35:01,3.0,L18_T020,
synthetic_all_stop_counts,boarding,GENEVE_BLANCHE,08:52:01,0.0,L18_T021,
synthetic_all_stop_counts,boarding,GENEVE_BLANCHE,07:54:01,1.0,L18_T022,
synthetic_all_stop_counts,boarding,GENEVE_BLANCHE,08:14:01,0.0,L18_T023,
synthetic_all_stop_counts,boarding,GENEVE_BLANCHE,09:10:01,0.0,L18_T024,
synthetic_all_stop_counts,boarding,GENEVE_BLANCHE,08:33:01,4.0,L18_T026,
synthetic_all_stop_counts,boarding,GENEVE_BLANCHE,06:50:01,0.0,L18_T027,
synthetic_all_stop_counts,boarding,GENEVE_BLANCHE,08:24:01,1.0,L18_T028,
synthetic_all_stop_counts,boarding,GENEVE_BLANCHE,07:13:01,2.0,L18_T029,
synthetic_all_stop_counts,boarding,GENEVE_BLANCHE,07:24:01,1.0,L18_T030,
synthetic_all_stop_counts,boarding,GENEVE_BLANCHE,09:01:01,0.0,L18_T031,
synthetic_all_stop_counts,boarding,GENEVE_BLANCHE,08:43:01,1.0,L18_T032,
synthetic_all_stop_counts,boarding,GENEVE_BLANCHE,08:04:01,2.0,L18_T033,
synthetic_all_stop_counts,boarding,GENEVE_BLANCHE,07:45:01,2.0,L18_T034,
synthetic_all_stop_counts,boarding,GENEVE_COUTANCE,06:48:01,0.0,L14_T002,
synthetic_all_stop_counts,boarding,GENEVE_COUTANCE,08:31:01,0.0,L14_T003,
synthetic_all_stop_counts,boarding,GENEVE_COUTANCE,08:03:01,0.0,L14_T004,
synthetic_all_stop_counts,boarding,GENEVE_COUTANCE,07:04:01,0.0,L14_T005,
synthetic_all_stop_counts,boarding,GENEVE_COUTANCE,07:14:01,0.0,L14_T006,
synthetic_all_stop_counts,boarding,GENEVE_COUTANCE,07:24:01,0.0,L14_T007,
synthetic_all_stop_counts,boarding,GENEVE_COUTANCE,07:34:01,0.0,L14_T008,
synthetic_all_stop_counts,boarding,GENEVE_COUTANCE,07:44:01,0.0,L14_T009,
synthetic_all_stop_counts,boarding,GENEVE_COUTANCE,08:49:01,0.0,L14_T010,
synthetic_all_stop_counts,boarding,GENEVE_COUTANCE,08:40:01,0.0,L14_T011,
synthetic_all_stop_counts,boarding,GENEVE_COUTANCE,07:54:01,0.0,L14_T012,
synthetic_all_stop_counts,boarding,GENEVE_COUTANCE,08:21:01,0.0,L14_T013,
synthetic_all_stop_counts,boarding,GENEVE_COUTANCE,08:12:01,0.0,L14_T014,
synthetic_all_stop_counts,boarding,GENEVE_COUTANCE,08:58:01,0.0,L14_T017,
synthetic_all_stop_counts,boarding,GENEVE_COUTANCE,09:08:01,0.0,L14_T018,
synthetic_all_stop_counts,boarding,GENEVE_COUTANCE,09:13:01,0.0,L14_T020,
synthetic_all_stop_counts,boarding,GENEVE_COUTANCE,07:30:01,0.0,L14_T021,
synthetic_all_stop_counts,boarding,GENEVE_COUTANCE,08:54:01,0.0,L14_T022,
synthetic_all_stop_counts,boarding,GENEVE_COUTANCE,07:39:01,0.0,L14_T024,
synthetic_all_stop_counts,boarding,GENEVE_COUTANCE,07:49:01,0.0,L14_T025,
synthetic_all_stop_counts,boarding,GENEVE_COUTANCE,08:45:01,0.0,L14_T026,
synthetic_all_stop_counts,boarding,GENEVE_COUTANCE,08:35:01,0.0,L14_T027,
synthetic_all_stop_counts,boarding,GENEVE_COUTANCE,08:25:01,0.0,L14_T028,
synthetic_all_stop_counts,boarding,GENEVE_COUTANCE,08:16:01,0.0,L14_T029,
synthetic_all_stop_counts,boarding,GENEVE_COUTANCE,07:58:01,0.0,L14_T030,
synthetic_all_stop_counts,boarding,GENEVE_COUTANCE,08:08:01,0.0,L14_T031,
synthetic_all_stop_counts,boarding,GENEVE_COUTANCE,07:09:01,0.0,L14_T032,
synthetic_all_stop_counts,boarding,GENEVE_COUTANCE,07:19:01,0.0,L14_T033,
synthetic_all_stop_counts,boarding,GENEVE_COUTANCE,06:59:01,0.0,L14_T034,
synthetic_all_stop_counts,boarding,GENEVE_COUTANCE,09:03:01,0.0,L14_T035,
synthetic_all_stop_counts,boarding,GENEVE_COUTANCE,06:51:01,0.0,L14_T037,
synthetic_all_stop_counts,boarding,GENEVE_COUTANCE,07:09:01,0.0,L14_T038,
synthetic_all_stop_counts,boarding,GENEVE_COUTANCE,06:56:01,0.0,L14_T039,
synthetic_all_stop_counts,boarding,GENEVE_COUTANCE,07:33:01,0.0,L14_T040,
synthetic_all_stop_counts,boarding,GENEVE_COUTANCE,08:49:01,0.0,L14_T041,
synthetic_all_stop_counts,boarding,GENEVE_COUTANCE,08:31:01,0.0,L14_T042,
synthetic_all_stop_counts,boarding,GENEVE_COUTANCE,07:23:01,0.0,L14_T044,
synthetic_all_stop_counts,boarding,GENEVE_COUTANCE,07:41:01,0.0,L14_T045,
synthetic_all_stop_counts,boarding,GENEVE_COUTANCE,09:07:01,0.0,L14_T047,
synthetic_all_stop_counts,boarding,GENEVE_COUTANCE,08:21:01,0.0,L14_T048,
synthetic_all_stop_counts,boarding,GENEVE_COUTANCE,08:40:01,0.0,L14_T049,
synthetic_all_stop_counts,boarding,GENEVE_COUTANCE,08:01:01,0.0,L14_T050,
synthetic_all_stop_counts,boarding,GENEVE_COUTANCE,07:51:01,0.0,L14_T051,
synthetic_all_stop_counts,boarding,GENEVE_COUTANCE,08:11:01,0.0,L14_T052,
synthetic_all_stop_counts,boarding,GENEVE_COUTANCE,08:58:01,0.0,L14_T053,
synthetic_all_stop_counts,boarding,GENEVE_COUTANCE,07:12:01,0.0,L14_T054,
synthetic_all_stop_counts,boarding,GENEVE_COUTANCE,06:58:01,0.0,L14_T055,
synthetic_all_stop_counts,boarding,GENEVE_COUTANCE,07:28:01,0.0,L14_T056,
synthetic_all_stop_counts,boarding,GENEVE_COUTANCE,09:12:01,0.0,L14_T058,
synthetic_all_stop_counts,boarding,GENEVE_COUTANCE,09:03:01,0.0,L14_T059,
synthetic_all_stop_counts,boarding,GENEVE_COUTANCE,07:57:01,0.0,L14_T060,
synthetic_all_stop_counts,boarding,GENEVE_COUTANCE,08:07:01,0.0,L14_T061,
synthetic_all_stop_counts,boarding,GENEVE_COUTANCE,07:17:01,0.0,L14_T063,
synthetic_all_stop_counts,boarding,GENEVE_COUTANCE,07:37:01,0.0,L14_T064,
synthetic_all_stop_counts,boarding,GENEVE_COUTANCE,08:44:01,0.0,L14_T065,
synthetic_all_stop_counts,boarding,GENEVE_COUTANCE,07:47:01,0.0,L14_T066,
synthetic_all_stop_counts,boarding,GENEVE_COUTANCE,08:16:01,0.0,L14_T067,
synthetic_all_stop_counts,boarding,GENEVE_COUTANCE,08:26:01,0.0,L14_T068,
synthetic_all_stop_counts,boarding,GENEVE_COUTANCE,08:35:01,0.0,L14_T069,
synthetic_all_stop_counts,boarding,GENEVE_COUTANCE,06:48:01,0.0,L14_T070,
synthetic_all_stop_counts,boarding,GENEVE_COUTANCE,07:06:01,0.0,L14_T071,
synthetic_all_stop_counts,boarding,GENEVE_COUTANCE,08:53:01,0.0,L14_T072,
synthetic_all_stop_counts,boarding,GENEVE_COUTANCE,07:12:01,0.0,L18_T001,
synthetic_all_stop_counts,boarding,GENEVE_COUTANCE,06:52:01,0.0,L18_T002,
synthetic_all_stop_counts,boarding,GENEVE_COUTANCE,08:28:01,0.0,L18_T003,
synthetic_all_stop_counts,boarding,GENEVE_COUTANCE,07:32:01,0.0,L18_T004,
synthetic_all_stop_counts,boarding,GENEVE_COUTANCE,09:06:01,0.0,L18_T005,
synthetic_all_stop_counts,boarding,GENEVE_COUTANCE,08:10:01,0.0,L18_T007,
synthetic_all_stop_counts,boarding,GENEVE_COUTANCE,08:47:01,0.0,L18_T008,
synthetic_all_stop_counts,boarding,GENEVE_COUTANCE,07:51:01,0.0,L18_T009,
synthetic_all_stop_counts,boarding,GENEVE_COUTANCE,07:02:01,0.0,L18_T010,
synthetic_all_stop_counts,boarding,GENEVE_COUTANCE,07:22:01,0.0,L18_T011,
synthetic_all_stop_counts,boarding,GENEVE_COUTANCE,08:37:01,0.0,L18_T012,
synthetic_all_stop_counts,boarding,GENEVE_COUTANCE,08:56:01,0.0,L18_T013,
synthetic_all_stop_counts,boarding,GENEVE_COUTANCE,08:00:01,0.0,L18_T015,
synthetic_all_stop_counts,boarding,GENEVE_COUTANCE,07:41:01,0.0,L18_T016,
synthetic_all_stop_counts,boarding,GENEVE_COUTANCE,08:19:01,0.0,L18_T017,
synthetic_all_stop_counts,boarding,GENEVE_COUTANCE,06:54:01,0.0,L18_T019,
synthetic_all_stop_counts,boarding,GENEVE_COUTANCE,07:25:01,0.0,L18_T020,
synthetic_all_stop_counts,boarding,GENEVE_COUTANCE,08:42:01,0.0,L18_T021,
synthetic_all_stop_counts,boarding,GENEVE_COUTANCE,07:44:01,0.0,L18_T022,
synthetic_all_stop_counts,boarding,GENEVE_COUTANCE,08:04:01,0.0,L18_T023,
synthetic_all_stop_counts,boarding,GENEVE_COUTANCE,09:00:01,0.0,L18_T024,
synthetic_all_stop_counts,boarding,GENEVE_COUTANCE,08:23:01,0.0,L18_T026,
synthetic_all_stop_counts,boarding,GENEVE_COUTANCE,08:14:01,0.0,L18_T028,
synthetic_all_stop_counts,boarding,GENEVE_COUTANCE,07:04:01,0.0,L18_T029,
synthetic_all_stop_counts,boarding,GENEVE_COUTANCE,07:15:01,0.0,L18_T030,
synthetic_all_stop_counts,boarding,GENEVE_COUTANCE,08:51:01,0.0,L18_T031,
synthetic_all_stop_counts,boarding,GENEVE_COUTANCE,08:33:01,0.0,L18_T032,
synthetic_all_stop_counts,boarding,GENEVE_COUTANCE,07:54:01,0.0,L18_T033,
synthetic_all_stop_counts,boarding,GENEVE_COUTANCE,07:35:01,0.0,L18_T034,
synthetic_all_stop_counts,boarding,GENEVE_COUTANCE,09:09:01,0.0,L18_T035,
synthetic_all_stop_counts,boarding,GENEVE_EAUX_VIVES_GARE,06:55:01,0.0,L12_T001,
synthetic_all_stop_counts,boarding,GENEVE_EAUX_VIVES_GARE,07:35:01,0.0,L12_T002,
synthetic_all_stop_counts,boarding,GENEVE_EAUX_VIVES_GARE,09:00:01,0.0,L12_T003,
synthetic_all_stop_counts,boarding,GENEVE_EAUX_VIVES_GARE,07:45:01,0.0,L12_T004,
synthetic_all_stop_counts,boarding,GENEVE_EAUX_VIVES_GARE,08:13:01,0.0,L12_T005,
synthetic_all_stop_counts,boarding,GENEVE_EAUX_VIVES_GARE,08:41:01,0.0,L12_T006,
synthetic_all_stop_counts,boarding,GENEVE_EAUX_VIVES_GARE,07:15:01,0.0,L12_T007,
synthetic_all_stop_counts,boarding,GENEVE_EAUX_VIVES_GARE,07:05:01,0.0,L12_T008,
synthetic_all_stop_counts,boarding,GENEVE_EAUX_VIVES_GARE,07:25:01,0.0,L12_T009,
synthetic_all_stop_counts,boarding,GENEVE_EAUX_VIVES_GARE,08:22:01,0.0,L12_T010,
synthetic_all_stop_counts,boarding,GENEVE_EAUX_VIVES_GARE,08:50:01,0.0,L12_T011,
synthetic_all_stop_counts,boarding,GENEVE_EAUX_VIVES_GARE,07:54:01,0.0,L12_T012,
synthetic_all_stop_counts,boarding,GENEVE_EAUX_VIVES_GARE,09:09:01,0.0,L12_T013,
synthetic_all_stop_counts,boarding,GENEVE_EAUX_VIVES_GARE,08:04:01,0.0,L12_T014,
synthetic_all_stop_counts,boarding,GENEVE_EAUX_VIVES_GARE,08:32:01,0.0,L12_T015,
synthetic_all_stop_counts,boarding,GENEVE_EAUX_VIVES_GARE,09:14:01,0.0,L12_T017,
synthetic_all_stop_counts,boarding,GENEVE_EAUX_VIVES_GARE,08:27:01,0.0,L12_T018,
synthetic_all_stop_counts,boarding,GENEVE_EAUX_VIVES_GARE,07:00:01,0.0,L12_T019,
synthetic_all_stop_counts,boarding,GENEVE_EAUX_VIVES_GARE,07:10:01,0.0,L12_T020,
synthetic_all_stop_counts,boarding,GENEVE_EAUX_VIVES_GARE,07:20:01,0.0,L12_T021,
synthetic_all_stop_counts,boarding,GENEVE_EAUX_VIVES_GARE,06:53:01,0.0,L12_T022,
synthetic_all_stop_counts,boarding,GENEVE_EAUX_VIVES_GARE,07:31:01,0.0,L12_T023,
synthetic_all_stop_counts,boarding,GENEVE_EAUX_VIVES_GARE,07:40:01,0.0,L12_T024,
synthetic_all_stop_counts,boarding,GENEVE_EAUX_VIVES_GARE,07:58:01,0.0,L12_T025,
synthetic_all_stop_counts,boarding,GENEVE_EAUX_VIVES_GARE,08:45:01,0.0,L12_T027,
synthetic_all_stop_counts,boarding,GENEVE_EAUX_VIVES_GARE,08:55:01,0.0,L12_T028,
synthetic_all_stop_counts,boarding,GENEVE_EAUX_VIVES_GARE,08:08:01,0.0,L12_T029,
synthetic_all_stop_counts,boarding,GENEVE_EAUX_VIVES_GARE,08:36:01,0.0,L12_T030,
synthetic_all_stop_counts,boarding,GENEVE_EAUX_VIVES_GARE,09:05:01,0.0,L12_T031,
synthetic_all_stop_counts,boarding,GENEVE_EAUX_VIVES_GARE,08:18:01,0.0,L12_T032,
synthetic_all_stop_counts,boarding,GENEVE_EAUX_VIVES_GARE,07:50:01,0.0,L12_T033,
synthetic_all_stop_counts,boarding,GENEVE_EAUX_VIVES_GARE,07:17:01,1.0,L12_T034,
synthetic_all_stop_counts,boarding,GENEVE_EAUX_VIVES_GARE,09:10:01,0.0,L12_T035,
synthetic_all_stop_counts,boarding,GENEVE_EAUX_VIVES_GARE,06:56:01,2.0,L12_T036,
synthetic_all_stop_counts,boarding,GENEVE_EAUX_VIVES_GARE,06:45:01,0.0,L12_T037,
synthetic_all_stop_counts,boarding,GENEVE_EAUX_VIVES_GARE,07:26:01,5.0,L12_T038,
synthetic_all_stop_counts,boarding,GENEVE_EAUX_VIVES_GARE,07:45:01,3.0,L12_T039,
synthetic_all_stop_counts,boarding,GENEVE_EAUX_VIVES_GARE,08:52:01,1.0,L12_T040,
synthetic_all_stop_counts,boarding,GENEVE_EAUX_VIVES_GARE,08:05:01,7.0,L12_T041,
synthetic_all_stop_counts,boarding,GENEVE_EAUX_VIVES_GARE,08:24:01,2.0,L12_T042,
synthetic_all_stop_counts,boarding,GENEVE_EAUX_VIVES_GARE,07:05:01,3.0,L12_T043,
synthetic_all_stop_counts,boarding,GENEVE_EAUX_VIVES_GARE,08:33:01,5.0,L12_T044,
synthetic_all_stop_counts,boarding,GENEVE_EAUX_VIVES_GARE,07:36:01,9.0,L12_T045,
synthetic_all_stop_counts,boarding,GENEVE_EAUX_VIVES_GARE,08:14:01,2.0,L12_T046,
synthetic_all_stop_counts,boarding,GENEVE_EAUX_VIVES_GARE,07:55:01,3.0,L12_T047,
synthetic_all_stop_counts,boarding,GENEVE_EAUX_VIVES_GARE,08:42:01,2.0,L12_T048,
synthetic_all_stop_counts,boarding,GENEVE_EAUX_VIVES_GARE,09:01:01,0.0,L12_T049,
synthetic_all_stop_counts,boarding,GENEVE_EAUX_VIVES_GARE,09:05:01,0.0,L12_T050,
synthetic_all_stop_counts,boarding,GENEVE_EAUX_VIVES_GARE,06:51:01,0.0,L12_T052,
synthetic_all_stop_counts,boarding,GENEVE_EAUX_VIVES_GARE,07:00:01,3.0,L12_T053,
synthetic_all_stop_counts,boarding,GENEVE_EAUX_VIVES_GARE,07:11:01,1.0,L12_T054,
synthetic_all_stop_counts,boarding,GENEVE_EAUX_VIVES_GARE,07:31:01,10.0,L12_T055,
synthetic_all_stop_counts,boarding,GENEVE_EAUX_VIVES_GARE,08:56:01,0.0,L12_T056,
synthetic_all_stop_counts,boarding,GENEVE_EAUX_VIVES_GARE,08:28:01,3.0,L12_T057,
synthetic_all_stop_counts,boarding,GENEVE_EAUX_VIVES_GARE,08:38:01,2.0,L12_T058,
synthetic_all_stop_counts,boarding,GENEVE_EAUX_VIVES_GARE,07:21:01,1.0,L12_T059,
synthetic_all_stop_counts,boarding,GENEVE_EAUX_VIVES_GARE,07:41:01,4.0,L12_T060,
synthetic_all_stop_counts,boarding,GENEVE_EAUX_VIVES_GARE,08:10:01,2.0,L12_T061,
synthetic_all_stop_counts,boarding,GENEVE_EAUX_VIVES_GARE,08:00:01,8.0,L12_T062,
synthetic_all_stop_counts,boarding,GENEVE_EAUX_VIVES_GARE,08:47:01,1.0,L12_T063,
synthetic_all_stop_counts,boarding,GENEVE_EAUX_VIVES_GARE,08:19:01,1.0,L12_T064,
synthetic_all_stop_counts,boarding,GENEVE_EAUX_VIVES_GARE,07:50:01,2.0,L12_T065,
synthetic_all_stop_counts,boarding,GENEVE_GARE_CORNAVIN,06:50:01,0.0,L14_T002,
synthetic_all_stop_counts,boarding,GENEVE_GARE_CORNAVIN,08:33:01,0.0,L14_T003,
synthetic_all_stop_counts,boarding,GENEVE_GARE_CORNAVIN,08:06:01,0.0,L14_T004,
synthetic_all_stop_counts,boarding,GENEVE_GARE_CORNAVIN,07:07:01,0.0,L14_T005,
synthetic_all_stop_counts,boarding,GENEVE_GARE_CORNAVIN,07:17:01,0.0,L14_T006,
synthetic_all_stop_counts,boarding,GENEVE_GARE_CORNAVIN,07:27:01,0.0,L14_T007,
synthetic_all_stop_counts,boarding,GENEVE_GARE_CORNAVIN,07:37:01,0.0,L14_T008,
synthetic_all_stop_counts,boarding,GENEVE_GARE_CORNAVIN,07:47:01,0.0,L14_T009,
synthetic_all_stop_counts,boarding,GENEVE_GARE_CORNAVIN,08:52:01,0.0,L14_T010,
synthetic_all_stop_counts,boarding,GENEVE_GARE_CORNAVIN,08:42:01,0.0,L14_T011,
synthetic_all_stop_counts,boarding,GENEVE_GARE_CORNAVIN,07:57:01,0.0,L14_T012,
synthetic_all_stop_counts,boarding,GENEVE_GARE_CORNAVIN,08:24:01,0.0,L14_T013,
synthetic_all_stop_counts,boarding,GENEVE_GARE_CORNAVIN,08:15:01,0.0,L14_T014,
synthetic_all_stop_counts,boarding,GENEVE_GARE_CORNAVIN,09:01:01,0.0,L14_T017,
synthetic_all_stop_counts,boarding,GENEVE_GARE_CORNAVIN,09:11:01,0.0,L14_T018,
synthetic_all_stop_counts,boarding,GENEVE_GARE_CORNAVIN,07:33:01,0.0,L14_T021,
synthetic_all_stop_counts,boarding,GENEVE_GARE_CORNAVIN,08:57:01,0.0,L14_T022,
synthetic_all_stop_counts,boarding,GENEVE_GARE_CORNAVIN,07:42:01,0.0,L14_T024,
synthetic_all_stop_counts,boarding,GENEVE_GARE_CORNAVIN,07:52:01,0.0,L14_T025,
synthetic_all_stop_counts,boarding,GENEVE_GARE_CORNAVIN,08:47:01,0.0,L14_T026,
synthetic_all_stop_counts,boarding,GENEVE_GARE_CORNAVIN,08:38:01,0.0,L14_T027,
synthetic_all_stop_counts,boarding,GENEVE_GARE_CORNAVIN,08:28:01,0.0,L14_T028,
synthetic_all_stop_counts,boarding,GENEVE_GARE_CORNAVIN,08:19:01,0.0,L14_T029,
synthetic_all_stop_counts,boarding,GENEVE_GARE_CORNAVIN,08:01:01,0.0,L14_T030,
synthetic_all_stop_counts,boarding,GENEVE_GARE_CORNAVIN,08:11:01,0.0,L14_T031,
synthetic_all_stop_counts,boarding,GENEVE_GARE_CORNAVIN,07:12:01,0.0,L14_T032,
synthetic_all_stop_counts,boarding,GENEVE_GARE_CORNAVIN,07:22:01,0.0,L14_T033,
synthetic_all_stop_counts,boarding,GENEVE_GARE_CORNAVIN,07:02:01,0.0,L14_T034,
synthetic_all_stop_counts,boarding,GENEVE_GARE_CORNAVIN,09:06:01,0.0,L14_T035,
synthetic_all_stop_counts,boarding,GENEVE_GARE_CORNAVIN,06:48:01,0.0,L14_T037,
synthetic_all_stop_counts,boarding,GENEVE_GARE_CORNAVIN,07:06:01,0.0,L14_T038,
synthetic_all_stop_counts,boarding,GENEVE_GARE_CORNAVIN,06:53:01,0.0,L14_T039,
synthetic_all_stop_counts,boarding,GENEVE_GARE_CORNAVIN,07:30:01,0.0,L14_T040,
synthetic_all_stop_counts,boarding,GENEVE_GARE_CORNAVIN,08:46:01,0.0,L14_T041,
synthetic_all_stop_counts,boarding,GENEVE_GARE_CORNAVIN,08:28:01,0.0,L14_T042,
synthetic_all_stop_counts,boarding,GENEVE_GARE_CORNAVIN,07:20:01,0.0,L14_T044,
synthetic_all_stop_counts,boarding,GENEVE_GARE_CORNAVIN,07:39:01,0.0,L14_T045,
synthetic_all_stop_counts,boarding,GENEVE_GARE_CORNAVIN,09:14:01,0.0,L14_T046,
synthetic_all_stop_counts,boarding,GENEVE_GARE_CORNAVIN,09:05:01,0.0,L14_T047,
synthetic_all_stop_counts,boarding,GENEVE_GARE_CORNAVIN,08:18:01,0.0,L14_T048,
synthetic_all_stop_counts,boarding,GENEVE_GARE_CORNAVIN,08:37:01,0.0,L14_T049,
synthetic_all_stop_counts,boarding,GENEVE_GARE_CORNAVIN,07:59:01,0.0,L14_T050,
synthetic_all_stop_counts,boarding,GENEVE_GARE_CORNAVIN,07:49:01,0.0,L14_T051,
synthetic_all_stop_counts,boarding,GENEVE_GARE_CORNAVIN,08:09:01,0.0,L14_T052,
synthetic_all_stop_counts,boarding,GENEVE_GARE_CORNAVIN,08:55:01,0.0,L14_T053,
synthetic_all_stop_counts,boarding,GENEVE_GARE_CORNAVIN,07:09:01,0.0,L14_T054,
synthetic_all_stop_counts,boarding,GENEVE_GARE_CORNAVIN,06:56:01,0.0,L14_T055,
synthetic_all_stop_counts,boarding,GENEVE_GARE_CORNAVIN,07:25:01,0.0,L14_T056,
synthetic_all_stop_counts,boarding,GENEVE_GARE_CORNAVIN,09:09:01,0.0,L14_T058,
synthetic_all_stop_counts,boarding,GENEVE_GARE_CORNAVIN,09:00:01,0.0,L14_T059,
synthetic_all_stop_counts,boarding,GENEVE_GARE_CORNAVIN,07:54:01,0.0,L14_T060,
synthetic_all_stop_counts,boarding,GENEVE_GARE_CORNAVIN,08:04:01,0.0,L14_T061,
synthetic_all_stop_counts,boarding,GENEVE_GARE_CORNAVIN,07:14:01,0.0,L14_T063,
synthetic_all_stop_counts,boarding,GENEVE_GARE_CORNAVIN,07:34:01,0.0,L14_T064,
synthetic_all_stop_counts,boarding,GENEVE_GARE_CORNAVIN,08:42:01,0.0,L14_T065,
synthetic_all_stop_counts,boarding,GENEVE_GARE_CORNAVIN,07:44:01,0.0,L14_T066,
synthetic_all_stop_counts,boarding,GENEVE_GARE_CORNAVIN,08:13:01,0.0,L14_T067,
synthetic_all_stop_counts,boarding,GENEVE_GARE_CORNAVIN,08:23:01,0.0,L14_T068,
synthetic_all_stop_counts,boarding,GENEVE_GARE_CORNAVIN,08:33:01,0.0,L14_T069,
synthetic_all_stop_counts,boarding,GENEVE_GARE_CORNAVIN,06:45:01,0.0,L14_T070,
synthetic_all_stop_counts,boarding,GENEVE_GARE_CORNAVIN,07:04:01,0.0,L14_T071,
synthetic_all_stop_counts,boarding,GENEVE_GARE_CORNAVIN,08:51:01,0.0,L14_T072,
synthetic_all_stop_counts,boarding,GENEVE_GARE_CORNAVIN,07:14:01,0.0,L18_T001,
synthetic_all_stop_counts,boarding,GENEVE_GARE_CORNAVIN,06:54:01,0.0,L18_T002,
synthetic_all_stop_counts,boarding,GENEVE_GARE_CORNAVIN,08:31:01,0.0,L18_T003,
synthetic_all_stop_counts,boarding,GENEVE_GARE_CORNAVIN,07:35:01,0.0,L18_T004,
synthetic_all_stop_counts,boarding,GENEVE_GARE_CORNAVIN,09:08:01,0.0,L18_T005,
synthetic_all_stop_counts,boarding,GENEVE_GARE_CORNAVIN,08:13:01,0.0,L18_T007,
synthetic_all_stop_counts,boarding,GENEVE_GARE_CORNAVIN,08:50:01,0.0,L18_T008,
synthetic_all_stop_counts,boarding,GENEVE_GARE_CORNAVIN,07:54:01,0.0,L18_T009,
synthetic_all_stop_counts,boarding,GENEVE_GARE_CORNAVIN,07:04:01,0.0,L18_T010,
synthetic_all_stop_counts,boarding,GENEVE_GARE_CORNAVIN,07:24:01,0.0,L18_T011,
synthetic_all_stop_counts,boarding,GENEVE_GARE_CORNAVIN,08:40:01,0.0,L18_T012,
synthetic_all_stop_counts,boarding,GENEVE_GARE_CORNAVIN,08:59:01,0.0,L18_T013,
synthetic_all_stop_counts,boarding,GENEVE_GARE_CORNAVIN,08:03:01,0.0,L18_T015,
synthetic_all_stop_counts,boarding,GENEVE_GARE_CORNAVIN,07:44:01,0.0,L18_T016,
synthetic_all_stop_counts,boarding,GENEVE_GARE_CORNAVIN,08:22:01,0.0,L18_T017,
synthetic_all_stop_counts,boarding,GENEVE_GARE_CORNAVIN,06:51:01,0.0,L18_T019,
synthetic_all_stop_counts,boarding,GENEVE_GARE_CORNAVIN,07:23:01,0.0,L18_T020,
synthetic_all_stop_counts,boarding,GENEVE_GARE_CORNAVIN,08:40:01,0.0,L18_T021,
synthetic_all_stop_counts,boarding,GENEVE_GARE_CORNAVIN,07:41:01,0.0,L18_T022,
synthetic_all_stop_counts,boarding,GENEVE_GARE_CORNAVIN,08:01:01,0.0,L18_T023,
synthetic_all_stop_counts,boarding,GENEVE_GARE_CORNAVIN,08:58:01,0.0,L18_T024,
synthetic_all_stop_counts,boarding,GENEVE_GARE_CORNAVIN,08:21:01,0.0,L18_T026,
synthetic_all_stop_counts,boarding,GENEVE_GARE_CORNAVIN,08:11:01,0.0,L18_T028,
synthetic_all_stop_counts,boarding,GENEVE_GARE_CORNAVIN,07:01:01,0.0,L18_T029,
synthetic_all_stop_counts,boarding,GENEVE_GARE_CORNAVIN,07:12:01,0.0,L18_T030,
synthetic_all_stop_counts,boarding,GENEVE_GARE_CORNAVIN,08:49:01,0.0,L18_T031,
synthetic_all_stop_counts,boarding,GENEVE_GARE_CORNAVIN,08:30:01,0.0,L18_T032,
synthetic_all_stop_counts,boarding,GENEVE_GARE_CORNAVIN,07:51:01,0.0,L18_T033,
synthetic_all_stop_counts,boarding,GENEVE_GARE_CORNAVIN,07:32:01,0.0,L18_T034,
synthetic_all_stop_counts,boarding,GENEVE_GARE_CORNAVIN,09:07:01,0.0,L18_T035,
synthetic_all_stop_counts,boarding,GENEVE_JONCTION,09:10:01,0.0,L14_T001,
synthetic_all_stop_counts,boarding,GENEVE_JONCTION,08:22:01,0.0,L14_T003,
synthetic_all_stop_counts,boarding,GENEVE_JONCTION,07:54:01,0.0,L14_T004,
synthetic_all_stop_counts,boarding,GENEVE_JONCTION,06:57:01,0.0,L14_T005,
synthetic_all_stop_counts,boarding,GENEVE_JONCTION,07:07:01,0.0,L14_T006,
synthetic_all_stop_counts,boarding,GENEVE_JONCTION,07:17:01,0.0,L14_T007,
synthetic_all_stop_counts,boarding,GENEVE_JONCTION,07:27:01,0.0,L14_T008,
synthetic_all_stop_counts,boarding,GENEVE_JONCTION,07:36:01,0.0,L14_T009,
synthetic_all_stop_counts,boarding,GENEVE_JONCTION,08:41:01,0.0,L14_T010,
synthetic_all_stop_counts,boarding,GENEVE_JONCTION,08:32:01,0.0,L14_T011,
synthetic_all_stop_counts,boarding,GENEVE_JONCTION,07:46:01,0.0,L14_T012,
synthetic_all_stop_counts,boarding,GENEVE_JONCTION,08:13:01,0.0,L14_T013,
synthetic_all_stop_counts,boarding,GENEVE_JONCTION,08:04:01,0.0,L14_T014,
synthetic_all_stop_counts,boarding,GENEVE_JONCTION,08:50:01,0.0,L14_T017,
synthetic_all_stop_counts,boarding,GENEVE_JONCTION,09:00:01,0.0,L14_T018,
synthetic_all_stop_counts,boarding,GENEVE_JONCTION,09:05:01,0.0,L14_T020,
synthetic_all_stop_counts,boarding,GENEVE_JONCTION,07:22:01,0.0,L14_T021,
synthetic_all_stop_counts,boarding,GENEVE_JONCTION,08:46:01,0.0,L14_T022,
synthetic_all_stop_counts,boarding,GENEVE_JONCTION,09:14:01,0.0,L14_T023,
synthetic_all_stop_counts,boarding,GENEVE_JONCTION,07:31:01,0.0,L14_T024,
synthetic_all_stop_counts,boarding,GENEVE_JONCTION,07:41:01,0.0,L14_T025,
synthetic_all_stop_counts,boarding,GENEVE_JONCTION,08:37:01,0.0,L14_T026,
synthetic_all_stop_counts,boarding,GENEVE_JONCTION,08:27:01,0.0,L14_T027,
synthetic_all_stop_counts,boarding,GENEVE_JONCTION,08:17:01,0.0,L14_T028,
synthetic_all_stop_counts,boarding,GENEVE_JONCTION,08:08:01,0.0,L14_T029,
synthetic_all_stop_counts,boarding,GENEVE_JONCTION,07:50:01,0.0,L14_T030,
synthetic_all_stop_counts,boarding,GENEVE_JONCTION,07:59:01,0.0,L14_T031,
synthetic_all_stop_counts,boarding,GENEVE_JONCTION,07:02:01,0.0,L14_T032,
synthetic_all_stop_counts,boarding,GENEVE_JONCTION,07:12:01,0.0,L14_T033,
synthetic_all_stop_counts,boarding,GENEVE_JONCTION,06:52:01,0.0,L14_T034,
synthetic_all_stop_counts,boarding,GENEVE_JONCTION,08:55:01,0.0,L14_T035,
synthetic_all_stop_counts,boarding,GENEVE_JONCTION,06:51:01,0.0,L14_T036,
synthetic_all_stop_counts,boarding,GENEVE_JONCTION,06:59:01,0.0,L14_T037,
synthetic_all_stop_counts,boarding,GENEVE_JONCTION,07:17:01,0.0,L14_T038,
synthetic_all_stop_counts,boarding,GENEVE_JONCTION,07:04:01,0.0,L14_T039,
synthetic_all_stop_counts,boarding,GENEVE_JONCTION,07:41:01,0.0,L14_T040,
synthetic_all_stop_counts,boarding,GENEVE_JONCTION,08:57:01,0.0,L14_T041,
synthetic_all_stop_counts,boarding,GENEVE_JONCTION,08:39:01,0.0,L14_T042,
synthetic_all_stop_counts,boarding,GENEVE_JONCTION,06:45:01,0.0,L14_T043,
synthetic_all_stop_counts,boarding,GENEVE_JONCTION,07:31:01,0.0,L14_T044,
synthetic_all_stop_counts,boarding,GENEVE_JONCTION,07:50:01,0.0,L14_T045,
synthetic_all_stop_counts,boarding,GENEVE_JONCTION,08:30:01,0.0,L14_T048,
synthetic_all_stop_counts,boarding,GENEVE_JONCTION,08:48:01,0.0,L14_T049,
synthetic_all_stop_counts,boarding,GENEVE_JONCTION,08:10:01,0.0,L14_T050,
synthetic_all_stop_counts,boarding,GENEVE_JONCTION,08:00:01,0.0,L14_T051,
synthetic_all_stop_counts,boarding,GENEVE_JONCTION,08:20:01,0.0,L14_T052,
synthetic_all_stop_counts,boarding,GENEVE_JONCTION,09:06:01,0.0,L14_T053,
synthetic_all_stop_counts,boarding,GENEVE_JONCTION,07:20:01,0.0,L14_T054,
synthetic_all_stop_counts,boarding,GENEVE_JONCTION,07:06:01,0.0,L14_T055,
synthetic_all_stop_counts,boarding,GENEVE_JONCTION,07:36:01,0.0,L14_T056,
synthetic_all_stop_counts,boarding,GENEVE_JONCTION,09:11:01,0.0,L14_T059,
synthetic_all_stop_counts,boarding,GENEVE_JONCTION,08:05:01,0.0,L14_T060,
synthetic_all_stop_counts,boarding,GENEVE_JONCTION,08:15:01,0.0,L14_T061,
synthetic_all_stop_counts,boarding,GENEVE_JONCTION,07:25:01,0.0,L14_T063,
synthetic_all_stop_counts,boarding,GENEVE_JONCTION,07:46:01,0.0,L14_T064,
synthetic_all_stop_counts,boarding,GENEVE_JONCTION,08:53:01,0.0,L14_T065,
synthetic_all_stop_counts,boarding,GENEVE_JONCTION,07:56:01,0.0,L14_T066,
synthetic_all_stop_counts,boarding,GENEVE_JONCTION,08:25:01,0.0,L14_T067,
synthetic_all_stop_counts,boarding,GENEVE_JONCTION,08:35:01,0.0,L14_T068,
synthetic_all_stop_counts,boarding,GENEVE_JONCTION,08:44:01,0.0,L14_T069,
synthetic_all_stop_counts,boarding,GENEVE_JONCTION,06:56:01,0.0,L14_T070,
synthetic_all_stop_counts,boarding,GENEVE_JONCTION,07:14:01,0.0,L14_T071,
synthetic_all_stop_counts,boarding,GENEVE_JONCTION,09:02:01,0.0,L14_T072,
synthetic_all_stop_counts,boarding,GENEVE_LYON,06:51:01,0.0,L14_T002,
synthetic_all_stop_counts,boarding,GENEVE_LYON,08:35:01,0.0,L14_T003,
synthetic_all_stop_counts,boarding,GENEVE_LYON,08:07:01,0.0,L14_T004,
synthetic_all_stop_counts,boarding,GENEVE_LYON,07:08:01,0.0,L14_T005,
synthetic_all_stop_counts,boarding,GENEVE_LYON,07:18:01,0.0,L14_T006,
synthetic_all_stop_counts,boarding,GENEVE_LYON,07:28:01,0.0,L14_T007,
synthetic_all_stop_counts,boarding,GENEVE_LYON,07:39:01,0.0,L14_T008,
synthetic_all_stop_counts,boarding,GENEVE_LYON,07:48:01,0.0,L14_T009,
synthetic_all_stop_counts,boarding,GENEVE_LYON,08:53:01,0.0,L14_T010,
synthetic_all_stop_counts,boarding,GENEVE_LYON,08:44:01,0.0,L14_T011,
synthetic_all_stop_counts,boarding,GENEVE_LYON,07:58:01,0.0,L14_T012,
synthetic_all_stop_counts,boarding,GENEVE_LYON,08:25:01,0.0,L14_T013,
synthetic_all_stop_counts,boarding,GENEVE_LYON,08:16:01,0.0,L14_T014,
synthetic_all_stop_counts,boarding,GENEVE_LYON,09:02:01,0.0,L14_T017,
synthetic_all_stop_counts,boarding,GENEVE_LYON,09:12:01,0.0,L14_T018,
synthetic_all_stop_counts,boarding,GENEVE_LYON,07:34:01,0.0,L14_T021,
synthetic_all_stop_counts,boarding,GENEVE_LYON,08:58:01,0.0,L14_T022,
synthetic_all_stop_counts,boarding,GENEVE_LYON,07:44:01,0.0,L14_T024,
synthetic_all_stop_counts,boarding,GENEVE_LYON,07:53:01,0.0,L14_T025,
synthetic_all_stop_counts,boarding,GENEVE_LYON,08:49:01,0.0,L14_T026,
synthetic_all_stop_counts,boarding,GENEVE_LYON,08:39:01,0.0,L14_T027,
synthetic_all_stop_counts,boarding,GENEVE_LYON,08:30:01,0.0,L14_T028,
synthetic_all_stop_counts,boarding,GENEVE_LYON,08:21:01,0.0,L14_T029,
synthetic_all_stop_counts,boarding,GENEVE_LYON,08:03:01,0.0,L14_T030,
synthetic_all_stop_counts,boarding,GENEVE_LYON,08:12:01,0.0,L14_T031,
synthetic_all_stop_counts,boarding,GENEVE_LYON,07:13:01,0.0,L14_T032,
synthetic_all_stop_counts,boarding,GENEVE_LYON,07:23:01,0.0,L14_T033,
synthetic_all_stop_counts,boarding,GENEVE_LYON,07:03:01,0.0,L14_T034,
synthetic_all_stop_counts,boarding,GENEVE_LYON,09:07:01,0.0,L14_T035,
synthetic_all_stop_counts,boarding,GENEVE_LYON,06:46:01,0.0,L14_T037,
synthetic_all_stop_counts,boarding,GENEVE_LYON,07:04:01,0.0,L14_T038,
synthetic_all_stop_counts,boarding,GENEVE_LYON,06:51:01,0.0,L14_T039,
synthetic_all_stop_counts,boarding,GENEVE_LYON,07:28:01,0.0,L14_T040,
synthetic_all_stop_counts,boarding,GENEVE_LYON,08:45:01,0.0,L14_T041,
synthetic_all_stop_counts,boarding,GENEVE_LYON,08:26:01,0.0,L14_T042,
synthetic_all_stop_counts,boarding,GENEVE_LYON,07:19:01,0.0,L14_T044,
synthetic_all_stop_counts,boarding,GENEVE_LYON,07:37:01,0.0,L14_T045,
synthetic_all_stop_counts,boarding,GENEVE_LYON,09:12:01,0.0,L14_T046,
synthetic_all_stop_counts,boarding,GENEVE_LYON,09:03:01,0.0,L14_T047,
synthetic_all_stop_counts,boarding,GENEVE_LYON,08:17:01,0.0,L14_T048,
synthetic_all_stop_counts,boarding,GENEVE_LYON,08:36:01,0.0,L14_T049,
synthetic_all_stop_counts,boarding,GENEVE_LYON,07:57:01,0.0,L14_T050,
synthetic_all_stop_counts,boarding,GENEVE_LYON,07:47:01,0.0,L14_T051,
synthetic_all_stop_counts,boarding,GENEVE_LYON,08:07:01,0.0,L14_T052,
synthetic_all_stop_counts,boarding,GENEVE_LYON,08:54:01,0.0,L14_T053,
synthetic_all_stop_counts,boarding,GENEVE_LYON,07:08:01,0.0,L14_T054,
synthetic_all_stop_counts,boarding,GENEVE_LYON,06:54:01,0.0,L14_T055,
synthetic_all_stop_counts,boarding,GENEVE_LYON,07:23:01,0.0,L14_T056,
synthetic_all_stop_counts,boarding,GENEVE_LYON,09:08:01,0.0,L14_T058,
synthetic_all_stop_counts,boarding,GENEVE_LYON,08:59:01,0.0,L14_T059,
synthetic_all_stop_counts,boarding,GENEVE_LYON,07:52:01,0.0,L14_T060,
synthetic_all_stop_counts,boarding,GENEVE_LYON,08:02:01,0.0,L14_T061,
synthetic_all_stop_counts,boarding,GENEVE_LYON,07:13:01,0.0,L14_T063,
synthetic_all_stop_counts,boarding,GENEVE_LYON,07:33:01,0.0,L14_T064,
synthetic_all_stop_counts,boarding,GENEVE_LYON,08:40:01,0.0,L14_T065,
synthetic_all_stop_counts,boarding,GENEVE_LYON,07:43:01,0.0,L14_T066,
synthetic_all_stop_counts,boarding,GENEVE_LYON,08:12:01,0.0,L14_T067,
synthetic_all_stop_counts,boarding,GENEVE_LYON,08:22:01,0.0,L14_T068,
synthetic_all_stop_counts,boarding,GENEVE_LYON,08:31:01,0.0,L14_T069,
synthetic_all_stop_counts,boarding,GENEVE_LYON,07:02:01,0.0,L14_T071,
synthetic_all_stop_counts,boarding,GENEVE_LYON,08:49:01,0.0,L14_T072,
synthetic_all_stop_counts,boarding,GENEVE_LYON,07:16:01,0.0,L18_T001,
synthetic_all_stop_counts,boarding,GENEVE_LYON,06:56:01,0.0,L18_T002,
synthetic_all_stop_counts,boarding,GENEVE_LYON,08:33:01,0.0,L18_T003,
synthetic_all_stop_counts,boarding,GENEVE_LYON,07:36:01,0.0,L18_T004,
synthetic_all_stop_counts,boarding,GENEVE_LYON,09:10:01,0.0,L18_T005,
synthetic_all_stop_counts,boarding,GENEVE_LYON,08:14:01,0.0,L18_T007,
synthetic_all_stop_counts,boarding,GENEVE_LYON,08:51:01,0.0,L18_T008,
synthetic_all_stop_counts,boarding,GENEVE_LYON,07:55:01,0.0,L18_T009,
synthetic_all_stop_counts,boarding,GENEVE_LYON,07:06:01,0.0,L18_T010,
synthetic_all_stop_counts,boarding,GENEVE_LYON,07:26:01,0.0,L18_T011,
synthetic_all_stop_counts,boarding,GENEVE_LYON,08:41:01,0.0,L18_T012,
synthetic_all_stop_counts,boarding,GENEVE_LYON,09:00:01,0.0,L18_T013,
synthetic_all_stop_counts,boarding,GENEVE_LYON,08:05:01,0.0,L18_T015,
synthetic_all_stop_counts,boarding,GENEVE_LYON,07:46:01,0.0,L18_T016,
synthetic_all_stop_counts,boarding,GENEVE_LYON,08:23:01,0.0,L18_T017,
synthetic_all_stop_counts,boarding,GENEVE_LYON,06:50:01,0.0,L18_T019,
synthetic_all_stop_counts,boarding,GENEVE_LYON,07:21:01,0.0,L18_T020,
synthetic_all_stop_counts,boarding,GENEVE_LYON,08:38:01,0.0,L18_T021,
synthetic_all_stop_counts,boarding,GENEVE_LYON,07:40:01,0.0,L18_T022,
synthetic_all_stop_counts,boarding,GENEVE_LYON,08:00:01,0.0,L18_T023,
synthetic_all_stop_counts,boarding,GENEVE_LYON,08:56:01,0.0,L18_T024,
synthetic_all_stop_counts,boarding,GENEVE_LYON,09:14:01,0.0,L18_T025,
synthetic_all_stop_counts,boarding,GENEVE_LYON,08:19:01,0.0,L18_T026,
synthetic_all_stop_counts,boarding,GENEVE_LYON,08:09:01,0.0,L18_T028,
synthetic_all_stop_counts,boarding,GENEVE_LYON,06:59:01,0.0,L18_T029,
synthetic_all_stop_counts,boarding,GENEVE_LYON,07:10:01,0.0,L18_T030,
synthetic_all_stop_counts,boarding,GENEVE_LYON,08:47:01,0.0,L18_T031,
synthetic_all_stop_counts,boarding,GENEVE_LYON,08:29:01,0.0,L18_T032,
synthetic_all_stop_counts,boarding,GENEVE_LYON,07:50:01,0.0,L18_T033,
synthetic_all_stop_counts,boarding,GENEVE_LYON,07:31:01,0.0,L18_T034,
synthetic_all_stop_counts,boarding,GENEVE_LYON,09:05:01,0.0,L18_T035,
synthetic_all_stop_counts,boarding,GENEVE_MOLARD,06:49:01,0.0,L12_T001,
synthetic_all_stop_counts,boarding,GENEVE_MOLARD,07:29:01,0.0,L12_T002,
synthetic_all_stop_counts,boarding,GENEVE_MOLARD,08:54:01,0.0,L12_T003,
synthetic_all_stop_counts,boarding,GENEVE_MOLARD,07:39:01,0.0,L12_T004,
synthetic_all_stop_counts,boarding,GENEVE_MOLARD,08:07:01,0.0,L12_T005,
synthetic_all_stop_counts,boarding,GENEVE_MOLARD,08:35:01,0.0,L12_T006,
synthetic_all_stop_counts,boarding,GENEVE_MOLARD,07:09:01,0.0,L12_T007,
synthetic_all_stop_counts,boarding,GENEVE_MOLARD,06:59:01,0.0,L12_T008,
synthetic_all_stop_counts,boarding,GENEVE_MOLARD,07:19:01,0.0,L12_T009,
synthetic_all_stop_counts,boarding,GENEVE_MOLARD,08:16:01,0.0,L12_T010,
synthetic_all_stop_counts,boarding,GENEVE_MOLARD,08:44:01,0.0,L12_T011,
synthetic_all_stop_counts,boarding,GENEVE_MOLARD,07:48:01,0.0,L12_T012,
synthetic_all_stop_counts,boarding,GENEVE_MOLARD,09:03:01,0.0,L12_T013,
synthetic_all_stop_counts,boarding,GENEVE_MOLARD,07:57:01,0.0,L12_T014,
synthetic_all_stop_counts,boarding,GENEVE_MOLARD,08:25:01,0.0,L12_T015,
synthetic_all_stop_counts,boarding,GENEVE_MOLARD,09:12:01,0.0,L12_T016,
synthetic_all_stop_counts,boarding,GENEVE_MOLARD,09:08:01,0.0,L12_T017,
synthetic_all_stop_counts,boarding,GENEVE_MOLARD,08:21:01,0.0,L12_T018,
synthetic_all_stop_counts,boarding,GENEVE_MOLARD,06:54:01,0.0,L12_T019,
synthetic_all_stop_counts,boarding,GENEVE_MOLARD,07:04:01,0.0,L12_T020,
synthetic_all_stop_counts,boarding,GENEVE_MOLARD,07:14:01,0.0,L12_T021,
synthetic_all_stop_counts,boarding,GENEVE_MOLARD,06:47:01,0.0,L12_T022,
synthetic_all_stop_counts,boarding,GENEVE_MOLARD,07:24:01,0.0,L12_T023,
synthetic_all_stop_counts,boarding,GENEVE_MOLARD,07:34:01,0.0,L12_T024,
synthetic_all_stop_counts,boarding,GENEVE_MOLARD,07:52:01,0.0,L12_T025,
synthetic_all_stop_counts,boarding,GENEVE_MOLARD,08:39:01,0.0,L12_T027,
synthetic_all_stop_counts,boarding,GENEVE_MOLARD,08:49:01,0.0,L12_T028,
synthetic_all_stop_counts,boarding,GENEVE_MOLARD,08:02:01,0.0,L12_T029,
synthetic_all_stop_counts,boarding,GENEVE_MOLARD,08:30:01,0.0,L12_T030,
synthetic_all_stop_counts,boarding,GENEVE_MOLARD,08:58:01,0.0,L12_T031,
synthetic_all_stop_counts,boarding,GENEVE_MOLARD,08:11:01,0.0,L12_T032,
synthetic_all_stop_counts,boarding,GENEVE_MOLARD,07:43:01,0.0,L12_T033,
synthetic_all_stop_counts,boarding,GENEVE_MOLARD,07:23:01,0.0,L12_T034,
synthetic_all_stop_counts,boarding,GENEVE_MOLARD,07:02:01,0.0,L12_T036,
synthetic_all_stop_counts,boarding,GENEVE_MOLARD,06:51:01,0.0,L12_T037,
synthetic_all_stop_counts,boarding,GENEVE_MOLARD,07:33:01,0.0,L12_T038,
synthetic_all_stop_counts,boarding,GENEVE_MOLARD,07:52:01,0.0,L12_T039,
synthetic_all_stop_counts,boarding,GENEVE_MOLARD,08:58:01,0.0,L12_T040,
synthetic_all_stop_counts,boarding,GENEVE_MOLARD,08:11:01,0.0,L12_T041,
synthetic_all_stop_counts,boarding,GENEVE_MOLARD,08:31:01,0.0,L12_T042,
synthetic_all_stop_counts,boarding,GENEVE_MOLARD,07:12:01,0.0,L12_T043,
synthetic_all_stop_counts,boarding,GENEVE_MOLARD,08:40:01,0.0,L12_T044,
synthetic_all_stop_counts,boarding,GENEVE_MOLARD,07:43:01,0.0,L12_T045,
synthetic_all_stop_counts,boarding,GENEVE_MOLARD,08:21:01,0.0,L12_T046,
synthetic_all_stop_counts,boarding,GENEVE_MOLARD,08:02:01,0.0,L12_T047,
synthetic_all_stop_counts,boarding,GENEVE_MOLARD,08:49:01,0.0,L12_T048,
synthetic_all_stop_counts,boarding,GENEVE_MOLARD,09:07:01,0.0,L12_T049,
synthetic_all_stop_counts,boarding,GENEVE_MOLARD,09:12:01,0.0,L12_T050,
synthetic_all_stop_counts,boarding,GENEVE_MOLARD,06:57:01,0.0,L12_T052,
synthetic_all_stop_counts,boarding,GENEVE_MOLARD,07:06:01,0.0,L12_T053,
synthetic_all_stop_counts,boarding,GENEVE_MOLARD,07:17:01,0.0,L12_T054,
synthetic_all_stop_counts,boarding,GENEVE_MOLARD,07:38:01,0.0,L12_T055,
synthetic_all_stop_counts,boarding,GENEVE_MOLARD,09:03:01,0.0,L12_T056,
synthetic_all_stop_counts,boarding,GENEVE_MOLARD,08:35:01,0.0,L12_T057,
synthetic_all_stop_counts,boarding,GENEVE_MOLARD,08:45:01,0.0,L12_T058,
synthetic_all_stop_counts,boarding,GENEVE_MOLARD,07:28:01,0.0,L12_T059,
synthetic_all_stop_counts,boarding,GENEVE_MOLARD,07:47:01,0.0,L12_T060,
synthetic_all_stop_counts,boarding,GENEVE_MOLARD,08:17:01,0.0,L12_T061,
synthetic_all_stop_counts,boarding,GENEVE_MOLARD,08:07:01,0.0,L12_T062,
synthetic_all_stop_counts,boarding,GENEVE_MOLARD,08:54:01,0.0,L12_T063,
synthetic_all_stop_counts,boarding,GENEVE_MOLARD,08:26:01,0.0,L12_T064,
synthetic_all_stop_counts,boarding,GENEVE_MOLARD,07:57:01,0.0,L12_T065,
synthetic_all_stop_counts,boarding,GENEVE_PALLADIUM,09:11:01,0.0,L14_T001,
synthetic_all_stop_counts,boarding,GENEVE_PALLADIUM,08:24:01,0.0,L14_T003,
synthetic_all_stop_counts,boarding,GENEVE_PALLADIUM,07:56:01,0.0,L14_T004,
synthetic_all_stop_counts,boarding,GENEVE_PALLADIUM,06:58:01,0.0,L14_T005,
synthetic_all_stop_counts,boarding,GENEVE_PALLADIUM,07:08:01,0.0,L14_T006,
synthetic_all_stop_counts,boarding,GENEVE_PALLADIUM,07:18:01,0.0,L14_T007,
synthetic_all_stop_counts,boarding,GENEVE_PALLADIUM,07:28:01,0.0,L14_T008,
synthetic_all_stop_counts,boarding,GENEVE_PALLADIUM,07:38:01,0.0,L14_T009,
synthetic_all_stop_counts,boarding,GENEVE_PALLADIUM,08:43:01,0.0,L14_T010,
synthetic_all_stop_counts,boarding,GENEVE_PALLADIUM,08:33:01,0.0,L14_T011,
synthetic_all_stop_counts,boarding,GENEVE_PALLADIUM,07:48:01,0.0,L14_T012,
synthetic_all_stop_counts,boarding,GENEVE_PALLADIUM,08:15:01,0.0,L14_T013,
synthetic_all_stop_counts,boarding,GENEVE_PALLADIUM,08:06:01,0.0,L14_T014,
synthetic_all_stop_counts,boarding,GENEVE_PALLADIUM,08:52:01,0.0,L14_T017,
synthetic_all_stop_counts,boarding,GENEVE_PALLADIUM,09:02:01,0.0,L14_T018,
synthetic_all_stop_counts,boarding,GENEVE_PALLADIUM,09:06:01,0.0,L14_T020,
synthetic_all_stop_counts,boarding,GENEVE_PALLADIUM,07:24:01,0.0,L14_T021,
synthetic_all_stop_counts,boarding,GENEVE_PALLADIUM,08:48:01,0.0,L14_T022,
synthetic_all_stop_counts,boarding,GENEVE_PALLADIUM,07:33:01,0.0,L14_T024,
synthetic_all_stop_counts,boarding,GENEVE_PALLADIUM,07:43:01,0.0,L14_T025,
synthetic_all_stop_counts,boarding,GENEVE_PALLADIUM,08:38:01,0.0,L14_T026,
synthetic_all_stop_counts,boarding,GENEVE_PALLADIUM,08:29:01,0.0,L14_T027,
synthetic_all_stop_counts,boarding,GENEVE_PALLADIUM,08:19:01,0.0,L14_T028,
synthetic_all_stop_counts,boarding,GENEVE_PALLADIUM,08:10:01,0.0,L14_T029,
synthetic_all_stop_counts,boarding,GENEVE_PALLADIUM,07:52:01,0.0,L14_T030,
synthetic_all_stop_counts,boarding,GENEVE_PALLADIUM,08:01:01,0.0,L14_T031,
synthetic_all_stop_counts,boarding,GENEVE_PALLADIUM,07:03:01,0.0,L14_T032,
synthetic_all_stop_counts,boarding,GENEVE_PALLADIUM,07:13:01,0.0,L14_T033,
synthetic_all_stop_counts,boarding,GENEVE_PALLADIUM,06:53:01,0.0,L14_T034,
synthetic_all_stop_counts,boarding,GENEVE_PALLADIUM,08:57:01,0.0,L14_T035,
synthetic_all_stop_counts,boarding,GENEVE_PALLADIUM,06:49:01,0.0,L14_T036,
synthetic_all_stop_counts,boarding,GENEVE_PALLADIUM,06:56:01,0.0,L14_T037,
synthetic_all_stop_counts,boarding,GENEVE_PALLADIUM,07:14:01,0.0,L14_T038,
synthetic_all_stop_counts,boarding,GENEVE_PALLADIUM,07:01:01,0.0,L14_T039,
synthetic_all_stop_counts,boarding,GENEVE_PALLADIUM,07:39:01,0.0,L14_T040,
synthetic_all_stop_counts,boarding,GENEVE_PALLADIUM,08:55:01,0.0,L14_T041,
synthetic_all_stop_counts,boarding,GENEVE_PALLADIUM,08:37:01,0.0,L14_T042,
synthetic_all_stop_counts,boarding,GENEVE_PALLADIUM,07:29:01,0.0,L14_T044,
synthetic_all_stop_counts,boarding,GENEVE_PALLADIUM,07:47:01,0.0,L14_T045,
synthetic_all_stop_counts,boarding,GENEVE_PALLADIUM,09:13:01,0.0,L14_T047,
synthetic_all_stop_counts,boarding,GENEVE_PALLADIUM,08:27:01,0.0,L14_T048,
synthetic_all_stop_counts,boarding,GENEVE_PALLADIUM,08:46:01,0.0,L14_T049,
synthetic_all_stop_counts,boarding,GENEVE_PALLADIUM,08:07:01,0.0,L14_T050,
synthetic_all_stop_counts,boarding,GENEVE_PALLADIUM,07:57:01,0.0,L14_T051,
synthetic_all_stop_counts,boarding,GENEVE_PALLADIUM,08:17:01,0.0,L14_T052,
synthetic_all_stop_counts,boarding,GENEVE_PALLADIUM,09:04:01,0.0,L14_T053,
synthetic_all_stop_counts,boarding,GENEVE_PALLADIUM,07:18:01,0.0,L14_T054,
synthetic_all_stop_counts,boarding,GENEVE_PALLADIUM,07:04:01,0.0,L14_T055,
synthetic_all_stop_counts,boarding,GENEVE_PALLADIUM,07:33:01,0.0,L14_T056,
synthetic_all_stop_counts,boarding,GENEVE_PALLADIUM,09:09:01,0.0,L14_T059,
synthetic_all_stop_counts,boarding,GENEVE_PALLADIUM,08:03:01,0.0,L14_T060,
synthetic_all_stop_counts,boarding,GENEVE_PALLADIUM,08:13:01,0.0,L14_T061,
synthetic_all_stop_counts,boarding,GENEVE_PALLADIUM,07:23:01,0.0,L14_T063,
synthetic_all_stop_counts,boarding,GENEVE_PALLADIUM,07:43:01,0.0,L14_T064,
synthetic_all_stop_counts,boarding,GENEVE_PALLADIUM,08:50:01,0.0,L14_T065,
synthetic_all_stop_counts,boarding,GENEVE_PALLADIUM,07:53:01,0.0,L14_T066,
synthetic_all_stop_counts,boarding,GENEVE_PALLADIUM,08:22:01,0.0,L14_T067,
synthetic_all_stop_counts,boarding,GENEVE_PALLADIUM,08:32:01,0.0,L14_T068,
synthetic_all_stop_counts,boarding,GENEVE_PALLADIUM,08:41:01,0.0,L14_T069,
synthetic_all_stop_counts,boarding,GENEVE_PALLADIUM,06:53:01,0.0,L14_T070,
synthetic_all_stop_counts,boarding,GENEVE_PALLADIUM,07:12:01,0.0,L14_T071,
synthetic_all_stop_counts,boarding,GENEVE_PALLADIUM,08:59:01,0.0,L14_T072,
synthetic_all_stop_counts,boarding,GENEVE_PLACE_DE_NEUVE,06:45:01,0.0,L12_T001,
synthetic_all_stop_counts,boarding,GENEVE_PLACE_DE_NEUVE,07:26:01,0.0,L12_T002,
synthetic_all_stop_counts,boarding,GENEVE_PLACE_DE_NEUVE,08:50:01,0.0,L12_T003,
synthetic_all_stop_counts,boarding,GENEVE_PLACE_DE_NEUVE,07:35:01,0.0,L12_T004,
synthetic_all_stop_counts,boarding,GENEVE_PLACE_DE_NEUVE,08:03:01,0.0,L12_T005,
synthetic_all_stop_counts,boarding,GENEVE_PLACE_DE_NEUVE,08:31:01,0.0,L12_T006,
synthetic_all_stop_counts,boarding,GENEVE_PLACE_DE_NEUVE,07:05:01,0.0,L12_T007,
synthetic_all_stop_counts,boarding,GENEVE_PLACE_DE_NEUVE,06:55:01,0.0,L12_T008,
synthetic_all_stop_counts,boarding,GENEVE_PLACE_DE_NEUVE,07:16:01,0.0,L12_T009,
synthetic_all_stop_counts,boarding,GENEVE_PLACE_DE_NEUVE,08:12:01,0.0,L12_T010,
synthetic_all_stop_counts,boarding,GENEVE_PLACE_DE_NEUVE,08:40:01,0.0,L12_T011,
synthetic_all_stop_counts,boarding,GENEVE_PLACE_DE_NEUVE,07:44:01,0.0,L12_T012,
synthetic_all_stop_counts,boarding,GENEVE_PLACE_DE_NEUVE,08:59:01,0.0,L12_T013,
synthetic_all_stop_counts,boarding,GENEVE_PLACE_DE_NEUVE,07:54:01,0.0,L12_T014,
synthetic_all_stop_counts,boarding,GENEVE_PLACE_DE_NEUVE,08:22:01,0.0,L12_T015,
synthetic_all_stop_counts,boarding,GENEVE_PLACE_DE_NEUVE,09:09:01,0.0,L12_T016,
synthetic_all_stop_counts,boarding,GENEVE_PLACE_DE_NEUVE,09:04:01,0.0,L12_T017,
synthetic_all_stop_counts,boarding,GENEVE_PLACE_DE_NEUVE,08:17:01,0.0,L12_T018,
synthetic_all_stop_counts,boarding,GENEVE_PLACE_DE_NEUVE,06:50:01,0.0,L12_T019,
synthetic_all_stop_counts,boarding,GENEVE_PLACE_DE_NEUVE,07:00:01,0.0,L12_T020,
synthetic_all_stop_counts,boarding,GENEVE_PLACE_DE_NEUVE,07:10:01,0.0,L12_T021,
synthetic_all_stop_counts,boarding,GENEVE_PLACE_DE_NEUVE,07:21:01,0.0,L12_T023,
synthetic_all_stop_counts,boarding,GENEVE_PLACE_DE_NEUVE,07:30:01,0.0,L12_T024,
synthetic_all_stop_counts,boarding,GENEVE_PLACE_DE_NEUVE,07:48:01,0.0,L12_T025,
synthetic_all_stop_counts,boarding,GENEVE_PLACE_DE_NEUVE,09:13:01,0.0,L12_T026,
synthetic_all_stop_counts,boarding,GENEVE_PLACE_DE_NEUVE,08:35:01,0.0,L12_T027,
synthetic_all_stop_counts,boarding,GENEVE_PLACE_DE_NEUVE,08:45:01,0.0,L12_T028,
synthetic_all_stop_counts,boarding,GENEVE_PLACE_DE_NEUVE,07:58:01,0.0,L12_T029,
synthetic_all_stop_counts,boarding,GENEVE_PLACE_DE_NEUVE,08:26:01,0.0,L12_T030,
synthetic_all_stop_counts,boarding,GENEVE_PLACE_DE_NEUVE,08:55:01,0.0,L12_T031,
synthetic_all_stop_counts,boarding,GENEVE_PLACE_DE_NEUVE,08:08:01,0.0,L12_T032,
synthetic_all_stop_counts,boarding,GENEVE_PLACE_DE_NEUVE,07:40:01,0.0,L12_T033,
synthetic_all_stop_counts,boarding,GENEVE_PLACE_DE_NEUVE,07:27:01,0.0,L12_T034,
synthetic_all_stop_counts,boarding,GENEVE_PLACE_DE_NEUVE,07:05:01,0.0,L12_T036,
synthetic_all_stop_counts,boarding,GENEVE_PLACE_DE_NEUVE,06:54:01,0.0,L12_T037,
synthetic_all_stop_counts,boarding,GENEVE_PLACE_DE_NEUVE,07:36:01,0.0,L12_T038,
synthetic_all_stop_counts,boarding,GENEVE_PLACE_DE_NEUVE,07:55:01,0.0,L12_T039,
synthetic_all_stop_counts,boarding,GENEVE_PLACE_DE_NEUVE,09:02:01,0.0,L12_T040,
synthetic_all_stop_counts,boarding,GENEVE_PLACE_DE_NEUVE,08:15:01,0.0,L12_T041,
synthetic_all_stop_counts,boarding,GENEVE_PLACE_DE_NEUVE,08:34:01,0.0,L12_T042,
synthetic_all_stop_counts,boarding,GENEVE_PLACE_DE_NEUVE,07:15:01,0.0,L12_T043,
synthetic_all_stop_counts,boarding,GENEVE_PLACE_DE_NEUVE,08:43:01,0.0,L12_T044,
synthetic_all_stop_counts,boarding,GENEVE_PLACE_DE_NEUVE,07:46:01,0.0,L12_T045,
synthetic_all_stop_counts,boarding,GENEVE_PLACE_DE_NEUVE,08:24:01,0.0,L12_T046,
synthetic_all_stop_counts,boarding,GENEVE_PLACE_DE_NEUVE,08:05:01,0.0,L12_T047,
synthetic_all_stop_counts,boarding,GENEVE_PLACE_DE_NEUVE,08:53:01,0.0,L12_T048,
synthetic_all_stop_counts,boarding,GENEVE_PLACE_DE_NEUVE,09:11:01,0.0,L12_T049,
synthetic_all_stop_counts,boarding,GENEVE_PLACE_DE_NEUVE,06:46:01,0.0,L12_T051,
synthetic_all_stop_counts,boarding,GENEVE_PLACE_DE_NEUVE,07:00:01,0.0,L12_T052,
synthetic_all_stop_counts,boarding,GENEVE_PLACE_DE_NEUVE,07:09:01,0.0,L12_T053,
synthetic_all_stop_counts,boarding,GENEVE_PLACE_DE_NEUVE,07:21:01,0.0,L12_T054,
synthetic_all_stop_counts,boarding,GENEVE_PLACE_DE_NEUVE,07:41:01,0.0,L12_T055,
synthetic_all_stop_counts,boarding,GENEVE_PLACE_DE_NEUVE,09:06:01,0.0,L12_T056,
synthetic_all_stop_counts,boarding,GENEVE_PLACE_DE_NEUVE,08:38:01,0.0,L12_T057,
synthetic_all_stop_counts,boarding,GENEVE_PLACE_DE_NEUVE,08:48:01,0.0,L12_T058,
synthetic_all_stop_counts,boarding,GENEVE_PLACE_DE_NEUVE,07:31:01,0.0,L12_T059,
synthetic_all_stop_counts,boarding,GENEVE_PLACE_DE_NEUVE,07:51:01,0.0,L12_T060,
synthetic_all_stop_counts,boarding,GENEVE_PLACE_DE_NEUVE,08:20:01,0.0,L12_T061,
synthetic_all_stop_counts,boarding,GENEVE_PLACE_DE_NEUVE,08:10:01,0.0,L12_T062,
synthetic_all_stop_counts,boarding,GENEVE_PLACE_DE_NEUVE,08:57:01,0.0,L12_T063,
synthetic_all_stop_counts,boarding,GENEVE_PLACE_DE_NEUVE,08:29:01,0.0,L12_T064,
synthetic_all_stop_counts,boarding,GENEVE_PLACE_DE_NEUVE,08:00:01,0.0,L12_T065,
synthetic_all_stop_counts,boarding,GENEVE_PLACE_DE_NEUVE,07:08:01,0.0,L18_T001,
synthetic_all_stop_counts,boarding,GENEVE_PLACE_DE_NEUVE,06:48:01,0.0,L18_T002,
synthetic_all_stop_counts,boarding,GENEVE_PLACE_DE_NEUVE,08:24:01,0.0,L18_T003,
synthetic_all_stop_counts,boarding,GENEVE_PLACE_DE_NEUVE,07:28:01,0.0,L18_T004,
synthetic_all_stop_counts,boarding,GENEVE_PLACE_DE_NEUVE,09:01:01,0.0,L18_T005,
synthetic_all_stop_counts,boarding,GENEVE_PLACE_DE_NEUVE,08:05:01,0.0,L18_T007,
synthetic_all_stop_counts,boarding,GENEVE_PLACE_DE_NEUVE,08:43:01,0.0,L18_T008,
synthetic_all_stop_counts,boarding,GENEVE_PLACE_DE_NEUVE,07:47:01,0.0,L18_T009,
synthetic_all_stop_counts,boarding,GENEVE_PLACE_DE_NEUVE,06:58:01,0.0,L18_T010,
synthetic_all_stop_counts,boarding,GENEVE_PLACE_DE_NEUVE,07:18:01,0.0,L18_T011,
synthetic_all_stop_counts,boarding,GENEVE_PLACE_DE_NEUVE,08:33:01,0.0,L18_T012,
synthetic_all_stop_counts,boarding,GENEVE_PLACE_DE_NEUVE,08:52:01,0.0,L18_T013,
synthetic_all_stop_counts,boarding,GENEVE_PLACE_DE_NEUVE,09:11:01,0.0,L18_T014,
synthetic_all_stop_counts,boarding,GENEVE_PLACE_DE_NEUVE,07:56:01,0.0,L18_T015,
synthetic_all_stop_counts,boarding,GENEVE_PLACE_DE_NEUVE,07:37:01,0.0,L18_T016,
synthetic_all_stop_counts,boarding,GENEVE_PLACE_DE_NEUVE,08:15:01,0.0,L18_T017,
synthetic_all_stop_counts,boarding,GENEVE_PLACE_DE_NEUVE,06:58:01,0.0,L18_T019,
synthetic_all_stop_counts,boarding,GENEVE_PLACE_DE_NEUVE,07:29:01,0.0,L18_T020,
synthetic_all_stop_counts,boarding,GENEVE_PLACE_DE_NEUVE,08:46:01,0.0,L18_T021,
synthetic_all_stop_counts,boarding,GENEVE_PLACE_DE_NEUVE,07:48:01,0.0,L18_T022,
synthetic_all_stop_counts,boarding,GENEVE_PLACE_DE_NEUVE,08:08:01,0.0,L18_T023,
synthetic_all_stop_counts,boarding,GENEVE_PLACE_DE_NEUVE,09:04:01,0.0,L18_T024,
synthetic_all_stop_counts,boarding,GENEVE_PLACE_DE_NEUVE,08:27:01,0.0,L18_T026,
synthetic_all_stop_counts,boarding,GENEVE_PLACE_DE_NEUVE,08:18:01,0.0,L18_T028,
synthetic_all_stop_counts,boarding,GENEVE_PLACE_DE_NEUVE,07:08:01,0.0,L18_T029,
synthetic_all_stop_counts,boarding,GENEVE_PLACE_DE_NEUVE,07:19:01,0.0,L18_T030,
synthetic_all_stop_counts,boarding,GENEVE_PLACE_DE_NEUVE,08:55:01,0.0,L18_T031,
synthetic_all_stop_counts,boarding,GENEVE_PLACE_DE_NEUVE,08:37:01,0.0,L18_T032,
synthetic_all_stop_counts,boarding,GENEVE_PLACE_DE_NEUVE,07:58:01,0.0,L18_T033,
synthetic_all_stop_counts,boarding,GENEVE_PLACE_DE_NEUVE,07:39:01,0.0,L18_T034,
synthetic_all_stop_counts,boarding,GENEVE_PLACE_DE_NEUVE,09:13:01,0.0,L18_T035,
synthetic_all_stop_counts,boarding,GENEVE_PLAINPALAIS,07:24:01,0.0,L12_T002,
synthetic_all_stop_counts,boarding,GENEVE_PLAINPALAIS,08:48:01,0.0,L12_T003,
synthetic_all_stop_counts,boarding,GENEVE_PLAINPALAIS,07:33:01,0.0,L12_T004,
synthetic_all_stop_counts,boarding,GENEVE_PLAINPALAIS,08:01:01,0.0,L12_T005,
synthetic_all_stop_counts,boarding,GENEVE_PLAINPALAIS,08:29:01,0.0,L12_T006,
synthetic_all_stop_counts,boarding,GENEVE_PLAINPALAIS,07:04:01,0.0,L12_T007,
synthetic_all_stop_counts,boarding,GENEVE_PLAINPALAIS,06:54:01,0.0,L12_T008,
synthetic_all_stop_counts,boarding,GENEVE_PLAINPALAIS,07:14:01,0.0,L12_T009,
synthetic_all_stop_counts,boarding,GENEVE_PLAINPALAIS,08:11:01,0.0,L12_T010,
synthetic_all_stop_counts,boarding,GENEVE_PLAINPALAIS,08:39:01,0.0,L12_T011,
synthetic_all_stop_counts,boarding,GENEVE_PLAINPALAIS,07:43:01,0.0,L12_T012,
synthetic_all_stop_counts,boarding,GENEVE_PLAINPALAIS,08:58:01,0.0,L12_T013,
synthetic_all_stop_counts,boarding,GENEVE_PLAINPALAIS,07:52:01,0.0,L12_T014,
synthetic_all_stop_counts,boarding,GENEVE_PLAINPALAIS,08:20:01,0.0,L12_T015,
synthetic_all_stop_counts,boarding,GENEVE_PLAINPALAIS,09:07:01,0.0,L12_T016,
synthetic_all_stop_counts,boarding,GENEVE_PLAINPALAIS,09:02:01,0.0,L12_T017,
synthetic_all_stop_counts,boarding,GENEVE_PLAINPALAIS,08:15:01,0.0,L12_T018,
synthetic_all_stop_counts,boarding,GENEVE_PLAINPALAIS,06:49:01,0.0,L12_T019,
synthetic_all_stop_counts,boarding,GENEVE_PLAINPALAIS,06:59:01,0.0,L12_T020,
synthetic_all_stop_counts,boarding,GENEVE_PLAINPALAIS,07:09:01,0.0,L12_T021,
synthetic_all_stop_counts,boarding,GENEVE_PLAINPALAIS,07:19:01,0.0,L12_T023,
synthetic_all_stop_counts,boarding,GENEVE_PLAINPALAIS,07:28:01,0.0,L12_T024,
synthetic_all_stop_counts,boarding,GENEVE_PLAINPALAIS,07:47:01,0.0,L12_T025,
synthetic_all_stop_counts,boarding,GENEVE_PLAINPALAIS,09:12:01,0.0,L12_T026,
synthetic_all_stop_counts,boarding,GENEVE_PLAINPALAIS,08:34:01,0.0,L12_T027,
synthetic_all_stop_counts,boarding,GENEVE_PLAINPALAIS,08:44:01,0.0,L12_T028,
synthetic_all_stop_counts,boarding,GENEVE_PLAINPALAIS,07:57:01,0.0,L12_T029,
synthetic_all_stop_counts,boarding,GENEVE_PLAINPALAIS,08:25:01,0.0,L12_T030,
synthetic_all_stop_counts,boarding,GENEVE_PLAINPALAIS,08:53:01,0.0,L12_T031,
synthetic_all_stop_counts,boarding,GENEVE_PLAINPALAIS,08:06:01,0.0,L12_T032,
synthetic_all_stop_counts,boarding,GENEVE_PLAINPALAIS,07:38:01,0.0,L12_T033,
synthetic_all_stop_counts,boarding,GENEVE_PLAINPALAIS,07:28:01,0.0,L12_T034,
synthetic_all_stop_counts,boarding,GENEVE_PLAINPALAIS,07:07:01,0.0,L12_T036,
synthetic_all_stop_counts,boarding,GENEVE_PLAINPALAIS,06:56:01,0.0,L12_T037,
synthetic_all_stop_counts,boarding,GENEVE_PLAINPALAIS,07:38:01,0.0,L12_T038,
synthetic_all_stop_counts,boarding,GENEVE_PLAINPALAIS,07:57:01,0.0,L12_T039,
synthetic_all_stop_counts,boarding,GENEVE_PLAINPALAIS,09:04:01,0.0,L12_T040,
synthetic_all_stop_counts,boarding,GENEVE_PLAINPALAIS,08:17:01,0.0,L12_T041,
synthetic_all_stop_counts,boarding,GENEVE_PLAINPALAIS,08:36:01,0.0,L12_T042,
synthetic_all_stop_counts,boarding,GENEVE_PLAINPALAIS,07:16:01,0.0,L12_T043,
synthetic_all_stop_counts,boarding,GENEVE_PLAINPALAIS,08:45:01,0.0,L12_T044,
synthetic_all_stop_counts,boarding,GENEVE_PLAINPALAIS,07:48:01,0.0,L12_T045,
synthetic_all_stop_counts,boarding,GENEVE_PLAINPALAIS,08:26:01,0.0,L12_T046,
synthetic_all_stop_counts,boarding,GENEVE_PLAINPALAIS,08:07:01,0.0,L12_T047,
synthetic_all_stop_counts,boarding,GENEVE_PLAINPALAIS,08:55:01,0.0,L12_T048,
synthetic_all_stop_counts,boarding,GENEVE_PLAINPALAIS,09:13:01,0.0,L12_T049,
synthetic_all_stop_counts,boarding,GENEVE_PLAINPALAIS,06:48:01,0.0,L12_T051,
synthetic_all_stop_counts,boarding,GENEVE_PLAINPALAIS,07:02:01,0.0,L12_T052,
synthetic_all_stop_counts,boarding,GENEVE_PLAINPALAIS,07:11:01,0.0,L12_T053,
synthetic_all_stop_counts,boarding,GENEVE_PLAINPALAIS,07:22:01,0.0,L12_T054,
synthetic_all_stop_counts,boarding,GENEVE_PLAINPALAIS,07:43:01,0.0,L12_T055,
synthetic_all_stop_counts,boarding,GENEVE_PLAINPALAIS,09:08:01,0.0,L12_T056,
synthetic_all_stop_counts,boarding,GENEVE_PLAINPALAIS,08:40:01,0.0,L12_T057,
synthetic_all_stop_counts,boarding,GENEVE_PLAINPALAIS,08:50:01,0.0,L12_T058,
synthetic_all_stop_counts,boarding,GENEVE_PLAINPALAIS,07:33:01,0.0,L12_T059,
synthetic_all_stop_counts,boarding,GENEVE_PLAINPALAIS,07:53:01,0.0,L12_T060,
synthetic_all_stop_counts,boarding,GENEVE_PLAINPALAIS,08:22:01,0.0,L12_T061,
synthetic_all_stop_counts,boarding,GENEVE_PLAINPALAIS,08:12:01,0.0,L12_T062,
synthetic_all_stop_counts,boarding,GENEVE_PLAINPALAIS,08:59:01,0.0,L12_T063,
synthetic_all_stop_counts,boarding,GENEVE_PLAINPALAIS,08:31:01,0.0,L12_T064,
synthetic_all_stop_counts,boarding,GENEVE_PLAINPALAIS,08:02:01,0.0,L12_T065,
synthetic_all_stop_counts,boarding,GENEVE_PLAINPALAIS,07:06:01,0.0,L18_T001,
synthetic_all_stop_counts,boarding,GENEVE_PLAINPALAIS,06:46:01,0.0,L18_T002,
synthetic_all_stop_counts,boarding,GENEVE_PLAINPALAIS,08:22:01,0.0,L18_T003,
synthetic_all_stop_counts,boarding,GENEVE_PLAINPALAIS,07:26:01,0.0,L18_T004,
synthetic_all_stop_counts,boarding,GENEVE_PLAINPALAIS,09:00:01,0.0,L18_T005,
synthetic_all_stop_counts,boarding,GENEVE_PLAINPALAIS,08:04:01,0.0,L18_T007,
synthetic_all_stop_counts,boarding,GENEVE_PLAINPALAIS,08:41:01,0.0,L18_T008,
synthetic_all_stop_counts,boarding,GENEVE_PLAINPALAIS,07:45:01,0.0,L18_T009,
synthetic_all_stop_counts,boarding,GENEVE_PLAINPALAIS,06:56:01,0.0,L18_T010,
synthetic_all_stop_counts,boarding,GENEVE_PLAINPALAIS,07:16:01,0.0,L18_T011,
synthetic_all_stop_counts,boarding,GENEVE_PLAINPALAIS,08:31:01,0.0,L18_T012,
synthetic_all_stop_counts,boarding,GENEVE_PLAINPALAIS,08:50:01,0.0,L18_T013,
synthetic_all_stop_counts,boarding,GENEVE_PLAINPALAIS,09:09:01,0.0,L18_T014,
synthetic_all_stop_counts,boarding,GENEVE_PLAINPALAIS,07:54:01,0.0,L18_T015,
synthetic_all_stop_counts,boarding,GENEVE_PLAINPALAIS,07:36:01,0.0,L18_T016,
synthetic_all_stop_counts,boarding,GENEVE_PLAINPALAIS,08:13:01,0.0,L18_T017,
synthetic_all_stop_counts,boarding,GENEVE_PLAINPALAIS,07:00:01,0.0,L18_T019,
synthetic_all_stop_counts,boarding,GENEVE_PLAINPALAIS,07:31:01,0.0,L18_T020,
synthetic_all_stop_counts,boarding,GENEVE_PLAINPALAIS,08:48:01,0.0,L18_T021,
synthetic_all_stop_counts,boarding,GENEVE_PLAINPALAIS,07:50:01,0.0,L18_T022,
synthetic_all_stop_counts,boarding,GENEVE_PLAINPALAIS,08:10:01,0.0,L18_T023,
synthetic_all_stop_counts,boarding,GENEVE_PLAINPALAIS,09:06:01,0.0,L18_T024,
synthetic_all_stop_counts,boarding,GENEVE_PLAINPALAIS,08:29:01,0.0,L18_T026,
synthetic_all_stop_counts,boarding,GENEVE_PLAINPALAIS,06:46:01,0.0,L18_T027,
synthetic_all_stop_counts,boarding,GENEVE_PLAINPALAIS,08:20:01,0.0,L18_T028,
synthetic_all_stop_counts,boarding,GENEVE_PLAINPALAIS,07:09:01,0.0,L18_T029,
synthetic_all_stop_counts,boarding,GENEVE_PLAINPALAIS,07:20:01,0.0,L18_T030,
synthetic_all_stop_counts,boarding,GENEVE_PLAINPALAIS,08:57:01,0.0,L18_T031,
synthetic_all_stop_counts,boarding,GENEVE_PLAINPALAIS,08:39:01,0.0,L18_T032,
synthetic_all_stop_counts,boarding,GENEVE_PLAINPALAIS,08:00:01,0.0,L18_T033,
synthetic_all_stop_counts,boarding,GENEVE_PLAINPALAIS,07:41:01,0.0,L18_T034,
synthetic_all_stop_counts,boarding,GENEVE_PONT_D_ARVE,07:22:01,0.0,L12_T002,
synthetic_all_stop_counts,boarding,GENEVE_PONT_D_ARVE,08:47:01,1.0,L12_T003,
synthetic_all_stop_counts,boarding,GENEVE_PONT_D_ARVE,07:32:01,1.0,L12_T004,
synthetic_all_stop_counts,boarding,GENEVE_PONT_D_ARVE,08:00:01,3.0,L12_T005,
synthetic_all_stop_counts,boarding,GENEVE_PONT_D_ARVE,08:28:01,3.0,L12_T006,
synthetic_all_stop_counts,boarding,GENEVE_PONT_D_ARVE,07:02:01,2.0,L12_T007,
synthetic_all_stop_counts,boarding,GENEVE_PONT_D_ARVE,06:52:01,0.0,L12_T008,
synthetic_all_stop_counts,boarding,GENEVE_PONT_D_ARVE,07:12:01,1.0,L12_T009,
synthetic_all_stop_counts,boarding,GENEVE_PONT_D_ARVE,08:09:01,1.0,L12_T010,
synthetic_all_stop_counts,boarding,GENEVE_PONT_D_ARVE,08:37:01,2.0,L12_T011,
synthetic_all_stop_counts,boarding,GENEVE_PONT_D_ARVE,07:41:01,0.0,L12_T012,
synthetic_all_stop_counts,boarding,GENEVE_PONT_D_ARVE,08:56:01,0.0,L12_T013,
synthetic_all_stop_counts,boarding,GENEVE_PONT_D_ARVE,07:50:01,0.0,L12_T014,
synthetic_all_stop_counts,boarding,GENEVE_PONT_D_ARVE,08:18:01,1.0,L12_T015,
synthetic_all_stop_counts,boarding,GENEVE_PONT_D_ARVE,09:05:01,0.0,L12_T016,
synthetic_all_stop_counts,boarding,GENEVE_PONT_D_ARVE,09:01:01,0.0,L12_T017,
synthetic_all_stop_counts,boarding,GENEVE_PONT_D_ARVE,08:14:01,1.0,L12_T018,
synthetic_all_stop_counts,boarding,GENEVE_PONT_D_ARVE,06:47:01,0.0,L12_T019,
synthetic_all_stop_counts,boarding,GENEVE_PONT_D_ARVE,06:57:01,2.0,L12_T020,
synthetic_all_stop_counts,boarding,GENEVE_PONT_D_ARVE,07:07:01,2.0,L12_T021,
synthetic_all_stop_counts,boarding,GENEVE_PONT_D_ARVE,07:18:01,1.0,L12_T023,
synthetic_all_stop_counts,boarding,GENEVE_PONT_D_ARVE,07:27:01,1.0,L12_T024,
synthetic_all_stop_counts,boarding,GENEVE_PONT_D_ARVE,07:45:01,0.0,L12_T025,
synthetic_all_stop_counts,boarding,GENEVE_PONT_D_ARVE,09:10:01,0.0,L12_T026,
synthetic_all_stop_counts,boarding,GENEVE_PONT_D_ARVE,08:32:01,1.0,L12_T027,
synthetic_all_stop_counts,boarding,GENEVE_PONT_D_ARVE,08:42:01,0.0,L12_T028,
synthetic_all_stop_counts,boarding,GENEVE_PONT_D_ARVE,07:55:01,1.0,L12_T029,
synthetic_all_stop_counts,boarding,GENEVE_PONT_D_ARVE,08:23:01,0.0,L12_T030,
synthetic_all_stop_counts,boarding,GENEVE_PONT_D_ARVE,08:51:01,0.0,L12_T031,
synthetic_all_stop_counts,boarding,GENEVE_PONT_D_ARVE,08:04:01,2.0,L12_T032,
synthetic_all_stop_counts,boarding,GENEVE_PONT_D_ARVE,07:36:01,0.0,L12_T033,
synthetic_all_stop_counts,boarding,GENEVE_PONT_D_ARVE,07:30:01,4.0,L12_T034,
synthetic_all_stop_counts,boarding,GENEVE_PONT_D_ARVE,07:08:01,3.0,L12_T036,
synthetic_all_stop_counts,boarding,GENEVE_PONT_D_ARVE,06:57:01,2.0,L12_T037,
synthetic_all_stop_counts,boarding,GENEVE_PONT_D_ARVE,07:39:01,1.0,L12_T038,
synthetic_all_stop_counts,boarding,GENEVE_PONT_D_ARVE,07:59:01,6.0,L12_T039,
synthetic_all_stop_counts,boarding,GENEVE_PONT_D_ARVE,09:05:01,0.0,L12_T040,
synthetic_all_stop_counts,boarding,GENEVE_PONT_D_ARVE,08:18:01,1.0,L12_T041,
synthetic_all_stop_counts,boarding,GENEVE_PONT_D_ARVE,08:37:01,1.0,L12_T042,
synthetic_all_stop_counts,boarding,GENEVE_PONT_D_ARVE,07:18:01,1.0,L12_T043,
synthetic_all_stop_counts,boarding,GENEVE_PONT_D_ARVE,08:47:01,0.0,L12_T044,
synthetic_all_stop_counts,boarding,GENEVE_PONT_D_ARVE,07:49:01,1.0,L12_T045,
synthetic_all_stop_counts,boarding,GENEVE_PONT_D_ARVE,08:28:01,1.0,L12_T046,
synthetic_all_stop_counts,boarding,GENEVE_PONT_D_ARVE,08:09:01,3.0,L12_T047,
synthetic_all_stop_counts,boarding,GENEVE_PONT_D_ARVE,08:56:01,0.0,L12_T048,
synthetic_all_stop_counts,boarding,GENEVE_PONT_D_ARVE,09:14:01,0.0,L12_T049,
synthetic_all_stop_counts,boarding,GENEVE_PONT_D_ARVE,06:49:01,0.0,L12_T051,
synthetic_all_stop_counts,boarding,GENEVE_PONT_D_ARVE,07:03:01,1.0,L12_T052,
synthetic_all_stop_counts,boarding,GENEVE_PONT_D_ARVE,07:12:01,1.0,L12_T053,
synthetic_all_stop_counts,boarding,GENEVE_PONT_D_ARVE,07:24:01,0.0,L12_T054,
synthetic_all_stop_counts,boarding,GENEVE_PONT_D_ARVE,07:44:01,0.0,L12_T055,
synthetic_all_stop_counts,boarding,GENEVE_PONT_D_ARVE,09:10:01,0.0,L12_T056,
synthetic_all_stop_counts,boarding,GENEVE_PONT_D_ARVE,08:41:01,0.0,L12_T057,
synthetic_all_stop_counts,boarding,GENEVE_PONT_D_ARVE,08:51:01,0.0,L12_T058,
synthetic_all_stop_counts,boarding,GENEVE_PONT_D_ARVE,07:34:01,1.0,L12_T059,
synthetic_all_stop_counts,boarding,GENEVE_PONT_D_ARVE,07:54:01,0.0,L12_T060,
synthetic_all_stop_counts,boarding,GENEVE_PONT_D_ARVE,08:23:01,0.0,L12_T061,
synthetic_all_stop_counts,boarding,GENEVE_PONT_D_ARVE,08:13:01,1.0,L12_T062,
synthetic_all_stop_counts,boarding,GENEVE_PONT_D_ARVE,09:00:01,0.0,L12_T063,
synthetic_all_stop_counts,boarding,GENEVE_PONT_D_ARVE,08:33:01,1.0,L12_T064,
synthetic_all_stop_counts,boarding,GENEVE_PONT_D_ARVE,08:03:01,2.0,L12_T065,
synthetic_all_stop_counts,boarding,GENEVE_PONT_D_ARVE,07:05:01,3.0,L18_T001,
synthetic_all_stop_counts,boarding,GENEVE_PONT_D_ARVE,06:45:01,0.0,L18_T002,
synthetic_all_stop_counts,boarding,GENEVE_PONT_D_ARVE,08:21:01,1.0,L18_T003,
synthetic_all_stop_counts,boarding,GENEVE_PONT_D_ARVE,07:25:01,1.0,L18_T004,
synthetic_all_stop_counts,boarding,GENEVE_PONT_D_ARVE,08:58:01,0.0,L18_T005,
synthetic_all_stop_counts,boarding,GENEVE_PONT_D_ARVE,08:02:01,4.0,L18_T007,
synthetic_all_stop_counts,boarding,GENEVE_PONT_D_ARVE,08:39:01,1.0,L18_T008,
synthetic_all_stop_counts,boarding,GENEVE_PONT_D_ARVE,07:43:01,0.0,L18_T009,
synthetic_all_stop_counts,boarding,GENEVE_PONT_D_ARVE,06:55:01,1.0,L18_T010,
synthetic_all_stop_counts,boarding,GENEVE_PONT_D_ARVE,07:15:01,1.0,L18_T011,
synthetic_all_stop_counts,boarding,GENEVE_PONT_D_ARVE,08:30:01,3.0,L18_T012,
synthetic_all_stop_counts,boarding,GENEVE_PONT_D_ARVE,08:49:01,0.0,L18_T013,
synthetic_all_stop_counts,boarding,GENEVE_PONT_D_ARVE,09:08:01,0.0,L18_T014,
synthetic_all_stop_counts,boarding,GENEVE_PONT_D_ARVE,07:53:01,1.0,L18_T015,
synthetic_all_stop_counts,boarding,GENEVE_PONT_D_ARVE,07:34:01,1.0,L18_T016,
synthetic_all_stop_counts,boarding,GENEVE_PONT_D_ARVE,08:11:01,1.0,L18_T017,
synthetic_all_stop_counts,boarding,GENEVE_PONT_D_ARVE,07:01:01,6.0,L18_T019,
synthetic_all_stop_counts,boarding,GENEVE_PONT_D_ARVE,07:32:01,2.0,L18_T020,
synthetic_all_stop_counts,boarding,GENEVE_PONT_D_ARVE,08:49:01,0.0,L18_T021,
synthetic_all_stop_counts,boarding,GENEVE_PONT_D_ARVE,07:51:01,1.0,L18_T022,
synthetic_all_stop_counts,boarding,GENEVE_PONT_D_ARVE,08:11:01,2.0,L18_T023,
synthetic_all_stop_counts,boarding,GENEVE_PONT_D_ARVE,09:08:01,0.0,L18_T024,
synthetic_all_stop_counts,boarding,GENEVE_PONT_D_ARVE,08:31:01,3.0,L18_T026,
synthetic_all_stop_counts,boarding,GENEVE_PONT_D_ARVE,06:47:01,0.0,L18_T027,
synthetic_all_stop_counts,boarding,GENEVE_PONT_D_ARVE,08:21:01,1.0,L18_T028,
synthetic_all_stop_counts,boarding,GENEVE_PONT_D_ARVE,07:11:01,2.0,L18_T029,
synthetic_all_stop_counts,boarding,GENEVE_PONT_D_ARVE,07:22:01,1.0,L18_T030,
synthetic_all_stop_counts,boarding,GENEVE_PONT_D_ARVE,08:58:01,0.0,L18_T031,
synthetic_all_stop_counts,boarding,GENEVE_PONT_D_ARVE,08:40:01,1.0,L18_T032,
synthetic_all_stop_counts,boarding,GENEVE_PONT_D_ARVE,08:01:01,5.0,L18_T033,
synthetic_all_stop_counts,boarding,GENEVE_PONT_D_ARVE,07:42:01,1.0,L18_T034,
synthetic_all_stop_counts,boarding,GENEVE_POTERIE,06:53:01,0.0,L14_T002,
synthetic_all_stop_counts,boarding,GENEVE_POTERIE,08:37:01,1.0,L14_T003,
synthetic_all_stop_counts,boarding,GENEVE_POTERIE,08:09:01,1.0,L14_T004,
synthetic_all_stop_counts,boarding,GENEVE_POTERIE,07:10:01,1.0,L14_T005,
synthetic_all_stop_counts,boarding,GENEVE_POTERIE,07:20:01,0.0,L14_T006,
synthetic_all_stop_counts,boarding,GENEVE_POTERIE,07:30:01,2.0,L14_T007,
synthetic_all_stop_counts,boarding,GENEVE_POTERIE,07:40:01,1.0,L14_T008,
synthetic_all_stop_counts,boarding,GENEVE_POTERIE,07:50:01,1.0,L14_T009,
synthetic_all_stop_counts,boarding,GENEVE_POTERIE,08:55:01,0.0,L14_T010,
synthetic_all_stop_counts,boarding,GENEVE_POTERIE,08:46:01,0.0,L14_T011,
synthetic_all_stop_counts,boarding,GENEVE_POTERIE,08:00:01,5.0,L14_T012,
synthetic_all_stop_counts,boarding,GENEVE_POTERIE,08:27:01,1.0,L14_T013,
synthetic_all_stop_counts,boarding,GENEVE_POTERIE,08:18:01,0.0,L14_T014,
synthetic_all_stop_counts,boarding,GENEVE_POTERIE,09:04:01,0.0,L14_T017,
synthetic_all_stop_counts,boarding,GENEVE_POTERIE,09:14:01,0.0,L14_T018,
synthetic_all_stop_counts,boarding,GENEVE_POTERIE,07:36:01,2.0,L14_T021,
synthetic_all_stop_counts,boarding,GENEVE_POTERIE,09:00:01,0.0,L14_T022,
synthetic_all_stop_counts,boarding,GENEVE_POTERIE,07:45:01,1.0,L14_T024,
synthetic_all_stop_counts,boarding,GENEVE_POTERIE,07:55:01,1.0,L14_T025,
synthetic_all_stop_counts,boarding,GENEVE_POTERIE,08:51:01,1.0,L14_T026,
synthetic_all_stop_counts,boarding,GENEVE_POTERIE,08:41:01,1.0,L14_T027,
synthetic_all_stop_counts,boarding,GENEVE_POTERIE,08:32:01,3.0,L14_T028,
synthetic_all_stop_counts,boarding,GENEVE_POTERIE,08:23:01,1.0,L14_T029,
synthetic_all_stop_counts,boarding,GENEVE_POTERIE,08:05:01,7.0,L14_T030,
synthetic_all_stop_counts,boarding,GENEVE_POTERIE,08:14:01,1.0,L14_T031,
synthetic_all_stop_counts,boarding,GENEVE_POTERIE,07:15:01,1.0,L14_T032,
synthetic_all_stop_counts,boarding,GENEVE_POTERIE,07:25:01,1.0,L14_T033,
synthetic_all_stop_counts,boarding,GENEVE_POTERIE,07:05:01,2.0,L14_T034,
synthetic_all_stop_counts,boarding,GENEVE_POTERIE,09:09:01,0.0,L14_T035,
synthetic_all_stop_counts,boarding,GENEVE_POTERIE,07:02:01,1.0,L14_T038,
synthetic_all_stop_counts,boarding,GENEVE_POTERIE,06:49:01,0.0,L14_T039,
synthetic_all_stop_counts,boarding,GENEVE_POTERIE,07:26:01,1.0,L14_T040,
synthetic_all_stop_counts,boarding,GENEVE_POTERIE,08:43:01,1.0,L14_T041,
synthetic_all_stop_counts,boarding,GENEVE_POTERIE,08:24:01,1.0,L14_T042,
synthetic_all_stop_counts,boarding,GENEVE_POTERIE,07:17:01,1.0,L14_T044,
synthetic_all_stop_counts,boarding,GENEVE_POTERIE,07:35:01,2.0,L14_T045,
synthetic_all_stop_counts,boarding,GENEVE_POTERIE,09:10:01,0.0,L14_T046,
synthetic_all_stop_counts,boarding,GENEVE_POTERIE,09:01:01,0.0,L14_T047,
synthetic_all_stop_counts,boarding,GENEVE_POTERIE,08:14:01,1.0,L14_T048,
synthetic_all_stop_counts,boarding,GENEVE_POTERIE,08:34:01,3.0,L14_T049,
synthetic_all_stop_counts,boarding,GENEVE_POTERIE,07:55:01,2.0,L14_T050,
synthetic_all_stop_counts,boarding,GENEVE_POTERIE,07:45:01,1.0,L14_T051,
synthetic_all_stop_counts,boarding,GENEVE_POTERIE,08:05:01,5.0,L14_T052,
synthetic_all_stop_counts,boarding,GENEVE_POTERIE,08:52:01,0.0,L14_T053,
synthetic_all_stop_counts,boarding,GENEVE_POTERIE,07:06:01,1.0,L14_T054,
synthetic_all_stop_counts,boarding,GENEVE_POTERIE,06:52:01,0.0,L14_T055,
synthetic_all_stop_counts,boarding,GENEVE_POTERIE,07:21:01,0.0,L14_T056,
synthetic_all_stop_counts,boarding,GENEVE_POTERIE,09:06:01,0.0,L14_T058,
synthetic_all_stop_counts,boarding,GENEVE_POTERIE,08:57:01,0.0,L14_T059,
synthetic_all_stop_counts,boarding,GENEVE_POTERIE,07:50:01,1.0,L14_T060,
synthetic_all_stop_counts,boarding,GENEVE_POTERIE,08:00:01,4.0,L14_T061,
synthetic_all_stop_counts,boarding,GENEVE_POTERIE,07:11:01,1.0,L14_T063,
synthetic_all_stop_counts,boarding,GENEVE_POTERIE,07:31:01,4.0,L14_T064,
synthetic_all_stop_counts,boarding,GENEVE_POTERIE,08:38:01,1.0,L14_T065,
synthetic_all_stop_counts,boarding,GENEVE_POTERIE,07:40:01,1.0,L14_T066,
synthetic_all_stop_counts,boarding,GENEVE_POTERIE,08:09:01,2.0,L14_T067,
synthetic_all_stop_counts,boarding,GENEVE_POTERIE,08:19:01,0.0,L14_T068,
synthetic_all_stop_counts,boarding,GENEVE_POTERIE,08:29:01,2.0,L14_T069,
synthetic_all_stop_counts,boarding,GENEVE_POTERIE,07:00:01,2.0,L14_T071,
synthetic_all_stop_counts,boarding,GENEVE_POTERIE,08:47:01,0.0,L14_T072,
synthetic_all_stop_counts,boarding,GENEVE_POTERIE,07:17:01,0.0,L18_T001,
synthetic_all_stop_counts,boarding,GENEVE_POTERIE,06:57:01,1.0,L18_T002,
synthetic_all_stop_counts,boarding,GENEVE_POTERIE,08:35:01,3.0,L18_T003,
synthetic_all_stop_counts,boarding,GENEVE_POTERIE,07:38:01,2.0,L18_T004,
synthetic_all_stop_counts,boarding,GENEVE_POTERIE,09:12:01,0.0,L18_T005,
synthetic_all_stop_counts,boarding,GENEVE_POTERIE,08:16:01,2.0,L18_T007,
synthetic_all_stop_counts,boarding,GENEVE_POTERIE,08:53:01,0.0,L18_T008,
synthetic_all_stop_counts,boarding,GENEVE_POTERIE,07:57:01,4.0,L18_T009,
synthetic_all_stop_counts,boarding,GENEVE_POTERIE,07:07:01,2.0,L18_T010,
synthetic_all_stop_counts,boarding,GENEVE_POTERIE,07:27:01,2.0,L18_T011,
synthetic_all_stop_counts,boarding,GENEVE_POTERIE,08:43:01,1.0,L18_T012,
synthetic_all_stop_counts,boarding,GENEVE_POTERIE,09:02:01,0.0,L18_T013,
synthetic_all_stop_counts,boarding,GENEVE_POTERIE,08:07:01,5.0,L18_T015,
synthetic_all_stop_counts,boarding,GENEVE_POTERIE,07:47:01,1.0,L18_T016,
synthetic_all_stop_counts,boarding,GENEVE_POTERIE,08:25:01,1.0,L18_T017,
synthetic_all_stop_counts,boarding,GENEVE_POTERIE,06:48:01,0.0,L18_T019,
synthetic_all_stop_counts,boarding,GENEVE_POTERIE,07:19:01,1.0,L18_T020,
synthetic_all_stop_counts,boarding,GENEVE_POTERIE,08:36:01,2.0,L18_T021,
synthetic_all_stop_counts,boarding,GENEVE_POTERIE,07:37:01,2.0,L18_T022,
synthetic_all_stop_counts,boarding,GENEVE_POTERIE,07:57:01,4.0,L18_T023,
synthetic_all_stop_counts,boarding,GENEVE_POTERIE,08:54:01,0.0,L18_T024,
synthetic_all_stop_counts,boarding,GENEVE_POTERIE,09:12:01,0.0,L18_T025,
synthetic_all_stop_counts,boarding,GENEVE_POTERIE,08:17:01,1.0,L18_T026,
synthetic_all_stop_counts,boarding,GENEVE_POTERIE,08:07:01,4.0,L18_T028,
synthetic_all_stop_counts,boarding,GENEVE_POTERIE,06:57:01,1.0,L18_T029,
synthetic_all_stop_counts,boarding,GENEVE_POTERIE,07:08:01,1.0,L18_T030,
synthetic_all_stop_counts,boarding,GENEVE_POTERIE,08:45:01,1.0,L18_T031,
synthetic_all_stop_counts,boarding,GENEVE_POTERIE,08:26:01,1.0,L18_T032,
synthetic_all_stop_counts,boarding,GENEVE_POTERIE,07:47:01,1.0,L18_T033,
synthetic_all_stop_counts,boarding,GENEVE_POTERIE,07:29:01,5.0,L18_T034,
synthetic_all_stop_counts,boarding,GENEVE_POTERIE,09:03:01,0.0,L18_T035,
synthetic_all_stop_counts,boarding,GENEVE_RIVE,06:51:01,0.0,L12_T001,
synthetic_all_stop_counts,boarding,GENEVE_RIVE,07:31:01,0.0,L12_T002,
synthetic_all_stop_counts,boarding,GENEVE_RIVE,08:56:01,0.0,L12_T003,
synthetic_all_stop_counts,boarding,GENEVE_RIVE,07:41:01,0.0,L12_T004,
synthetic_all_stop_counts,boarding,GENEVE_RIVE,08:09:01,0.0,L12_T005,
synthetic_all_stop_counts,boarding,GENEVE_RIVE,08:37:01,0.0,L12_T006,
synthetic_all_stop_counts,boarding,GENEVE_RIVE,07:11:01,0.0,L12_T007,
synthetic_all_stop_counts,boarding,GENEVE_RIVE,07:01:01,0.0,L12_T008,
synthetic_all_stop_counts,boarding,GENEVE_RIVE,07:21:01,0.0,L12_T009,
synthetic_all_stop_counts,boarding,GENEVE_RIVE,08:18:01,0.0,L12_T010,
synthetic_all_stop_counts,boarding,GENEVE_RIVE,08:46:01,0.0,L12_T011,
synthetic_all_stop_counts,boarding,GENEVE_RIVE,07:50:01,0.0,L12_T012,
synthetic_all_stop_counts,boarding,GENEVE_RIVE,09:05:01,0.0,L12_T013,
synthetic_all_stop_counts,boarding,GENEVE_RIVE,07:59:01,0.0,L12_T014,
synthetic_all_stop_counts,boarding,GENEVE_RIVE,08:27:01,0.0,L12_T015,
synthetic_all_stop_counts,boarding,GENEVE_RIVE,09:14:01,0.0,L12_T016,
synthetic_all_stop_counts,boarding,GENEVE_RIVE,09:10:01,0.0,L12_T017,
synthetic_all_stop_counts,boarding,GENEVE_RIVE,08:23:01,0.0,L12_T018,
synthetic_all_stop_counts,boarding,GENEVE_RIVE,06:56:01,0.0,L12_T019,
synthetic_all_stop_counts,boarding,GENEVE_RIVE,07:06:01,0.0,L12_T020,
synthetic_all_stop_counts,boarding,GENEVE_RIVE,07:16:01,0.0,L12_T021,
synthetic_all_stop_counts,boarding,GENEVE_RIVE,06:49:01,0.0,L12_T022,
synthetic_all_stop_counts,boarding,GENEVE_RIVE,07:26:01,0.0,L12_T023,
synthetic_all_stop_counts,boarding,GENEVE_RIVE,07:36:01,0.0,L12_T024,
synthetic_all_stop_counts,boarding,GENEVE_RIVE,07:54:01,0.0,L12_T025,
synthetic_all_stop_counts,boarding,GENEVE_RIVE,08:41:01,0.0,L12_T027,
synthetic_all_stop_counts,boarding,GENEVE_RIVE,08:51:01,0.0,L12_T028,
synthetic_all_stop_counts,boarding,GENEVE_RIVE,08:04:01,0.0,L12_T029,
synthetic_all_stop_counts,boarding,GENEVE_RIVE,08:32:01,0.0,L12_T030,
synthetic_all_stop_counts,boarding,GENEVE_RIVE,09:00:01,0.0,L12_T031,
synthetic_all_stop_counts,boarding,GENEVE_RIVE,08:13:01,0.0,L12_T032,
synthetic_all_stop_counts,boarding,GENEVE_RIVE,07:45:01,0.0,L12_T033,
synthetic_all_stop_counts,boarding,GENEVE_RIVE,07:22:01,0.0,L12_T034,
synthetic_all_stop_counts,boarding,GENEVE_RIVE,07:01:01,0.0,L12_T036,
synthetic_all_stop_counts,boarding,GENEVE_RIVE,06:50:01,0.0,L12_T037,
synthetic_all_stop_counts,boarding,GENEVE_RIVE,07:31:01,0.0,L12_T038,
synthetic_all_stop_counts,boarding,GENEVE_RIVE,07:50:01,0.0,L12_T039,
synthetic_all_stop_counts,boarding,GENEVE_RIVE,08:57:01,0.0,L12_T040,
synthetic_all_stop_counts,boarding,GENEVE_RIVE,08:10:01,0.0,L12_T041,
synthetic_all_stop_counts,boarding,GENEVE_RIVE,08:29:01,0.0,L12_T042,
synthetic_all_stop_counts,boarding,GENEVE_RIVE,07:10:01,0.0,L12_T043,
synthetic_all_stop_counts,boarding,GENEVE_RIVE,08:38:01,0.0,L12_T044,
synthetic_all_stop_counts,boarding,GENEVE_RIVE,07:41:01,0.0,L12_T045,
synthetic_all_stop_counts,boarding,GENEVE_RIVE,08:19:01,0.0,L12_T046,
synthetic_all_stop_counts,boarding,GENEVE_RIVE,08:00:01,0.0,L12_T047,
synthetic_all_stop_counts,boarding,GENEVE_RIVE,08:48:01,0.0,L12_T048,
synthetic_all_stop_counts,boarding,GENEVE_RIVE,09:06:01,0.0,L12_T049,
synthetic_all_stop_counts,boarding,GENEVE_RIVE,09:10:01,0.0,L12_T050,
synthetic_all_stop_counts,boarding,GENEVE_RIVE,06:56:01,0.0,L12_T052,
synthetic_all_stop_counts,boarding,GENEVE_RIVE,07:05:01,0.0,L12_T053,
synthetic_all_stop_counts,boarding,GENEVE_RIVE,07:16:01,0.0,L12_T054,
synthetic_all_stop_counts,boarding,GENEVE_RIVE,07:36:01,0.0,L12_T055,
synthetic_all_stop_counts,boarding,GENEVE_RIVE,09:01:01,0.0,L12_T056,
synthetic_all_stop_counts,boarding,GENEVE_RIVE,08:33:01,0.0,L12_T057,
synthetic_all_stop_counts,boarding,GENEVE_RIVE,08:43:01,0.0,L12_T058,
synthetic_all_stop_counts,boarding,GENEVE_RIVE,07:26:01,0.0,L12_T059,
synthetic_all_stop_counts,boarding,GENEVE_RIVE,07:46:01,0.0,L12_T060,
synthetic_all_stop_counts,boarding,GENEVE_RIVE,08:15:01,0.0,L12_T061,
synthetic_all_stop_counts,boarding,GENEVE_RIVE,08:05:01,0.0,L12_T062,
synthetic_all_stop_counts,boarding,GENEVE_RIVE,08:52:01,0.0,L12_T063,
synthetic_all_stop_counts,boarding,GENEVE_RIVE,08:24:01,0.0,L12_T064,
synthetic_all_stop_counts,boarding,GENEVE_RIVE,07:55:01,0.0,L12_T065,
synthetic_all_stop_counts,boarding,GENEVE_SERVETTE,06:54:01,0.0,L14_T002,
synthetic_all_stop_counts,boarding,GENEVE_SERVETTE,08:38:01,0.0,L14_T003,
synthetic_all_stop_counts,boarding,GENEVE_SERVETTE,08:11:01,0.0,L14_T004,
synthetic_all_stop_counts,boarding,GENEVE_SERVETTE,07:11:01,0.0,L14_T005,
synthetic_all_stop_counts,boarding,GENEVE_SERVETTE,07:21:01,0.0,L14_T006,
synthetic_all_stop_counts,boarding,GENEVE_SERVETTE,07:31:01,0.0,L14_T007,
synthetic_all_stop_counts,boarding,GENEVE_SERVETTE,07:42:01,0.0,L14_T008,
synthetic_all_stop_counts,boarding,GENEVE_SERVETTE,07:52:01,0.0,L14_T009,
synthetic_all_stop_counts,boarding,GENEVE_SERVETTE,08:57:01,0.0,L14_T010,
synthetic_all_stop_counts,boarding,GENEVE_SERVETTE,08:47:01,0.0,L14_T011,
synthetic_all_stop_counts,boarding,GENEVE_SERVETTE,08:02:01,0.0,L14_T012,
synthetic_all_stop_counts,boarding,GENEVE_SERVETTE,08:29:01,0.0,L14_T013,
synthetic_all_stop_counts,boarding,GENEVE_SERVETTE,08:20:01,0.0,L14_T014,
synthetic_all_stop_counts,boarding,GENEVE_SERVETTE,09:06:01,0.0,L14_T017,
synthetic_all_stop_counts,boarding,GENEVE_SERVETTE,06:45:01,0.0,L14_T019,
synthetic_all_stop_counts,boarding,GENEVE_SERVETTE,07:37:01,0.0,L14_T021,
synthetic_all_stop_counts,boarding,GENEVE_SERVETTE,09:02:01,0.0,L14_T022,
synthetic_all_stop_counts,boarding,GENEVE_SERVETTE,07:47:01,0.0,L14_T024,
synthetic_all_stop_counts,boarding,GENEVE_SERVETTE,07:57:01,0.0,L14_T025,
synthetic_all_stop_counts,boarding,GENEVE_SERVETTE,08:52:01,0.0,L14_T026,
synthetic_all_stop_counts,boarding,GENEVE_SERVETTE,08:43:01,0.0,L14_T027,
synthetic_all_stop_counts,boarding,GENEVE_SERVETTE,08:33:01,0.0,L14_T028,
synthetic_all_stop_counts,boarding,GENEVE_SERVETTE,08:24:01,0.0,L14_T029,
synthetic_all_stop_counts,boarding,GENEVE_SERVETTE,08:06:01,0.0,L14_T030,
synthetic_all_stop_counts,boarding,GENEVE_SERVETTE,08:16:01,0.0,L14_T031,
synthetic_all_stop_counts,boarding,GENEVE_SERVETTE,07:16:01,0.0,L14_T032,
synthetic_all_stop_counts,boarding,GENEVE_SERVETTE,07:26:01,0.0,L14_T033,
synthetic_all_stop_counts,boarding,GENEVE_SERVETTE,07:06:01,0.0,L14_T034,
synthetic_all_stop_counts,boarding,GENEVE_SERVETTE,09:11:01,0.0,L14_T035,
synthetic_all_stop_counts,boarding,GENEVE_SERVETTE,07:01:01,0.0,L14_T038,
synthetic_all_stop_counts,boarding,GENEVE_SERVETTE,06:48:01,0.0,L14_T039,
synthetic_all_stop_counts,boarding,GENEVE_SERVETTE,07:25:01,0.0,L14_T040,
synthetic_all_stop_counts,boarding,GENEVE_SERVETTE,08:41:01,0.0,L14_T041,
synthetic_all_stop_counts,boarding,GENEVE_SERVETTE,08:23:01,0.0,L14_T042,
synthetic_all_stop_counts,boarding,GENEVE_SERVETTE,07:15:01,0.0,L14_T044,
synthetic_all_stop_counts,boarding,GENEVE_SERVETTE,07:33:01,0.0,L14_T045,
synthetic_all_stop_counts,boarding,GENEVE_SERVETTE,09:09:01,0.0,L14_T046,
synthetic_all_stop_counts,boarding,GENEVE_SERVETTE,09:00:01,0.0,L14_T047,
synthetic_all_stop_counts,boarding,GENEVE_SERVETTE,08:13:01,0.0,L14_T048,
synthetic_all_stop_counts,boarding,GENEVE_SERVETTE,08:32:01,0.0,L14_T049,
synthetic_all_stop_counts,boarding,GENEVE_SERVETTE,07:53:01,0.0,L14_T050,
synthetic_all_stop_counts,boarding,GENEVE_SERVETTE,07:43:01,0.0,L14_T051,
synthetic_all_stop_counts,boarding,GENEVE_SERVETTE,08:03:01,0.0,L14_T052,
synthetic_all_stop_counts,boarding,GENEVE_SERVETTE,08:50:01,0.0,L14_T053,
synthetic_all_stop_counts,boarding,GENEVE_SERVETTE,07:04:01,0.0,L14_T054,
synthetic_all_stop_counts,boarding,GENEVE_SERVETTE,06:51:01,0.0,L14_T055,
synthetic_all_stop_counts,boarding,GENEVE_SERVETTE,07:20:01,0.0,L14_T056,
synthetic_all_stop_counts,boarding,GENEVE_SERVETTE,09:13:01,0.0,L14_T057,
synthetic_all_stop_counts,boarding,GENEVE_SERVETTE,09:04:01,0.0,L14_T058,
synthetic_all_stop_counts,boarding,GENEVE_SERVETTE,08:55:01,0.0,L14_T059,
synthetic_all_stop_counts,boarding,GENEVE_SERVETTE,07:49:01,0.0,L14_T060,
synthetic_all_stop_counts,boarding,GENEVE_SERVETTE,07:59:01,0.0,L14_T061,
synthetic_all_stop_counts,boarding,GENEVE_SERVETTE,07:09:01,0.0,L14_T063,
synthetic_all_stop_counts,boarding,GENEVE_SERVETTE,07:29:01,0.0,L14_T064,
synthetic_all_stop_counts,boarding,GENEVE_SERVETTE,08:37:01,0.0,L14_T065,
synthetic_all_stop_counts,boarding,GENEVE_SERVETTE,07:39:01,0.0,L14_T066,
synthetic_all_stop_counts,boarding,GENEVE_SERVETTE,08:08:01,0.0,L14_T067,
synthetic_all_stop_counts,boarding,GENEVE_SERVETTE,08:18:01,0.0,L14_T068,
synthetic_all_stop_counts,boarding,GENEVE_SERVETTE,08:27:01,0.0,L14_T069,
synthetic_all_stop_counts,boarding,GENEVE_SERVETTE,06:59:01,0.0,L14_T071,
synthetic_all_stop_counts,boarding,GENEVE_SERVETTE,08:46:01,0.0,L14_T072,
synthetic_all_stop_counts,boarding,GENEVE_SERVETTE,07:19:01,0.0,L18_T001,
synthetic_all_stop_counts,boarding,GENEVE_SERVETTE,06:59:01,0.0,L18_T002,
synthetic_all_stop_counts,boarding,GENEVE_SERVETTE,08:36:01,0.0,L18_T003,
synthetic_all_stop_counts,boarding,GENEVE_SERVETTE,07:40:01,0.0,L18_T004,
synthetic_all_stop_counts,boarding,GENEVE_SERVETTE,09:13:01,0.0,L18_T005,
synthetic_all_stop_counts,boarding,GENEVE_SERVETTE,08:18:01,0.0,L18_T007,
synthetic_all_stop_counts,boarding,GENEVE_SERVETTE,08:55:01,0.0,L18_T008,
synthetic_all_stop_counts,boarding,GENEVE_SERVETTE,07:59:01,0.0,L18_T009,
synthetic_all_stop_counts,boarding,GENEVE_SERVETTE,07:09:01,0.0,L18_T010,
synthetic_all_stop_counts,boarding,GENEVE_SERVETTE,07:29:01,0.0,L18_T011,
synthetic_all_stop_counts,boarding,GENEVE_SERVETTE,08:45:01,0.0,L18_T012,
synthetic_all_stop_counts,boarding,GENEVE_SERVETTE,09:04:01,0.0,L18_T013,
synthetic_all_stop_counts,boarding,GENEVE_SERVETTE,08:08:01,0.0,L18_T015,
synthetic_all_stop_counts,boarding,GENEVE_SERVETTE,07:49:01,0.0,L18_T016,
synthetic_all_stop_counts,boarding,GENEVE_SERVETTE,08:27:01,0.0,L18_T017,
synthetic_all_stop_counts,boarding,GENEVE_SERVETTE,06:46:01,0.0,L18_T019,
synthetic_all_stop_counts,boarding,GENEVE_SERVETTE,07:18:01,0.0,L18_T020,
synthetic_all_stop_counts,boarding,GENEVE_SERVETTE,08:35:01,0.0,L18_T021,
synthetic_all_stop_counts,boarding,GENEVE_SERVETTE,07:36:01,0.0,L18_T022,
synthetic_all_stop_counts,boarding,GENEVE_SERVETTE,07:56:01,0.0,L18_T023,
synthetic_all_stop_counts,boarding,GENEVE_SERVETTE,08:53:01,0.0,L18_T024,
synthetic_all_stop_counts,boarding,GENEVE_SERVETTE,09:11:01,0.0,L18_T025,
synthetic_all_stop_counts,boarding,GENEVE_SERVETTE,08:15:01,0.0,L18_T026,
synthetic_all_stop_counts,boarding,GENEVE_SERVETTE,08:06:01,0.0,L18_T028,
synthetic_all_stop_counts,boarding,GENEVE_SERVETTE,06:56:01,0.0,L18_T029,
synthetic_all_stop_counts,boarding,GENEVE_SERVETTE,07:07:01,0.0,L18_T030,
synthetic_all_stop_counts,boarding,GENEVE_SERVETTE,08:44:01,0.0,L18_T031,
synthetic_all_stop_counts,boarding,GENEVE_SERVETTE,08:25:01,0.0,L18_T032,
synthetic_all_stop_counts,boarding,GENEVE_SERVETTE,07:46:01,0.0,L18_T033,
synthetic_all_stop_counts,boarding,GENEVE_SERVETTE,07:27:01,0.0,L18_T034,
synthetic_all_stop_counts,boarding,GENEVE_SERVETTE,09:02:01,0.0,L18_T035,
synthetic_all_stop_counts,boarding,GENEVE_STAND,09:14:01,0.0,L14_T001,
synthetic_all_stop_counts,boarding,GENEVE_STAND,08:27:01,0.0,L14_T003,
synthetic_all_stop_counts,boarding,GENEVE_STAND,07:59:01,0.0,L14_T004,
synthetic_all_stop_counts,boarding,GENEVE_STAND,07:01:01,0.0,L14_T005,
synthetic_all_stop_counts,boarding,GENEVE_STAND,07:11:01,0.0,L14_T006,
synthetic_all_stop_counts,boarding,GENEVE_STAND,07:21:01,0.0,L14_T007,
synthetic_all_stop_counts,boarding,GENEVE_STAND,07:31:01,0.0,L14_T008,
synthetic_all_stop_counts,boarding,GENEVE_STAND,07:41:01,0.0,L14_T009,
synthetic_all_stop_counts,boarding,GENEVE_STAND,08:46:01,0.0,L14_T010,
synthetic_all_stop_counts,boarding,GENEVE_STAND,08:36:01,0.0,L14_T011,
synthetic_all_stop_counts,boarding,GENEVE_STAND,07:51:01,0.0,L14_T012,
synthetic_all_stop_counts,boarding,GENEVE_STAND,08:18:01,0.0,L14_T013,
synthetic_all_stop_counts,boarding,GENEVE_STAND,08:09:01,0.0,L14_T014,
synthetic_all_stop_counts,boarding,GENEVE_STAND,08:55:01,0.0,L14_T017,
synthetic_all_stop_counts,boarding,GENEVE_STAND,09:05:01,0.0,L14_T018,
synthetic_all_stop_counts,boarding,GENEVE_STAND,09:09:01,0.0,L14_T020,
synthetic_all_stop_counts,boarding,GENEVE_STAND,07:26:01,0.0,L14_T021,
synthetic_all_stop_counts,boarding,GENEVE_STAND,08:51:01,0.0,L14_T022,
synthetic_all_stop_counts,boarding,GENEVE_STAND,07:36:01,0.0,L14_T024,
synthetic_all_stop_counts,boarding,GENEVE_STAND,07:46:01,0.0,L14_T025,
synthetic_all_stop_counts,boarding,GENEVE_STAND,08:41:01,0.0,L14_T026,
synthetic_all_stop_counts,boarding,GENEVE_STAND,08:32:01,0.0,L14_T027,
synthetic_all_stop_counts,boarding,GENEVE_STAND,08:22:01,0.0,L14_T028,
synthetic_all_stop_counts,boarding,GENEVE_STAND,08:13:01,0.0,L14_T029,
synthetic_all_stop_counts,boarding,GENEVE_STAND,07:55:01,0.0,L14_T030,
synthetic_all_stop_counts,boarding,GENEVE_STAND,08:04:01,0.0,L14_T031,
synthetic_all_stop_counts,boarding,GENEVE_STAND,07:06:01,0.0,L14_T032,
synthetic_all_stop_counts,boarding,GENEVE_STAND,07:16:01,0.0,L14_T033,
synthetic_all_stop_counts,boarding,GENEVE_STAND,06:56:01,0.0,L14_T034,
synthetic_all_stop_counts,boarding,GENEVE_STAND,09:00:01,0.0,L14_T035,
synthetic_all_stop_counts,boarding,GENEVE_STAND,06:46:01,0.0,L14_T036,
synthetic_all_stop_counts,boarding,GENEVE_STAND,06:53:01,0.0,L14_T037,
synthetic_all_stop_counts,boarding,GENEVE_STAND,07:11:01,0.0,L14_T038,
synthetic_all_stop_counts,boarding,GENEVE_STAND,06:58:01,0.0,L14_T039,
synthetic_all_stop_counts,boarding,GENEVE_STAND,07:35:01,0.0,L14_T040,
synthetic_all_stop_counts,boarding,GENEVE_STAND,08:51:01,0.0,L14_T041,
synthetic_all_stop_counts,boarding,GENEVE_STAND,08:33:01,0.0,L14_T042,
synthetic_all_stop_counts,boarding,GENEVE_STAND,07:26:01,0.0,L14_T044,
synthetic_all_stop_counts,boarding,GENEVE_STAND,07:44:01,0.0,L14_T045,
synthetic_all_stop_counts,boarding,GENEVE_STAND,09:10:01,0.0,L14_T047,
synthetic_all_stop_counts,boarding,GENEVE_STAND,08:24:01,0.0,L14_T048,
synthetic_all_stop_counts,boarding,GENEVE_STAND,08:42:01,0.0,L14_T049,
synthetic_all_stop_counts,boarding,GENEVE_STAND,08:04:01,0.0,L14_T050,
synthetic_all_stop_counts,boarding,GENEVE_STAND,07:54:01,0.0,L14_T051,
synthetic_all_stop_counts,boarding,GENEVE_STAND,08:14:01,0.0,L14_T052,
synthetic_all_stop_counts,boarding,GENEVE_STAND,09:00:01,0.0,L14_T053,
synthetic_all_stop_counts,boarding,GENEVE_STAND,07:15:01,0.0,L14_T054,
synthetic_all_stop_counts,boarding,GENEVE_STAND,07:01:01,0.0,L14_T055,
synthetic_all_stop_counts,boarding,GENEVE_STAND,07:30:01,0.0,L14_T056,
synthetic_all_stop_counts,boarding,GENEVE_STAND,09:14:01,0.0,L14_T058,
synthetic_all_stop_counts,boarding,GENEVE_STAND,09:05:01,0.0,L14_T059,
synthetic_all_stop_counts,boarding,GENEVE_STAND,07:59:01,0.0,L14_T060,
synthetic_all_stop_counts,boarding,GENEVE_STAND,08:09:01,0.0,L14_T061,
synthetic_all_stop_counts,boarding,GENEVE_STAND,07:20:01,0.0,L14_T063,
synthetic_all_stop_counts,boarding,GENEVE_STAND,07:40:01,0.0,L14_T064,
synthetic_all_stop_counts,boarding,GENEVE_STAND,08:47:01,0.0,L14_T065,
synthetic_all_stop_counts,boarding,GENEVE_STAND,07:50:01,0.0,L14_T066,
synthetic_all_stop_counts,boarding,GENEVE_STAND,08:19:01,0.0,L14_T067,
synthetic_all_stop_counts,boarding,GENEVE_STAND,08:29:01,0.0,L14_T068,
synthetic_all_stop_counts,boarding,GENEVE_STAND,08:38:01,0.0,L14_T069,
synthetic_all_stop_counts,boarding,GENEVE_STAND,06:50:01,0.0,L14_T070,
synthetic_all_stop_counts,boarding,GENEVE_STAND,07:09:01,0.0,L14_T071,
synthetic_all_stop_counts,boarding,GENEVE_STAND,08:56:01,0.0,L14_T072,
synthetic_all_stop_counts,boarding,GENEVE_TERRASSIERE,06:52:01,0.0,L12_T001,
synthetic_all_stop_counts,boarding,GENEVE_TERRASSIERE,07:32:01,0.0,L12_T002,
synthetic_all_stop_counts,boarding,GENEVE_TERRASSIERE,08:57:01,0.0,L12_T003,
synthetic_all_stop_counts,boarding,GENEVE_TERRASSIERE,07:42:01,0.0,L12_T004,
synthetic_all_stop_counts,boarding,GENEVE_TERRASSIERE,08:10:01,0.0,L12_T005,
synthetic_all_stop_counts,boarding,GENEVE_TERRASSIERE,08:38:01,0.0,L12_T006,
synthetic_all_stop_counts,boarding,GENEVE_TERRASSIERE,07:12:01,0.0,L12_T007,
synthetic_all_stop_counts,boarding,GENEVE_TERRASSIERE,07:02:01,0.0,L12_T008,
synthetic_all_stop_counts,boarding,GENEVE_TERRASSIERE,07:22:01,0.0,L12_T009,
synthetic_all_stop_counts,boarding,GENEVE_TERRASSIERE,08:19:01,0.0,L12_T010,
synthetic_all_stop_counts,boarding,GENEVE_TERRASSIERE,08:47:01,0.0,L12_T011,
synthetic_all_stop_counts,boarding,GENEVE_TERRASSIERE,07:51:01,0.0,L12_T012,
synthetic_all_stop_counts,boarding,GENEVE_TERRASSIERE,09:06:01,0.0,L12_T013,
synthetic_all_stop_counts,boarding,GENEVE_TERRASSIERE,08:01:01,0.0,L12_T014,
synthetic_all_stop_counts,boarding,GENEVE_TERRASSIERE,08:29:01,0.0,L12_T015,
synthetic_all_stop_counts,boarding,GENEVE_TERRASSIERE,09:11:01,0.0,L12_T017,
synthetic_all_stop_counts,boarding,GENEVE_TERRASSIERE,08:24:01,0.0,L12_T018,
synthetic_all_stop_counts,boarding,GENEVE_TERRASSIERE,06:57:01,0.0,L12_T019,
synthetic_all_stop_counts,boarding,GENEVE_TERRASSIERE,07:07:01,0.0,L12_T020,
synthetic_all_stop_counts,boarding,GENEVE_TERRASSIERE,07:17:01,0.0,L12_T021,
synthetic_all_stop_counts,boarding,GENEVE_TERRASSIERE,06:50:01,0.0,L12_T022,
synthetic_all_stop_counts,boarding,GENEVE_TERRASSIERE,07:28:01,0.0,L12_T023,
synthetic_all_stop_counts,boarding,GENEVE_TERRASSIERE,07:37:01,0.0,L12_T024,
synthetic_all_stop_counts,boarding,GENEVE_TERRASSIERE,07:55:01,0.0,L12_T025,
synthetic_all_stop_counts,boarding,GENEVE_TERRASSIERE,08:42:01,0.0,L12_T027,
synthetic_all_stop_counts,boarding,GENEVE_TERRASSIERE,08:52:01,0.0,L12_T028,
synthetic_all_stop_counts,boarding,GENEVE_TERRASSIERE,08:05:01,0.0,L12_T029,
synthetic_all_stop_counts,boarding,GENEVE_TERRASSIERE,08:33:01,0.0,L12_T030,
synthetic_all_stop_counts,boarding,GENEVE_TERRASSIERE,09:02:01,0.0,L12_T031,
synthetic_all_stop_counts,boarding,GENEVE_TERRASSIERE,08:15:01,0.0,L12_T032,
synthetic_all_stop_counts,boarding,GENEVE_TERRASSIERE,07:47:01,0.0,L12_T033,
synthetic_all_stop_counts,boarding,GENEVE_TERRASSIERE,07:20:01,0.0,L12_T034,
synthetic_all_stop_counts,boarding,GENEVE_TERRASSIERE,09:13:01,0.0,L12_T035,
synthetic_all_stop_counts,boarding,GENEVE_TERRASSIERE,06:59:01,0.0,L12_T036,
synthetic_all_stop_counts,boarding,GENEVE_TERRASSIERE,06:48:01,0.0,L12_T037,
synthetic_all_stop_counts,boarding,GENEVE_TERRASSIERE,07:30:01,0.0,L12_T038,
synthetic_all_stop_counts,boarding,GENEVE_TERRASSIERE,07:49:01,0.0,L12_T039,
synthetic_all_stop_counts,boarding,GENEVE_TERRASSIERE,08:55:01,0.0,L12_T040,
synthetic_all_stop_counts,boarding,GENEVE_TERRASSIERE,08:08:01,0.0,L12_T041,
synthetic_all_stop_counts,boarding,GENEVE_TERRASSIERE,08:27:01,0.0,L12_T042,
synthetic_all_stop_counts,boarding,GENEVE_TERRASSIERE,07:08:01,0.0,L12_T043,
synthetic_all_stop_counts,boarding,GENEVE_TERRASSIERE,08:36:01,0.0,L12_T044,
synthetic_all_stop_counts,boarding,GENEVE_TERRASSIERE,07:39:01,0.0,L12_T045,
synthetic_all_stop_counts,boarding,GENEVE_TERRASSIERE,08:18:01,0.0,L12_T046,
synthetic_all_stop_counts,boarding,GENEVE_TERRASSIERE,07:59:01,0.0,L12_T047,
synthetic_all_stop_counts,boarding,GENEVE_TERRASSIERE,08:46:01,0.0,L12_T048,
synthetic_all_stop_counts,boarding,GENEVE_TERRASSIERE,09:04:01,0.0,L12_T049,
synthetic_all_stop_counts,boarding,GENEVE_TERRASSIERE,09:08:01,0.0,L12_T050,
synthetic_all_stop_counts,boarding,GENEVE_TERRASSIERE,06:54:01,0.0,L12_T052,
synthetic_all_stop_counts,boarding,GENEVE_TERRASSIERE,07:03:01,0.0,L12_T053,
synthetic_all_stop_counts,boarding,GENEVE_TERRASSIERE,07:14:01,0.0,L12_T054,
synthetic_all_stop_counts,boarding,GENEVE_TERRASSIERE,07:35:01,0.0,L12_T055,
synthetic_all_stop_counts,boarding,GENEVE_TERRASSIERE,09:00:01,0.0,L12_T056,
synthetic_all_stop_counts,boarding,GENEVE_TERRASSIERE,08:31:01,0.0,L12_T057,
synthetic_all_stop_counts,boarding,GENEVE_TERRASSIERE,08:41:01,0.0,L12_T058,
synthetic_all_stop_counts,boarding,GENEVE_TERRASSIERE,07:25:01,0.0,L12_T059,
synthetic_all_stop_counts,boarding,GENEVE_TERRASSIERE,07:44:01,0.0,L12_T060,
synthetic_all_stop_counts,boarding,GENEVE_TERRASSIERE,08:13:01,0.0,L12_T061,
synthetic_all_stop_counts,boarding,GENEVE_TERRASSIERE,08:03:01,0.0,L12_T062,
synthetic_all_stop_counts,boarding,GENEVE_TERRASSIERE,08:50:01,0.0,L12_T063,
synthetic_all_stop_counts,boarding,GENEVE_TERRASSIERE,08:22:01,0.0,L12_T064,
synthetic_all_stop_counts,boarding,GENEVE_TERRASSIERE,07:53:01,0.0,L12_T065,
synthetic_all_stop_counts,boarding,GENEVE_VIEUSSEUX,06:55:01,1.0,L14_T002,
synthetic_all_stop_counts,boarding,GENEVE_VIEUSSEUX,08:39:01,0.0,L14_T003,
synthetic_all_stop_counts,boarding,GENEVE_VIEUSSEUX,08:12:01,0.0,L14_T004,
synthetic_all_stop_counts,boarding,GENEVE_VIEUSSEUX,07:12:01,1.0,L14_T005,
synthetic_all_stop_counts,boarding,GENEVE_VIEUSSEUX,07:22:01,1.0,L14_T006,
synthetic_all_stop_counts,boarding,GENEVE_VIEUSSEUX,07:32:01,0.0,L14_T007,
synthetic_all_stop_counts,boarding,GENEVE_VIEUSSEUX,07:43:01,0.0,L14_T008,
synthetic_all_stop_counts,boarding,GENEVE_VIEUSSEUX,07:53:01,0.0,L14_T009,
synthetic_all_stop_counts,boarding,GENEVE_VIEUSSEUX,08:58:01,0.0,L14_T010,
synthetic_all_stop_counts,boarding,GENEVE_VIEUSSEUX,08:48:01,0.0,L14_T011,
synthetic_all_stop_counts,boarding,GENEVE_VIEUSSEUX,08:03:01,1.0,L14_T012,
synthetic_all_stop_counts,boarding,GENEVE_VIEUSSEUX,08:30:01,1.0,L14_T013,
synthetic_all_stop_counts,boarding,GENEVE_VIEUSSEUX,08:21:01,0.0,L14_T014,
synthetic_all_stop_counts,boarding,GENEVE_VIEUSSEUX,09:07:01,0.0,L14_T017,
synthetic_all_stop_counts,boarding,GENEVE_VIEUSSEUX,06:46:01,0.0,L14_T019,
synthetic_all_stop_counts,boarding,GENEVE_VIEUSSEUX,07:39:01,1.0,L14_T021,
synthetic_all_stop_counts,boarding,GENEVE_VIEUSSEUX,09:03:01,0.0,L14_T022,
synthetic_all_stop_counts,boarding,GENEVE_VIEUSSEUX,07:48:01,0.0,L14_T024,
synthetic_all_stop_counts,boarding,GENEVE_VIEUSSEUX,07:58:01,1.0,L14_T025,
synthetic_all_stop_counts,boarding,GENEVE_VIEUSSEUX,08:53:01,0.0,L14_T026,
synthetic_all_stop_counts,boarding,GENEVE_VIEUSSEUX,08:44:01,0.0,L14_T027,
synthetic_all_stop_counts,boarding,GENEVE_VIEUSSEUX,08:34:01,1.0,L14_T028,
synthetic_all_stop_counts,boarding,GENEVE_VIEUSSEUX,08:26:01,2.0,L14_T029,
synthetic_all_stop_counts,boarding,GENEVE_VIEUSSEUX,08:08:01,1.0,L14_T030,
synthetic_all_stop_counts,boarding,GENEVE_VIEUSSEUX,08:17:01,0.0,L14_T031,
synthetic_all_stop_counts,boarding,GENEVE_VIEUSSEUX,07:17:01,1.0,L14_T032,
synthetic_all_stop_counts,boarding,GENEVE_VIEUSSEUX,07:27:01,1.0,L14_T033,
synthetic_all_stop_counts,boarding,GENEVE_VIEUSSEUX,07:07:01,2.0,L14_T034,
synthetic_all_stop_counts,boarding,GENEVE_VIEUSSEUX,09:12:01,0.0,L14_T035,
synthetic_all_stop_counts,boarding,GENEVE_VIEUSSEUX,06:59:01,3.0,L14_T038,
synthetic_all_stop_counts,boarding,GENEVE_VIEUSSEUX,06:46:01,0.0,L14_T039,
synthetic_all_stop_counts,boarding,GENEVE_VIEUSSEUX,07:23:01,2.0,L14_T040,
synthetic_all_stop_counts,boarding,GENEVE_VIEUSSEUX,08:40:01,4.0,L14_T041,
synthetic_all_stop_counts,boarding,GENEVE_VIEUSSEUX,08:21:01,1.0,L14_T042,
synthetic_all_stop_counts,boarding,GENEVE_VIEUSSEUX,07:14:01,3.0,L14_T044,
synthetic_all_stop_counts,boarding,GENEVE_VIEUSSEUX,07:32:01,4.0,L14_T045,
synthetic_all_stop_counts,boarding,GENEVE_VIEUSSEUX,09:07:01,0.0,L14_T046,
synthetic_all_stop_counts,boarding,GENEVE_VIEUSSEUX,08:58:01,0.0,L14_T047,
synthetic_all_stop_counts,boarding,GENEVE_VIEUSSEUX,08:11:01,1.0,L14_T048,
synthetic_all_stop_counts,boarding,GENEVE_VIEUSSEUX,08:31:01,12.0,L14_T049,
synthetic_all_stop_counts,boarding,GENEVE_VIEUSSEUX,07:52:01,1.0,L14_T050,
synthetic_all_stop_counts,boarding,GENEVE_VIEUSSEUX,07:42:01,2.0,L14_T051,
synthetic_all_stop_counts,boarding,GENEVE_VIEUSSEUX,08:02:01,4.0,L14_T052,
synthetic_all_stop_counts,boarding,GENEVE_VIEUSSEUX,08:49:01,1.0,L14_T053,
synthetic_all_stop_counts,boarding,GENEVE_VIEUSSEUX,07:03:01,8.0,L14_T054,
synthetic_all_stop_counts,boarding,GENEVE_VIEUSSEUX,06:49:01,0.0,L14_T055,
synthetic_all_stop_counts,boarding,GENEVE_VIEUSSEUX,07:18:01,0.0,L14_T056,
synthetic_all_stop_counts,boarding,GENEVE_VIEUSSEUX,09:12:01,0.0,L14_T057,
synthetic_all_stop_counts,boarding,GENEVE_VIEUSSEUX,09:03:01,0.0,L14_T058,
synthetic_all_stop_counts,boarding,GENEVE_VIEUSSEUX,08:54:01,0.0,L14_T059,
synthetic_all_stop_counts,boarding,GENEVE_VIEUSSEUX,07:47:01,1.0,L14_T060,
synthetic_all_stop_counts,boarding,GENEVE_VIEUSSEUX,07:57:01,1.0,L14_T061,
synthetic_all_stop_counts,boarding,GENEVE_VIEUSSEUX,07:08:01,5.0,L14_T063,
synthetic_all_stop_counts,boarding,GENEVE_VIEUSSEUX,07:28:01,3.0,L14_T064,
synthetic_all_stop_counts,boarding,GENEVE_VIEUSSEUX,08:35:01,2.0,L14_T065,
synthetic_all_stop_counts,boarding,GENEVE_VIEUSSEUX,07:37:01,2.0,L14_T066,
synthetic_all_stop_counts,boarding,GENEVE_VIEUSSEUX,08:06:01,1.0,L14_T067,
synthetic_all_stop_counts,boarding,GENEVE_VIEUSSEUX,08:16:01,0.0,L14_T068,
synthetic_all_stop_counts,boarding,GENEVE_VIEUSSEUX,08:26:01,2.0,L14_T069,
synthetic_all_stop_counts,boarding,GENEVE_VIEUSSEUX,06:57:01,3.0,L14_T071,
synthetic_all_stop_counts,boarding,GENEVE_VIEUSSEUX,08:44:01,1.0,L14_T072,
synthetic_all_stop_counts,boarding,GENEVE_VIEUSSEUX,07:20:01,0.0,L18_T001,
synthetic_all_stop_counts,boarding,GENEVE_VIEUSSEUX,07:00:01,4.0,L18_T002,
synthetic_all_stop_counts,boarding,GENEVE_VIEUSSEUX,08:37:01,1.0,L18_T003,
synthetic_all_stop_counts,boarding,GENEVE_VIEUSSEUX,07:41:01,1.0,L18_T004,
synthetic_all_stop_counts,boarding,GENEVE_VIEUSSEUX,09:14:01,0.0,L18_T005,
synthetic_all_stop_counts,boarding,GENEVE_VIEUSSEUX,08:19:01,0.0,L18_T007,
synthetic_all_stop_counts,boarding,GENEVE_VIEUSSEUX,08:56:01,0.0,L18_T008,
synthetic_all_stop_counts,boarding,GENEVE_VIEUSSEUX,08:00:01,1.0,L18_T009,
synthetic_all_stop_counts,boarding,GENEVE_VIEUSSEUX,07:10:01,3.0,L18_T010,
synthetic_all_stop_counts,boarding,GENEVE_VIEUSSEUX,07:30:01,2.0,L18_T011,
synthetic_all_stop_counts,boarding,GENEVE_VIEUSSEUX,08:46:01,0.0,L18_T012,
synthetic_all_stop_counts,boarding,GENEVE_VIEUSSEUX,09:05:01,0.0,L18_T013,
synthetic_all_stop_counts,boarding,GENEVE_VIEUSSEUX,08:10:01,0.0,L18_T015,
synthetic_all_stop_counts,boarding,GENEVE_VIEUSSEUX,07:50:01,0.0,L18_T016,
synthetic_all_stop_counts,boarding,GENEVE_VIEUSSEUX,08:28:01,1.0,L18_T017,
synthetic_all_stop_counts,boarding,GENEVE_VIEUSSEUX,06:45:01,0.0,L18_T019,
synthetic_all_stop_counts,boarding,GENEVE_VIEUSSEUX,07:16:01,2.0,L18_T020,
synthetic_all_stop_counts,boarding,GENEVE_VIEUSSEUX,08:33:01,7.0,L18_T021,
synthetic_all_stop_counts,boarding,GENEVE_VIEUSSEUX,07:34:01,3.0,L18_T022,
synthetic_all_stop_counts,boarding,GENEVE_VIEUSSEUX,07:54:01,1.0,L18_T023,
synthetic_all_stop_counts,boarding,GENEVE_VIEUSSEUX,08:51:01,1.0,L18_T024,
synthetic_all_stop_counts,boarding,GENEVE_VIEUSSEUX,09:09:01,0.0,L18_T025,
synthetic_all_stop_counts,boarding,GENEVE_VIEUSSEUX,08:14:01,1.0,L18_T026,
synthetic_all_stop_counts,boarding,GENEVE_VIEUSSEUX,08:04:01,2.0,L18_T028,
synthetic_all_stop_counts,boarding,GENEVE_VIEUSSEUX,06:54:01,1.0,L18_T029,
synthetic_all_stop_counts,boarding,GENEVE_VIEUSSEUX,07:05:01,5.0,L18_T030,
synthetic_all_stop_counts,boarding,GENEVE_VIEUSSEUX,08:42:01,2.0,L18_T031,
synthetic_all_stop_counts,boarding,GENEVE_VIEUSSEUX,08:23:01,1.0,L18_T032,
synthetic_all_stop_counts,boarding,GENEVE_VIEUSSEUX,07:44:01,1.0,L18_T033,
synthetic_all_stop_counts,boarding,GENEVE_VIEUSSEUX,07:26:01,3.0,L18_T034,
synthetic_all_stop_counts,boarding,GENEVE_VIEUSSEUX,09:00:01,0.0,L18_T035,
synthetic_all_stop_counts,boarding,GENEVE_VILLEREUSE,06:53:01,0.0,L12_T001,
synthetic_all_stop_counts,boarding,GENEVE_VILLEREUSE,07:33:01,0.0,L12_T002,
synthetic_all_stop_counts,boarding,GENEVE_VILLEREUSE,08:58:01,0.0,L12_T003,
synthetic_all_stop_counts,boarding,GENEVE_VILLEREUSE,07:43:01,0.0,L12_T004,
synthetic_all_stop_counts,boarding,GENEVE_VILLEREUSE,08:11:01,0.0,L12_T005,
synthetic_all_stop_counts,boarding,GENEVE_VILLEREUSE,08:39:01,0.0,L12_T006,
synthetic_all_stop_counts,boarding,GENEVE_VILLEREUSE,07:13:01,0.0,L12_T007,
synthetic_all_stop_counts,boarding,GENEVE_VILLEREUSE,07:03:01,0.0,L12_T008,
synthetic_all_stop_counts,boarding,GENEVE_VILLEREUSE,07:23:01,0.0,L12_T009,
synthetic_all_stop_counts,boarding,GENEVE_VILLEREUSE,08:20:01,0.0,L12_T010,
synthetic_all_stop_counts,boarding,GENEVE_VILLEREUSE,08:48:01,0.0,L12_T011,
synthetic_all_stop_counts,boarding,GENEVE_VILLEREUSE,07:52:01,0.0,L12_T012,
synthetic_all_stop_counts,boarding,GENEVE_VILLEREUSE,09:07:01,0.0,L12_T013,
synthetic_all_stop_counts,boarding,GENEVE_VILLEREUSE,08:01:03,0.0,L12_T014,
synthetic_all_stop_counts,boarding,GENEVE_VILLEREUSE,08:29:03,0.0,L12_T015,
synthetic_all_stop_counts,boarding,GENEVE_VILLEREUSE,09:12:01,0.0,L12_T017,
synthetic_all_stop_counts,boarding,GENEVE_VILLEREUSE,08:25:01,0.0,L12_T018,
synthetic_all_stop_counts,boarding,GENEVE_VILLEREUSE,06:58:01,0.0,L12_T019,
synthetic_all_stop_counts,boarding,GENEVE_VILLEREUSE,07:08:01,0.0,L12_T020,
synthetic_all_stop_counts,boarding,GENEVE_VILLEREUSE,07:18:01,0.0,L12_T021,
synthetic_all_stop_counts,boarding,GENEVE_VILLEREUSE,06:51:01,0.0,L12_T022,
synthetic_all_stop_counts,boarding,GENEVE_VILLEREUSE,07:28:03,0.0,L12_T023,
synthetic_all_stop_counts,boarding,GENEVE_VILLEREUSE,07:38:01,0.0,L12_T024,
synthetic_all_stop_counts,boarding,GENEVE_VILLEREUSE,07:56:01,0.0,L12_T025,
synthetic_all_stop_counts,boarding,GENEVE_VILLEREUSE,08:43:01,0.0,L12_T027,
synthetic_all_stop_counts,boarding,GENEVE_VILLEREUSE,08:53:01,0.0,L12_T028,
synthetic_all_stop_counts,boarding,GENEVE_VILLEREUSE,08:06:01,0.0,L12_T029,
synthetic_all_stop_counts,boarding,GENEVE_VILLEREUSE,08:34:01,0.0,L12_T030,
synthetic_all_stop_counts,boarding,GENEVE_VILLEREUSE,09:02:03,0.0,L12_T031,
synthetic_all_stop_counts,boarding,GENEVE_VILLEREUSE,08:15:03,0.0,L12_T032,
synthetic_all_stop_counts,boarding,GENEVE_VILLEREUSE,07:47:03,0.0,L12_T033,
synthetic_all_stop_counts,boarding,GENEVE_VILLEREUSE,07:19:01,0.0,L12_T034,
synthetic_all_stop_counts,boarding,GENEVE_VILLEREUSE,09:12:01,0.0,L12_T035,
synthetic_all_stop_counts,boarding,GENEVE_VILLEREUSE,06:58:01,0.0,L12_T036,
synthetic_all_stop_counts,boarding,GENEVE_VILLEREUSE,06:47:01,0.0,L12_T037,
synthetic_all_stop_counts,boarding,GENEVE_VILLEREUSE,07:29:01,0.0,L12_T038,
synthetic_all_stop_counts,boarding,GENEVE_VILLEREUSE,07:48:01,0.0,L12_T039,
synthetic_all_stop_counts,boarding,GENEVE_VILLEREUSE,08:54:01,0.0,L12_T040,
synthetic_all_stop_counts,boarding,GENEVE_VILLEREUSE,08:07:01,0.0,L12_T041,
synthetic_all_stop_counts,boarding,GENEVE_VILLEREUSE,08:26:01,0.0,L12_T042,
synthetic_all_stop_counts,boarding,GENEVE_VILLEREUSE,07:07:01,0.0,L12_T043,
synthetic_all_stop_counts,boarding,GENEVE_VILLEREUSE,08:35:01,0.0,L12_T044,
synthetic_all_stop_counts,boarding,GENEVE_VILLEREUSE,07:38:01,0.0,L12_T045,
synthetic_all_stop_counts,boarding,GENEVE_VILLEREUSE,08:17:01,0.0,L12_T046,
synthetic_all_stop_counts,boarding,GENEVE_VILLEREUSE,07:58:01,0.0,L12_T047,
synthetic_all_stop_counts,boarding,GENEVE_VILLEREUSE,08:45:01,0.0,L12_T048,
synthetic_all_stop_counts,boarding,GENEVE_VILLEREUSE,09:03:01,0.0,L12_T049,
synthetic_all_stop_counts,boarding,GENEVE_VILLEREUSE,09:07:01,0.0,L12_T050,
synthetic_all_stop_counts,boarding,GENEVE_VILLEREUSE,06:53:01,0.0,L12_T052,
synthetic_all_stop_counts,boarding,GENEVE_VILLEREUSE,07:02:01,0.0,L12_T053,
synthetic_all_stop_counts,boarding,GENEVE_VILLEREUSE,07:13:01,0.0,L12_T054,
synthetic_all_stop_counts,boarding,GENEVE_VILLEREUSE,07:34:01,0.0,L12_T055,
synthetic_all_stop_counts,boarding,GENEVE_VILLEREUSE,08:59:01,0.0,L12_T056,
synthetic_all_stop_counts,boarding,GENEVE_VILLEREUSE,08:30:01,0.0,L12_T057,
synthetic_all_stop_counts,boarding,GENEVE_VILLEREUSE,08:40:01,0.0,L12_T058,
synthetic_all_stop_counts,boarding,GENEVE_VILLEREUSE,07:24:01,0.0,L12_T059,
synthetic_all_stop_counts,boarding,GENEVE_VILLEREUSE,07:43:01,0.0,L12_T060,
synthetic_all_stop_counts,boarding,GENEVE_VILLEREUSE,08:12:01,0.0,L12_T061,
synthetic_all_stop_counts,boarding,GENEVE_VILLEREUSE,08:02:01,0.0,L12_T062,
synthetic_all_stop_counts,boarding,GENEVE_VILLEREUSE,08:49:01,0.0,L12_T063,
synthetic_all_stop_counts,boarding,GENEVE_VILLEREUSE,08:21:01,0.0,L12_T064,
synthetic_all_stop_counts,boarding,GENEVE_VILLEREUSE,07:52:01,0.0,L12_T065,
synthetic_all_stop_counts,boarding,GRAND_LANCY_DE_STAEL,07:11:01,0.0,L12_T002,
synthetic_all_stop_counts,boarding,GRAND_LANCY_DE_STAEL,08:35:01,0.0,L12_T003,
synthetic_all_stop_counts,boarding,GRAND_LANCY_DE_STAEL,07:20:01,0.0,L12_T004,
synthetic_all_stop_counts,boarding,GRAND_LANCY_DE_STAEL,07:48:01,0.0,L12_T005,
synthetic_all_stop_counts,boarding,GRAND_LANCY_DE_STAEL,08:16:01,0.0,L12_T006,
synthetic_all_stop_counts,boarding,GRAND_LANCY_DE_STAEL,06:52:01,0.0,L12_T007,
synthetic_all_stop_counts,boarding,GRAND_LANCY_DE_STAEL,07:02:01,0.0,L12_T009,
synthetic_all_stop_counts,boarding,GRAND_LANCY_DE_STAEL,07:58:01,0.0,L12_T010,
synthetic_all_stop_counts,boarding,GRAND_LANCY_DE_STAEL,08:26:01,0.0,L12_T011,
synthetic_all_stop_counts,boarding,GRAND_LANCY_DE_STAEL,07:30:01,0.0,L12_T012,
synthetic_all_stop_counts,boarding,GRAND_LANCY_DE_STAEL,08:45:01,0.0,L12_T013,
synthetic_all_stop_counts,boarding,GRAND_LANCY_DE_STAEL,07:39:01,0.0,L12_T014,
synthetic_all_stop_counts,boarding,GRAND_LANCY_DE_STAEL,08:07:01,0.0,L12_T015,
synthetic_all_stop_counts,boarding,GRAND_LANCY_DE_STAEL,08:54:01,0.0,L12_T016,
synthetic_all_stop_counts,boarding,GRAND_LANCY_DE_STAEL,08:49:01,0.0,L12_T017,
synthetic_all_stop_counts,boarding,GRAND_LANCY_DE_STAEL,08:02:01,0.0,L12_T018,
synthetic_all_stop_counts,boarding,GRAND_LANCY_DE_STAEL,06:47:01,0.0,L12_T020,
synthetic_all_stop_counts,boarding,GRAND_LANCY_DE_STAEL,06:57:01,0.0,L12_T021,
synthetic_all_stop_counts,boarding,GRAND_LANCY_DE_STAEL,07:07:01,0.0,L12_T023,
synthetic_all_stop_counts,boarding,GRAND_LANCY_DE_STAEL,07:16:01,0.0,L12_T024,
synthetic_all_stop_counts,boarding,GRAND_LANCY_DE_STAEL,07:34:01,0.0,L12_T025,
synthetic_all_stop_counts,boarding,GRAND_LANCY_DE_STAEL,08:59:01,0.0,L12_T026,
synthetic_all_stop_counts,boarding,GRAND_LANCY_DE_STAEL,08:21:01,0.0,L12_T027,
synthetic_all_stop_counts,boarding,GRAND_LANCY_DE_STAEL,08:31:01,0.0,L12_T028,
synthetic_all_stop_counts,boarding,GRAND_LANCY_DE_STAEL,07:44:01,0.0,L12_T029,
synthetic_all_stop_counts,boarding,GRAND_LANCY_DE_STAEL,08:12:01,0.0,L12_T030,
synthetic_all_stop_counts,boarding,GRAND_LANCY_DE_STAEL,08:40:01,0.0,L12_T031,
synthetic_all_stop_counts,boarding,GRAND_LANCY_DE_STAEL,07:53:01,0.0,L12_T032,
synthetic_all_stop_counts,boarding,GRAND_LANCY_DE_STAEL,07:25:01,0.0,L12_T033,
synthetic_all_stop_counts,boarding,GRAND_LANCY_DE_STAEL,07:41:01,0.0,L12_T034,
synthetic_all_stop_counts,boarding,GRAND_LANCY_DE_STAEL,07:19:01,0.0,L12_T036,
synthetic_all_stop_counts,boarding,GRAND_LANCY_DE_STAEL,07:08:01,0.0,L12_T037,
synthetic_all_stop_counts,boarding,GRAND_LANCY_DE_STAEL,07:50:01,0.0,L12_T038,
synthetic_all_stop_counts,boarding,GRAND_LANCY_DE_STAEL,08:10:01,0.0,L12_T039,
synthetic_all_stop_counts,boarding,GRAND_LANCY_DE_STAEL,08:29:01,0.0,L12_T041,
synthetic_all_stop_counts,boarding,GRAND_LANCY_DE_STAEL,08:48:01,0.0,L12_T042,
synthetic_all_stop_counts,boarding,GRAND_LANCY_DE_STAEL,07:29:01,0.0,L12_T043,
synthetic_all_stop_counts,boarding,GRAND_LANCY_DE_STAEL,08:58:01,0.0,L12_T044,
synthetic_all_stop_counts,boarding,GRAND_LANCY_DE_STAEL,08:00:01,0.0,L12_T045,
synthetic_all_stop_counts,boarding,GRAND_LANCY_DE_STAEL,08:39:01,0.0,L12_T046,
synthetic_all_stop_counts,boarding,GRAND_LANCY_DE_STAEL,08:20:01,0.0,L12_T047,
synthetic_all_stop_counts,boarding,GRAND_LANCY_DE_STAEL,09:07:01,0.0,L12_T048,
synthetic_all_stop_counts,boarding,GRAND_LANCY_DE_STAEL,07:00:01,0.0,L12_T051,
synthetic_all_stop_counts,boarding,GRAND_LANCY_DE_STAEL,07:14:01,0.0,L12_T052,
synthetic_all_stop_counts,boarding,GRAND_LANCY_DE_STAEL,07:23:01,0.0,L12_T053,
synthetic_all_stop_counts,boarding,GRAND_LANCY_DE_STAEL,07:35:01,0.0,L12_T054,
synthetic_all_stop_counts,boarding,GRAND_LANCY_DE_STAEL,07:55:01,0.0,L12_T055,
synthetic_all_stop_counts,boarding,GRAND_LANCY_DE_STAEL,08:52:01,0.0,L12_T057,
synthetic_all_stop_counts,boarding,GRAND_LANCY_DE_STAEL,09:02:01,0.0,L12_T058,
synthetic_all_stop_counts,boarding,GRAND_LANCY_DE_STAEL,07:45:01,0.0,L12_T059,
synthetic_all_stop_counts,boarding,GRAND_LANCY_DE_STAEL,08:05:01,0.0,L12_T060,
synthetic_all_stop_counts,boarding,GRAND_LANCY_DE_STAEL,08:34:01,0.0,L12_T061,
synthetic_all_stop_counts,boarding,GRAND_LANCY_DE_STAEL,08:24:01,0.0,L12_T062,
synthetic_all_stop_counts,boarding,GRAND_LANCY_DE_STAEL,09:11:01,0.0,L12_T063,
synthetic_all_stop_counts,boarding,GRAND_LANCY_DE_STAEL,08:44:01,0.0,L12_T064,
synthetic_all_stop_counts,boarding,GRAND_LANCY_DE_STAEL,08:14:01,0.0,L12_T065,
synthetic_all_stop_counts,boarding,GRAND_LANCY_DE_STAEL,06:54:01,0.0,L18_T001,
synthetic_all_stop_counts,boarding,GRAND_LANCY_DE_STAEL,08:09:01,0.0,L18_T003,
synthetic_all_stop_counts,boarding,GRAND_LANCY_DE_STAEL,07:14:01,0.0,L18_T004,
synthetic_all_stop_counts,boarding,GRAND_LANCY_DE_STAEL,08:47:01,0.0,L18_T005,
synthetic_all_stop_counts,boarding,GRAND_LANCY_DE_STAEL,09:06:01,0.0,L18_T006,
synthetic_all_stop_counts,boarding,GRAND_LANCY_DE_STAEL,07:51:01,0.0,L18_T007,
synthetic_all_stop_counts,boarding,GRAND_LANCY_DE_STAEL,08:28:01,0.0,L18_T008,
synthetic_all_stop_counts,boarding,GRAND_LANCY_DE_STAEL,07:32:01,0.0,L18_T009,
synthetic_all_stop_counts,boarding,GRAND_LANCY_DE_STAEL,07:04:01,0.0,L18_T011,
synthetic_all_stop_counts,boarding,GRAND_LANCY_DE_STAEL,08:18:01,0.0,L18_T012,
synthetic_all_stop_counts,boarding,GRAND_LANCY_DE_STAEL,08:37:01,0.0,L18_T013,
synthetic_all_stop_counts,boarding,GRAND_LANCY_DE_STAEL,08:56:01,0.0,L18_T014,
synthetic_all_stop_counts,boarding,GRAND_LANCY_DE_STAEL,07:41:01,0.0,L18_T015,
synthetic_all_stop_counts,boarding,GRAND_LANCY_DE_STAEL,07:23:01,0.0,L18_T016,
synthetic_all_stop_counts,boarding,GRAND_LANCY_DE_STAEL,08:00:01,0.0,L18_T017,
synthetic_all_stop_counts,boarding,GRAND_LANCY_DE_STAEL,07:12:01,0.0,L18_T019,
synthetic_all_stop_counts,boarding,GRAND_LANCY_DE_STAEL,07:43:01,0.0,L18_T020,
synthetic_all_stop_counts,boarding,GRAND_LANCY_DE_STAEL,09:00:01,0.0,L18_T021,
synthetic_all_stop_counts,boarding,GRAND_LANCY_DE_STAEL,08:02:01,0.0,L18_T022,
synthetic_all_stop_counts,boarding,GRAND_LANCY_DE_STAEL,08:22:01,0.0,L18_T023,
synthetic_all_stop_counts,boarding,GRAND_LANCY_DE_STAEL,08:42:01,0.0,L18_T026,
synthetic_all_stop_counts,boarding,GRAND_LANCY_DE_STAEL,06:58:01,0.0,L18_T027,
synthetic_all_stop_counts,boarding,GRAND_LANCY_DE_STAEL,08:32:01,0.0,L18_T028,
synthetic_all_stop_counts,boarding,GRAND_LANCY_DE_STAEL,07:21:01,0.0,L18_T029,
synthetic_all_stop_counts,boarding,GRAND_LANCY_DE_STAEL,07:33:01,0.0,L18_T030,
synthetic_all_stop_counts,boarding,GRAND_LANCY_DE_STAEL,09:09:01,0.0,L18_T031,
synthetic_all_stop_counts,boarding,GRAND_LANCY_DE_STAEL,08:51:01,0.0,L18_T032,
synthetic_all_stop_counts,boarding,GRAND_LANCY_DE_STAEL,08:12:01,0.0,L18_T033,
synthetic_all_stop_counts,boarding,GRAND_LANCY_DE_STAEL,07:53:01,0.0,L18_T034,
synthetic_all_stop_counts,boarding,GRAND_LANCY_PALETTES,06:48:01,2.0,L18_T001,
synthetic_all_stop_counts,boarding,GRAND_LANCY_PALETTES,08:03:01,59.0,L18_T003,
synthetic_all_stop_counts,boarding,GRAND_LANCY_PALETTES,07:07:01,21.0,L18_T004,
synthetic_all_stop_counts,boarding,GRAND_LANCY_PALETTES,08:40:01,7.0,L18_T005,
synthetic_all_stop_counts,boarding,GRAND_LANCY_PALETTES,08:59:01,0.0,L18_T006,
synthetic_all_stop_counts,boarding,GRAND_LANCY_PALETTES,07:44:01,12.0,L18_T007,
synthetic_all_stop_counts,boarding,GRAND_LANCY_PALETTES,08:21:01,8.0,L18_T008,
synthetic_all_stop_counts,boarding,GRAND_LANCY_PALETTES,07:25:01,20.0,L18_T009,
synthetic_all_stop_counts,boarding,GRAND_LANCY_PALETTES,06:58:01,25.0,L18_T011,
synthetic_all_stop_counts,boarding,GRAND_LANCY_PALETTES,08:12:01,16.0,L18_T012,
synthetic_all_stop_counts,boarding,GRAND_LANCY_PALETTES,08:31:01,42.0,L18_T013,
synthetic_all_stop_counts,boarding,GRAND_LANCY_PALETTES,08:50:01,1.0,L18_T014,
synthetic_all_stop_counts,boarding,GRAND_LANCY_PALETTES,07:35:01,43.0,L18_T015,
synthetic_all_stop_counts,boarding,GRAND_LANCY_PALETTES,07:16:01,9.0,L18_T016,
synthetic_all_stop_counts,boarding,GRAND_LANCY_PALETTES,07:53:01,14.0,L18_T017,
synthetic_all_stop_counts,boarding,GRAND_LANCY_PALETTES,07:33:01,0.0,L18_T018,
synthetic_all_stop_counts,boarding,GRAND_LANCY_PALETTES,07:18:01,0.0,L18_T019,
synthetic_all_stop_counts,boarding,GRAND_LANCY_PALETTES,07:50:01,0.0,L18_T020,
synthetic_all_stop_counts,boarding,GRAND_LANCY_PALETTES,09:07:01,0.0,L18_T021,
synthetic_all_stop_counts,boarding,GRAND_LANCY_PALETTES,08:09:01,0.0,L18_T022,
synthetic_all_stop_counts,boarding,GRAND_LANCY_PALETTES,08:29:01,0.0,L18_T023,
synthetic_all_stop_counts,boarding,GRAND_LANCY_PALETTES,08:48:01,0.0,L18_T026,
synthetic_all_stop_counts,boarding,GRAND_LANCY_PALETTES,07:04:01,0.0,L18_T027,
synthetic_all_stop_counts,boarding,GRAND_LANCY_PALETTES,08:38:01,0.0,L18_T028,
synthetic_all_stop_counts,boarding,GRAND_LANCY_PALETTES,07:27:01,0.0,L18_T029,
synthetic_all_stop_counts,boarding,GRAND_LANCY_PALETTES,07:39:01,0.0,L18_T030,
synthetic_all_stop_counts,boarding,GRAND_LANCY_PALETTES,08:57:01,0.0,L18_T032,
synthetic_all_stop_counts,boarding,GRAND_LANCY_PALETTES,08:19:01,0.0,L18_T033,
synthetic_all_stop_counts,boarding,GRAND_LANCY_PALETTES,07:59:01,0.0,L18_T034,
synthetic_all_stop_counts,boarding,GRAND_LANCY_PONTETS,06:49:01,0.0,L18_T001,
synthetic_all_stop_counts,boarding,GRAND_LANCY_PONTETS,08:04:01,0.0,L18_T003,
synthetic_all_stop_counts,boarding,GRAND_LANCY_PONTETS,07:09:01,0.0,L18_T004,
synthetic_all_stop_counts,boarding,GRAND_LANCY_PONTETS,08:42:01,0.0,L18_T005,
synthetic_all_stop_counts,boarding,GRAND_LANCY_PONTETS,09:01:01,0.0,L18_T006,
synthetic_all_stop_counts,boarding,GRAND_LANCY_PONTETS,07:46:01,0.0,L18_T007,
synthetic_all_stop_counts,boarding,GRAND_LANCY_PONTETS,08:23:01,0.0,L18_T008,
synthetic_all_stop_counts,boarding,GRAND_LANCY_PONTETS,07:27:01,0.0,L18_T009,
synthetic_all_stop_counts,boarding,GRAND_LANCY_PONTETS,06:59:01,0.0,L18_T011,
synthetic_all_stop_counts,boarding,GRAND_LANCY_PONTETS,08:13:01,0.0,L18_T012,
synthetic_all_stop_counts,boarding,GRAND_LANCY_PONTETS,08:32:01,0.0,L18_T013,
synthetic_all_stop_counts,boarding,GRAND_LANCY_PONTETS,08:51:01,0.0,L18_T014,
synthetic_all_stop_counts,boarding,GRAND_LANCY_PONTETS,07:36:01,0.0,L18_T015,
synthetic_all_stop_counts,boarding,GRAND_LANCY_PONTETS,07:18:01,0.0,L18_T016,
synthetic_all_stop_counts,boarding,GRAND_LANCY_PONTETS,07:55:01,0.0,L18_T017,
synthetic_all_stop_counts,boarding,GRAND_LANCY_PONTETS,07:31:01,0.0,L18_T018,
synthetic_all_stop_counts,boarding,GRAND_LANCY_PONTETS,07:16:01,0.0,L18_T019,
synthetic_all_stop_counts,boarding,GRAND_LANCY_PONTETS,07:48:01,0.0,L18_T020,
synthetic_all_stop_counts,boarding,GRAND_LANCY_PONTETS,09:05:01,0.0,L18_T021,
synthetic_all_stop_counts,boarding,GRAND_LANCY_PONTETS,08:07:01,0.0,L18_T022,
synthetic_all_stop_counts,boarding,GRAND_LANCY_PONTETS,08:27:01,0.0,L18_T023,
synthetic_all_stop_counts,boarding,GRAND_LANCY_PONTETS,08:46:01,0.0,L18_T026,
synthetic_all_stop_counts,boarding,GRAND_LANCY_PONTETS,07:02:01,0.0,L18_T027,
synthetic_all_stop_counts,boarding,GRAND_LANCY_PONTETS,08:36:01,0.0,L18_T028,
synthetic_all_stop_counts,boarding,GRAND_LANCY_PONTETS,07:25:01,0.0,L18_T029,
synthetic_all_stop_counts,boarding,GRAND_LANCY_PONTETS,07:37:01,0.0,L18_T030,
synthetic_all_stop_counts,boarding,GRAND_LANCY_PONTETS,09:14:01,0.0,L18_T031,
synthetic_all_stop_counts,boarding,GRAND_LANCY_PONTETS,08:55:01,0.0,L18_T032,
synthetic_all_stop_counts,boarding,GRAND_LANCY_PONTETS,08:17:01,0.0,L18_T033,
synthetic_all_stop_counts,boarding,GRAND_LANCY_PONTETS,07:57:01,0.0,L18_T034,
synthetic_all_stop_counts,boarding,LANCY_BACHET_GARE,07:10:01,6.0,L12_T002,
synthetic_all_stop_counts,boarding,LANCY_BACHET_GARE,08:34:01,15.0,L12_T003,
synthetic_all_stop_counts,boarding,LANCY_BACHET_GARE,07:19:01,3.0,L12_T004,
synthetic_all_stop_counts,boarding,LANCY_BACHET_GARE,07:47:01,3.0,L12_T005,
synthetic_all_stop_counts,boarding,LANCY_BACHET_GARE,08:15:01,4.0,L12_T006,
synthetic_all_stop_counts,boarding,LANCY_BACHET_GARE,06:50:01,1.0,L12_T007,
synthetic_all_stop_counts,boarding,LANCY_BACHET_GARE,07:00:01,15.0,L12_T009,
synthetic_all_stop_counts,boarding,LANCY_BACHET_GARE,07:56:01,7.0,L12_T010,
synthetic_all_stop_counts,boarding,LANCY_BACHET_GARE,08:24:01,5.0,L12_T011,
synthetic_all_stop_counts,boarding,LANCY_BACHET_GARE,07:28:01,8.0,L12_T012,
synthetic_all_stop_counts,boarding,LANCY_BACHET_GARE,08:43:01,4.0,L12_T013,
synthetic_all_stop_counts,boarding,LANCY_BACHET_GARE,07:37:01,6.0,L12_T014,
synthetic_all_stop_counts,boarding,LANCY_BACHET_GARE,08:05:01,9.0,L12_T015,
synthetic_all_stop_counts,boarding,LANCY_BACHET_GARE,08:52:01,1.0,L12_T016,
synthetic_all_stop_counts,boarding,LANCY_BACHET_GARE,08:48:01,1.0,L12_T017,
synthetic_all_stop_counts,boarding,LANCY_BACHET_GARE,08:01:01,11.0,L12_T018,
synthetic_all_stop_counts,boarding,LANCY_BACHET_GARE,06:45:01,0.0,L12_T020,
synthetic_all_stop_counts,boarding,LANCY_BACHET_GARE,06:55:01,2.0,L12_T021,
synthetic_all_stop_counts,boarding,LANCY_BACHET_GARE,07:05:01,3.0,L12_T023,
synthetic_all_stop_counts,boarding,LANCY_BACHET_GARE,07:14:01,1.0,L12_T024,
synthetic_all_stop_counts,boarding,LANCY_BACHET_GARE,07:32:01,5.0,L12_T025,
synthetic_all_stop_counts,boarding,LANCY_BACHET_GARE,08:57:01,0.0,L12_T026,
synthetic_all_stop_counts,boarding,LANCY_BACHET_GARE,08:19:01,1.0,L12_T027,
synthetic_all_stop_counts,boarding,LANCY_BACHET_GARE,08:29:01,9.0,L12_T028,
synthetic_all_stop_counts,boarding,LANCY_BACHET_GARE,07:42:01,2.0,L12_T029,
synthetic_all_stop_counts,boarding,LANCY_BACHET_GARE,08:10:01,3.0,L12_T030,
synthetic_all_stop_counts,boarding,LANCY_BACHET_GARE,08:38:01,3.0,L12_T031,
synthetic_all_stop_counts,boarding,LANCY_BACHET_GARE,07:51:01,1.0,L12_T032,
synthetic_all_stop_counts,boarding,LANCY_BACHET_GARE,07:23:01,1.0,L12_T033,
synthetic_all_stop_counts,boarding,LANCY_BACHET_GARE,07:42:01,0.0,L12_T034,
synthetic_all_stop_counts,boarding,LANCY_BACHET_GARE,07:20:01,0.0,L12_T036,
synthetic_all_stop_counts,boarding,LANCY_BACHET_GARE,07:09:01,0.0,L12_T037,
synthetic_all_stop_counts,boarding,LANCY_BACHET_GARE,07:52:01,0.0,L12_T038,
synthetic_all_stop_counts,boarding,LANCY_BACHET_GARE,08:11:01,0.0,L12_T039,
synthetic_all_stop_counts,boarding,LANCY_BACHET_GARE,08:30:01,0.0,L12_T041,
synthetic_all_stop_counts,boarding,LANCY_BACHET_GARE,08:50:01,0.0,L12_T042,
synthetic_all_stop_counts,boarding,LANCY_BACHET_GARE,07:30:01,0.0,L12_T043,
synthetic_all_stop_counts,boarding,LANCY_BACHET_GARE,08:59:01,0.0,L12_T044,
synthetic_all_stop_counts,boarding,LANCY_BACHET_GARE,08:01:01,0.0,L12_T045,
synthetic_all_stop_counts,boarding,LANCY_BACHET_GARE,08:40:01,0.0,L12_T046,
synthetic_all_stop_counts,boarding,LANCY_BACHET_GARE,08:21:01,0.0,L12_T047,
synthetic_all_stop_counts,boarding,LANCY_BACHET_GARE,09:08:01,0.0,L12_T048,
synthetic_all_stop_counts,boarding,LANCY_BACHET_GARE,07:01:01,0.0,L12_T051,
synthetic_all_stop_counts,boarding,LANCY_BACHET_GARE,07:15:01,0.0,L12_T052,
synthetic_all_stop_counts,boarding,LANCY_BACHET_GARE,07:24:01,0.0,L12_T053,
synthetic_all_stop_counts,boarding,LANCY_BACHET_GARE,07:36:01,0.0,L12_T054,
synthetic_all_stop_counts,boarding,LANCY_BACHET_GARE,07:57:01,0.0,L12_T055,
synthetic_all_stop_counts,boarding,LANCY_BACHET_GARE,08:54:01,0.0,L12_T057,
synthetic_all_stop_counts,boarding,LANCY_BACHET_GARE,09:04:01,0.0,L12_T058,
synthetic_all_stop_counts,boarding,LANCY_BACHET_GARE,07:47:01,0.0,L12_T059,
synthetic_all_stop_counts,boarding,LANCY_BACHET_GARE,08:06:01,0.0,L12_T060,
synthetic_all_stop_counts,boarding,LANCY_BACHET_GARE,08:36:01,0.0,L12_T061,
synthetic_all_stop_counts,boarding,LANCY_BACHET_GARE,08:26:01,0.0,L12_T062,
synthetic_all_stop_counts,boarding,LANCY_BACHET_GARE,09:13:01,0.0,L12_T063,
synthetic_all_stop_counts,boarding,LANCY_BACHET_GARE,08:45:01,0.0,L12_T064,
synthetic_all_stop_counts,boarding,LANCY_BACHET_GARE,08:16:01,0.0,L12_T065,
synthetic_all_stop_counts,boarding,LANCY_BACHET_GARE,06:53:01,2.0,L18_T001,
synthetic_all_stop_counts,boarding,LANCY_BACHET_GARE,08:08:01,6.0,L18_T003,
synthetic_all_stop_counts,boarding,LANCY_BACHET_GARE,07:12:01,4.0,L18_T004,
synthetic_all_stop_counts,boarding,LANCY_BACHET_GARE,08:45:01,2.0,L18_T005,
synthetic_all_stop_counts,boarding,LANCY_BACHET_GARE,09:04:01,0.0,L18_T006,
synthetic_all_stop_counts,boarding,LANCY_BACHET_GARE,07:49:01,2.0,L18_T007,
synthetic_all_stop_counts,boarding,LANCY_BACHET_GARE,08:26:01,6.0,L18_T008,
synthetic_all_stop_counts,boarding,LANCY_BACHET_GARE,07:30:01,13.0,L18_T009,
synthetic_all_stop_counts,boarding,LANCY_BACHET_GARE,07:03:01,10.0,L18_T011,
synthetic_all_stop_counts,boarding,LANCY_BACHET_GARE,08:17:01,2.0,L18_T012,
synthetic_all_stop_counts,boarding,LANCY_BACHET_GARE,08:36:01,8.0,L18_T013,
synthetic_all_stop_counts,boarding,LANCY_BACHET_GARE,08:55:01,0.0,L18_T014,
synthetic_all_stop_counts,boarding,LANCY_BACHET_GARE,07:40:01,5.0,L18_T015,
synthetic_all_stop_counts,boarding,LANCY_BACHET_GARE,07:21:01,2.0,L18_T016,
synthetic_all_stop_counts,boarding,LANCY_BACHET_GARE,07:58:01,9.0,L18_T017,
synthetic_all_stop_counts,boarding,LANCY_BACHET_GARE,07:29:01,0.0,L18_T018,
synthetic_all_stop_counts,boarding,LANCY_BACHET_GARE,07:13:01,0.0,L18_T019,
synthetic_all_stop_counts,boarding,LANCY_BACHET_GARE,07:45:01,0.0,L18_T020,
synthetic_all_stop_counts,boarding,LANCY_BACHET_GARE,09:02:01,0.0,L18_T021,
synthetic_all_stop_counts,boarding,LANCY_BACHET_GARE,08:04:01,0.0,L18_T022,
synthetic_all_stop_counts,boarding,LANCY_BACHET_GARE,08:24:01,0.0,L18_T023,
synthetic_all_stop_counts,boarding,LANCY_BACHET_GARE,08:43:01,0.0,L18_T026,
synthetic_all_stop_counts,boarding,LANCY_BACHET_GARE,06:59:01,0.0,L18_T027,
synthetic_all_stop_counts,boarding,LANCY_BACHET_GARE,08:33:01,0.0,L18_T028,
synthetic_all_stop_counts,boarding,LANCY_BACHET_GARE,07:23:01,0.0,L18_T029,
synthetic_all_stop_counts,boarding,LANCY_BACHET_GARE,07:34:01,0.0,L18_T030,
synthetic_all_stop_counts,boarding,LANCY_BACHET_GARE,09:11:01,0.0,L18_T031,
synthetic_all_stop_counts,boarding,LANCY_BACHET_GARE,08:52:01,0.0,L18_T032,
synthetic_all_stop_counts,boarding,LANCY_BACHET_GARE,08:14:01,0.0,L18_T033,
synthetic_all_stop_counts,boarding,LANCY_BACHET_GARE,07:54:01,0.0,L18_T034,
synthetic_all_stop_counts,boarding,MEYRIN_BOIS_DU_LAN,07:30:01,0.0,L18_T001,
synthetic_all_stop_counts,boarding,MEYRIN_BOIS_DU_LAN,07:10:01,0.0,L18_T002,
synthetic_all_stop_counts,boarding,MEYRIN_BOIS_DU_LAN,08:47:01,0.0,L18_T003,
synthetic_all_stop_counts,boarding,MEYRIN_BOIS_DU_LAN,07:51:01,0.0,L18_T004,
synthetic_all_stop_counts,boarding,MEYRIN_BOIS_DU_LAN,08:29:01,0.0,L18_T007,
synthetic_all_stop_counts,boarding,MEYRIN_BOIS_DU_LAN,09:06:01,0.0,L18_T008,
synthetic_all_stop_counts,boarding,MEYRIN_BOIS_DU_LAN,08:10:01,0.0,L18_T009,
synthetic_all_stop_counts,boarding,MEYRIN_BOIS_DU_LAN,07:20:01,0.0,L18_T010,
synthetic_all_stop_counts,boarding,MEYRIN_BOIS_DU_LAN,07:40:01,0.0,L18_T011,
synthetic_all_stop_counts,boarding,MEYRIN_BOIS_DU_LAN,08:56:01,0.0,L18_T012,
synthetic_all_stop_counts,boarding,MEYRIN_BOIS_DU_LAN,08:20:01,0.0,L18_T015,
synthetic_all_stop_counts,boarding,MEYRIN_BOIS_DU_LAN,08:01:01,0.0,L18_T016,
synthetic_all_stop_counts,boarding,MEYRIN_BOIS_DU_LAN,08:38:01,0.0,L18_T017,
synthetic_all_stop_counts,boarding,MEYRIN_BOIS_DU_LAN,07:05:01,0.0,L18_T020,
synthetic_all_stop_counts,boarding,MEYRIN_BOIS_DU_LAN,08:21:01,0.0,L18_T021,
synthetic_all_stop_counts,boarding,MEYRIN_BOIS_DU_LAN,07:24:01,0.0,L18_T022,
synthetic_all_stop_counts,boarding,MEYRIN_BOIS_DU_LAN,07:43:01,0.0,L18_T023,
synthetic_all_stop_counts,boarding,MEYRIN_BOIS_DU_LAN,08:40:01,0.0,L18_T024,
synthetic_all_stop_counts,boarding,MEYRIN_BOIS_DU_LAN,08:58:01,0.0,L18_T025,
synthetic_all_stop_counts,boarding,MEYRIN_BOIS_DU_LAN,08:02:01,0.0,L18_T026,
synthetic_all_stop_counts,boarding,MEYRIN_BOIS_DU_LAN,07:52:01,0.0,L18_T028,
synthetic_all_stop_counts,boarding,MEYRIN_BOIS_DU_LAN,06:55:01,0.0,L18_T030,
synthetic_all_stop_counts,boarding,MEYRIN_BOIS_DU_LAN,08:31:01,0.0,L18_T031,
synthetic_all_stop_counts,boarding,MEYRIN_BOIS_DU_LAN,08:12:01,0.0,L18_T032,
synthetic_all_stop_counts,boarding,MEYRIN_BOIS_DU_LAN,07:33:01,0.0,L18_T033,
synthetic_all_stop_counts,boarding,MEYRIN_BOIS_DU_LAN,07:15:01,0.0,L18_T034,
synthetic_all_stop_counts,boarding,MEYRIN_BOIS_DU_LAN,08:49:01,0.0,L18_T035,
synthetic_all_stop_counts,boarding,MEYRIN_BOIS_DU_LAN,07:03:01,0.0,L18_T036,
synthetic_all_stop_counts,boarding,MEYRIN_CERN,07:35:01,0.0,L18_T001,
synthetic_all_stop_counts,boarding,MEYRIN_CERN,07:15:01,0.0,L18_T002,
synthetic_all_stop_counts,boarding,MEYRIN_CERN,08:53:01,0.0,L18_T003,
synthetic_all_stop_counts,boarding,MEYRIN_CERN,07:57:01,0.0,L18_T004,
synthetic_all_stop_counts,boarding,MEYRIN_CERN,08:35:01,0.0,L18_T007,
synthetic_all_stop_counts,boarding,MEYRIN_CERN,09:11:01,0.0,L18_T008,
synthetic_all_stop_counts,boarding,MEYRIN_CERN,08:16:01,0.0,L18_T009,
synthetic_all_stop_counts,boarding,MEYRIN_CERN,07:25:01,0.0,L18_T010,
synthetic_all_stop_counts,boarding,MEYRIN_CERN,07:45:01,0.0,L18_T011,
synthetic_all_stop_counts,boarding,MEYRIN_CERN,09:01:01,0.0,L18_T012,
synthetic_all_stop_counts,boarding,MEYRIN_CERN,08:25:01,0.0,L18_T015,
synthetic_all_stop_counts,boarding,MEYRIN_CERN,08:06:01,0.0,L18_T016,
synthetic_all_stop_counts,boarding,MEYRIN_CERN,08:44:01,0.0,L18_T017,
synthetic_all_stop_counts,boarding,MEYRIN_CERN,07:00:01,33.0,L18_T020,
synthetic_all_stop_counts,boarding,MEYRIN_CERN,08:16:01,15.0,L18_T021,
synthetic_all_stop_counts,boarding,MEYRIN_CERN,07:18:01,6.0,L18_T022,
synthetic_all_stop_counts,boarding,MEYRIN_CERN,07:37:01,26.0,L18_T023,
synthetic_all_stop_counts,boarding,MEYRIN_CERN,08:34:01,26.0,L18_T024,
synthetic_all_stop_counts,boarding,MEYRIN_CERN,08:52:01,0.0,L18_T025,
synthetic_all_stop_counts,boarding,MEYRIN_CERN,07:56:01,23.0,L18_T026,
synthetic_all_stop_counts,boarding,MEYRIN_CERN,07:47:01,13.0,L18_T028,
synthetic_all_stop_counts,boarding,MEYRIN_CERN,06:49:01,1.0,L18_T030,
synthetic_all_stop_counts,boarding,MEYRIN_CERN,08:25:01,18.0,L18_T031,
synthetic_all_stop_counts,boarding,MEYRIN_CERN,08:06:01,37.0,L18_T032,
synthetic_all_stop_counts,boarding,MEYRIN_CERN,07:27:01,21.0,L18_T033,
synthetic_all_stop_counts,boarding,MEYRIN_CERN,07:09:01,11.0,L18_T034,
synthetic_all_stop_counts,boarding,MEYRIN_CERN,08:43:01,3.0,L18_T035,
synthetic_all_stop_counts,boarding,MEYRIN_CERN,07:08:01,0.0,L18_T036,
synthetic_all_stop_counts,boarding,MEYRIN_FORUMEYRIN,07:06:01,0.0,L14_T002,
synthetic_all_stop_counts,boarding,MEYRIN_FORUMEYRIN,08:50:01,0.0,L14_T003,
synthetic_all_stop_counts,boarding,MEYRIN_FORUMEYRIN,08:23:01,0.0,L14_T004,
synthetic_all_stop_counts,boarding,MEYRIN_FORUMEYRIN,07:23:01,0.0,L14_T005,
synthetic_all_stop_counts,boarding,MEYRIN_FORUMEYRIN,07:33:01,0.0,L14_T006,
synthetic_all_stop_counts,boarding,MEYRIN_FORUMEYRIN,07:43:01,0.0,L14_T007,
synthetic_all_stop_counts,boarding,MEYRIN_FORUMEYRIN,07:54:01,0.0,L14_T008,
synthetic_all_stop_counts,boarding,MEYRIN_FORUMEYRIN,08:04:01,0.0,L14_T009,
synthetic_all_stop_counts,boarding,MEYRIN_FORUMEYRIN,09:08:01,0.0,L14_T010,
synthetic_all_stop_counts,boarding,MEYRIN_FORUMEYRIN,08:59:01,0.0,L14_T011,
synthetic_all_stop_counts,boarding,MEYRIN_FORUMEYRIN,08:14:01,0.0,L14_T012,
synthetic_all_stop_counts,boarding,MEYRIN_FORUMEYRIN,08:41:01,0.0,L14_T013,
synthetic_all_stop_counts,boarding,MEYRIN_FORUMEYRIN,08:32:01,0.0,L14_T014,
synthetic_all_stop_counts,boarding,MEYRIN_FORUMEYRIN,07:01:01,0.0,L14_T015,
synthetic_all_stop_counts,boarding,MEYRIN_FORUMEYRIN,07:12:01,0.0,L14_T016,
synthetic_all_stop_counts,boarding,MEYRIN_FORUMEYRIN,06:57:01,0.0,L14_T019,
synthetic_all_stop_counts,boarding,MEYRIN_FORUMEYRIN,07:50:01,0.0,L14_T021,
synthetic_all_stop_counts,boarding,MEYRIN_FORUMEYRIN,09:13:01,0.0,L14_T022,
synthetic_all_stop_counts,boarding,MEYRIN_FORUMEYRIN,07:59:01,0.0,L14_T024,
synthetic_all_stop_counts,boarding,MEYRIN_FORUMEYRIN,08:09:01,0.0,L14_T025,
synthetic_all_stop_counts,boarding,MEYRIN_FORUMEYRIN,09:04:01,0.0,L14_T026,
synthetic_all_stop_counts,boarding,MEYRIN_FORUMEYRIN,08:55:01,0.0,L14_T027,
synthetic_all_stop_counts,boarding,MEYRIN_FORUMEYRIN,08:45:01,0.0,L14_T028,
synthetic_all_stop_counts,boarding,MEYRIN_FORUMEYRIN,08:36:01,0.0,L14_T029,
synthetic_all_stop_counts,boarding,MEYRIN_FORUMEYRIN,08:19:01,0.0,L14_T030,
synthetic_all_stop_counts,boarding,MEYRIN_FORUMEYRIN,08:28:01,0.0,L14_T031,
synthetic_all_stop_counts,boarding,MEYRIN_FORUMEYRIN,07:28:01,0.0,L14_T032,
synthetic_all_stop_counts,boarding,MEYRIN_FORUMEYRIN,07:38:01,0.0,L14_T033,
synthetic_all_stop_counts,boarding,MEYRIN_FORUMEYRIN,07:18:01,0.0,L14_T034,
synthetic_all_stop_counts,boarding,MEYRIN_FORUMEYRIN,07:12:01,0.0,L14_T040,
synthetic_all_stop_counts,boarding,MEYRIN_FORUMEYRIN,08:28:01,0.0,L14_T041,
synthetic_all_stop_counts,boarding,MEYRIN_FORUMEYRIN,08:09:01,0.0,L14_T042,
synthetic_all_stop_counts,boarding,MEYRIN_FORUMEYRIN,07:02:01,0.0,L14_T044,
synthetic_all_stop_counts,boarding,MEYRIN_FORUMEYRIN,07:20:01,0.0,L14_T045,
synthetic_all_stop_counts,boarding,MEYRIN_FORUMEYRIN,08:55:01,0.0,L14_T046,
synthetic_all_stop_counts,boarding,MEYRIN_FORUMEYRIN,08:46:01,0.0,L14_T047,
synthetic_all_stop_counts,boarding,MEYRIN_FORUMEYRIN,07:59:01,0.0,L14_T048,
synthetic_all_stop_counts,boarding,MEYRIN_FORUMEYRIN,08:19:01,0.0,L14_T049,
synthetic_all_stop_counts,boarding,MEYRIN_FORUMEYRIN,07:40:01,0.0,L14_T050,
synthetic_all_stop_counts,boarding,MEYRIN_FORUMEYRIN,07:30:01,0.0,L14_T051,
synthetic_all_stop_counts,boarding,MEYRIN_FORUMEYRIN,07:50:01,0.0,L14_T052,
synthetic_all_stop_counts,boarding,MEYRIN_FORUMEYRIN,08:37:01,0.0,L14_T053,
synthetic_all_stop_counts,boarding,MEYRIN_FORUMEYRIN,06:51:01,0.0,L14_T054,
synthetic_all_stop_counts,boarding,MEYRIN_FORUMEYRIN,07:07:01,0.0,L14_T056,
synthetic_all_stop_counts,boarding,MEYRIN_FORUMEYRIN,09:00:01,0.0,L14_T057,
synthetic_all_stop_counts,boarding,MEYRIN_FORUMEYRIN,08:51:01,0.0,L14_T058,
synthetic_all_stop_counts,boarding,MEYRIN_FORUMEYRIN,08:42:01,0.0,L14_T059,
synthetic_all_stop_counts,boarding,MEYRIN_FORUMEYRIN,07:35:01,0.0,L14_T060,
synthetic_all_stop_counts,boarding,MEYRIN_FORUMEYRIN,07:45:01,0.0,L14_T061,
synthetic_all_stop_counts,boarding,MEYRIN_FORUMEYRIN,07:15:01,0.0,L14_T062,
synthetic_all_stop_counts,boarding,MEYRIN_FORUMEYRIN,06:56:01,0.0,L14_T063,
synthetic_all_stop_counts,boarding,MEYRIN_FORUMEYRIN,07:16:01,0.0,L14_T064,
synthetic_all_stop_counts,boarding,MEYRIN_FORUMEYRIN,08:23:01,0.0,L14_T065,
synthetic_all_stop_counts,boarding,MEYRIN_FORUMEYRIN,07:25:01,0.0,L14_T066,
synthetic_all_stop_counts,boarding,MEYRIN_FORUMEYRIN,07:54:01,0.0,L14_T067,
synthetic_all_stop_counts,boarding,MEYRIN_FORUMEYRIN,08:04:01,0.0,L14_T068,
synthetic_all_stop_counts,boarding,MEYRIN_FORUMEYRIN,08:14:01,0.0,L14_T069,
synthetic_all_stop_counts,boarding,MEYRIN_FORUMEYRIN,06:46:01,0.0,L14_T071,
synthetic_all_stop_counts,boarding,MEYRIN_FORUMEYRIN,08:33:01,0.0,L14_T072,
synthetic_all_stop_counts,boarding,MEYRIN_GRAVIERE,07:10:01,0.0,L14_T002,
synthetic_all_stop_counts,boarding,MEYRIN_GRAVIERE,08:54:01,0.0,L14_T003,
synthetic_all_stop_counts,boarding,MEYRIN_GRAVIERE,08:27:01,0.0,L14_T004,
synthetic_all_stop_counts,boarding,MEYRIN_GRAVIERE,07:27:01,0.0,L14_T005,
synthetic_all_stop_counts,boarding,MEYRIN_GRAVIERE,07:37:01,0.0,L14_T006,
synthetic_all_stop_counts,boarding,MEYRIN_GRAVIERE,07:47:01,0.0,L14_T007,
synthetic_all_stop_counts,boarding,MEYRIN_GRAVIERE,07:58:01,0.0,L14_T008,
synthetic_all_stop_counts,boarding,MEYRIN_GRAVIERE,08:08:01,0.0,L14_T009,
synthetic_all_stop_counts,boarding,MEYRIN_GRAVIERE,09:12:01,0.0,L14_T010,
synthetic_all_stop_counts,boarding,MEYRIN_GRAVIERE,09:03:01,0.0,L14_T011,
synthetic_all_stop_counts,boarding,MEYRIN_GRAVIERE,08:18:01,0.0,L14_T012,
synthetic_all_stop_counts,boarding,MEYRIN_GRAVIERE,08:45:01,0.0,L14_T013,
synthetic_all_stop_counts,boarding,MEYRIN_GRAVIERE,08:36:01,0.0,L14_T014,
synthetic_all_stop_counts,boarding,MEYRIN_GRAVIERE,07:05:01,0.0,L14_T015,
synthetic_all_stop_counts,boarding,MEYRIN_GRAVIERE,07:16:01,0.0,L14_T016,
synthetic_all_stop_counts,boarding,MEYRIN_GRAVIERE,07:01:01,0.0,L14_T019,
synthetic_all_stop_counts,boarding,MEYRIN_GRAVIERE,07:53:01,0.0,L14_T021,
synthetic_all_stop_counts,boarding,MEYRIN_GRAVIERE,08:03:01,0.0,L14_T024,
synthetic_all_stop_counts,boarding,MEYRIN_GRAVIERE,08:13:01,0.0,L14_T025,
synthetic_all_stop_counts,boarding,MEYRIN_GRAVIERE,09:08:01,0.0,L14_T026,
synthetic_all_stop_counts,boarding,MEYRIN_GRAVIERE,08:58:01,0.0,L14_T027,
synthetic_all_stop_counts,boarding,MEYRIN_GRAVIERE,08:49:01,0.0,L14_T028,
synthetic_all_stop_counts,boarding,MEYRIN_GRAVIERE,08:40:01,0.0,L14_T029,
synthetic_all_stop_counts,boarding,MEYRIN_GRAVIERE,08:22:01,0.0,L14_T030,
synthetic_all_stop_counts,boarding,MEYRIN_GRAVIERE,08:32:01,0.0,L14_T031,
synthetic_all_stop_counts,boarding,MEYRIN_GRAVIERE,07:32:01,0.0,L14_T032,
synthetic_all_stop_counts,boarding,MEYRIN_GRAVIERE,07:42:01,0.0,L14_T033,
synthetic_all_stop_counts,boarding,MEYRIN_GRAVIERE,07:22:01,0.0,L14_T034,
synthetic_all_stop_counts,boarding,MEYRIN_GRAVIERE,07:09:01,18.0,L14_T040,
synthetic_all_stop_counts,boarding,MEYRIN_GRAVIERE,08:25:01,17.0,L14_T041,
synthetic_all_stop_counts,boarding,MEYRIN_GRAVIERE,08:06:01,28.0,L14_T042,
synthetic_all_stop_counts,boarding,MEYRIN_GRAVIERE,06:59:01,32.0,L14_T044,
synthetic_all_stop_counts,boarding,MEYRIN_GRAVIERE,07:17:01,6.0,L14_T045,
synthetic_all_stop_counts,boarding,MEYRIN_GRAVIERE,08:52:01,2.0,L14_T046,
synthetic_all_stop_counts,boarding,MEYRIN_GRAVIERE,08:43:01,10.0,L14_T047,
synthetic_all_stop_counts,boarding,MEYRIN_GRAVIERE,07:56:01,16.0,L14_T048,
synthetic_all_stop_counts,boarding,MEYRIN_GRAVIERE,08:15:01,11.0,L14_T049,
synthetic_all_stop_counts,boarding,MEYRIN_GRAVIERE,07:36:01,22.0,L14_T050,
synthetic_all_stop_counts,boarding,MEYRIN_GRAVIERE,07:26:01,12.0,L14_T051,
synthetic_all_stop_counts,boarding,MEYRIN_GRAVIERE,07:46:01,9.0,L14_T052,
synthetic_all_stop_counts,boarding,MEYRIN_GRAVIERE,08:34:01,34.0,L14_T053,
synthetic_all_stop_counts,boarding,MEYRIN_GRAVIERE,06:48:01,1.0,L14_T054,
synthetic_all_stop_counts,boarding,MEYRIN_GRAVIERE,07:04:01,9.0,L14_T056,
synthetic_all_stop_counts,boarding,MEYRIN_GRAVIERE,08:57:01,0.0,L14_T057,
synthetic_all_stop_counts,boarding,MEYRIN_GRAVIERE,08:48:01,1.0,L14_T058,
synthetic_all_stop_counts,boarding,MEYRIN_GRAVIERE,08:39:01,7.0,L14_T059,
synthetic_all_stop_counts,boarding,MEYRIN_GRAVIERE,07:32:01,14.0,L14_T060,
synthetic_all_stop_counts,boarding,MEYRIN_GRAVIERE,07:42:01,6.0,L14_T061,
synthetic_all_stop_counts,boarding,MEYRIN_GRAVIERE,07:19:01,0.0,L14_T062,
synthetic_all_stop_counts,boarding,MEYRIN_GRAVIERE,06:53:01,2.0,L14_T063,
synthetic_all_stop_counts,boarding,MEYRIN_GRAVIERE,07:13:01,3.0,L14_T064,
synthetic_all_stop_counts,boarding,MEYRIN_GRAVIERE,08:20:01,3.0,L14_T065,
synthetic_all_stop_counts,boarding,MEYRIN_GRAVIERE,07:22:01,3.0,L14_T066,
synthetic_all_stop_counts,boarding,MEYRIN_GRAVIERE,07:51:01,3.0,L14_T067,
synthetic_all_stop_counts,boarding,MEYRIN_GRAVIERE,08:01:01,16.0,L14_T068,
synthetic_all_stop_counts,boarding,MEYRIN_GRAVIERE,08:10:01,6.0,L14_T069,
synthetic_all_stop_counts,boarding,MEYRIN_GRAVIERE,08:29:01,12.0,L14_T072,
synthetic_all_stop_counts,boarding,MEYRIN_HOPITAL_DE_LA_TOUR,07:33:01,0.0,L18_T001,
synthetic_all_stop_counts,boarding,MEYRIN_HOPITAL_DE_LA_TOUR,07:13:01,0.0,L18_T002,
synthetic_all_stop_counts,boarding,MEYRIN_HOPITAL_DE_LA_TOUR,08:51:01,0.0,L18_T003,
synthetic_all_stop_counts,boarding,MEYRIN_HOPITAL_DE_LA_TOUR,07:55:01,0.0,L18_T004,
synthetic_all_stop_counts,boarding,MEYRIN_HOPITAL_DE_LA_TOUR,08:33:01,0.0,L18_T007,
synthetic_all_stop_counts,boarding,MEYRIN_HOPITAL_DE_LA_TOUR,09:09:01,0.0,L18_T008,
synthetic_all_stop_counts,boarding,MEYRIN_HOPITAL_DE_LA_TOUR,08:14:01,0.0,L18_T009,
synthetic_all_stop_counts,boarding,MEYRIN_HOPITAL_DE_LA_TOUR,07:23:01,0.0,L18_T010,
synthetic_all_stop_counts,boarding,MEYRIN_HOPITAL_DE_LA_TOUR,07:43:01,0.0,L18_T011,
synthetic_all_stop_counts,boarding,MEYRIN_HOPITAL_DE_LA_TOUR,08:59:01,0.0,L18_T012,
synthetic_all_stop_counts,boarding,MEYRIN_HOPITAL_DE_LA_TOUR,08:23:01,0.0,L18_T015,
synthetic_all_stop_counts,boarding,MEYRIN_HOPITAL_DE_LA_TOUR,08:04:01,0.0,L18_T016,
synthetic_all_stop_counts,boarding,MEYRIN_HOPITAL_DE_LA_TOUR,08:42:01,0.0,L18_T017,
synthetic_all_stop_counts,boarding,MEYRIN_HOPITAL_DE_LA_TOUR,07:02:01,0.0,L18_T020,
synthetic_all_stop_counts,boarding,MEYRIN_HOPITAL_DE_LA_TOUR,08:18:01,0.0,L18_T021,
synthetic_all_stop_counts,boarding,MEYRIN_HOPITAL_DE_LA_TOUR,07:21:01,0.0,L18_T022,
synthetic_all_stop_counts,boarding,MEYRIN_HOPITAL_DE_LA_TOUR,07:40:01,0.0,L18_T023,
synthetic_all_stop_counts,boarding,MEYRIN_HOPITAL_DE_LA_TOUR,08:37:01,0.0,L18_T024,
synthetic_all_stop_counts,boarding,MEYRIN_HOPITAL_DE_LA_TOUR,08:55:01,0.0,L18_T025,
synthetic_all_stop_counts,boarding,MEYRIN_HOPITAL_DE_LA_TOUR,07:59:01,0.0,L18_T026,
synthetic_all_stop_counts,boarding,MEYRIN_HOPITAL_DE_LA_TOUR,07:49:01,0.0,L18_T028,
synthetic_all_stop_counts,boarding,MEYRIN_HOPITAL_DE_LA_TOUR,06:52:01,0.0,L18_T030,
synthetic_all_stop_counts,boarding,MEYRIN_HOPITAL_DE_LA_TOUR,08:28:01,0.0,L18_T031,
synthetic_all_stop_counts,boarding,MEYRIN_HOPITAL_DE_LA_TOUR,08:09:01,0.0,L18_T032,
synthetic_all_stop_counts,boarding,MEYRIN_HOPITAL_DE_LA_TOUR,07:30:01,0.0,L18_T033,
synthetic_all_stop_counts,boarding,MEYRIN_HOPITAL_DE_LA_TOUR,07:12:01,0.0,L18_T034,
synthetic_all_stop_counts,boarding,MEYRIN_HOPITAL_DE_LA_TOUR,08:46:01,0.0,L18_T035,
synthetic_all_stop_counts,boarding,MEYRIN_HOPITAL_DE_LA_TOUR,07:06:01,0.0,L18_T036,
synthetic_all_stop_counts,boarding,MEYRIN_JARDIN_ALPIN_VIVARIUM,07:05:01,0.0,L14_T002,
synthetic_all_stop_counts,boarding,MEYRIN_JARDIN_ALPIN_VIVARIUM,08:48:01,0.0,L14_T003,
synthetic_all_stop_counts,boarding,MEYRIN_JARDIN_ALPIN_VIVARIUM,08:21:01,0.0,L14_T004,
synthetic_all_stop_counts,boarding,MEYRIN_JARDIN_ALPIN_VIVARIUM,07:21:01,0.0,L14_T005,
synthetic_all_stop_counts,boarding,MEYRIN_JARDIN_ALPIN_VIVARIUM,07:31:01,0.0,L14_T006,
synthetic_all_stop_counts,boarding,MEYRIN_JARDIN_ALPIN_VIVARIUM,07:42:01,0.0,L14_T007,
synthetic_all_stop_counts,boarding,MEYRIN_JARDIN_ALPIN_VIVARIUM,07:53:01,0.0,L14_T008,
synthetic_all_stop_counts,boarding,MEYRIN_JARDIN_ALPIN_VIVARIUM,08:02:01,0.0,L14_T009,
synthetic_all_stop_counts,boarding,MEYRIN_JARDIN_ALPIN_VIVARIUM,09:07:01,0.0,L14_T010,
synthetic_all_stop_counts,boarding,MEYRIN_JARDIN_ALPIN_VIVARIUM,08:57:01,0.0,L14_T011,
synthetic_all_stop_counts,boarding,MEYRIN_JARDIN_ALPIN_VIVARIUM,08:12:01,0.0,L14_T012,
synthetic_all_stop_counts,boarding,MEYRIN_JARDIN_ALPIN_VIVARIUM,08:39:01,0.0,L14_T013,
synthetic_all_stop_counts,boarding,MEYRIN_JARDIN_ALPIN_VIVARIUM,08:31:01,0.0,L14_T014,
synthetic_all_stop_counts,boarding,MEYRIN_JARDIN_ALPIN_VIVARIUM,07:00:01,0.0,L14_T015,
synthetic_all_stop_counts,boarding,MEYRIN_JARDIN_ALPIN_VIVARIUM,07:11:01,0.0,L14_T016,
synthetic_all_stop_counts,boarding,MEYRIN_JARDIN_ALPIN_VIVARIUM,06:55:01,0.0,L14_T019,
synthetic_all_stop_counts,boarding,MEYRIN_JARDIN_ALPIN_VIVARIUM,07:48:01,0.0,L14_T021,
synthetic_all_stop_counts,boarding,MEYRIN_JARDIN_ALPIN_VIVARIUM,09:12:01,0.0,L14_T022,
synthetic_all_stop_counts,boarding,MEYRIN_JARDIN_ALPIN_VIVARIUM,07:58:01,0.0,L14_T024,
synthetic_all_stop_counts,boarding,MEYRIN_JARDIN_ALPIN_VIVARIUM,08:07:01,0.0,L14_T025,
synthetic_all_stop_counts,boarding,MEYRIN_JARDIN_ALPIN_VIVARIUM,09:02:01,0.0,L14_T026,
synthetic_all_stop_counts,boarding,MEYRIN_JARDIN_ALPIN_VIVARIUM,08:53:01,0.0,L14_T027,
synthetic_all_stop_counts,boarding,MEYRIN_JARDIN_ALPIN_VIVARIUM,08:43:01,0.0,L14_T028,
synthetic_all_stop_counts,boarding,MEYRIN_JARDIN_ALPIN_VIVARIUM,08:35:01,0.0,L14_T029,
synthetic_all_stop_counts,boarding,MEYRIN_JARDIN_ALPIN_VIVARIUM,08:17:01,0.0,L14_T030,
synthetic_all_stop_counts,boarding,MEYRIN_JARDIN_ALPIN_VIVARIUM,08:26:01,0.0,L14_T031,
synthetic_all_stop_counts,boarding,MEYRIN_JARDIN_ALPIN_VIVARIUM,07:26:01,0.0,L14_T032,
synthetic_all_stop_counts,boarding,MEYRIN_JARDIN_ALPIN_VIVARIUM,07:36:01,0.0,L14_T033,
synthetic_all_stop_counts,boarding,MEYRIN_JARDIN_ALPIN_VIVARIUM,07:16:01,0.0,L14_T034,
synthetic_all_stop_counts,boarding,MEYRIN_JARDIN_ALPIN_VIVARIUM,07:14:01,0.0,L14_T040,
synthetic_all_stop_counts,boarding,MEYRIN_JARDIN_ALPIN_VIVARIUM,08:30:01,0.0,L14_T041,
synthetic_all_stop_counts,boarding,MEYRIN_JARDIN_ALPIN_VIVARIUM,08:11:01,0.0,L14_T042,
synthetic_all_stop_counts,boarding,MEYRIN_JARDIN_ALPIN_VIVARIUM,07:04:01,0.0,L14_T044,
synthetic_all_stop_counts,boarding,MEYRIN_JARDIN_ALPIN_VIVARIUM,07:22:01,0.0,L14_T045,
synthetic_all_stop_counts,boarding,MEYRIN_JARDIN_ALPIN_VIVARIUM,08:57:01,0.0,L14_T046,
synthetic_all_stop_counts,boarding,MEYRIN_JARDIN_ALPIN_VIVARIUM,08:48:01,0.0,L14_T047,
synthetic_all_stop_counts,boarding,MEYRIN_JARDIN_ALPIN_VIVARIUM,08:01:01,0.0,L14_T048,
synthetic_all_stop_counts,boarding,MEYRIN_JARDIN_ALPIN_VIVARIUM,08:20:01,0.0,L14_T049,
synthetic_all_stop_counts,boarding,MEYRIN_JARDIN_ALPIN_VIVARIUM,07:41:01,0.0,L14_T050,
synthetic_all_stop_counts,boarding,MEYRIN_JARDIN_ALPIN_VIVARIUM,07:31:01,0.0,L14_T051,
synthetic_all_stop_counts,boarding,MEYRIN_JARDIN_ALPIN_VIVARIUM,07:51:01,0.0,L14_T052,
synthetic_all_stop_counts,boarding,MEYRIN_JARDIN_ALPIN_VIVARIUM,08:39:01,0.0,L14_T053,
synthetic_all_stop_counts,boarding,MEYRIN_JARDIN_ALPIN_VIVARIUM,06:53:01,0.0,L14_T054,
synthetic_all_stop_counts,boarding,MEYRIN_JARDIN_ALPIN_VIVARIUM,07:09:01,0.0,L14_T056,
synthetic_all_stop_counts,boarding,MEYRIN_JARDIN_ALPIN_VIVARIUM,09:02:01,0.0,L14_T057,
synthetic_all_stop_counts,boarding,MEYRIN_JARDIN_ALPIN_VIVARIUM,08:53:01,0.0,L14_T058,
synthetic_all_stop_counts,boarding,MEYRIN_JARDIN_ALPIN_VIVARIUM,08:44:01,0.0,L14_T059,
synthetic_all_stop_counts,boarding,MEYRIN_JARDIN_ALPIN_VIVARIUM,07:37:01,0.0,L14_T060,
synthetic_all_stop_counts,boarding,MEYRIN_JARDIN_ALPIN_VIVARIUM,07:47:01,0.0,L14_T061,
synthetic_all_stop_counts,boarding,MEYRIN_JARDIN_ALPIN_VIVARIUM,07:14:01,0.0,L14_T062,
synthetic_all_stop_counts,boarding,MEYRIN_JARDIN_ALPIN_VIVARIUM,06:58:01,0.0,L14_T063,
synthetic_all_stop_counts,boarding,MEYRIN_JARDIN_ALPIN_VIVARIUM,07:18:01,0.0,L14_T064,
synthetic_all_stop_counts,boarding,MEYRIN_JARDIN_ALPIN_VIVARIUM,08:25:01,0.0,L14_T065,
synthetic_all_stop_counts,boarding,MEYRIN_JARDIN_ALPIN_VIVARIUM,07:27:01,0.0,L14_T066,
synthetic_all_stop_counts,boarding,MEYRIN_JARDIN_ALPIN_VIVARIUM,07:56:01,0.0,L14_T067,
synthetic_all_stop_counts,boarding,MEYRIN_JARDIN_ALPIN_VIVARIUM,08:06:01,0.0,L14_T068,
synthetic_all_stop_counts,boarding,MEYRIN_JARDIN_ALPIN_VIVARIUM,08:15:01,0.0,L14_T069,
synthetic_all_stop_counts,boarding,MEYRIN_JARDIN_ALPIN_VIVARIUM,06:47:01,0.0,L14_T071,
synthetic_all_stop_counts,boarding,MEYRIN_JARDIN_ALPIN_VIVARIUM,08:34:01,0.0,L14_T072,
synthetic_all_stop_counts,boarding,MEYRIN_JARDIN_ALPIN_VIVARIUM,07:29:01,0.0,L18_T001,
synthetic_all_stop_counts,boarding,MEYRIN_JARDIN_ALPIN_VIVARIUM,07:09:01,0.0,L18_T002,
synthetic_all_stop_counts,boarding,MEYRIN_JARDIN_ALPIN_VIVARIUM,08:46:01,0.0,L18_T003,
synthetic_all_stop_counts,boarding,MEYRIN_JARDIN_ALPIN_VIVARIUM,07:50:01,0.0,L18_T004,
synthetic_all_stop_counts,boarding,MEYRIN_JARDIN_ALPIN_VIVARIUM,08:28:01,0.0,L18_T007,
synthetic_all_stop_counts,boarding,MEYRIN_JARDIN_ALPIN_VIVARIUM,09:05:01,0.0,L18_T008,
synthetic_all_stop_counts,boarding,MEYRIN_JARDIN_ALPIN_VIVARIUM,08:09:01,0.0,L18_T009,
synthetic_all_stop_counts,boarding,MEYRIN_JARDIN_ALPIN_VIVARIUM,07:19:01,0.0,L18_T010,
synthetic_all_stop_counts,boarding,MEYRIN_JARDIN_ALPIN_VIVARIUM,07:39:01,0.0,L18_T011,
synthetic_all_stop_counts,boarding,MEYRIN_JARDIN_ALPIN_VIVARIUM,08:55:01,0.0,L18_T012,
synthetic_all_stop_counts,boarding,MEYRIN_JARDIN_ALPIN_VIVARIUM,09:14:01,0.0,L18_T013,
synthetic_all_stop_counts,boarding,MEYRIN_JARDIN_ALPIN_VIVARIUM,08:19:01,0.0,L18_T015,
synthetic_all_stop_counts,boarding,MEYRIN_JARDIN_ALPIN_VIVARIUM,08:00:01,0.0,L18_T016,
synthetic_all_stop_counts,boarding,MEYRIN_JARDIN_ALPIN_VIVARIUM,08:37:01,0.0,L18_T017,
synthetic_all_stop_counts,boarding,MEYRIN_JARDIN_ALPIN_VIVARIUM,07:07:01,0.0,L18_T020,
synthetic_all_stop_counts,boarding,MEYRIN_JARDIN_ALPIN_VIVARIUM,08:23:01,0.0,L18_T021,
synthetic_all_stop_counts,boarding,MEYRIN_JARDIN_ALPIN_VIVARIUM,07:25:01,0.0,L18_T022,
synthetic_all_stop_counts,boarding,MEYRIN_JARDIN_ALPIN_VIVARIUM,07:44:01,0.0,L18_T023,
synthetic_all_stop_counts,boarding,MEYRIN_JARDIN_ALPIN_VIVARIUM,08:42:01,0.0,L18_T024,
synthetic_all_stop_counts,boarding,MEYRIN_JARDIN_ALPIN_VIVARIUM,09:00:01,0.0,L18_T025,
synthetic_all_stop_counts,boarding,MEYRIN_JARDIN_ALPIN_VIVARIUM,08:04:01,0.0,L18_T026,
synthetic_all_stop_counts,boarding,MEYRIN_JARDIN_ALPIN_VIVARIUM,07:54:01,0.0,L18_T028,
synthetic_all_stop_counts,boarding,MEYRIN_JARDIN_ALPIN_VIVARIUM,06:45:01,0.0,L18_T029,
synthetic_all_stop_counts,boarding,MEYRIN_JARDIN_ALPIN_VIVARIUM,06:56:01,0.0,L18_T030,
synthetic_all_stop_counts,boarding,MEYRIN_JARDIN_ALPIN_VIVARIUM,08:32:01,0.0,L18_T031,
synthetic_all_stop_counts,boarding,MEYRIN_JARDIN_ALPIN_VIVARIUM,08:13:01,0.0,L18_T032,
synthetic_all_stop_counts,boarding,MEYRIN_JARDIN_ALPIN_VIVARIUM,07:34:01,0.0,L18_T033,
synthetic_all_stop_counts,boarding,MEYRIN_JARDIN_ALPIN_VIVARIUM,07:16:01,0.0,L18_T034,
synthetic_all_stop_counts,boarding,MEYRIN_JARDIN_ALPIN_VIVARIUM,08:51:01,0.0,L18_T035,
synthetic_all_stop_counts,boarding,MEYRIN_JARDIN_ALPIN_VIVARIUM,07:02:01,0.0,L18_T036,
synthetic_all_stop_counts,boarding,MEYRIN_MAISONNEX,07:34:01,0.0,L18_T001,
synthetic_all_stop_counts,boarding,MEYRIN_MAISONNEX,07:14:01,0.0,L18_T002,
synthetic_all_stop_counts,boarding,MEYRIN_MAISONNEX,08:52:01,0.0,L18_T003,
synthetic_all_stop_counts,boarding,MEYRIN_MAISONNEX,07:56:01,0.0,L18_T004,
synthetic_all_stop_counts,boarding,MEYRIN_MAISONNEX,08:34:01,0.0,L18_T007,
synthetic_all_stop_counts,boarding,MEYRIN_MAISONNEX,09:10:01,0.0,L18_T008,
synthetic_all_stop_counts,boarding,MEYRIN_MAISONNEX,08:15:01,0.0,L18_T009,
synthetic_all_stop_counts,boarding,MEYRIN_MAISONNEX,07:24:01,0.0,L18_T010,
synthetic_all_stop_counts,boarding,MEYRIN_MAISONNEX,07:44:01,0.0,L18_T011,
synthetic_all_stop_counts,boarding,MEYRIN_MAISONNEX,09:00:01,0.0,L18_T012,
synthetic_all_stop_counts,boarding,MEYRIN_MAISONNEX,08:24:01,0.0,L18_T015,
synthetic_all_stop_counts,boarding,MEYRIN_MAISONNEX,08:05:01,0.0,L18_T016,
synthetic_all_stop_counts,boarding,MEYRIN_MAISONNEX,08:43:01,0.0,L18_T017,
synthetic_all_stop_counts,boarding,MEYRIN_MAISONNEX,07:01:01,0.0,L18_T020,
synthetic_all_stop_counts,boarding,MEYRIN_MAISONNEX,08:17:01,0.0,L18_T021,
synthetic_all_stop_counts,boarding,MEYRIN_MAISONNEX,07:19:01,0.0,L18_T022,
synthetic_all_stop_counts,boarding,MEYRIN_MAISONNEX,07:38:01,0.0,L18_T023,
synthetic_all_stop_counts,boarding,MEYRIN_MAISONNEX,08:35:01,0.0,L18_T024,
synthetic_all_stop_counts,boarding,MEYRIN_MAISONNEX,08:53:01,0.0,L18_T025,
synthetic_all_stop_counts,boarding,MEYRIN_MAISONNEX,07:57:01,0.0,L18_T026,
synthetic_all_stop_counts,boarding,MEYRIN_MAISONNEX,07:48:01,0.0,L18_T028,
synthetic_all_stop_counts,boarding,MEYRIN_MAISONNEX,06:50:01,0.0,L18_T030,
synthetic_all_stop_counts,boarding,MEYRIN_MAISONNEX,08:26:01,0.0,L18_T031,
synthetic_all_stop_counts,boarding,MEYRIN_MAISONNEX,08:07:01,0.0,L18_T032,
synthetic_all_stop_counts,boarding,MEYRIN_MAISONNEX,07:28:01,0.0,L18_T033,
synthetic_all_stop_counts,boarding,MEYRIN_MAISONNEX,07:10:01,0.0,L18_T034,
synthetic_all_stop_counts,boarding,MEYRIN_MAISONNEX,08:44:01,0.0,L18_T035,
synthetic_all_stop_counts,boarding,MEYRIN_MAISONNEX,07:07:01,0.0,L18_T036,
synthetic_all_stop_counts,boarding,MEYRIN_VAUDAGNE,07:08:01,0.0,L14_T002,
synthetic_all_stop_counts,boarding,MEYRIN_VAUDAGNE,08:51:01,0.0,L14_T003,
synthetic_all_stop_counts,boarding,MEYRIN_VAUDAGNE,08:24:01,0.0,L14_T004,
synthetic_all_stop_counts,boarding,MEYRIN_VAUDAGNE,07:24:01,0.0,L14_T005,
synthetic_all_stop_counts,boarding,MEYRIN_VAUDAGNE,07:34:01,0.0,L14_T006,
synthetic_all_stop_counts,boarding,MEYRIN_VAUDAGNE,07:45:01,0.0,L14_T007,
synthetic_all_stop_counts,boarding,MEYRIN_VAUDAGNE,07:56:01,0.0,L14_T008,
synthetic_all_stop_counts,boarding,MEYRIN_VAUDAGNE,08:05:01,0.0,L14_T009,
synthetic_all_stop_counts,boarding,MEYRIN_VAUDAGNE,09:10:01,0.0,L14_T010,
synthetic_all_stop_counts,boarding,MEYRIN_VAUDAGNE,09:00:01,0.0,L14_T011,
synthetic_all_stop_counts,boarding,MEYRIN_VAUDAGNE,08:15:01,0.0,L14_T012,
synthetic_all_stop_counts,boarding,MEYRIN_VAUDAGNE,08:42:01,0.0,L14_T013,
synthetic_all_stop_counts,boarding,MEYRIN_VAUDAGNE,08:34:01,0.0,L14_T014,
synthetic_all_stop_counts,boarding,MEYRIN_VAUDAGNE,07:03:01,0.0,L14_T015,
synthetic_all_stop_counts,boarding,MEYRIN_VAUDAGNE,07:14:01,0.0,L14_T016,
synthetic_all_stop_counts,boarding,MEYRIN_VAUDAGNE,06:58:01,0.0,L14_T019,
synthetic_all_stop_counts,boarding,MEYRIN_VAUDAGNE,07:51:01,0.0,L14_T021,
synthetic_all_stop_counts,boarding,MEYRIN_VAUDAGNE,08:01:01,0.0,L14_T024,
synthetic_all_stop_counts,boarding,MEYRIN_VAUDAGNE,08:10:01,0.0,L14_T025,
synthetic_all_stop_counts,boarding,MEYRIN_VAUDAGNE,09:05:01,0.0,L14_T026,
synthetic_all_stop_counts,boarding,MEYRIN_VAUDAGNE,08:56:01,0.0,L14_T027,
synthetic_all_stop_counts,boarding,MEYRIN_VAUDAGNE,08:46:01,0.0,L14_T028,
synthetic_all_stop_counts,boarding,MEYRIN_VAUDAGNE,08:38:01,0.0,L14_T029,
synthetic_all_stop_counts,boarding,MEYRIN_VAUDAGNE,08:20:01,0.0,L14_T030,
synthetic_all_stop_counts,boarding,MEYRIN_VAUDAGNE,08:29:01,0.0,L14_T031,
synthetic_all_stop_counts,boarding,MEYRIN_VAUDAGNE,07:29:01,0.0,L14_T032,
synthetic_all_stop_counts,boarding,MEYRIN_VAUDAGNE,07:39:01,0.0,L14_T033,
synthetic_all_stop_counts,boarding,MEYRIN_VAUDAGNE,07:19:01,0.0,L14_T034,
synthetic_all_stop_counts,boarding,MEYRIN_VAUDAGNE,07:10:01,0.0,L14_T040,
synthetic_all_stop_counts,boarding,MEYRIN_VAUDAGNE,08:26:01,0.0,L14_T041,
synthetic_all_stop_counts,boarding,MEYRIN_VAUDAGNE,08:07:01,0.0,L14_T042,
synthetic_all_stop_counts,boarding,MEYRIN_VAUDAGNE,07:01:01,0.0,L14_T044,
synthetic_all_stop_counts,boarding,MEYRIN_VAUDAGNE,07:19:01,0.0,L14_T045,
synthetic_all_stop_counts,boarding,MEYRIN_VAUDAGNE,08:54:01,0.0,L14_T046,
synthetic_all_stop_counts,boarding,MEYRIN_VAUDAGNE,08:45:01,0.0,L14_T047,
synthetic_all_stop_counts,boarding,MEYRIN_VAUDAGNE,07:58:01,0.0,L14_T048,
synthetic_all_stop_counts,boarding,MEYRIN_VAUDAGNE,08:17:01,0.0,L14_T049,
synthetic_all_stop_counts,boarding,MEYRIN_VAUDAGNE,07:38:01,0.0,L14_T050,
synthetic_all_stop_counts,boarding,MEYRIN_VAUDAGNE,07:28:01,0.0,L14_T051,
synthetic_all_stop_counts,boarding,MEYRIN_VAUDAGNE,07:48:01,0.0,L14_T052,
synthetic_all_stop_counts,boarding,MEYRIN_VAUDAGNE,08:35:01,0.0,L14_T053,
synthetic_all_stop_counts,boarding,MEYRIN_VAUDAGNE,06:50:01,0.0,L14_T054,
synthetic_all_stop_counts,boarding,MEYRIN_VAUDAGNE,07:05:01,0.0,L14_T056,
synthetic_all_stop_counts,boarding,MEYRIN_VAUDAGNE,08:58:01,0.0,L14_T057,
synthetic_all_stop_counts,boarding,MEYRIN_VAUDAGNE,08:49:01,0.0,L14_T058,
synthetic_all_stop_counts,boarding,MEYRIN_VAUDAGNE,08:40:01,0.0,L14_T059,
synthetic_all_stop_counts,boarding,MEYRIN_VAUDAGNE,07:33:01,0.0,L14_T060,
synthetic_all_stop_counts,boarding,MEYRIN_VAUDAGNE,07:43:01,0.0,L14_T061,
synthetic_all_stop_counts,boarding,MEYRIN_VAUDAGNE,07:17:01,0.0,L14_T062,
synthetic_all_stop_counts,boarding,MEYRIN_VAUDAGNE,06:55:01,0.0,L14_T063,
synthetic_all_stop_counts,boarding,MEYRIN_VAUDAGNE,07:15:01,0.0,L14_T064,
synthetic_all_stop_counts,boarding,MEYRIN_VAUDAGNE,08:22:01,0.0,L14_T065,
synthetic_all_stop_counts,boarding,MEYRIN_VAUDAGNE,07:24:01,0.0,L14_T066,
synthetic_all_stop_counts,boarding,MEYRIN_VAUDAGNE,07:53:01,0.0,L14_T067,
synthetic_all_stop_counts,boarding,MEYRIN_VAUDAGNE,08:03:01,0.0,L14_T068,
synthetic_all_stop_counts,boarding,MEYRIN_VAUDAGNE,08:12:01,0.0,L14_T069,
synthetic_all_stop_counts,boarding,MEYRIN_VAUDAGNE,08:31:01,0.0,L14_T072,
synthetic_all_stop_counts,boarding,MEYRIN_VILLAGE,07:32:01,0.0,L18_T001,
synthetic_all_stop_counts,boarding,MEYRIN_VILLAGE,07:12:01,0.0,L18_T002,
synthetic_all_stop_counts,boarding,MEYRIN_VILLAGE,08:49:01,0.0,L18_T003,
synthetic_all_stop_counts,boarding,MEYRIN_VILLAGE,07:53:01,0.0,L18_T004,
synthetic_all_stop_counts,boarding,MEYRIN_VILLAGE,08:31:01,0.0,L18_T007,
synthetic_all_stop_counts,boarding,MEYRIN_VILLAGE,09:07:01,0.0,L18_T008,
synthetic_all_stop_counts,boarding,MEYRIN_VILLAGE,08:12:01,0.0,L18_T009,
synthetic_all_stop_counts,boarding,MEYRIN_VILLAGE,07:22:01,0.0,L18_T010,
synthetic_all_stop_counts,boarding,MEYRIN_VILLAGE,07:42:01,0.0,L18_T011,
synthetic_all_stop_counts,boarding,MEYRIN_VILLAGE,08:58:01,0.0,L18_T012,
synthetic_all_stop_counts,boarding,MEYRIN_VILLAGE,08:22:01,0.0,L18_T015,
synthetic_all_stop_counts,boarding,MEYRIN_VILLAGE,08:02:01,0.0,L18_T016,
synthetic_all_stop_counts,boarding,MEYRIN_VILLAGE,08:40:01,0.0,L18_T017,
synthetic_all_stop_counts,boarding,MEYRIN_VILLAGE,07:04:01,0.0,L18_T020,
synthetic_all_stop_counts,boarding,MEYRIN_VILLAGE,08:20:01,0.0,L18_T021,
synthetic_all_stop_counts,boarding,MEYRIN_VILLAGE,07:22:01,0.0,L18_T022,
synthetic_all_stop_counts,boarding,MEYRIN_VILLAGE,07:41:01,0.0,L18_T023,
synthetic_all_stop_counts,boarding,MEYRIN_VILLAGE,08:39:01,0.0,L18_T024,
synthetic_all_stop_counts,boarding,MEYRIN_VILLAGE,08:57:01,0.0,L18_T025,
synthetic_all_stop_counts,boarding,MEYRIN_VILLAGE,08:01:01,0.0,L18_T026,
synthetic_all_stop_counts,boarding,MEYRIN_VILLAGE,07:51:01,0.0,L18_T028,
synthetic_all_stop_counts,boarding,MEYRIN_VILLAGE,06:53:01,0.0,L18_T030,
synthetic_all_stop_counts,boarding,MEYRIN_VILLAGE,08:29:01,0.0,L18_T031,
synthetic_all_stop_counts,boarding,MEYRIN_VILLAGE,08:10:01,0.0,L18_T032,
synthetic_all_stop_counts,boarding,MEYRIN_VILLAGE,07:31:01,0.0,L18_T033,
synthetic_all_stop_counts,boarding,MEYRIN_VILLAGE,07:14:01,0.0,L18_T034,
synthetic_all_stop_counts,boarding,MEYRIN_VILLAGE,08:48:01,0.0,L18_T035,
synthetic_all_stop_counts,boarding,MEYRIN_VILLAGE,07:04:01,0.0,L18_T036,
synthetic_all_stop_counts,boarding,ONEX_BANDOL,09:01:01,0.0,L14_T001,
synthetic_all_stop_counts,boarding,ONEX_BANDOL,08:13:01,0.0,L14_T003,
synthetic_all_stop_counts,boarding,ONEX_BANDOL,07:45:01,0.0,L14_T004,
synthetic_all_stop_counts,boarding,ONEX_BANDOL,06:48:01,0.0,L14_T005,
synthetic_all_stop_counts,boarding,ONEX_BANDOL,06:58:01,0.0,L14_T006,
synthetic_all_stop_counts,boarding,ONEX_BANDOL,07:08:01,0.0,L14_T007,
synthetic_all_stop_counts,boarding,ONEX_BANDOL,07:18:01,0.0,L14_T008,
synthetic_all_stop_counts,boarding,ONEX_BANDOL,07:27:01,0.0,L14_T009,
synthetic_all_stop_counts,boarding,ONEX_BANDOL,08:33:01,0.0,L14_T010,
synthetic_all_stop_counts,boarding,ONEX_BANDOL,08:23:01,0.0,L14_T011,
synthetic_all_stop_counts,boarding,ONEX_BANDOL,07:37:01,0.0,L14_T012,
synthetic_all_stop_counts,boarding,ONEX_BANDOL,08:04:01,0.0,L14_T013,
synthetic_all_stop_counts,boarding,ONEX_BANDOL,07:55:01,0.0,L14_T014,
synthetic_all_stop_counts,boarding,ONEX_BANDOL,08:42:01,0.0,L14_T017,
synthetic_all_stop_counts,boarding,ONEX_BANDOL,08:52:01,0.0,L14_T018,
synthetic_all_stop_counts,boarding,ONEX_BANDOL,08:56:01,0.0,L14_T020,
synthetic_all_stop_counts,boarding,ONEX_BANDOL,07:14:01,0.0,L14_T021,
synthetic_all_stop_counts,boarding,ONEX_BANDOL,08:38:01,0.0,L14_T022,
synthetic_all_stop_counts,boarding,ONEX_BANDOL,09:06:01,0.0,L14_T023,
synthetic_all_stop_counts,boarding,ONEX_BANDOL,07:23:01,0.0,L14_T024,
synthetic_all_stop_counts,boarding,ONEX_BANDOL,07:32:01,0.0,L14_T025,
synthetic_all_stop_counts,boarding,ONEX_BANDOL,08:28:01,0.0,L14_T026,
synthetic_all_stop_counts,boarding,ONEX_BANDOL,08:18:01,0.0,L14_T027,
synthetic_all_stop_counts,boarding,ONEX_BANDOL,08:08:01,0.0,L14_T028,
synthetic_all_stop_counts,boarding,ONEX_BANDOL,07:59:01,0.0,L14_T029,
synthetic_all_stop_counts,boarding,ONEX_BANDOL,07:41:01,0.0,L14_T030,
synthetic_all_stop_counts,boarding,ONEX_BANDOL,07:50:01,0.0,L14_T031,
synthetic_all_stop_counts,boarding,ONEX_BANDOL,06:53:01,0.0,L14_T032,
synthetic_all_stop_counts,boarding,ONEX_BANDOL,07:03:01,0.0,L14_T033,
synthetic_all_stop_counts,boarding,ONEX_BANDOL,08:47:01,0.0,L14_T035,
synthetic_all_stop_counts,boarding,ONEX_BANDOL,06:58:01,0.0,L14_T036,
synthetic_all_stop_counts,boarding,ONEX_BANDOL,07:06:01,0.0,L14_T037,
synthetic_all_stop_counts,boarding,ONEX_BANDOL,07:24:01,0.0,L14_T038,
synthetic_all_stop_counts,boarding,ONEX_BANDOL,07:11:01,0.0,L14_T039,
synthetic_all_stop_counts,boarding,ONEX_BANDOL,07:49:01,0.0,L14_T040,
synthetic_all_stop_counts,boarding,ONEX_BANDOL,09:05:01,0.0,L14_T041,
synthetic_all_stop_counts,boarding,ONEX_BANDOL,08:47:01,0.0,L14_T042,
synthetic_all_stop_counts,boarding,ONEX_BANDOL,06:52:01,0.0,L14_T043,
synthetic_all_stop_counts,boarding,ONEX_BANDOL,07:38:01,0.0,L14_T044,
synthetic_all_stop_counts,boarding,ONEX_BANDOL,07:57:01,0.0,L14_T045,
synthetic_all_stop_counts,boarding,ONEX_BANDOL,08:37:01,0.0,L14_T048,
synthetic_all_stop_counts,boarding,ONEX_BANDOL,08:56:01,0.0,L14_T049,
synthetic_all_stop_counts,boarding,ONEX_BANDOL,08:17:01,0.0,L14_T050,
synthetic_all_stop_counts,boarding,ONEX_BANDOL,08:07:01,0.0,L14_T051,
synthetic_all_stop_counts,boarding,ONEX_BANDOL,08:27:01,0.0,L14_T052,
synthetic_all_stop_counts,boarding,ONEX_BANDOL,09:14:01,0.0,L14_T053,
synthetic_all_stop_counts,boarding,ONEX_BANDOL,07:27:01,0.0,L14_T054,
synthetic_all_stop_counts,boarding,ONEX_BANDOL,07:13:01,0.0,L14_T055,
synthetic_all_stop_counts,boarding,ONEX_BANDOL,07:43:01,0.0,L14_T056,
synthetic_all_stop_counts,boarding,ONEX_BANDOL,08:13:01,0.0,L14_T060,
synthetic_all_stop_counts,boarding,ONEX_BANDOL,08:23:01,0.0,L14_T061,
synthetic_all_stop_counts,boarding,ONEX_BANDOL,07:32:01,0.0,L14_T063,
synthetic_all_stop_counts,boarding,ONEX_BANDOL,07:53:01,0.0,L14_T064,
synthetic_all_stop_counts,boarding,ONEX_BANDOL,09:00:01,0.0,L14_T065,
synthetic_all_stop_counts,boarding,ONEX_BANDOL,08:03:01,0.0,L14_T066,
synthetic_all_stop_counts,boarding,ONEX_BANDOL,08:32:01,0.0,L14_T067,
synthetic_all_stop_counts,boarding,ONEX_BANDOL,08:42:01,0.0,L14_T068,
synthetic_all_stop_counts,boarding,ONEX_BANDOL,08:51:01,0.0,L14_T069,
synthetic_all_stop_counts,boarding,ONEX_BANDOL,07:03:01,0.0,L14_T070,
synthetic_all_stop_counts,boarding,ONEX_BANDOL,07:21:01,0.0,L14_T071,
synthetic_all_stop_counts,boarding,ONEX_BANDOL,09:09:01,0.0,L14_T072,
synthetic_all_stop_counts,boarding,ONEX_SALLE_COMMUNALE,09:00:01,0.0,L14_T001,
synthetic_all_stop_counts,boarding,ONEX_SALLE_COMMUNALE,08:12:01,2.0,L14_T003,
synthetic_all_stop_counts,boarding,ONEX_SALLE_COMMUNALE,07:44:01,3.0,L14_T004,
synthetic_all_stop_counts,boarding,ONEX_SALLE_COMMUNALE,06:47:01,0.0,L14_T005,
synthetic_all_stop_counts,boarding,ONEX_SALLE_COMMUNALE,06:57:01,2.0,L14_T006,
synthetic_all_stop_counts,boarding,ONEX_SALLE_COMMUNALE,07:07:01,2.0,L14_T007,
synthetic_all_stop_counts,boarding,ONEX_SALLE_COMMUNALE,07:17:01,1.0,L14_T008,
synthetic_all_stop_counts,boarding,ONEX_SALLE_COMMUNALE,07:26:01,5.0,L14_T009,
synthetic_all_stop_counts,boarding,ONEX_SALLE_COMMUNALE,08:31:01,2.0,L14_T010,
synthetic_all_stop_counts,boarding,ONEX_SALLE_COMMUNALE,08:21:01,1.0,L14_T011,
synthetic_all_stop_counts,boarding,ONEX_SALLE_COMMUNALE,07:35:01,9.0,L14_T012,
synthetic_all_stop_counts,boarding,ONEX_SALLE_COMMUNALE,08:02:01,4.0,L14_T013,
synthetic_all_stop_counts,boarding,ONEX_SALLE_COMMUNALE,07:53:01,2.0,L14_T014,
synthetic_all_stop_counts,boarding,ONEX_SALLE_COMMUNALE,08:41:01,1.0,L14_T017,
synthetic_all_stop_counts,boarding,ONEX_SALLE_COMMUNALE,08:51:01,1.0,L14_T018,
synthetic_all_stop_counts,boarding,ONEX_SALLE_COMMUNALE,08:55:01,1.0,L14_T020,
synthetic_all_stop_counts,boarding,ONEX_SALLE_COMMUNALE,07:12:01,1.0,L14_T021,
synthetic_all_stop_counts,boarding,ONEX_SALLE_COMMUNALE,08:36:01,5.0,L14_T022,
synthetic_all_stop_counts,boarding,ONEX_SALLE_COMMUNALE,09:04:01,0.0,L14_T023,
synthetic_all_stop_counts,boarding,ONEX_SALLE_COMMUNALE,07:21:01,1.0,L14_T024,
synthetic_all_stop_counts,boarding,ONEX_SALLE_COMMUNALE,07:30:01,8.0,L14_T025,
synthetic_all_stop_counts,boarding,ONEX_SALLE_COMMUNALE,08:27:01,4.0,L14_T026,
synthetic_all_stop_counts,boarding,ONEX_SALLE_COMMUNALE,08:17:01,3.0,L14_T027,
synthetic_all_stop_counts,boarding,ONEX_SALLE_COMMUNALE,08:07:01,5.0,L14_T028,
synthetic_all_stop_counts,boarding,ONEX_SALLE_COMMUNALE,07:58:01,7.0,L14_T029,
synthetic_all_stop_counts,boarding,ONEX_SALLE_COMMUNALE,07:40:01,4.0,L14_T030,
synthetic_all_stop_counts,boarding,ONEX_SALLE_COMMUNALE,07:49:01,3.0,L14_T031,
synthetic_all_stop_counts,boarding,ONEX_SALLE_COMMUNALE,06:52:01,0.0,L14_T032,
synthetic_all_stop_counts,boarding,ONEX_SALLE_COMMUNALE,07:02:01,3.0,L14_T033,
synthetic_all_stop_counts,boarding,ONEX_SALLE_COMMUNALE,08:45:01,2.0,L14_T035,
synthetic_all_stop_counts,boarding,ONEX_SALLE_COMMUNALE,07:00:01,0.0,L14_T036,
synthetic_all_stop_counts,boarding,ONEX_SALLE_COMMUNALE,07:07:01,0.0,L14_T037,
synthetic_all_stop_counts,boarding,ONEX_SALLE_COMMUNALE,07:25:01,0.0,L14_T038,
synthetic_all_stop_counts,boarding,ONEX_SALLE_COMMUNALE,07:12:01,0.0,L14_T039,
synthetic_all_stop_counts,boarding,ONEX_SALLE_COMMUNALE,07:50:01,0.0,L14_T040,
synthetic_all_stop_counts,boarding,ONEX_SALLE_COMMUNALE,09:06:01,0.0,L14_T041,
synthetic_all_stop_counts,boarding,ONEX_SALLE_COMMUNALE,08:48:01,0.0,L14_T042,
synthetic_all_stop_counts,boarding,ONEX_SALLE_COMMUNALE,06:54:01,0.0,L14_T043,
synthetic_all_stop_counts,boarding,ONEX_SALLE_COMMUNALE,07:40:01,0.0,L14_T044,
synthetic_all_stop_counts,boarding,ONEX_SALLE_COMMUNALE,07:59:01,0.0,L14_T045,
synthetic_all_stop_counts,boarding,ONEX_SALLE_COMMUNALE,08:39:01,0.0,L14_T048,
synthetic_all_stop_counts,boarding,ONEX_SALLE_COMMUNALE,08:57:01,0.0,L14_T049,
synthetic_all_stop_counts,boarding,ONEX_SALLE_COMMUNALE,08:19:01,0.0,L14_T050,
synthetic_all_stop_counts,boarding,ONEX_SALLE_COMMUNALE,08:09:01,0.0,L14_T051,
synthetic_all_stop_counts,boarding,ONEX_SALLE_COMMUNALE,08:29:01,0.0,L14_T052,
synthetic_all_stop_counts,boarding,ONEX_SALLE_COMMUNALE,07:29:01,0.0,L14_T054,
synthetic_all_stop_counts,boarding,ONEX_SALLE_COMMUNALE,07:15:01,0.0,L14_T055,
synthetic_all_stop_counts,boarding,ONEX_SALLE_COMMUNALE,07:45:01,0.0,L14_T056,
synthetic_all_stop_counts,boarding,ONEX_SALLE_COMMUNALE,08:14:01,0.0,L14_T060,
synthetic_all_stop_counts,boarding,ONEX_SALLE_COMMUNALE,08:24:01,0.0,L14_T061,
synthetic_all_stop_counts,boarding,ONEX_SALLE_COMMUNALE,07:34:01,0.0,L14_T063,
synthetic_all_stop_counts,boarding,ONEX_SALLE_COMMUNALE,07:55:01,0.0,L14_T064,
synthetic_all_stop_counts,boarding,ONEX_SALLE_COMMUNALE,09:02:01,0.0,L14_T065,
synthetic_all_stop_counts,boarding,ONEX_SALLE_COMMUNALE,08:05:01,0.0,L14_T066,
synthetic_all_stop_counts,boarding,ONEX_SALLE_COMMUNALE,08:34:01,0.0,L14_T067,
synthetic_all_stop_counts,boarding,ONEX_SALLE_COMMUNALE,08:44:01,0.0,L14_T068,
synthetic_all_stop_counts,boarding,ONEX_SALLE_COMMUNALE,08:53:01,0.0,L14_T069,
synthetic_all_stop_counts,boarding,ONEX_SALLE_COMMUNALE,07:04:01,0.0,L14_T070,
synthetic_all_stop_counts,boarding,ONEX_SALLE_COMMUNALE,07:23:01,0.0,L14_T071,
synthetic_all_stop_counts,boarding,ONEX_SALLE_COMMUNALE,09:11:01,0.0,L14_T072,
synthetic_all_stop_counts,boarding,PETIT_LANCY_LES_ESSERTS,09:03:01,0.0,L14_T001,
synthetic_all_stop_counts,boarding,PETIT_LANCY_LES_ESSERTS,08:15:01,0.0,L14_T003,
synthetic_all_stop_counts,boarding,PETIT_LANCY_LES_ESSERTS,07:47:01,0.0,L14_T004,
synthetic_all_stop_counts,boarding,PETIT_LANCY_LES_ESSERTS,06:50:01,0.0,L14_T005,
synthetic_all_stop_counts,boarding,PETIT_LANCY_LES_ESSERTS,07:00:01,0.0,L14_T006,
synthetic_all_stop_counts,boarding,PETIT_LANCY_LES_ESSERTS,07:10:01,0.0,L14_T007,
synthetic_all_stop_counts,boarding,PETIT_LANCY_LES_ESSERTS,07:20:01,0.0,L14_T008,
synthetic_all_stop_counts,boarding,PETIT_LANCY_LES_ESSERTS,07:29:01,0.0,L14_T009,
synthetic_all_stop_counts,boarding,PETIT_LANCY_LES_ESSERTS,08:34:01,0.0,L14_T010,
synthetic_all_stop_counts,boarding,PETIT_LANCY_LES_ESSERTS,08:25:01,0.0,L14_T011,
synthetic_all_stop_counts,boarding,PETIT_LANCY_LES_ESSERTS,07:39:01,0.0,L14_T012,
synthetic_all_stop_counts,boarding,PETIT_LANCY_LES_ESSERTS,08:06:01,0.0,L14_T013,
synthetic_all_stop_counts,boarding,PETIT_LANCY_LES_ESSERTS,07:57:01,0.0,L14_T014,
synthetic_all_stop_counts,boarding,PETIT_LANCY_LES_ESSERTS,08:44:01,0.0,L14_T017,
synthetic_all_stop_counts,boarding,PETIT_LANCY_LES_ESSERTS,08:54:01,0.0,L14_T018,
synthetic_all_stop_counts,boarding,PETIT_LANCY_LES_ESSERTS,08:58:01,0.0,L14_T020,
synthetic_all_stop_counts,boarding,PETIT_LANCY_LES_ESSERTS,07:15:01,0.0,L14_T021,
synthetic_all_stop_counts,boarding,PETIT_LANCY_LES_ESSERTS,08:39:01,0.0,L14_T022,
synthetic_all_stop_counts,boarding,PETIT_LANCY_LES_ESSERTS,09:07:01,0.0,L14_T023,
synthetic_all_stop_counts,boarding,PETIT_LANCY_LES_ESSERTS,07:24:01,0.0,L14_T024,
synthetic_all_stop_counts,boarding,PETIT_LANCY_LES_ESSERTS,07:34:01,0.0,L14_T025,
synthetic_all_stop_counts,boarding,PETIT_LANCY_LES_ESSERTS,08:30:01,0.0,L14_T026,
synthetic_all_stop_counts,boarding,PETIT_LANCY_LES_ESSERTS,08:20:01,0.0,L14_T027,
synthetic_all_stop_counts,boarding,PETIT_LANCY_LES_ESSERTS,08:10:01,0.0,L14_T028,
synthetic_all_stop_counts,boarding,PETIT_LANCY_LES_ESSERTS,08:01:01,0.0,L14_T029,
synthetic_all_stop_counts,boarding,PETIT_LANCY_LES_ESSERTS,07:43:01,0.0,L14_T030,
synthetic_all_stop_counts,boarding,PETIT_LANCY_LES_ESSERTS,07:52:01,0.0,L14_T031,
synthetic_all_stop_counts,boarding,PETIT_LANCY_LES_ESSERTS,06:55:01,0.0,L14_T032,
synthetic_all_stop_counts,boarding,PETIT_LANCY_LES_ESSERTS,07:05:01,0.0,L14_T033,
synthetic_all_stop_counts,boarding,PETIT_LANCY_LES_ESSERTS,06:45:01,0.0,L14_T034,
synthetic_all_stop_counts,boarding,PETIT_LANCY_LES_ESSERTS,08:48:01,0.0,L14_T035,
synthetic_all_stop_counts,boarding,PETIT_LANCY_LES_ESSERTS,06:57:01,0.0,L14_T036,
synthetic_all_stop_counts,boarding,PETIT_LANCY_LES_ESSERTS,07:04:01,0.0,L14_T037,
synthetic_all_stop_counts,boarding,PETIT_LANCY_LES_ESSERTS,07:22:01,0.0,L14_T038,
synthetic_all_stop_counts,boarding,PETIT_LANCY_LES_ESSERTS,07:09:01,0.0,L14_T039,
synthetic_all_stop_counts,boarding,PETIT_LANCY_LES_ESSERTS,07:47:01,0.0,L14_T040,
synthetic_all_stop_counts,boarding,PETIT_LANCY_LES_ESSERTS,09:03:01,0.0,L14_T041,
synthetic_all_stop_counts,boarding,PETIT_LANCY_LES_ESSERTS,08:45:01,0.0,L14_T042,
synthetic_all_stop_counts,boarding,PETIT_LANCY_LES_ESSERTS,06:51:01,0.0,L14_T043,
synthetic_all_stop_counts,boarding,PETIT_LANCY_LES_ESSERTS,07:37:01,0.0,L14_T044,
synthetic_all_stop_counts,boarding,PETIT_LANCY_LES_ESSERTS,07:56:01,0.0,L14_T045,
synthetic_all_stop_counts,boarding,PETIT_LANCY_LES_ESSERTS,08:36:01,0.0,L14_T048,
synthetic_all_stop_counts,boarding,PETIT_LANCY_LES_ESSERTS,08:54:01,0.0,L14_T049,
synthetic_all_stop_counts,boarding,PETIT_LANCY_LES_ESSERTS,08:16:01,0.0,L14_T050,
synthetic_all_stop_counts,boarding,PETIT_LANCY_LES_ESSERTS,08:06:01,0.0,L14_T051,
synthetic_all_stop_counts,boarding,PETIT_LANCY_LES_ESSERTS,08:26:01,0.0,L14_T052,
synthetic_all_stop_counts,boarding,PETIT_LANCY_LES_ESSERTS,09:12:01,0.0,L14_T053,
synthetic_all_stop_counts,boarding,PETIT_LANCY_LES_ESSERTS,07:26:01,0.0,L14_T054,
synthetic_all_stop_counts,boarding,PETIT_LANCY_LES_ESSERTS,07:12:01,0.0,L14_T055,
synthetic_all_stop_counts,boarding,PETIT_LANCY_LES_ESSERTS,07:42:01,0.0,L14_T056,
synthetic_all_stop_counts,boarding,PETIT_LANCY_LES_ESSERTS,08:11:01,0.0,L14_T060,
synthetic_all_stop_counts,boarding,PETIT_LANCY_LES_ESSERTS,08:21:01,0.0,L14_T061,
synthetic_all_stop_counts,boarding,PETIT_LANCY_LES_ESSERTS,07:31:01,0.0,L14_T063,
synthetic_all_stop_counts,boarding,PETIT_LANCY_LES_ESSERTS,07:52:01,0.0,L14_T064,
synthetic_all_stop_counts,boarding,PETIT_LANCY_LES_ESSERTS,08:59:01,0.0,L14_T065,
synthetic_all_stop_counts,boarding,PETIT_LANCY_LES_ESSERTS,08:02:01,0.0,L14_T066,
synthetic_all_stop_counts,boarding,PETIT_LANCY_LES_ESSERTS,08:31:01,0.0,L14_T067,
synthetic_all_stop_counts,boarding,PETIT_LANCY_LES_ESSERTS,08:41:01,0.0,L14_T068,
synthetic_all_stop_counts,boarding,PETIT_LANCY_LES_ESSERTS,08:50:01,0.0,L14_T069,
synthetic_all_stop_counts,boarding,PETIT_LANCY_LES_ESSERTS,07:01:01,0.0,L14_T070,
synthetic_all_stop_counts,boarding,PETIT_LANCY_LES_ESSERTS,07:20:01,0.0,L14_T071,
synthetic_all_stop_counts,boarding,PETIT_LANCY_LES_ESSERTS,09:08:01,0.0,L14_T072,
synthetic_all_stop_counts,boarding,PETIT_LANCY_PLACE,09:05:01,0.0,L14_T001,
synthetic_all_stop_counts,boarding,PETIT_LANCY_PLACE,08:17:01,2.0,L14_T003,
synthetic_all_stop_counts,boarding,PETIT_LANCY_PLACE,07:49:01,1.0,L14_T004,
synthetic_all_stop_counts,boarding,PETIT_LANCY_PLACE,06:52:01,2.0,L14_T005,
synthetic_all_stop_counts,boarding,PETIT_LANCY_PLACE,07:02:01,12.0,L14_T006,
synthetic_all_stop_counts,boarding,PETIT_LANCY_PLACE,07:12:01,3.0,L14_T007,
synthetic_all_stop_counts,boarding,PETIT_LANCY_PLACE,07:22:01,2.0,L14_T008,
synthetic_all_stop_counts,boarding,PETIT_LANCY_PLACE,07:31:01,6.0,L14_T009,
synthetic_all_stop_counts,boarding,PETIT_LANCY_PLACE,08:36:01,2.0,L14_T010,
synthetic_all_stop_counts,boarding,PETIT_LANCY_PLACE,08:26:01,1.0,L14_T011,
synthetic_all_stop_counts,boarding,PETIT_LANCY_PLACE,07:40:01,2.0,L14_T012,
synthetic_all_stop_counts,boarding,PETIT_LANCY_PLACE,08:07:01,3.0,L14_T013,
synthetic_all_stop_counts,boarding,PETIT_LANCY_PLACE,07:58:01,5.0,L14_T014,
synthetic_all_stop_counts,boarding,PETIT_LANCY_PLACE,08:45:01,1.0,L14_T017,
synthetic_all_stop_counts,boarding,PETIT_LANCY_PLACE,08:55:01,0.0,L14_T018,
synthetic_all_stop_counts,boarding,PETIT_LANCY_PLACE,09:00:01,0.0,L14_T020,
synthetic_all_stop_counts,boarding,PETIT_LANCY_PLACE,07:17:01,2.0,L14_T021,
synthetic_all_stop_counts,boarding,PETIT_LANCY_PLACE,08:41:01,4.0,L14_T022,
synthetic_all_stop_counts,boarding,PETIT_LANCY_PLACE,09:09:01,0.0,L14_T023,
synthetic_all_stop_counts,boarding,PETIT_LANCY_PLACE,07:26:01,2.0,L14_T024,
synthetic_all_stop_counts,boarding,PETIT_LANCY_PLACE,07:35:01,3.0,L14_T025,
synthetic_all_stop_counts,boarding,PETIT_LANCY_PLACE,08:32:01,11.0,L14_T026,
synthetic_all_stop_counts,boarding,PETIT_LANCY_PLACE,08:22:01,4.0,L14_T027,
synthetic_all_stop_counts,boarding,PETIT_LANCY_PLACE,08:12:01,5.0,L14_T028,
synthetic_all_stop_counts,boarding,PETIT_LANCY_PLACE,08:03:01,14.0,L14_T029,
synthetic_all_stop_counts,boarding,PETIT_LANCY_PLACE,07:45:01,1.0,L14_T030,
synthetic_all_stop_counts,boarding,PETIT_LANCY_PLACE,07:54:01,5.0,L14_T031,
synthetic_all_stop_counts,boarding,PETIT_LANCY_PLACE,06:57:01,4.0,L14_T032,
synthetic_all_stop_counts,boarding,PETIT_LANCY_PLACE,07:07:01,5.0,L14_T033,
synthetic_all_stop_counts,boarding,PETIT_LANCY_PLACE,06:47:01,0.0,L14_T034,
synthetic_all_stop_counts,boarding,PETIT_LANCY_PLACE,08:50:01,1.0,L14_T035,
synthetic_all_stop_counts,boarding,PETIT_LANCY_PLACE,06:55:01,0.0,L14_T036,
synthetic_all_stop_counts,boarding,PETIT_LANCY_PLACE,07:03:01,0.0,L14_T037,
synthetic_all_stop_counts,boarding,PETIT_LANCY_PLACE,07:21:01,0.0,L14_T038,
synthetic_all_stop_counts,boarding,PETIT_LANCY_PLACE,07:08:01,0.0,L14_T039,
synthetic_all_stop_counts,boarding,PETIT_LANCY_PLACE,07:46:01,0.0,L14_T040,
synthetic_all_stop_counts,boarding,PETIT_LANCY_PLACE,09:02:01,0.0,L14_T041,
synthetic_all_stop_counts,boarding,PETIT_LANCY_PLACE,08:44:01,0.0,L14_T042,
synthetic_all_stop_counts,boarding,PETIT_LANCY_PLACE,06:49:01,0.0,L14_T043,
synthetic_all_stop_counts,boarding,PETIT_LANCY_PLACE,07:35:01,0.0,L14_T044,
synthetic_all_stop_counts,boarding,PETIT_LANCY_PLACE,07:54:01,0.0,L14_T045,
synthetic_all_stop_counts,boarding,PETIT_LANCY_PLACE,08:34:01,0.0,L14_T048,
synthetic_all_stop_counts,boarding,PETIT_LANCY_PLACE,08:53:01,0.0,L14_T049,
synthetic_all_stop_counts,boarding,PETIT_LANCY_PLACE,08:14:01,0.0,L14_T050,
synthetic_all_stop_counts,boarding,PETIT_LANCY_PLACE,08:04:01,0.0,L14_T051,
synthetic_all_stop_counts,boarding,PETIT_LANCY_PLACE,08:24:01,0.0,L14_T052,
synthetic_all_stop_counts,boarding,PETIT_LANCY_PLACE,09:11:01,0.0,L14_T053,
synthetic_all_stop_counts,boarding,PETIT_LANCY_PLACE,07:24:01,0.0,L14_T054,
synthetic_all_stop_counts,boarding,PETIT_LANCY_PLACE,07:10:01,0.0,L14_T055,
synthetic_all_stop_counts,boarding,PETIT_LANCY_PLACE,07:40:01,0.0,L14_T056,
synthetic_all_stop_counts,boarding,PETIT_LANCY_PLACE,08:10:01,0.0,L14_T060,
synthetic_all_stop_counts,boarding,PETIT_LANCY_PLACE,08:20:01,0.0,L14_T061,
synthetic_all_stop_counts,boarding,PETIT_LANCY_PLACE,07:29:01,0.0,L14_T063,
synthetic_all_stop_counts,boarding,PETIT_LANCY_PLACE,07:50:01,0.0,L14_T064,
synthetic_all_stop_counts,boarding,PETIT_LANCY_PLACE,08:57:01,0.0,L14_T065,
synthetic_all_stop_counts,boarding,PETIT_LANCY_PLACE,08:00:01,0.0,L14_T066,
synthetic_all_stop_counts,boarding,PETIT_LANCY_PLACE,08:29:01,0.0,L14_T067,
synthetic_all_stop_counts,boarding,PETIT_LANCY_PLACE,08:39:01,0.0,L14_T068,
synthetic_all_stop_counts,boarding,PETIT_LANCY_PLACE,08:48:01,0.0,L14_T069,
synthetic_all_stop_counts,boarding,PETIT_LANCY_PLACE,07:00:01,0.0,L14_T070,
synthetic_all_stop_counts,boarding,PETIT_LANCY_PLACE,07:18:01,0.0,L14_T071,
synthetic_all_stop_counts,boarding,PETIT_LANCY_PLACE,09:06:01,0.0,L14_T072,
synthetic_all_stop_counts,boarding,PETIT_LANCY_QUIDORT,09:06:01,0.0,L14_T001,
synthetic_all_stop_counts,boarding,PETIT_LANCY_QUIDORT,08:19:01,0.0,L14_T003,
synthetic_all_stop_counts,boarding,PETIT_LANCY_QUIDORT,07:51:01,0.0,L14_T004,
synthetic_all_stop_counts,boarding,PETIT_LANCY_QUIDORT,06:53:01,0.0,L14_T005,
synthetic_all_stop_counts,boarding,PETIT_LANCY_QUIDORT,07:03:01,0.0,L14_T006,
synthetic_all_stop_counts,boarding,PETIT_LANCY_QUIDORT,07:13:01,0.0,L14_T007,
synthetic_all_stop_counts,boarding,PETIT_LANCY_QUIDORT,07:23:01,0.0,L14_T008,
synthetic_all_stop_counts,boarding,PETIT_LANCY_QUIDORT,07:32:01,0.0,L14_T009,
synthetic_all_stop_counts,boarding,PETIT_LANCY_QUIDORT,08:38:01,0.0,L14_T010,
synthetic_all_stop_counts,boarding,PETIT_LANCY_QUIDORT,08:28:01,0.0,L14_T011,
synthetic_all_stop_counts,boarding,PETIT_LANCY_QUIDORT,07:42:01,0.0,L14_T012,
synthetic_all_stop_counts,boarding,PETIT_LANCY_QUIDORT,08:09:01,0.0,L14_T013,
synthetic_all_stop_counts,boarding,PETIT_LANCY_QUIDORT,08:00:01,0.0,L14_T014,
synthetic_all_stop_counts,boarding,PETIT_LANCY_QUIDORT,08:47:01,0.0,L14_T017,
synthetic_all_stop_counts,boarding,PETIT_LANCY_QUIDORT,08:57:01,0.0,L14_T018,
synthetic_all_stop_counts,boarding,PETIT_LANCY_QUIDORT,09:01:01,0.0,L14_T020,
synthetic_all_stop_counts,boarding,PETIT_LANCY_QUIDORT,07:19:01,0.0,L14_T021,
synthetic_all_stop_counts,boarding,PETIT_LANCY_QUIDORT,08:43:01,0.0,L14_T022,
synthetic_all_stop_counts,boarding,PETIT_LANCY_QUIDORT,09:11:01,0.0,L14_T023,
synthetic_all_stop_counts,boarding,PETIT_LANCY_QUIDORT,07:28:01,0.0,L14_T024,
synthetic_all_stop_counts,boarding,PETIT_LANCY_QUIDORT,07:37:01,0.0,L14_T025,
synthetic_all_stop_counts,boarding,PETIT_LANCY_QUIDORT,08:33:01,0.0,L14_T026,
synthetic_all_stop_counts,boarding,PETIT_LANCY_QUIDORT,08:23:01,0.0,L14_T027,
synthetic_all_stop_counts,boarding,PETIT_LANCY_QUIDORT,08:13:01,0.0,L14_T028,
synthetic_all_stop_counts,boarding,PETIT_LANCY_QUIDORT,08:04:01,0.0,L14_T029,
synthetic_all_stop_counts,boarding,PETIT_LANCY_QUIDORT,07:46:01,0.0,L14_T030,
synthetic_all_stop_counts,boarding,PETIT_LANCY_QUIDORT,07:56:01,0.0,L14_T031,
synthetic_all_stop_counts,boarding,PETIT_LANCY_QUIDORT,06:58:01,0.0,L14_T032,
synthetic_all_stop_counts,boarding,PETIT_LANCY_QUIDORT,07:08:01,0.0,L14_T033,
synthetic_all_stop_counts,boarding,PETIT_LANCY_QUIDORT,06:48:01,0.0,L14_T034,
synthetic_all_stop_counts,boarding,PETIT_LANCY_QUIDORT,08:52:01,0.0,L14_T035,
synthetic_all_stop_counts,boarding,PETIT_LANCY_QUIDORT,06:54:01,0.0,L14_T036,
synthetic_all_stop_counts,boarding,PETIT_LANCY_QUIDORT,07:01:01,0.0,L14_T037,
synthetic_all_stop_counts,boarding,PETIT_LANCY_QUIDORT,07:19:01,0.0,L14_T038,
synthetic_all_stop_counts,boarding,PETIT_LANCY_QUIDORT,07:06:01,0.0,L14_T039,
synthetic_all_stop_counts,boarding,PETIT_LANCY_QUIDORT,07:44:01,0.0,L14_T040,
synthetic_all_stop_counts,boarding,PETIT_LANCY_QUIDORT,09:00:01,0.0,L14_T041,
synthetic_all_stop_counts,boarding,PETIT_LANCY_QUIDORT,08:42:01,0.0,L14_T042,
synthetic_all_stop_counts,boarding,PETIT_LANCY_QUIDORT,06:48:01,0.0,L14_T043,
synthetic_all_stop_counts,boarding,PETIT_LANCY_QUIDORT,07:34:01,0.0,L14_T044,
synthetic_all_stop_counts,boarding,PETIT_LANCY_QUIDORT,07:53:01,0.0,L14_T045,
synthetic_all_stop_counts,boarding,PETIT_LANCY_QUIDORT,08:32:01,0.0,L14_T048,
synthetic_all_stop_counts,boarding,PETIT_LANCY_QUIDORT,08:51:01,0.0,L14_T049,
synthetic_all_stop_counts,boarding,PETIT_LANCY_QUIDORT,08:13:01,0.0,L14_T050,
synthetic_all_stop_counts,boarding,PETIT_LANCY_QUIDORT,08:03:01,0.0,L14_T051,
synthetic_all_stop_counts,boarding,PETIT_LANCY_QUIDORT,08:23:01,0.0,L14_T052,
synthetic_all_stop_counts,boarding,PETIT_LANCY_QUIDORT,09:09:01,0.0,L14_T053,
synthetic_all_stop_counts,boarding,PETIT_LANCY_QUIDORT,07:23:01,0.0,L14_T054,
synthetic_all_stop_counts,boarding,PETIT_LANCY_QUIDORT,07:09:01,0.0,L14_T055,
synthetic_all_stop_counts,boarding,PETIT_LANCY_QUIDORT,07:39:01,0.0,L14_T056,
synthetic_all_stop_counts,boarding,PETIT_LANCY_QUIDORT,09:14:01,0.0,L14_T059,
synthetic_all_stop_counts,boarding,PETIT_LANCY_QUIDORT,08:08:01,0.0,L14_T060,
synthetic_all_stop_counts,boarding,PETIT_LANCY_QUIDORT,08:18:01,0.0,L14_T061,
synthetic_all_stop_counts,boarding,PETIT_LANCY_QUIDORT,07:28:01,0.0,L14_T063,
synthetic_all_stop_counts,boarding,PETIT_LANCY_QUIDORT,07:48:01,0.0,L14_T064,
synthetic_all_stop_counts,boarding,PETIT_LANCY_QUIDORT,08:56:01,0.0,L14_T065,
synthetic_all_stop_counts,boarding,PETIT_LANCY_QUIDORT,07:58:01,0.0,L14_T066,
synthetic_all_stop_counts,boarding,PETIT_LANCY_QUIDORT,08:27:01,0.0,L14_T067,
synthetic_all_stop_counts,boarding,PETIT_LANCY_QUIDORT,08:37:01,0.0,L14_T068,
synthetic_all_stop_counts,boarding,PETIT_LANCY_QUIDORT,08:46:01,0.0,L14_T069,
synthetic_all_stop_counts,boarding,PETIT_LANCY_QUIDORT,06:58:01,0.0,L14_T070,
synthetic_all_stop_counts,boarding,PETIT_LANCY_QUIDORT,07:17:01,0.0,L14_T071,
synthetic_all_stop_counts,boarding,PETIT_LANCY_QUIDORT,09:05:01,0.0,L14_T072,
synthetic_all_stop_counts,boarding,PLAN_LES_OUATES_TREFLE_BLANC,06:51:01,0.0,L18_T001,
synthetic_all_stop_counts,boarding,PLAN_LES_OUATES_TREFLE_BLANC,08:06:01,0.0,L18_T003,
synthetic_all_stop_counts,boarding,PLAN_LES_OUATES_TREFLE_BLANC,07:10:01,0.0,L18_T004,
synthetic_all_stop_counts,boarding,PLAN_LES_OUATES_TREFLE_BLANC,08:43:01,0.0,L18_T005,
synthetic_all_stop_counts,boarding,PLAN_LES_OUATES_TREFLE_BLANC,09:02:01,0.0,L18_T006,
synthetic_all_stop_counts,boarding,PLAN_LES_OUATES_TREFLE_BLANC,07:47:01,0.0,L18_T007,
synthetic_all_stop_counts,boarding,PLAN_LES_OUATES_TREFLE_BLANC,08:24:01,0.0,L18_T008,
synthetic_all_stop_counts,boarding,PLAN_LES_OUATES_TREFLE_BLANC,07:28:01,0.0,L18_T009,
synthetic_all_stop_counts,boarding,PLAN_LES_OUATES_TREFLE_BLANC,07:01:01,0.0,L18_T011,
synthetic_all_stop_counts,boarding,PLAN_LES_OUATES_TREFLE_BLANC,08:15:01,0.0,L18_T012,
synthetic_all_stop_counts,boarding,PLAN_LES_OUATES_TREFLE_BLANC,08:34:01,0.0,L18_T013,
synthetic_all_stop_counts,boarding,PLAN_LES_OUATES_TREFLE_BLANC,08:53:01,0.0,L18_T014,
synthetic_all_stop_counts,boarding,PLAN_LES_OUATES_TREFLE_BLANC,07:38:01,0.0,L18_T015,
synthetic_all_stop_counts,boarding,PLAN_LES_OUATES_TREFLE_BLANC,07:19:01,0.0,L18_T016,
synthetic_all_stop_counts,boarding,PLAN_LES_OUATES_TREFLE_BLANC,07:56:01,0.0,L18_T017,
synthetic_all_stop_counts,boarding,PLAN_LES_OUATES_TREFLE_BLANC,07:30:01,0.0,L18_T018,
synthetic_all_stop_counts,boarding,PLAN_LES_OUATES_TREFLE_BLANC,07:14:01,0.0,L18_T019,
synthetic_all_stop_counts,boarding,PLAN_LES_OUATES_TREFLE_BLANC,07:46:01,0.0,L18_T020,
synthetic_all_stop_counts,boarding,PLAN_LES_OUATES_TREFLE_BLANC,09:03:01,0.0,L18_T021,
synthetic_all_stop_counts,boarding,PLAN_LES_OUATES_TREFLE_BLANC,08:05:01,0.0,L18_T022,
synthetic_all_stop_counts,boarding,PLAN_LES_OUATES_TREFLE_BLANC,08:25:01,0.0,L18_T023,
synthetic_all_stop_counts,boarding,PLAN_LES_OUATES_TREFLE_BLANC,08:45:01,0.0,L18_T026,
synthetic_all_stop_counts,boarding,PLAN_LES_OUATES_TREFLE_BLANC,07:00:01,0.0,L18_T027,
synthetic_all_stop_counts,boarding,PLAN_LES_OUATES_TREFLE_BLANC,08:35:01,0.0,L18_T028,
synthetic_all_stop_counts,boarding,PLAN_LES_OUATES_TREFLE_BLANC,07:24:01,0.0,L18_T029,
synthetic_all_stop_counts,boarding,PLAN_LES_OUATES_TREFLE_BLANC,07:36:01,0.0,L18_T030,
synthetic_all_stop_counts,boarding,PLAN_LES_OUATES_TREFLE_BLANC,09:12:01,0.0,L18_T031,
synthetic_all_stop_counts,boarding,PLAN_LES_OUATES_TREFLE_BLANC,08:54:01,0.0,L18_T032,
synthetic_all_stop_counts,boarding,PLAN_LES_OUATES_TREFLE_BLANC,08:15:01,0.0,L18_T033,
synthetic_all_stop_counts,boarding,PLAN_LES_OUATES_TREFLE_BLANC,07:56:01,0.0,L18_T034,
synthetic_all_stop_counts,boarding,THONEX_GRAVESON,07:04:01,0.0,L12_T001,
synthetic_all_stop_counts,boarding,THONEX_GRAVESON,07:45:01,0.0,L12_T002,
synthetic_all_stop_counts,boarding,THONEX_GRAVESON,09:09:01,0.0,L12_T003,
synthetic_all_stop_counts,boarding,THONEX_GRAVESON,07:54:01,0.0,L12_T004,
synthetic_all_stop_counts,boarding,THONEX_GRAVESON,08:22:01,0.0,L12_T005,
synthetic_all_stop_counts,boarding,THONEX_GRAVESON,08:50:01,0.0,L12_T006,
synthetic_all_stop_counts,boarding,THONEX_GRAVESON,07:24:01,0.0,L12_T007,
synthetic_all_stop_counts,boarding,THONEX_GRAVESON,07:14:01,0.0,L12_T008,
synthetic_all_stop_counts,boarding,THONEX_GRAVESON,07:34:01,0.0,L12_T009,
synthetic_all_stop_counts,boarding,THONEX_GRAVESON,08:32:01,0.0,L12_T010,
synthetic_all_stop_counts,boarding,THONEX_GRAVESON,09:00:01,0.0,L12_T011,
synthetic_all_stop_counts,boarding,THONEX_GRAVESON,08:04:01,0.0,L12_T012,
synthetic_all_stop_counts,boarding,THONEX_GRAVESON,08:13:01,0.0,L12_T014,
synthetic_all_stop_counts,boarding,THONEX_GRAVESON,08:41:01,0.0,L12_T015,
synthetic_all_stop_counts,boarding,THONEX_GRAVESON,08:36:01,0.0,L12_T018,
synthetic_all_stop_counts,boarding,THONEX_GRAVESON,07:09:01,0.0,L12_T019,
synthetic_all_stop_counts,boarding,THONEX_GRAVESON,07:19:01,0.0,L12_T020,
synthetic_all_stop_counts,boarding,THONEX_GRAVESON,07:29:01,0.0,L12_T021,
synthetic_all_stop_counts,boarding,THONEX_GRAVESON,07:02:01,0.0,L12_T022,
synthetic_all_stop_counts,boarding,THONEX_GRAVESON,07:40:01,0.0,L12_T023,
synthetic_all_stop_counts,boarding,THONEX_GRAVESON,07:49:01,0.0,L12_T024,
synthetic_all_stop_counts,boarding,THONEX_GRAVESON,08:08:01,0.0,L12_T025,
synthetic_all_stop_counts,boarding,THONEX_GRAVESON,08:55:01,0.0,L12_T027,
synthetic_all_stop_counts,boarding,THONEX_GRAVESON,09:05:01,0.0,L12_T028,
synthetic_all_stop_counts,boarding,THONEX_GRAVESON,08:18:01,0.0,L12_T029,
synthetic_all_stop_counts,boarding,THONEX_GRAVESON,08:46:01,0.0,L12_T030,
synthetic_all_stop_counts,boarding,THONEX_GRAVESON,09:14:01,0.0,L12_T031,
synthetic_all_stop_counts,boarding,THONEX_GRAVESON,08:27:01,0.0,L12_T032,
synthetic_all_stop_counts,boarding,THONEX_GRAVESON,07:59:01,0.0,L12_T033,
synthetic_all_stop_counts,boarding,THONEX_GRAVESON,07:07:01,0.0,L12_T034,
synthetic_all_stop_counts,boarding,THONEX_GRAVESON,09:00:01,0.0,L12_T035,
synthetic_all_stop_counts,boarding,THONEX_GRAVESON,06:46:01,0.0,L12_T036,
synthetic_all_stop_counts,boarding,THONEX_GRAVESON,07:16:01,0.0,L12_T038,
synthetic_all_stop_counts,boarding,THONEX_GRAVESON,07:35:01,0.0,L12_T039,
synthetic_all_stop_counts,boarding,THONEX_GRAVESON,08:41:01,0.0,L12_T040,
synthetic_all_stop_counts,boarding,THONEX_GRAVESON,07:54:01,0.0,L12_T041,
synthetic_all_stop_counts,boarding,THONEX_GRAVESON,08:13:01,0.0,L12_T042,
synthetic_all_stop_counts,boarding,THONEX_GRAVESON,06:55:01,0.0,L12_T043,
synthetic_all_stop_counts,boarding,THONEX_GRAVESON,08:22:01,0.0,L12_T044,
synthetic_all_stop_counts,boarding,THONEX_GRAVESON,07:25:01,0.0,L12_T045,
synthetic_all_stop_counts,boarding,THONEX_GRAVESON,08:03:01,0.0,L12_T046,
synthetic_all_stop_counts,boarding,THONEX_GRAVESON,07:44:01,0.0,L12_T047,
synthetic_all_stop_counts,boarding,THONEX_GRAVESON,08:31:01,0.0,L12_T048,
synthetic_all_stop_counts,boarding,THONEX_GRAVESON,08:50:01,0.0,L12_T049,
synthetic_all_stop_counts,boarding,THONEX_GRAVESON,08:55:01,0.0,L12_T050,
synthetic_all_stop_counts,boarding,THONEX_GRAVESON,06:50:01,0.0,L12_T053,
synthetic_all_stop_counts,boarding,THONEX_GRAVESON,07:01:01,0.0,L12_T054,
synthetic_all_stop_counts,boarding,THONEX_GRAVESON,07:21:01,0.0,L12_T055,
synthetic_all_stop_counts,boarding,THONEX_GRAVESON,08:46:01,0.0,L12_T056,
synthetic_all_stop_counts,boarding,THONEX_GRAVESON,08:17:01,0.0,L12_T057,
synthetic_all_stop_counts,boarding,THONEX_GRAVESON,08:27:01,0.0,L12_T058,
synthetic_all_stop_counts,boarding,THONEX_GRAVESON,07:11:01,0.0,L12_T059,
synthetic_all_stop_counts,boarding,THONEX_GRAVESON,07:30:01,0.0,L12_T060,
synthetic_all_stop_counts,boarding,THONEX_GRAVESON,07:59:01,0.0,L12_T061,
synthetic_all_stop_counts,boarding,THONEX_GRAVESON,07:49:01,0.0,L12_T062,
synthetic_all_stop_counts,boarding,THONEX_GRAVESON,08:36:01,0.0,L12_T063,
synthetic_all_stop_counts,boarding,THONEX_GRAVESON,08:08:01,0.0,L12_T064,
synthetic_all_stop_counts,boarding,THONEX_GRAVESON,07:39:01,0.0,L12_T065,
synthetic_all_stop_counts,boarding,THONEX_MOILLESULAZ,07:06:01,0.0,L12_T001,
synthetic_all_stop_counts,boarding,THONEX_MOILLESULAZ,07:47:01,0.0,L12_T002,
synthetic_all_stop_counts,boarding,THONEX_MOILLESULAZ,09:11:01,0.0,L12_T003,
synthetic_all_stop_counts,boarding,THONEX_MOILLESULAZ,07:56:01,0.0,L12_T004,
synthetic_all_stop_counts,boarding,THONEX_MOILLESULAZ,08:24:01,0.0,L12_T005,
synthetic_all_stop_counts,boarding,THONEX_MOILLESULAZ,08:52:01,0.0,L12_T006,
synthetic_all_stop_counts,boarding,THONEX_MOILLESULAZ,07:26:01,0.0,L12_T007,
synthetic_all_stop_counts,boarding,THONEX_MOILLESULAZ,07:16:01,0.0,L12_T008,
synthetic_all_stop_counts,boarding,THONEX_MOILLESULAZ,07:36:01,0.0,L12_T009,
synthetic_all_stop_counts,boarding,THONEX_MOILLESULAZ,08:34:01,0.0,L12_T010,
synthetic_all_stop_counts,boarding,THONEX_MOILLESULAZ,09:02:01,0.0,L12_T011,
synthetic_all_stop_counts,boarding,THONEX_MOILLESULAZ,08:06:01,0.0,L12_T012,
synthetic_all_stop_counts,boarding,THONEX_MOILLESULAZ,08:15:01,0.0,L12_T014,
synthetic_all_stop_counts,boarding,THONEX_MOILLESULAZ,08:43:01,0.0,L12_T015,
synthetic_all_stop_counts,boarding,THONEX_MOILLESULAZ,08:38:01,0.0,L12_T018,
synthetic_all_stop_counts,boarding,THONEX_MOILLESULAZ,07:11:01,0.0,L12_T019,
synthetic_all_stop_counts,boarding,THONEX_MOILLESULAZ,07:21:01,0.0,L12_T020,
synthetic_all_stop_counts,boarding,THONEX_MOILLESULAZ,07:31:01,0.0,L12_T021,
synthetic_all_stop_counts,boarding,THONEX_MOILLESULAZ,07:04:01,0.0,L12_T022,
synthetic_all_stop_counts,boarding,THONEX_MOILLESULAZ,07:42:01,0.0,L12_T023,
synthetic_all_stop_counts,boarding,THONEX_MOILLESULAZ,07:51:01,0.0,L12_T024,
synthetic_all_stop_counts,boarding,THONEX_MOILLESULAZ,08:10:01,0.0,L12_T025,
synthetic_all_stop_counts,boarding,THONEX_MOILLESULAZ,08:57:01,0.0,L12_T027,
synthetic_all_stop_counts,boarding,THONEX_MOILLESULAZ,09:07:01,0.0,L12_T028,
synthetic_all_stop_counts,boarding,THONEX_MOILLESULAZ,08:20:01,0.0,L12_T029,
synthetic_all_stop_counts,boarding,THONEX_MOILLESULAZ,08:48:01,0.0,L12_T030,
synthetic_all_stop_counts,boarding,THONEX_MOILLESULAZ,08:29:01,0.0,L12_T032,
synthetic_all_stop_counts,boarding,THONEX_MOILLESULAZ,08:01:01,0.0,L12_T033,
synthetic_all_stop_counts,boarding,THONEX_MOILLESULAZ,07:05:01,20.0,L12_T034,
synthetic_all_stop_counts,boarding,THONEX_MOILLESULAZ,08:58:01,2.0,L12_T035,
synthetic_all_stop_counts,boarding,THONEX_MOILLESULAZ,07:14:01,6.0,L12_T038,
synthetic_all_stop_counts,boarding,THONEX_MOILLESULAZ,07:33:01,18.0,L12_T039,
synthetic_all_stop_counts,boarding,THONEX_MOILLESULAZ,08:39:01,12.0,L12_T040,
synthetic_all_stop_counts,boarding,THONEX_MOILLESULAZ,07:52:01,5.0,L12_T041,
synthetic_all_stop_counts,boarding,THONEX_MOILLESULAZ,08:11:01,9.0,L12_T042,
synthetic_all_stop_counts,boarding,THONEX_MOILLESULAZ,06:53:01,4.0,L12_T043,
synthetic_all_stop_counts,boarding,THONEX_MOILLESULAZ,08:20:01,7.0,L12_T044,
synthetic_all_stop_counts,boarding,THONEX_MOILLESULAZ,07:23:01,5.0,L12_T045,
synthetic_all_stop_counts,boarding,THONEX_MOILLESULAZ,08:01:01,21.0,L12_T046,
synthetic_all_stop_counts,boarding,THONEX_MOILLESULAZ,07:42:01,6.0,L12_T047,
synthetic_all_stop_counts,boarding,THONEX_MOILLESULAZ,08:29:01,19.0,L12_T048,
synthetic_all_stop_counts,boarding,THONEX_MOILLESULAZ,08:48:01,5.0,L12_T049,
synthetic_all_stop_counts,boarding,THONEX_MOILLESULAZ,08:53:01,2.0,L12_T050,
synthetic_all_stop_counts,boarding,THONEX_MOILLESULAZ,06:48:01,1.0,L12_T053,
synthetic_all_stop_counts,boarding,THONEX_MOILLESULAZ,06:59:01,14.0,L12_T054,
synthetic_all_stop_counts,boarding,THONEX_MOILLESULAZ,07:19:01,4.0,L12_T055,
synthetic_all_stop_counts,boarding,THONEX_MOILLESULAZ,08:44:01,7.0,L12_T056,
synthetic_all_stop_counts,boarding,THONEX_MOILLESULAZ,08:15:01,7.0,L12_T057,
synthetic_all_stop_counts,boarding,THONEX_MOILLESULAZ,08:25:01,6.0,L12_T058,
synthetic_all_stop_counts,boarding,THONEX_MOILLESULAZ,07:09:01,9.0,L12_T059,
synthetic_all_stop_counts,boarding,THONEX_MOILLESULAZ,07:28:01,13.0,L12_T060,
synthetic_all_stop_counts,boarding,THONEX_MOILLESULAZ,07:57:01,6.0,L12_T061,
synthetic_all_stop_counts,boarding,THONEX_MOILLESULAZ,07:47:01,4.0,L12_T062,
synthetic_all_stop_counts,boarding,THONEX_MOILLESULAZ,08:34:01,16.0,L12_T063,
synthetic_all_stop_counts,boarding,THONEX_MOILLESULAZ,08:06:01,15.0,L12_T064,
synthetic_all_stop_counts,boarding,THONEX_MOILLESULAZ,07:37:01,9.0,L12_T065,
synthetic_all_stop_counts,boarding,VERNIER_AVANCHETS_ETANG,07:00:01,0.0,L14_T002,
synthetic_all_stop_counts,boarding,VERNIER_AVANCHETS_ETANG,08:44:01,0.0,L14_T003,
synthetic_all_stop_counts,boarding,VERNIER_AVANCHETS_ETANG,08:17:01,0.0,L14_T004,
synthetic_all_stop_counts,boarding,VERNIER_AVANCHETS_ETANG,07:17:01,1.0,L14_T005,
synthetic_all_stop_counts,boarding,VERNIER_AVANCHETS_ETANG,07:27:01,0.0,L14_T006,
synthetic_all_stop_counts,boarding,VERNIER_AVANCHETS_ETANG,07:37:01,0.0,L14_T007,
synthetic_all_stop_counts,boarding,VERNIER_AVANCHETS_ETANG,07:48:01,0.0,L14_T008,
synthetic_all_stop_counts,boarding,VERNIER_AVANCHETS_ETANG,07:58:01,1.0,L14_T009,
synthetic_all_stop_counts,boarding,VERNIER_AVANCHETS_ETANG,09:03:01,0.0,L14_T010,
synthetic_all_stop_counts,boarding,VERNIER_AVANCHETS_ETANG,08:53:01,0.0,L14_T011,
synthetic_all_stop_counts,boarding,VERNIER_AVANCHETS_ETANG,08:08:01,0.0,L14_T012,
synthetic_all_stop_counts,boarding,VERNIER_AVANCHETS_ETANG,08:35:01,0.0,L14_T013,
synthetic_all_stop_counts,boarding,VERNIER_AVANCHETS_ETANG,08:26:01,0.0,L14_T014,
synthetic_all_stop_counts,boarding,VERNIER_AVANCHETS_ETANG,09:12:01,0.0,L14_T017,
synthetic_all_stop_counts,boarding,VERNIER_AVANCHETS_ETANG,06:51:01,0.0,L14_T019,
synthetic_all_stop_counts,boarding,VERNIER_AVANCHETS_ETANG,07:44:01,1.0,L14_T021,
synthetic_all_stop_counts,boarding,VERNIER_AVANCHETS_ETANG,09:08:01,0.0,L14_T022,
synthetic_all_stop_counts,boarding,VERNIER_AVANCHETS_ETANG,07:53:01,1.0,L14_T024,
synthetic_all_stop_counts,boarding,VERNIER_AVANCHETS_ETANG,08:03:01,2.0,L14_T025,
synthetic_all_stop_counts,boarding,VERNIER_AVANCHETS_ETANG,08:58:01,0.0,L14_T026,
synthetic_all_stop_counts,boarding,VERNIER_AVANCHETS_ETANG,08:49:01,0.0,L14_T027,
synthetic_all_stop_counts,boarding,VERNIER_AVANCHETS_ETANG,08:39:01,0.0,L14_T028,
synthetic_all_stop_counts,boarding,VERNIER_AVANCHETS_ETANG,08:31:01,1.0,L14_T029,
synthetic_all_stop_counts,boarding,VERNIER_AVANCHETS_ETANG,08:13:01,1.0,L14_T030,
synthetic_all_stop_counts,boarding,VERNIER_AVANCHETS_ETANG,08:22:01,0.0,L14_T031,
synthetic_all_stop_counts,boarding,VERNIER_AVANCHETS_ETANG,07:22:01,0.0,L14_T032,
synthetic_all_stop_counts,boarding,VERNIER_AVANCHETS_ETANG,07:32:01,1.0,L14_T033,
synthetic_all_stop_counts,boarding,VERNIER_AVANCHETS_ETANG,07:12:01,0.0,L14_T034,
synthetic_all_stop_counts,boarding,VERNIER_AVANCHETS_ETANG,06:54:01,0.0,L14_T038,
synthetic_all_stop_counts,boarding,VERNIER_AVANCHETS_ETANG,07:18:01,1.0,L14_T040,
synthetic_all_stop_counts,boarding,VERNIER_AVANCHETS_ETANG,08:34:01,4.0,L14_T041,
synthetic_all_stop_counts,boarding,VERNIER_AVANCHETS_ETANG,08:16:01,2.0,L14_T042,
synthetic_all_stop_counts,boarding,VERNIER_AVANCHETS_ETANG,07:09:01,2.0,L14_T044,
synthetic_all_stop_counts,boarding,VERNIER_AVANCHETS_ETANG,07:27:01,6.0,L14_T045,
synthetic_all_stop_counts,boarding,VERNIER_AVANCHETS_ETANG,09:02:01,0.0,L14_T046,
synthetic_all_stop_counts,boarding,VERNIER_AVANCHETS_ETANG,08:53:01,0.0,L14_T047,
synthetic_all_stop_counts,boarding,VERNIER_AVANCHETS_ETANG,08:06:01,4.0,L14_T048,
synthetic_all_stop_counts,boarding,VERNIER_AVANCHETS_ETANG,08:25:01,2.0,L14_T049,
synthetic_all_stop_counts,boarding,VERNIER_AVANCHETS_ETANG,07:46:01,2.0,L14_T050,
synthetic_all_stop_counts,boarding,VERNIER_AVANCHETS_ETANG,07:36:01,6.0,L14_T051,
synthetic_all_stop_counts,boarding,VERNIER_AVANCHETS_ETANG,07:56:01,3.0,L14_T052,
synthetic_all_stop_counts,boarding,VERNIER_AVANCHETS_ETANG,08:43:01,1.0,L14_T053,
synthetic_all_stop_counts,boarding,VERNIER_AVANCHETS_ETANG,06:58:01,3.0,L14_T054,
synthetic_all_stop_counts,boarding,VERNIER_AVANCHETS_ETANG,07:13:01,0.0,L14_T056,
synthetic_all_stop_counts,boarding,VERNIER_AVANCHETS_ETANG,09:06:01,0.0,L14_T057,
synthetic_all_stop_counts,boarding,VERNIER_AVANCHETS_ETANG,08:57:01,0.0,L14_T058,
synthetic_all_stop_counts,boarding,VERNIER_AVANCHETS_ETANG,08:48:01,0.0,L14_T059,
synthetic_all_stop_counts,boarding,VERNIER_AVANCHETS_ETANG,07:42:01,3.0,L14_T060,
synthetic_all_stop_counts,boarding,VERNIER_AVANCHETS_ETANG,07:52:01,2.0,L14_T061,
synthetic_all_stop_counts,boarding,VERNIER_AVANCHETS_ETANG,07:03:01,2.0,L14_T063,
synthetic_all_stop_counts,boarding,VERNIER_AVANCHETS_ETANG,07:23:01,1.0,L14_T064,
synthetic_all_stop_counts,boarding,VERNIER_AVANCHETS_ETANG,08:30:01,4.0,L14_T065,
synthetic_all_stop_counts,boarding,VERNIER_AVANCHETS_ETANG,07:32:01,8.0,L14_T066,
synthetic_all_stop_counts,boarding,VERNIER_AVANCHETS_ETANG,08:01:01,5.0,L14_T067,
synthetic_all_stop_counts,boarding,VERNIER_AVANCHETS_ETANG,08:11:01,2.0,L14_T068,
synthetic_all_stop_counts,boarding,VERNIER_AVANCHETS_ETANG,08:20:01,1.0,L14_T069,
synthetic_all_stop_counts,boarding,VERNIER_AVANCHETS_ETANG,06:52:01,0.0,L14_T071,
synthetic_all_stop_counts,boarding,VERNIER_AVANCHETS_ETANG,08:39:01,1.0,L14_T072,
synthetic_all_stop_counts,boarding,VERNIER_AVANCHETS_ETANG,07:25:01,0.0,L18_T001,
synthetic_all_stop_counts,boarding,VERNIER_AVANCHETS_ETANG,07:05:01,1.0,L18_T002,
synthetic_all_stop_counts,boarding,VERNIER_AVANCHETS_ETANG,08:42:01,0.0,L18_T003,
synthetic_all_stop_counts,boarding,VERNIER_AVANCHETS_ETANG,07:46:01,1.0,L18_T004,
synthetic_all_stop_counts,boarding,VERNIER_AVANCHETS_ETANG,08:24:01,0.0,L18_T007,
synthetic_all_stop_counts,boarding,VERNIER_AVANCHETS_ETANG,09:01:01,0.0,L18_T008,
synthetic_all_stop_counts,boarding,VERNIER_AVANCHETS_ETANG,08:05:01,1.0,L18_T009,
synthetic_all_stop_counts,boarding,VERNIER_AVANCHETS_ETANG,07:15:01,1.0,L18_T010,
synthetic_all_stop_counts,boarding,VERNIER_AVANCHETS_ETANG,07:35:01,1.0,L18_T011,
synthetic_all_stop_counts,boarding,VERNIER_AVANCHETS_ETANG,08:51:01,0.0,L18_T012,
synthetic_all_stop_counts,boarding,VERNIER_AVANCHETS_ETANG,09:10:01,0.0,L18_T013,
synthetic_all_stop_counts,boarding,VERNIER_AVANCHETS_ETANG,08:15:01,1.0,L18_T015,
synthetic_all_stop_counts,boarding,VERNIER_AVANCHETS_ETANG,07:55:01,1.0,L18_T016,
synthetic_all_stop_counts,boarding,VERNIER_AVANCHETS_ETANG,08:33:01,1.0,L18_T017,
synthetic_all_stop_counts,boarding,VERNIER_AVANCHETS_ETANG,07:11:01,1.0,L18_T020,
synthetic_all_stop_counts,boarding,VERNIER_AVANCHETS_ETANG,08:28:01,5.0,L18_T021,
synthetic_all_stop_counts,boarding,VERNIER_AVANCHETS_ETANG,07:29:01,9.0,L18_T022,
synthetic_all_stop_counts,boarding,VERNIER_AVANCHETS_ETANG,07:49:01,2.0,L18_T023,
synthetic_all_stop_counts,boarding,VERNIER_AVANCHETS_ETANG,08:46:01,1.0,L18_T024,
synthetic_all_stop_counts,boarding,VERNIER_AVANCHETS_ETANG,09:04:01,0.0,L18_T025,
synthetic_all_stop_counts,boarding,VERNIER_AVANCHETS_ETANG,08:08:01,3.0,L18_T026,
synthetic_all_stop_counts,boarding,VERNIER_AVANCHETS_ETANG,07:59:01,8.0,L18_T028,
synthetic_all_stop_counts,boarding,VERNIER_AVANCHETS_ETANG,06:49:01,0.0,L18_T029,
synthetic_all_stop_counts,boarding,VERNIER_AVANCHETS_ETANG,07:00:01,3.0,L18_T030,
synthetic_all_stop_counts,boarding,VERNIER_AVANCHETS_ETANG,08:37:01,3.0,L18_T031,
synthetic_all_stop_counts,boarding,VERNIER_AVANCHETS_ETANG,08:18:01,1.0,L18_T032,
synthetic_all_stop_counts,boarding,VERNIER_AVANCHETS_ETANG,07:39:01,5.0,L18_T033,
synthetic_all_stop_counts,boarding,VERNIER_AVANCHETS_ETANG,07:21:01,2.0,L18_T034,
synthetic_all_stop_counts,boarding,VERNIER_AVANCHETS_ETANG,08:55:01,0.0,L18_T035,
synthetic_all_stop_counts,boarding,VERNIER_BALEXERT,06:59:01,0.0,L14_T002,
synthetic_all_stop_counts,boarding,VERNIER_BALEXERT,08:43:01,0.0,L14_T003,
synthetic_all_stop_counts,boarding,VERNIER_BALEXERT,08:16:01,0.0,L14_T004,
synthetic_all_stop_counts,boarding,VERNIER_BALEXERT,07:16:01,0.0,L14_T005,
synthetic_all_stop_counts,boarding,VERNIER_BALEXERT,07:26:01,0.0,L14_T006,
synthetic_all_stop_counts,boarding,VERNIER_BALEXERT,07:36:01,0.0,L14_T007,
synthetic_all_stop_counts,boarding,VERNIER_BALEXERT,07:47:01,0.0,L14_T008,
synthetic_all_stop_counts,boarding,VERNIER_BALEXERT,07:57:01,0.0,L14_T009,
synthetic_all_stop_counts,boarding,VERNIER_BALEXERT,09:01:01,0.0,L14_T010,
synthetic_all_stop_counts,boarding,VERNIER_BALEXERT,08:52:01,0.0,L14_T011,
synthetic_all_stop_counts,boarding,VERNIER_BALEXERT,08:07:01,0.0,L14_T012,
synthetic_all_stop_counts,boarding,VERNIER_BALEXERT,08:34:01,0.0,L14_T013,
synthetic_all_stop_counts,boarding,VERNIER_BALEXERT,08:25:01,0.0,L14_T014,
synthetic_all_stop_counts,boarding,VERNIER_BALEXERT,09:11:01,0.0,L14_T017,
synthetic_all_stop_counts,boarding,VERNIER_BALEXERT,06:50:01,0.0,L14_T019,
synthetic_all_stop_counts,boarding,VERNIER_BALEXERT,07:42:01,0.0,L14_T021,
synthetic_all_stop_counts,boarding,VERNIER_BALEXERT,09:06:01,0.0,L14_T022,
synthetic_all_stop_counts,boarding,VERNIER_BALEXERT,07:52:01,0.0,L14_T024,
synthetic_all_stop_counts,boarding,VERNIER_BALEXERT,08:02:01,0.0,L14_T025,
synthetic_all_stop_counts,boarding,VERNIER_BALEXERT,08:57:01,0.0,L14_T026,
synthetic_all_stop_counts,boarding,VERNIER_BALEXERT,08:48:01,0.0,L14_T027,
synthetic_all_stop_counts,boarding,VERNIER_BALEXERT,08:38:01,0.0,L14_T028,
synthetic_all_stop_counts,boarding,VERNIER_BALEXERT,08:29:01,0.0,L14_T029,
synthetic_all_stop_counts,boarding,VERNIER_BALEXERT,08:11:01,0.0,L14_T030,
synthetic_all_stop_counts,boarding,VERNIER_BALEXERT,08:21:01,0.0,L14_T031,
synthetic_all_stop_counts,boarding,VERNIER_BALEXERT,07:21:01,0.0,L14_T032,
synthetic_all_stop_counts,boarding,VERNIER_BALEXERT,07:31:01,0.0,L14_T033,
synthetic_all_stop_counts,boarding,VERNIER_BALEXERT,07:11:01,0.0,L14_T034,
synthetic_all_stop_counts,boarding,VERNIER_BALEXERT,06:55:01,0.0,L14_T038,
synthetic_all_stop_counts,boarding,VERNIER_BALEXERT,07:19:01,0.0,L14_T040,
synthetic_all_stop_counts,boarding,VERNIER_BALEXERT,08:36:01,0.0,L14_T041,
synthetic_all_stop_counts,boarding,VERNIER_BALEXERT,08:17:01,0.0,L14_T042,
synthetic_all_stop_counts,boarding,VERNIER_BALEXERT,07:10:01,0.0,L14_T044,
synthetic_all_stop_counts,boarding,VERNIER_BALEXERT,07:28:01,0.0,L14_T045,
synthetic_all_stop_counts,boarding,VERNIER_BALEXERT,09:03:01,0.0,L14_T046,
synthetic_all_stop_counts,boarding,VERNIER_BALEXERT,08:54:01,0.0,L14_T047,
synthetic_all_stop_counts,boarding,VERNIER_BALEXERT,08:07:01,0.0,L14_T048,
synthetic_all_stop_counts,boarding,VERNIER_BALEXERT,08:27:01,0.0,L14_T049,
synthetic_all_stop_counts,boarding,VERNIER_BALEXERT,07:48:01,0.0,L14_T050,
synthetic_all_stop_counts,boarding,VERNIER_BALEXERT,07:38:01,0.0,L14_T051,
synthetic_all_stop_counts,boarding,VERNIER_BALEXERT,07:58:01,0.0,L14_T052,
synthetic_all_stop_counts,boarding,VERNIER_BALEXERT,08:45:01,0.0,L14_T053,
synthetic_all_stop_counts,boarding,VERNIER_BALEXERT,06:59:01,0.0,L14_T054,
synthetic_all_stop_counts,boarding,VERNIER_BALEXERT,06:45:01,0.0,L14_T055,
synthetic_all_stop_counts,boarding,VERNIER_BALEXERT,07:14:01,0.0,L14_T056,
synthetic_all_stop_counts,boarding,VERNIER_BALEXERT,09:08:01,0.0,L14_T057,
synthetic_all_stop_counts,boarding,VERNIER_BALEXERT,08:59:01,0.0,L14_T058,
synthetic_all_stop_counts,boarding,VERNIER_BALEXERT,08:50:01,0.0,L14_T059,
synthetic_all_stop_counts,boarding,VERNIER_BALEXERT,07:43:01,0.0,L14_T060,
synthetic_all_stop_counts,boarding,VERNIER_BALEXERT,07:53:01,0.0,L14_T061,
synthetic_all_stop_counts,boarding,VERNIER_BALEXERT,07:04:01,0.0,L14_T063,
synthetic_all_stop_counts,boarding,VERNIER_BALEXERT,07:24:01,0.0,L14_T064,
synthetic_all_stop_counts,boarding,VERNIER_BALEXERT,08:31:01,0.0,L14_T065,
synthetic_all_stop_counts,boarding,VERNIER_BALEXERT,07:33:01,0.0,L14_T066,
synthetic_all_stop_counts,boarding,VERNIER_BALEXERT,08:02:01,0.0,L14_T067,
synthetic_all_stop_counts,boarding,VERNIER_BALEXERT,08:12:01,0.0,L14_T068,
synthetic_all_stop_counts,boarding,VERNIER_BALEXERT,08:22:01,0.0,L14_T069,
synthetic_all_stop_counts,boarding,VERNIER_BALEXERT,06:53:01,0.0,L14_T071,
synthetic_all_stop_counts,boarding,VERNIER_BALEXERT,08:40:01,0.0,L14_T072,
synthetic_all_stop_counts,boarding,VERNIER_BALEXERT,07:23:01,0.0,L18_T001,
synthetic_all_stop_counts,boarding,VERNIER_BALEXERT,07:03:01,0.0,L18_T002,
synthetic_all_stop_counts,boarding,VERNIER_BALEXERT,08:41:01,0.0,L18_T003,
synthetic_all_stop_counts,boarding,VERNIER_BALEXERT,07:45:01,0.0,L18_T004,
synthetic_all_stop_counts,boarding,VERNIER_BALEXERT,08:23:01,0.0,L18_T007,
synthetic_all_stop_counts,boarding,VERNIER_BALEXERT,08:59:01,0.0,L18_T008,
synthetic_all_stop_counts,boarding,VERNIER_BALEXERT,08:04:01,0.0,L18_T009,
synthetic_all_stop_counts,boarding,VERNIER_BALEXERT,07:13:01,0.0,L18_T010,
synthetic_all_stop_counts,boarding,VERNIER_BALEXERT,07:33:01,0.0,L18_T011,
synthetic_all_stop_counts,boarding,VERNIER_BALEXERT,08:50:01,0.0,L18_T012,
synthetic_all_stop_counts,boarding,VERNIER_BALEXERT,09:09:01,0.0,L18_T013,
synthetic_all_stop_counts,boarding,VERNIER_BALEXERT,08:13:01,0.0,L18_T015,
synthetic_all_stop_counts,boarding,VERNIER_BALEXERT,07:54:01,0.0,L18_T016,
synthetic_all_stop_counts,boarding,VERNIER_BALEXERT,08:32:01,0.0,L18_T017,
synthetic_all_stop_counts,boarding,VERNIER_BALEXERT,07:12:01,0.0,L18_T020,
synthetic_all_stop_counts,boarding,VERNIER_BALEXERT,08:29:01,0.0,L18_T021,
synthetic_all_stop_counts,boarding,VERNIER_BALEXERT,07:30:01,0.0,L18_T022,
synthetic_all_stop_counts,boarding,VERNIER_BALEXERT,07:50:01,0.0,L18_T023,
synthetic_all_stop_counts,boarding,VERNIER_BALEXERT,08:47:01,0.0,L18_T024,
synthetic_all_stop_counts,boarding,VERNIER_BALEXERT,09:05:01,0.0,L18_T025,
synthetic_all_stop_counts,boarding,VERNIER_BALEXERT,08:10:01,0.0,L18_T026,
synthetic_all_stop_counts,boarding,VERNIER_BALEXERT,08:00:01,0.0,L18_T028,
synthetic_all_stop_counts,boarding,VERNIER_BALEXERT,06:50:01,0.0,L18_T029,
synthetic_all_stop_counts,boarding,VERNIER_BALEXERT,07:01:01,0.0,L18_T030,
synthetic_all_stop_counts,boarding,VERNIER_BALEXERT,08:38:01,0.0,L18_T031,
synthetic_all_stop_counts,boarding,VERNIER_BALEXERT,08:19:01,0.0,L18_T032,
synthetic_all_stop_counts,boarding,VERNIER_BALEXERT,07:40:01,0.0,L18_T033,
synthetic_all_stop_counts,boarding,VERNIER_BALEXERT,07:22:01,0.0,L18_T034,
synthetic_all_stop_counts,boarding,VERNIER_BALEXERT,08:56:01,0.0,L18_T035,
synthetic_all_stop_counts,boarding,VERNIER_BLANDONNET,07:02:01,0.0,L14_T002,
synthetic_all_stop_counts,boarding,VERNIER_BLANDONNET,08:46:01,0.0,L14_T003,
synthetic_all_stop_counts,boarding,VERNIER_BLANDONNET,08:19:01,0.0,L14_T004,
synthetic_all_stop_counts,boarding,VERNIER_BLANDONNET,07:19:01,0.0,L14_T005,
synthetic_all_stop_counts,boarding,VERNIER_BLANDONNET,07:29:01,0.0,L14_T006,
synthetic_all_stop_counts,boarding,VERNIER_BLANDONNET,07:39:01,0.0,L14_T007,
synthetic_all_stop_counts,boarding,VERNIER_BLANDONNET,07:50:01,0.0,L14_T008,
synthetic_all_stop_counts,boarding,VERNIER_BLANDONNET,08:00:01,0.0,L14_T009,
synthetic_all_stop_counts,boarding,VERNIER_BLANDONNET,09:04:01,0.0,L14_T010,
synthetic_all_stop_counts,boarding,VERNIER_BLANDONNET,08:55:01,0.0,L14_T011,
synthetic_all_stop_counts,boarding,VERNIER_BLANDONNET,08:10:01,0.0,L14_T012,
synthetic_all_stop_counts,boarding,VERNIER_BLANDONNET,08:37:01,0.0,L14_T013,
synthetic_all_stop_counts,boarding,VERNIER_BLANDONNET,08:28:01,0.0,L14_T014,
synthetic_all_stop_counts,boarding,VERNIER_BLANDONNET,09:14:01,0.0,L14_T017,
synthetic_all_stop_counts,boarding,VERNIER_BLANDONNET,06:53:01,0.0,L14_T019,
synthetic_all_stop_counts,boarding,VERNIER_BLANDONNET,07:45:01,0.0,L14_T021,
synthetic_all_stop_counts,boarding,VERNIER_BLANDONNET,09:09:01,0.0,L14_T022,
synthetic_all_stop_counts,boarding,VERNIER_BLANDONNET,07:55:01,0.0,L14_T024,
synthetic_all_stop_counts,boarding,VERNIER_BLANDONNET,08:05:01,0.0,L14_T025,
synthetic_all_stop_counts,boarding,VERNIER_BLANDONNET,09:00:01,0.0,L14_T026,
synthetic_all_stop_counts,boarding,VERNIER_BLANDONNET,08:51:01,0.0,L14_T027,
synthetic_all_stop_counts,boarding,VERNIER_BLANDONNET,08:41:01,0.0,L14_T028,
synthetic_all_stop_counts,boarding,VERNIER_BLANDONNET,08:32:01,0.0,L14_T029,
synthetic_all_stop_counts,boarding,VERNIER_BLANDONNET,08:14:01,0.0,L14_T030,
synthetic_all_stop_counts,boarding,VERNIER_BLANDONNET,08:24:01,0.0,L14_T031,
synthetic_all_stop_counts,boarding,VERNIER_BLANDONNET,07:24:01,0.0,L14_T032,
synthetic_all_stop_counts,boarding,VERNIER_BLANDONNET,07:34:01,0.0,L14_T033,
synthetic_all_stop_counts,boarding,VERNIER_BLANDONNET,07:14:01,0.0,L14_T034,
synthetic_all_stop_counts,boarding,VERNIER_BLANDONNET,06:53:01,0.0,L14_T038,
synthetic_all_stop_counts,boarding,VERNIER_BLANDONNET,07:17:01,0.0,L14_T040,
synthetic_all_stop_counts,boarding,VERNIER_BLANDONNET,08:33:01,0.0,L14_T041,
synthetic_all_stop_counts,boarding,VERNIER_BLANDONNET,08:14:01,0.0,L14_T042,
synthetic_all_stop_counts,boarding,VERNIER_BLANDONNET,07:07:01,0.0,L14_T044,
synthetic_all_stop_counts,boarding,VERNIER_BLANDONNET,07:25:01,0.0,L14_T045,
synthetic_all_stop_counts,boarding,VERNIER_BLANDONNET,09:00:01,0.0,L14_T046,
synthetic_all_stop_counts,boarding,VERNIER_BLANDONNET,08:51:01,0.0,L14_T047,
synthetic_all_stop_counts,boarding,VERNIER_BLANDONNET,08:04:01,0.0,L14_T048,
synthetic_all_stop_counts,boarding,VERNIER_BLANDONNET,08:23:01,0.0,L14_T049,
synthetic_all_stop_counts,boarding,VERNIER_BLANDONNET,07:44:01,0.0,L14_T050,
synthetic_all_stop_counts,boarding,VERNIER_BLANDONNET,07:34:01,0.0,L14_T051,
synthetic_all_stop_counts,boarding,VERNIER_BLANDONNET,07:54:01,0.0,L14_T052,
synthetic_all_stop_counts,boarding,VERNIER_BLANDONNET,08:42:01,0.0,L14_T053,
synthetic_all_stop_counts,boarding,VERNIER_BLANDONNET,06:56:01,0.0,L14_T054,
synthetic_all_stop_counts,boarding,VERNIER_BLANDONNET,07:12:01,0.0,L14_T056,
synthetic_all_stop_counts,boarding,VERNIER_BLANDONNET,09:05:01,0.0,L14_T057,
synthetic_all_stop_counts,boarding,VERNIER_BLANDONNET,08:56:01,0.0,L14_T058,
synthetic_all_stop_counts,boarding,VERNIER_BLANDONNET,08:47:01,0.0,L14_T059,
synthetic_all_stop_counts,boarding,VERNIER_BLANDONNET,07:40:01,0.0,L14_T060,
synthetic_all_stop_counts,boarding,VERNIER_BLANDONNET,07:50:01,0.0,L14_T061,
synthetic_all_stop_counts,boarding,VERNIER_BLANDONNET,07:01:01,0.0,L14_T063,
synthetic_all_stop_counts,boarding,VERNIER_BLANDONNET,07:21:01,0.0,L14_T064,
synthetic_all_stop_counts,boarding,VERNIER_BLANDONNET,08:28:01,0.0,L14_T065,
synthetic_all_stop_counts,boarding,VERNIER_BLANDONNET,07:30:01,0.0,L14_T066,
synthetic_all_stop_counts,boarding,VERNIER_BLANDONNET,07:59:01,0.0,L14_T067,
synthetic_all_stop_counts,boarding,VERNIER_BLANDONNET,08:09:01,0.0,L14_T068,
synthetic_all_stop_counts,boarding,VERNIER_BLANDONNET,08:18:01,0.0,L14_T069,
synthetic_all_stop_counts,boarding,VERNIER_BLANDONNET,06:50:01,0.0,L14_T071,
synthetic_all_stop_counts,boarding,VERNIER_BLANDONNET,08:37:01,0.0,L14_T072,
synthetic_all_stop_counts,boarding,VERNIER_BLANDONNET,07:26:01,0.0,L18_T001,
synthetic_all_stop_counts,boarding,VERNIER_BLANDONNET,07:06:01,0.0,L18_T002,
synthetic_all_stop_counts,boarding,VERNIER_BLANDONNET,08:44:01,0.0,L18_T003,
synthetic_all_stop_counts,boarding,VERNIER_BLANDONNET,07:48:01,0.0,L18_T004,
synthetic_all_stop_counts,boarding,VERNIER_BLANDONNET,08:26:01,0.0,L18_T007,
synthetic_all_stop_counts,boarding,VERNIER_BLANDONNET,09:02:01,0.0,L18_T008,
synthetic_all_stop_counts,boarding,VERNIER_BLANDONNET,08:07:01,0.0,L18_T009,
synthetic_all_stop_counts,boarding,VERNIER_BLANDONNET,07:16:01,0.0,L18_T010,
synthetic_all_stop_counts,boarding,VERNIER_BLANDONNET,07:36:01,0.0,L18_T011,
synthetic_all_stop_counts,boarding,VERNIER_BLANDONNET,08:53:01,0.0,L18_T012,
synthetic_all_stop_counts,boarding,VERNIER_BLANDONNET,09:12:01,0.0,L18_T013,
synthetic_all_stop_counts,boarding,VERNIER_BLANDONNET,08:16:01,0.0,L18_T015,
synthetic_all_stop_counts,boarding,VERNIER_BLANDONNET,07:57:01,0.0,L18_T016,
synthetic_all_stop_counts,boarding,VERNIER_BLANDONNET,08:35:01,0.0,L18_T017,
synthetic_all_stop_counts,boarding,VERNIER_BLANDONNET,07:09:01,0.0,L18_T020,
synthetic_all_stop_counts,boarding,VERNIER_BLANDONNET,08:26:01,0.0,L18_T021,
synthetic_all_stop_counts,boarding,VERNIER_BLANDONNET,07:28:01,0.0,L18_T022,
synthetic_all_stop_counts,boarding,VERNIER_BLANDONNET,07:47:01,0.0,L18_T023,
synthetic_all_stop_counts,boarding,VERNIER_BLANDONNET,08:44:01,0.0,L18_T024,
synthetic_all_stop_counts,boarding,VERNIER_BLANDONNET,09:02:01,0.0,L18_T025,
synthetic_all_stop_counts,boarding,VERNIER_BLANDONNET,08:06:01,0.0,L18_T026,
synthetic_all_stop_counts,boarding,VERNIER_BLANDONNET,07:57:01,0.0,L18_T028,
synthetic_all_stop_counts,boarding,VERNIER_BLANDONNET,06:48:01,0.0,L18_T029,
synthetic_all_stop_counts,boarding,VERNIER_BLANDONNET,06:59:01,0.0,L18_T030,
synthetic_all_stop_counts,boarding,VERNIER_BLANDONNET,08:35:01,0.0,L18_T031,
synthetic_all_stop_counts,boarding,VERNIER_BLANDONNET,08:16:01,0.0,L18_T032,
synthetic_all_stop_counts,boarding,VERNIER_BLANDONNET,07:37:01,0.0,L18_T033,
synthetic_all_stop_counts,boarding,VERNIER_BLANDONNET,07:19:01,0.0,L18_T034,
synthetic_all_stop_counts,boarding,VERNIER_BLANDONNET,08:53:01,0.0,L18_T035,
synthetic_all_stop_counts,boarding,VERNIER_BOUCHET,06:57:01,2.0,L14_T002,
synthetic_all_stop_counts,boarding,VERNIER_BOUCHET,08:41:01,0.0,L14_T003,
synthetic_all_stop_counts,boarding,VERNIER_BOUCHET,08:14:01,1.0,L14_T004,
synthetic_all_stop_counts,boarding,VERNIER_BOUCHET,07:14:01,1.0,L14_T005,
synthetic_all_stop_counts,boarding,VERNIER_BOUCHET,07:24:01,0.0,L14_T006,
synthetic_all_stop_counts,boarding,VERNIER_BOUCHET,07:34:01,1.0,L14_T007,
synthetic_all_stop_counts,boarding,VERNIER_BOUCHET,07:45:01,0.0,L14_T008,
synthetic_all_stop_counts,boarding,VERNIER_BOUCHET,07:55:01,1.0,L14_T009,
synthetic_all_stop_counts,boarding,VERNIER_BOUCHET,09:00:01,0.0,L14_T010,
synthetic_all_stop_counts,boarding,VERNIER_BOUCHET,08:50:01,0.0,L14_T011,
synthetic_all_stop_counts,boarding,VERNIER_BOUCHET,08:05:01,3.0,L14_T012,
synthetic_all_stop_counts,boarding,VERNIER_BOUCHET,08:32:01,1.0,L14_T013,
synthetic_all_stop_counts,boarding,VERNIER_BOUCHET,08:23:01,1.0,L14_T014,
synthetic_all_stop_counts,boarding,VERNIER_BOUCHET,09:09:01,0.0,L14_T017,
synthetic_all_stop_counts,boarding,VERNIER_BOUCHET,06:48:01,0.0,L14_T019,
synthetic_all_stop_counts,boarding,VERNIER_BOUCHET,07:41:01,1.0,L14_T021,
synthetic_all_stop_counts,boarding,VERNIER_BOUCHET,09:05:01,0.0,L14_T022,
synthetic_all_stop_counts,boarding,VERNIER_BOUCHET,07:50:01,0.0,L14_T024,
synthetic_all_stop_counts,boarding,VERNIER_BOUCHET,08:00:01,4.0,L14_T025,
synthetic_all_stop_counts,boarding,VERNIER_BOUCHET,08:55:01,0.0,L14_T026,
synthetic_all_stop_counts,boarding,VERNIER_BOUCHET,08:46:01,0.0,L14_T027,
synthetic_all_stop_counts,boarding,VERNIER_BOUCHET,08:36:01,2.0,L14_T028,
synthetic_all_stop_counts,boarding,VERNIER_BOUCHET,08:28:01,3.0,L14_T029,
synthetic_all_stop_counts,boarding,VERNIER_BOUCHET,08:10:01,2.0,L14_T030,
synthetic_all_stop_counts,boarding,VERNIER_BOUCHET,08:19:01,1.0,L14_T031,
synthetic_all_stop_counts,boarding,VERNIER_BOUCHET,07:19:01,1.0,L14_T032,
synthetic_all_stop_counts,boarding,VERNIER_BOUCHET,07:29:01,1.0,L14_T033,
synthetic_all_stop_counts,boarding,VERNIER_BOUCHET,07:09:01,2.0,L14_T034,
synthetic_all_stop_counts,boarding,VERNIER_BOUCHET,09:14:01,0.0,L14_T035,
synthetic_all_stop_counts,boarding,VERNIER_BOUCHET,06:57:01,2.0,L14_T038,
synthetic_all_stop_counts,boarding,VERNIER_BOUCHET,07:21:01,1.0,L14_T040,
synthetic_all_stop_counts,boarding,VERNIER_BOUCHET,08:38:01,3.0,L14_T041,
synthetic_all_stop_counts,boarding,VERNIER_BOUCHET,08:19:01,1.0,L14_T042,
synthetic_all_stop_counts,boarding,VERNIER_BOUCHET,07:12:01,3.0,L14_T044,
synthetic_all_stop_counts,boarding,VERNIER_BOUCHET,07:30:01,4.0,L14_T045,
synthetic_all_stop_counts,boarding,VERNIER_BOUCHET,09:05:01,0.0,L14_T046,
synthetic_all_stop_counts,boarding,VERNIER_BOUCHET,08:56:01,0.0,L14_T047,
synthetic_all_stop_counts,boarding,VERNIER_BOUCHET,08:09:01,3.0,L14_T048,
synthetic_all_stop_counts,boarding,VERNIER_BOUCHET,08:29:01,5.0,L14_T049,
synthetic_all_stop_counts,boarding,VERNIER_BOUCHET,07:50:01,1.0,L14_T050,
synthetic_all_stop_counts,boarding,VERNIER_BOUCHET,07:40:01,2.0,L14_T051,
synthetic_all_stop_counts,boarding,VERNIER_BOUCHET,08:00:01,10.0,L14_T052,
synthetic_all_stop_counts,boarding,VERNIER_BOUCHET,08:47:01,1.0,L14_T053,
synthetic_all_stop_counts,boarding,VERNIER_BOUCHET,07:01:01,8.0,L14_T054,
synthetic_all_stop_counts,boarding,VERNIER_BOUCHET,06:47:01,0.0,L14_T055,
synthetic_all_stop_counts,boarding,VERNIER_BOUCHET,07:16:01,1.0,L14_T056,
synthetic_all_stop_counts,boarding,VERNIER_BOUCHET,09:10:01,0.0,L14_T057,
synthetic_all_stop_counts,boarding,VERNIER_BOUCHET,09:01:01,0.0,L14_T058,
synthetic_all_stop_counts,boarding,VERNIER_BOUCHET,08:52:01,0.0,L14_T059,
synthetic_all_stop_counts,boarding,VERNIER_BOUCHET,07:45:01,1.0,L14_T060,
synthetic_all_stop_counts,boarding,VERNIER_BOUCHET,07:55:01,2.0,L14_T061,
synthetic_all_stop_counts,boarding,VERNIER_BOUCHET,07:06:01,5.0,L14_T063,
synthetic_all_stop_counts,boarding,VERNIER_BOUCHET,07:26:01,2.0,L14_T064,
synthetic_all_stop_counts,boarding,VERNIER_BOUCHET,08:33:01,2.0,L14_T065,
synthetic_all_stop_counts,boarding,VERNIER_BOUCHET,07:35:01,2.0,L14_T066,
synthetic_all_stop_counts,boarding,VERNIER_BOUCHET,08:04:01,4.0,L14_T067,
synthetic_all_stop_counts,boarding,VERNIER_BOUCHET,08:14:01,1.0,L14_T068,
synthetic_all_stop_counts,boarding,VERNIER_BOUCHET,08:24:01,1.0,L14_T069,
synthetic_all_stop_counts,boarding,VERNIER_BOUCHET,06:55:01,1.0,L14_T071,
synthetic_all_stop_counts,boarding,VERNIER_BOUCHET,08:42:01,1.0,L14_T072,
synthetic_all_stop_counts,boarding,VERNIER_BOUCHET,07:22:01,1.0,L18_T001,
synthetic_all_stop_counts,boarding,VERNIER_BOUCHET,07:02:01,5.0,L18_T002,
synthetic_all_stop_counts,boarding,VERNIER_BOUCHET,08:39:01,1.0,L18_T003,
synthetic_all_stop_counts,boarding,VERNIER_BOUCHET,07:43:01,1.0,L18_T004,
synthetic_all_stop_counts,boarding,VERNIER_BOUCHET,08:21:01,1.0,L18_T007,
synthetic_all_stop_counts,boarding,VERNIER_BOUCHET,08:58:01,0.0,L18_T008,
synthetic_all_stop_counts,boarding,VERNIER_BOUCHET,08:02:01,5.0,L18_T009,
synthetic_all_stop_counts,boarding,VERNIER_BOUCHET,07:12:01,2.0,L18_T010,
synthetic_all_stop_counts,boarding,VERNIER_BOUCHET,07:32:01,3.0,L18_T011,
synthetic_all_stop_counts,boarding,VERNIER_BOUCHET,08:48:01,1.0,L18_T012,
synthetic_all_stop_counts,boarding,VERNIER_BOUCHET,09:07:01,0.0,L18_T013,
synthetic_all_stop_counts,boarding,VERNIER_BOUCHET,08:12:01,2.0,L18_T015,
synthetic_all_stop_counts,boarding,VERNIER_BOUCHET,07:52:01,1.0,L18_T016,
synthetic_all_stop_counts,boarding,VERNIER_BOUCHET,08:30:01,3.0,L18_T017,
synthetic_all_stop_counts,boarding,VERNIER_BOUCHET,07:14:01,2.0,L18_T020,
synthetic_all_stop_counts,boarding,VERNIER_BOUCHET,08:31:01,5.0,L18_T021,
synthetic_all_stop_counts,boarding,VERNIER_BOUCHET,07:32:01,3.0,L18_T022,
synthetic_all_stop_counts,boarding,VERNIER_BOUCHET,07:52:01,1.0,L18_T023,
synthetic_all_stop_counts,boarding,VERNIER_BOUCHET,08:49:01,1.0,L18_T024,
synthetic_all_stop_counts,boarding,VERNIER_BOUCHET,09:07:01,0.0,L18_T025,
synthetic_all_stop_counts,boarding,VERNIER_BOUCHET,08:12:01,3.0,L18_T026,
synthetic_all_stop_counts,boarding,VERNIER_BOUCHET,08:02:01,8.0,L18_T028,
synthetic_all_stop_counts,boarding,VERNIER_BOUCHET,06:52:01,1.0,L18_T029,
synthetic_all_stop_counts,boarding,VERNIER_BOUCHET,07:03:01,6.0,L18_T030,
synthetic_all_stop_counts,boarding,VERNIER_BOUCHET,08:40:01,2.0,L18_T031,
synthetic_all_stop_counts,boarding,VERNIER_BOUCHET,08:21:01,1.0,L18_T032,
synthetic_all_stop_counts,boarding,VERNIER_BOUCHET,07:42:01,1.0,L18_T033,
synthetic_all_stop_counts,boarding,VERNIER_BOUCHET,07:24:01,2.0,L18_T034,
synthetic_all_stop_counts,boarding,VERNIER_BOUCHET,08:58:01,0.0,L18_T035,
